Compounds,Inchi,SMILES
formamide,"InChI=1S/CH3NO/c2-1-3/h1H,(H2,2,3)",N=CO
"(3,4-dihydroxyphenyl)acetate","InChI=1S/C8H8O4/c9-6-2-1-5(3-7(6)10)4-8(11)12/h1-3,9-10H,4H2,(H,11,12)/p-1",O=C(O)Cc1ccc([O-])c(O)c1
L-dihydrophenylalanine,"InChI=1S/C9H13NO2/c10-8(9(11)12)6-7-4-2-1-3-5-7/h2-5,7-8H,1,6,10H2,(H,11,12)",NC(CC1C=CCC=C1)C(=O)O
catechol,"InChI=1S/C6H6O2/c7-5-3-1-2-4-6(5)8/h1-4,7-8H",Oc1ccccc1O
2-protocatechuoylphloroglucinolcarboxylate,"InChI=1S/C14H10O8/c15-7-4-10(18)12(13(19)20)11(5-7)22-14(21)6-1-2-8(16)9(17)3-6/h1-5,15-18H,(H,19,20)/p-1",O=C(Oc1cc([O-])cc(O)c1C(=O)O)c1ccc(O)c(O)c1
"1,4-dihydroxy-2-naphthoate","InChI=1S/C11H8O4/c12-9-5-8(11(14)15)10(13)7-4-2-1-3-6(7)9/h1-5,12-13H,(H,14,15)/p-1",O=C(O)c1cc([O-])c2ccccc2c1O
3-chlorodiaminopimelate,"InChI=1S/C7H13ClN2O4/c8-3(5(10)7(13)14)1-2-4(9)6(11)12/h3-5H,1-2,9-10H2,(H,11,12)(H,13,14)/t3-,4+,5-/m1/s1",N[C@@H](CC[C@@H](Cl)[C@@H](N)C(=O)O)C(=O)O
&alpha;-L-<i>glycero</i>-L-galacto-octulonopyranose 1-phosphate,"InChI=1S/C8H15O12P/c9-2-3(10)6(12)8(15,1-19-21(16,17)18)20-5(2)4(11)7(13)14/h2-6,9-12,15H,1H2,(H,13,14)(H2,16,17,18)/p-3/t2-,3+,4?,5+,6-,8+/m0/s1",O=C([O-])C(O)[C@@H]1O[C@](O)(COP(=O)([O-])[O-])[C@@H](O)[C@H](O)[C@@H]1O
"(<i>R</i>)-2,3-dihydroxy-3-methylpentanoate","InChI=1S/C6H12O4/c1-3-6(2,10)4(7)5(8)9/h4,7,10H,3H2,1-2H3,(H,8,9)/p-1/t4-,6+/m0/s1",CC[C@@](C)(O)[C@@H](O)C(=O)[O-]
pyridoxine,"InChI=1S/C8H11NO3/c1-5-8(12)7(4-11)6(3-10)2-9-5/h2,10-12H,3-4H2,1H3",Cc1ncc(CO)c(CO)c1O
oxidized DCPIP,"InChI=1S/C12H7Cl2NO2/c13-10-5-8(6-11(14)12(10)17)15-7-1-3-9(16)4-2-7/h1-6,16H",O=C1C(Cl)=CC(=Nc2ccc(O)cc2)C=C1Cl
pyridoxine 5'-phosphate,"InChI=1S/C8H12NO6P/c1-5-8(11)7(3-10)6(2-9-5)4-15-16(12,13)14/h2,10-11H,3-4H2,1H3,(H2,12,13,14)/p-2",Cc1ncc(COP(=O)([O-])O)c(CO)c1[O-]
S-adenosyl-L-ethionine,"InChI=1S/C16H24N6O5S/c1-2-28(4-3-8(17)16(25)26)5-9-11(23)12(24)15(27-9)22-7-21-10-13(18)19-6-20-14(10)22/h6-9,11-12,15,23-24H,2-5,17H2,1H3,(H2-,18,19,20,25,26)/p+1/t8-,9+,11+,12+,15+,28?/m0/s1",CC[S+](CC[C@H](N)C(=O)O)C[C@H]1O[C@@H](n2cnc3c(N)ncnc32)[C@H](O)[C@@H]1O
pyridoxamine,"InChI=1S/C8H12N2O2/c1-5-8(12)7(2-9)6(4-11)3-10-5/h3,11-12H,2,4,9H2,1H3/p+1",Cc1ncc(CO)c(C[NH3+])c1O
5'-O-[N-(L-aspartyl)sulfamoyl]adenosine,"InChI=1S/C14H19N7O9S/c15-5(1-7(22)23)13(26)20-31(27,28)29-2-6-9(24)10(25)14(30-6)21-4-19-8-11(16)17-3-18-12(8)21/h3-6,9-10,14,24-25H,1-2,15H2,(H4,16,17,18,20,22,23,26)/p-2/t5-,6+,9+,10+,14+/m0/s1",Nc1ncnc2c1[nH]c[n+]2[C@@H]1O[C@H](COS(=O)(=O)N=C([O-])[C@@H](N)CC(=O)[O-])[C@@H](O)[C@H]1O
4-deoxypyridoxine 5'-phosphate,"InChI=1S/C8H12NO5P/c1-5-7(4-14-15(11,12)13)3-9-6(2)8(5)10/h3,10H,4H2,1-2H3,(H2,11,12,13)/p-2",Cc1ncc(COP(=O)([O-])O)c(C)c1[O-]
N-benzylbenzamidine,"InChI=1S/C14H14N2/c15-14(13-9-5-2-6-10-13)16-11-12-7-3-1-4-8-12/h1-10H,11H2,(H2,15,16)/p+1",[NH2+]=C(NCc1ccccc1)c1ccccc1
pyridoxal,"InChI=1S/C8H9NO3/c1-5-8(12)7(4-11)6(3-10)2-9-5/h2,4,10,12H,3H2,1H3",Cc1ncc(CO)c(C=O)c1O
"2,3-dichloro-1,4-naphthoquinone",,
<i>keto</i>-D-psicose,"InChI=1S/C6H12O6/c7-1-3(9)5(11)6(12)4(10)2-8/h3,5-9,11-12H,1-2H2/t3-,5-,6+/m1/s1",O=C(CO)[C@H](O)[C@H](O)[C@H](O)CO
ethylglyoxalbis(guanylhydrazone),"InChI=1S/C6H14N8/c1-2-4(12-14-6(9)10)3-11-13-5(7)8/h3H,2H2,1H3,(H4,7,8,13)(H4,9,10,14)/p+2",CCC(/C=N/NC(=[NH2+])[NH3+])=N\NC(=N)N
clindamycin,"InChI=1S/C18H33ClN2O5S/c1-5-6-10-7-11(21(3)8-10)17(25)20-12(9(2)19)16-14(23)13(22)15(24)18(26-16)27-4/h9-16,18,22-24H,5-8H2,1-4H3,(H,20,25)/p+1/t9?,10-,11+,12?,13+,14-,15-,16-,18-/m1/s1",CCC[C@@H]1C[C@@H](C(O)=[NH+]C(C(C)Cl)[C@H]2O[C@H](SC)[C@H](O)[C@@H](O)[C@H]2O)N(C)C1
2-deoxyglucose 1-phosphate,,
P1-uridyl-P2-phenyl diphosphate,"InChI=1S/C15H18N2O12P2/c18-11-6-7-17(15(21)16-11)14-13(20)12(19)10(27-14)8-26-30(22,23)29-31(24,25)28-9-4-2-1-3-5-9/h1-7,10,12-14,19-20H,8H2,(H,22,23)(H,24,25)(H,16,18,21)/p-2/t10-,12-,13-,14-/m1/s1",O=c1nc([O-])ccn1[C@@H]1O[C@H](COP(=O)([O-])OP(=O)(O)Oc2ccccc2)[C@@H](O)[C@H]1O
4-ethoxyaniline,"InChI=1S/C8H11NO/c1-2-10-8-5-3-7(9)4-6-8/h3-6H,2,9H2,1H3",CCOc1ccc(N)cc1
<i>keto</i>-D-fructose,"InChI=1S/C6H12O6/c7-1-3(9)5(11)6(12)4(10)2-8/h3,5-9,11-12H,1-2H2/t3-,5-,6-/m1/s1",O=C(CO)[C@@H](O)[C@H](O)[C@H](O)CO
isoleucine tetrazole,"InChI=1S/C6H12N5/c1-3-4(2)5(7)6-8-10-11-9-6/h4-5H,3,7H2,1-2H3/q-1/p+1/t4-,5-/m0/s1",CC[C@H](C)[C@H]([NH3+])c1nn[n-]n1
"3,4-dihydroxypent-3-en-2-one 5-phosphate","InChI=1S/C5H9O7P/c1-3(6)5(8)4(7)2-12-13(9,10)11/h7-8H,2H2,1H3,(H2,9,10,11)/p-3/b5-4+",CC(=O)/C([O-])=C(\[O-])COP(=O)([O-])O
"<i>N,N</i>-dimethyl-1,4-phenylenediamine","InChI=1S/C8H12N2/c1-10(2)8-5-3-7(9)4-6-8/h3-6H,9H2,1-2H3",CN(C)c1ccc(N)cc1
&alpha;-D-ribose 5-phosphate,"InChI=1S/C5H11O8P/c6-3-2(1-12-14(9,10)11)13-5(8)4(3)7/h2-8H,1H2,(H2,9,10,11)/p-2/t2-,3-,4-,5+/m1/s1",O=P([O-])([O-])OC[C@H]1O[C@H](O)[C@H](O)[C@@H]1O
adeninylpentylcobalamin,"InChI=1S/C62H90N13O14P.C10H14N5.Co/c1-29-20-39-40(21-30(29)2)75(28-70-39)57-52(84)53(41(27-76)87-57)89-90(85,86)88-31(3)26-69-49(83)18-19-59(8)37(22-46(66)80)56-62(11)61(10,25-48(68)82)36(14-17-45(65)79)51(74-62)33(5)55-60(9,24-47(67)81)34(12-15-43(63)77)38(71-55)23-42-58(6,7)35(13-16-44(64)78)50(72-42)32(4)54(59)73-56;1-2-3-4-5-15-7-14-8-9(11)12-6-13-10(8)15;/h20-21,23,28,31,34-37,41,52-53,56-57,76,84H,12-19,22,24-27H2,1-11H3,(H15,63,64,65,66,67,68,69,71,72,73,74,77,78,79,80,81,82,83,85,86);6-7H,1-5H2,(H2,11,12,13);/q;;+2/p-1/t31-,34-,35-,36-,37+,41-,52-,53-,56-,57+,59-,60+,61+,62+;;/m1../s1",CC%11(\C=C4(C(/N5([C@H]%10(O[C@H](CO)[C@@H](OP(=O)(O[C@@H](C)CNC(=O)CC[C@]1(C)([C@@H](CC(=O)N)[C@@H]6([C@@]9(C)([C@](CC(=O)N)(C)[C@H](CCC(=O)N)C(/C(\C)=C8([C@](CC(=O)N)(C)[C@H](CCC(=O)N)C(\C=C7(C(C)(C)[C@H](CCC(=O)N)C(/C(\C)=C1\N([Co+](CCCCCN2(\C=N/C3(C(/N)=N\C=N/C2=3)))N/4=C/5)6)=N\7))=N8))=N\9))))O)[C@@H](O)%10)))=C\C(/C)=%11))
&beta;-D-ribose 5-phosphate,"InChI=1S/C5H11O8P/c6-3-2(1-12-14(9,10)11)13-5(8)4(3)7/h2-8H,1H2,(H2,9,10,11)/p-2/t2-,3-,4-,5-/m1/s1",O=P([O-])([O-])OC[C@H]1O[C@@H](O)[C@H](O)[C@@H]1O
formycin B,"InChI=1S/C10H10N4O5/c15-1-3-7(16)8(17)9(19-3)5-4-6(14-13-5)10(18)12-2-11-4/h2-3,7-9,15-17H,1H2/t3-,7-,8-,9+/m0/s1",O=C1N=CN=C2C1=NN=C2[C@H]1O[C@@H](CO)[C@H](O)[C@@H]1O
<i>aldehydo</i>-D-ribose 5-phosphate,"InChI=1S/C5H11O8P/c6-1-3(7)5(9)4(8)2-13-14(10,11)12/h1,3-5,7-9H,2H2,(H2,10,11,12)/p-2/t3-,4+,5-/m0/s1",O=C[C@H](O)[C@H](O)[C@H](O)COP(=O)([O-])[O-]
&alpha;-ethyl-L-glutamate,"InChI=1S/C7H13NO4/c1-2-7(8,6(11)12)4-3-5(9)10/h2-4,8H2,1H3,(H,9,10)(H,11,12)/p-1/t7-/m0/s1",CC[C@](N)(CCC(=O)[O-])C(=O)O
cefoxitin,"InChI=1S/C16H17N3O7S2/c1-25-16(18-10(20)5-9-3-2-4-27-9)13(23)19-11(12(21)22)8(6-26-15(17)24)7-28-14(16)19/h2-4,14H,5-7H2,1H3,(H2,17,24)(H,18,20)(H,21,22)/p-1/t14-,16+/m1/s1",CO[C@@]1(N=C([O-])Cc2cccs2)C(=O)N2C(C(=O)O)=C(COC(=N)O)CS[C@@H]21
L-prolinylglycine,"InChI=1S/C7H14N2O3/c10-7(11)4-9-12-5-6-2-1-3-8-6/h6,8-9H,1-5H2,(H,10,11)/t6-/m0/s1",O=C(O)CNOC[C@@H]1CCCN1
rhodamine 6G,"InChI=1S/C28H31N2O3.ClH/c1-6-29-23-15-25-21(13-17(23)4)27(19-11-9-10-12-20(19)28(31)32-8-3)22-14-18(5)24(30-7-2)16-26(22)33-25;/h9-16,29-30H,6-8H2,1-5H3;1H/q+1;/p-1",CCNc1cc2[o+]c3cc(NCC)c(C)cc3c(-c3ccccc3C(=O)OCC)c2cc1C.[Cl-]
2-heptyl-4-hydroxyquinoline <i>N</i>-oxide,"InChI=1S/C16H21NO2/c1-2-3-4-5-6-9-13-12-16(18)14-10-7-8-11-15(14)17(13)19/h7-8,10-12,18H,2-6,9H2,1H3",CCCCCCCc1cc(O)c2ccccc2[n+]1[O-]
mitomycin C,"InChI=1S/C15H18N4O5/c1-5-9(16)12(21)8-6(4-24-14(17)22)15(23-2)13-7(18-13)3-19(15)10(8)11(5)20/h6-7,13,18H,3-4,16H2,1-2H3,(H2,17,22)/t6-,7+,13+,15-/m1/s1",CO[C@@]12[C@H](COC(=N)O)C3=C(C(=O)C(C)=C(N)C3=O)N1C[C@@H]1N[C@@H]12
pyridine-<i>N</i>-oxide,"InChI=1S/C5H6NO/c7-6-4-2-1-3-5-6/h1-5,7H/q+1",O[n+]1ccccc1
L-galactonate,"InChI=1S/C6H12O7/c7-1-2(8)3(9)4(10)5(11)6(12)13/h2-5,7-11H,1H2,(H,12,13)/p-1/t2-,3+,4+,5-/m0/s1",O=C([O-])[C@@H](O)[C@H](O)[C@H](O)[C@@H](O)CO
3-oxalomalate,"InChI=1S/C6H6O8/c7-2(5(11)12)1(4(9)10)3(8)6(13)14/h1-2,7H,(H,9,10)(H,11,12)(H,13,14)/p-3",O=C([O-])C(=O)C(C(=O)[O-])C(O)C(=O)[O-]
L-idonate,"InChI=1S/C6H12O7/c7-1-2(8)3(9)4(10)5(11)6(12)13/h2-5,7-11H,1H2,(H,12,13)/p-1/t2-,3+,4-,5+/m0/s1",O=C([O-])[C@H](O)[C@@H](O)[C@H](O)[C@@H](O)CO
5-(p-hydroxyphenyl)hydantoin,"InChI=1S/C9H8N2O3/c12-6-3-1-5(2-4-6)7-8(13)11-9(14)10-7/h1-4,7,12H,(H2,10,11,13,14)",OC1=NC(c2ccc(O)cc2)C(O)=N1
D-altronate,"InChI=1S/C6H12O7/c7-1-2(8)3(9)4(10)5(11)6(12)13/h2-5,7-11H,1H2,(H,12,13)/p-1/t2-,3-,4-,5+/m1/s1",O=C([O-])[C@@H](O)[C@H](O)[C@H](O)[C@H](O)CO
p-chloromercuriphenylsulfonate,"InChI=1S/C6H5O3S.ClH.Hg/c7-10(8,9)6-4-2-1-3-5-6;;/h2-5H,(H,7,8,9);1H;/q;;+1/p-2",O=S(=O)([O-])C1=CC=C=C[CH]1.[Cl-].[Hg+]
2-amino-2-deoxy-D-gluconate,"InChI=1S/C6H13NO6/c7-3(6(12)13)5(11)4(10)2(9)1-8/h2-5,8-11H,1,7H2,(H,12,13)/t2-,3-,4-,5-/m1/s1",N[C@@H](C(=O)O)[C@@H](O)[C@H](O)[C@H](O)CO
&alpha;-picoline N-oxide,"InChI=1S/C6H7NO/c1-6-4-2-3-5-7(6)8/h2-5H,1H3",Cc1cccc[n+]1[O-]
D-galactonate,"InChI=1S/C6H12O7/c7-1-2(8)3(9)4(10)5(11)6(12)13/h2-5,7-11H,1H2,(H,12,13)/p-1/t2-,3+,4+,5-/m1/s1",O=C([O-])[C@H](O)[C@@H](O)[C@@H](O)[C@H](O)CO
cysteamine S-phosphate,"InChI=1S/C2H8NO3PS/c3-1-2-8-7(4,5)6/h1-3H2,(H2,4,5,6)/p-1",NCCSP(=O)([O-])O
L-gulonate,"InChI=1S/C6H12O7/c7-1-2(8)3(9)4(10)5(11)6(12)13/h2-5,7-11H,1H2,(H,12,13)/p-1/t2-,3+,4-,5-/m0/s1",O=C([O-])[C@@H](O)[C@@H](O)[C@H](O)[C@@H](O)CO
DL-o-phenylalanine,"InChI=1S/C9H10FNO2/c10-7-4-2-1-3-6(7)5-8(11)9(12)13/h1-4,8H,5,11H2,(H,12,13)",NC(Cc1ccccc1F)C(=O)O
(R)-citramalate,"InChI=1S/C5H8O5/c1-5(10,4(8)9)2-3(6)7/h10H,2H2,1H3,(H,6,7)(H,8,9)/p-2/t5-/m1/s1",C[C@@](O)(CC(=O)[O-])C(=O)[O-]
azide,InChI=1S/N3/c1-3-2/q-1,[N]N=[N-]
(<i>S</i>)-citramalate,"InChI=1S/C5H8O5/c1-5(10,4(8)9)2-3(6)7/h10H,2H2,1H3,(H,6,7)(H,8,9)/p-2/t5-/m0/s1",C[C@](O)(CC(=O)[O-])C(=O)[O-]
"1,2-dioctanoyl-1,2,3-butanetriol","InChI=1S/C20H38O5/c1-4-6-8-10-12-14-19(22)24-16-18(17(3)21)25-20(23)15-13-11-9-7-5-2/h17-18,21H,4-16H2,1-3H3",CCCCCCCC(=O)OCC(OC(=O)CCCCCCC)C(C)O
<i>N</i>-acetyl-D-mannosamine 6-phosphate,"InChI=1S/C8H16NO9P/c1-3(10)9-5-7(12)6(11)4(18-8(5)13)2-17-19(14,15)16/h4-8,11-13H,2H2,1H3,(H,9,10)(H2,14,15,16)/p-2/t4-,5+,6-,7-,8?/m1/s1",CC([O-])=N[C@@H]1C(O)O[C@H](COP(=O)([O-])O)[C@@H](O)[C@@H]1O
3-hydroxypropanal hydrate,"InChI=1S/C3H8O3/c4-2-1-3(5)6/h3-6H,1-2H2",OCCC(O)O
D-arabinofuranose 5-phosphate,"InChI=1S/C5H11O8P/c6-3-2(1-12-14(9,10)11)13-5(8)4(3)7/h2-8H,1H2,(H2,9,10,11)/p-2/t2-,3-,4+,5?/m1/s1",O=P([O-])([O-])OC[C@H]1OC(O)[C@@H](O)[C@@H]1O
"a mature peptidoglycan with (L-alanyl-&gamma;-D-glutamyl-<i>meso</i>-2,6-diaminopimeloyl-glycine) tetrapeptide",,C[C@H](NC([C@H](O[C@@H]2([C@@H](NC(=O)C)C3(OCC([C@@H](O[C@@H]1(O[C@H](CO)[C@@H](O[R])[C@H](O)[C@@H](NC(=O)C)1))2)O3)))C)=O)C(N[C@H](CCC(=O)N[C@@H](CCC[C@H](C(=O)[O-])[NH3+])C(NCC(=O)[O-])=O)C(=O)[O-])=O
<i>aldehydo</i>-D-arabinose 5-phosphate,"InChI=1S/C5H11O8P/c6-1-3(7)5(9)4(8)2-13-14(10,11)12/h1,3-5,7-9H,2H2,(H2,10,11,12)/p-2/t3-,4-,5+/m1/s1",O=C[C@@H](O)[C@H](O)[C@H](O)COP(=O)([O-])[O-]
5-phospho-D-arabinonohydroxamate,"InChI=1S/C5H12NO9P/c7-2(1-15-16(12,13)14)3(8)4(9)5(10)6-11/h2-4,7-9,11H,1H2,(H,6,10)(H2,12,13,14)/p-2/t2-,3-,4+/m1/s1",O=P(O)(O)OC[C@@H](O)[C@@H](O)[C@H](O)C([O-])=N[O-]
UDP-4-deoxy-4-formamido-&beta;-L-arabinopyranose,"InChI=1S/C15H23N3O16P2/c19-5-16-6-3-30-14(12(24)9(6)21)33-36(28,29)34-35(26,27)31-4-7-10(22)11(23)13(32-7)18-2-1-8(20)17-15(18)25/h1-2,5-7,9-14,21-24H,3-4H2,(H,16,19)(H,26,27)(H,28,29)(H,17,20,25)/p-2/t6-,7+,9-,10+,11+,12+,13+,14+/m0/s1",O=c1nc([O-])ccn1[C@@H]1O[C@H](COP(=O)(O)OP(=O)(O)O[C@H]2OC[C@H](N=C[O-])[C@H](O)[C@H]2O)[C@@H](O)[C@H]1O
ellagic acid,"InChI=1S/C14H6O8/c15-5-1-3-7-8-4(14(20)22-11(7)9(5)17)2-6(16)10(18)12(8)21-13(3)19/h1-2,15-18H",O=c1oc2c(O)c(O)cc3c(=O)oc4c(O)c(O)cc1c4c23
tetrahydrocurcumin,"InChI=1S/C21H24O6/c1-26-20-11-14(5-9-18(20)24)3-7-16(22)13-17(23)8-4-15-6-10-19(25)21(12-15)27-2/h5-6,9-13,22,24-25H,3-4,7-8H2,1-2H3/b16-13-",COc1cc(CCC(=O)/C=C(\O)CCc2ccc(O)c(OC)c2)ccc1O
menadiol,"InChI=1S/C11H10O2/c1-7-6-10(12)8-4-2-3-5-9(8)11(7)13/h2-6,12-13H,1H3",Cc1cc(O)c2ccccc2c1O
D-ribose 5-triphosphate,"InChI=1S/C5H13O14P3/c6-3-2(17-5(8)4(3)7)1-16-21(12,13)19-22(14,15)18-20(9,10)11/h2-8H,1H2,(H,12,13)(H,14,15)(H2,9,10,11)/p-4/t2-,3-,4-,5-/m1/s1",O=P([O-])([O-])OP(=O)([O-])OP(=O)([O-])OC[C@H]1O[C@@H](O)[C@H](O)[C@@H]1O
"2,3,5-trichloro-6-(glutathion-S-yl)-hydroquinone","InChI=1S/C16H18Cl3N3O8S/c17-9-10(18)13(27)14(11(19)12(9)26)31-4-6(15(28)21-3-8(24)25)22-7(23)2-1-5(20)16(29)30/h5-6,26-27H,1-4,20H2,(H,21,28)(H,22,23)(H,24,25)(H,29,30)/p-1/t5-,6-/m0/s1",N[C@@H](CCC([O-])=N[C@@H](CSc1c(O)c(Cl)c(Cl)c(O)c1Cl)C(O)=NCC(=O)O)C(=O)O
"(2R,4S)-2-methyl-2,4-dihydroxydihydrofuran-3-one","InChI=1S/C5H8O4/c1-5(8)4(7)3(6)2-9-5/h3,6,8H,2H2,1H3/t3-,5+/m0/s1",C[C@@]1(O)OC[C@H](O)C1=O
6-decylubiquinol,"InChI=1S/C19H32O4/c1-5-6-7-8-9-10-11-12-13-15-14(2)16(20)18(22-3)19(23-4)17(15)21/h20-21H,5-13H2,1-4H3",CCCCCCCCCCc1c(C)c(O)c(OC)c(OC)c1O
pamidronate,"InChI=1S/C3H11NO7P2/c4-2-1-3(5,12(6,7)8)13(9,10)11/h5H,1-2,4H2,(H2,6,7,8)(H2,9,10,11)/p-1",NCCC(O)(P(=O)([O-])O)P(=O)(O)O
hydroquinone,"InChI=1S/C6H6O2/c7-5-1-2-6(8)4-3-5/h1-4,7-8H",Oc1ccc(O)cc1
carbon monoxide,InChI=1S/CO/c1-2,[C-]#[O+]
<i>N</i>-&delta;-(phosphonoacetyl)-L-ornithine,"InChI=1S/C7H15N2O6P/c8-5(7(11)12)2-1-3-9-6(10)4-16(13,14)15/h5H,1-4,8H2,(H,9,10)(H,11,12)(H2,13,14,15)/p-1",NC(CCCN=C([O-])CP(=O)(O)O)C(=O)O
(E)-&alpha;-monofluoromethyldehydroarginine,"InChI=1S/C7H13FN4O2/c8-4-7(11,5(13)14)2-1-3-12-6(9)10/h1-2H,3-4,11H2,(H,13,14)(H4,9,10,12)/p+1/b2-1+/t7-/m1/s1",NC(=[NH2+])NC/C=C/[C@@](N)(CF)C(=O)O
8-thio-octanoate,"InChI=1S/C8H16O2S/c9-8(10)6-4-2-1-3-5-7-11/h11H,1-7H2,(H,9,10)/p-1",O=C([O-])CCCCCCCS
GDP-&alpha;-D-glucose,"InChI=1S/C16H25N5O16P2/c17-16-19-12-6(13(28)20-16)18-3-21(12)14-10(26)8(24)5(34-14)2-33-38(29,30)37-39(31,32)36-15-11(27)9(25)7(23)4(1-22)35-15/h3-5,7-11,14-15,22-27H,1-2H2,(H,29,30)(H,31,32)(H3,17,19,20,28)/p-2/t4-,5-,7-,8-,9+,10-,11-,14-,15-/m1/s1",N=c1nc([O-])c2ncn([C@@H]3O[C@H](COP(=O)([O-])OP(=O)(O)O[C@H]4O[C@H](CO)[C@@H](O)[C@H](O)[C@H]4O)[C@@H](O)[C@H]3O)c2[nH]1
L-norleucine,"InChI=1S/C6H13NO2/c1-2-3-4-5(7)6(8)9/h5H,2-4,7H2,1H3,(H,8,9)/t5-/m0/s1",CCCC[C@H](N)C(=O)O
CDP-&alpha;-D-glucose,"InChI=1S/C15H25N3O16P2/c16-7-1-2-18(15(25)17-7)13-11(23)9(21)6(31-13)4-30-35(26,27)34-36(28,29)33-14-12(24)10(22)8(20)5(3-19)32-14/h1-2,5-6,8-14,19-24H,3-4H2,(H,26,27)(H,28,29)(H2,16,17,25)/p-2/t5-,6-,8-,9-,10+,11-,12-,13-,14-/m1/s1",N=c1ccn([C@@H]2O[C@H](COP(=O)([O-])OP(=O)(O)O[C@H]3O[C@H](CO)[C@@H](O)[C@H](O)[C@H]3O)[C@@H](O)[C@H]2O)c([O-])n1
hydroxyquinoline N oxide,"InChI=1S/C9H7NO2/c11-8-5-1-3-7-4-2-6-10(12)9(7)8/h1-6,11H",[O-][n+]1cccc2cccc(O)c21
dTDP-&alpha;-D-glucose,"InChI=1S/C16H26N2O16P2/c1-6-3-18(16(25)17-14(6)24)10-2-7(20)9(31-10)5-30-35(26,27)34-36(28,29)33-15-13(23)12(22)11(21)8(4-19)32-15/h3,7-13,15,19-23H,2,4-5H2,1H3,(H,26,27)(H,28,29)(H,17,24,25)/p-2/t7-,8+,9+,10+,11+,12-,13+,15+/m0/s1",Cc1cn([C@H]2C[C@H](O)[C@@H](COP(=O)([O-])OP(=O)(O)O[C@H]3O[C@H](CO)[C@@H](O)[C@H](O)[C@H]3O)O2)c(=O)nc1[O-]
5-hydroxypipecolate,"InChI=1S/C6H11NO3/c8-4-1-2-5(6(9)10)7-3-4/h4-5,7-8H,1-3H2,(H,9,10)",O=C(O)C1CCC(O)CN1
"a nascent peptidoglycan with L,D cross links (<i>meso</i>-diaminopimelate containing)",,CC(C)=CCCC(\C)=C/CCC(\C)=C/CCC(/C)=C/CCC(/C)=C/CCC(/C)=C/CCC(/C)=C/CCC(/C)=C/CCC(/C)=C/CCC(/C)=C/CCC(/C)=C/COP(=O)(OP(O[C@H]4(O[C@H](CO)[C@@H](O[C@@H]1(O[C@H](CO)[C@@H](O[R1])[C@H](O)[C@@H](NC(=O)C)1))[C@H](O[C@@H](C(=O)N[C@@H](C)C(N[C@H](CCC(=O)N[C@@H](CCC[C@H](C(=O)[O-])[NH3+])C(N[C@H](CCC[C@@H](C(N[C@H](C)C(=O)[O-])=O)NC(=O)CC[C@@H](NC(=O)[C@@H](NC([C@H](O[C@@H]3([C@@H](NC(=O)C)[C@H](O[R3])O[C@H](CO)[C@@H](O[C@@H]2(O[C@H](CO)[C@@H](O[R2])[C@H](O)[C@@H](NC(=O)C)2))3))C)=O)C)C(=O)[O-])C(=O)[O-])=O)C(=O)[O-])=O)C)[C@@H](NC(=O)C)4))([O-])=O)[O-]
(<i>E</i>)-4-hydroxy-3-methylbut-2-en-1-yl diphosphate,"InChI=1S/C5H12O8P2/c1-5(4-6)2-3-12-15(10,11)13-14(7,8)9/h2,6H,3-4H2,1H3,(H,10,11)(H2,7,8,9)/p-3/b5-2+",C/C(=C\COP(=O)([O-])OP(=O)([O-])[O-])CO
"a mature peptidoglycan with L,D cross-links (<i>meso</i>-diaminopimelate containing)",,C[C@H](NC([C@H](O[C@@H]2([C@@H](NC(=O)C)[C@H](O[R3])O[C@H](CO)[C@@H](O[C@@H]1(O[C@H](CO)[C@@H](O[R2])[C@H](O)[C@@H](NC(=O)C)1))2))C)=O)C(N[C@H](CCC(=O)N[C@@H](CCC[C@@H](NC(=O)[C@H](CCC[C@H](C(=O)[O-])[NH3+])NC(=O)CC[C@@H](NC(=O)[C@@H](NC([C@H](O[C@@H]4([C@@H](NC(=O)C)C5(OCC([C@@H](O[C@@H]3(O[C@H](CO)[C@@H](O[R1])[C@H](O)[C@@H](NC(=O)C)3))4)O5)))C)=O)C)C(=O)[O-])C(=O)[O-])C(N[C@H](C)C(=O)[O-])=O)C(=O)[O-])=O
"5-[[4-methoxy-3-(phenylmethoxy)phenyl]methyl]-2,4-pyrimidinediamine","InChI=1S/C19H20N4O2/c1-24-16-8-7-14(9-15-11-22-19(21)23-18(15)20)10-17(16)25-12-13-5-3-2-4-6-13/h2-8,10-11H,9,12H2,1H3,(H4,20,21,22,23)",COc1ccc(Cc2c[nH]c(=N)[nH]c2=N)cc1OCc1ccccc1
3-hydroxyphenylacetyl-CoA,"InChI=1S/C29H42N7O18P3S/c1-29(2,24(41)27(42)32-7-6-19(38)31-8-9-58-20(39)11-16-4-3-5-17(37)10-16)13-51-57(48,49)54-56(46,47)50-12-18-23(53-55(43,44)45)22(40)28(52-18)36-15-35-21-25(30)33-14-34-26(21)36/h3-5,10,14-15,18,22-24,28,37,40-41H,6-9,11-13H2,1-2H3,(H,31,38)(H,32,42)(H,46,47)(H,48,49)(H2,30,33,34)(H2,43,44,45)/p-4/t18-,22-,23-,24+,28-/m1/s1",CC(C)(COP(=O)(O)OP(=O)(O)OC[C@H]1O[C@@H](n2cnc3c(N)ncnc32)[C@H](O)[C@@H]1OP(=O)([O-])O)[C@@H](O)C([O-])=NCCC([O-])=NCCSC(=O)Cc1cccc([O-])c1
&alpha;-D-glucose 6-phosphate,"InChI=1S/C6H13O9P/c7-3-2(1-14-16(11,12)13)15-6(10)5(9)4(3)8/h2-10H,1H2,(H2,11,12,13)/p-2/t2-,3-,4+,5-,6+/m1/s1",O=P([O-])([O-])OC[C@H]1O[C@H](O)[C@H](O)[C@@H](O)[C@@H]1O
ethylacetimidate,"InChI=1S/C4H9NO/c1-3-6-4(2)5/h5H,3H2,1-2H3/p+1",CCOC(C)=[NH2+]
&beta;-D-glucose 6-phosphate,"InChI=1S/C6H13O9P/c7-3-2(1-14-16(11,12)13)15-6(10)5(9)4(3)8/h2-10H,1H2,(H2,11,12,13)/p-2/t2-,3-,4+,5-,6-/m1/s1",O=P([O-])([O-])OC[C@H]1O[C@@H](O)[C@H](O)[C@@H](O)[C@@H]1O
3'-O-(4-benzoyl)-benzoic-adenosine 5'-triphosphate,"InChI=1S/C24H24N5O15P3/c25-21-17-22(27-11-26-21)29(12-28-17)23-19(31)20(16(41-23)10-40-46(36,37)44-47(38,39)43-45(33,34)35)42-24(32)15-8-6-14(7-9-15)18(30)13-4-2-1-3-5-13/h1-9,11-12,16,19-20,23,31H,10H2,(H,36,37)(H,38,39)(H2,25,26,27)(H2,33,34,35)/p-4/t16-,19-,20-,23-/m1/s1",Nc1ncnc2c1ncn2[C@@H]1O[C@H](COP(=O)([O-])OP(=O)([O-])OP(=O)([O-])[O-])[C@@H](OC(=O)c2ccc(C(=O)c3ccccc3)cc2)[C@H]1O
"(2S,3S)-2,3-dihydroxy-5-oxohexanedioate","InChI=1S/C6H8O7/c7-2(4(9)6(12)13)1-3(8)5(10)11/h2,4,7,9H,1H2,(H,10,11)(H,12,13)/p-2/t2-,4-/m0/s1",O=C([O-])C(=O)C[C@H](O)[C@H](O)C(=O)[O-]
4-methylphenol,"InChI=1S/C7H8O/c1-6-2-4-7(8)5-3-6/h2-5,8H,1H3",Cc1ccc(O)cc1
"(2<i>S</i>,3<i>S</i>)-2,3-dihydroxy-2,3-dihydrobenzoate","InChI=1S/C7H8O4/c8-5-3-1-2-4(6(5)9)7(10)11/h1-3,5-6,8-9H,(H,10,11)/p-1/t5-,6-/m0/s1",O=C([O-])C1=CC=C[C@H](O)[C@H]1O
3-methylcatechol,"InChI=1S/C7H8O2/c1-5-3-2-4-6(8)7(5)9/h2-4,8-9H,1H3",Cc1cccc(O)c1O
N-hydroxy DAP,"InChI=1S/C7H14N2O5/c8-4(6(10)11)2-1-3-5(9-14)7(12)13/h4-5,9,14H,1-3,8H2,(H,10,11)(H,12,13)/p-1",NC(CCCC(NO)C(=O)O)C(=O)[O-]
2-deoxy-&alpha;-D-ribose 1-phosphate,"InChI=1S/C5H11O7P/c6-2-4-3(7)1-5(11-4)12-13(8,9)10/h3-7H,1-2H2,(H2,8,9,10)/p-2/t3-,4+,5+/m0/s1",O=P([O-])([O-])O[C@@H]1C[C@H](O)[C@@H](CO)O1
"(+/-)-<i>trans</i>-acenaphthene-1,2-diol","InChI=1S/C12H10O2/c13-11-8-5-1-3-7-4-2-6-9(10(7)8)12(11)14/h1-6,11-14H/t11-,12-/m0/s1",O[C@H]1c2cccc3cccc(c23)[C@@H]1O
&alpha;-D-mannose 1-phosphate,"InChI=1S/C6H13O9P/c7-1-2-3(8)4(9)5(10)6(14-2)15-16(11,12)13/h2-10H,1H2,(H2,11,12,13)/p-2/t2-,3-,4+,5+,6-/m1/s1",O=P([O-])([O-])O[C@H]1O[C@H](CO)[C@@H](O)[C@H](O)[C@@H]1O
D-<i>erythro</i>-1-(imidazol-4-yl)-glycerol 3-phosphate,"InChI=1S/C6H11N2O6P/c9-5(2-14-15(11,12)13)6(10)4-1-7-3-8-4/h1,3,5-6,9-10H,2H2,(H,7,8)(H2,11,12,13)/p-2/t5-,6+/m1/s1",O=P([O-])([O-])OC[C@@H](O)[C@@H](O)c1cnc[nH]1
&alpha;-D-glucopyranose 1-phosphate,"InChI=1S/C6H13O9P/c7-1-2-3(8)4(9)5(10)6(14-2)15-16(11,12)13/h2-10H,1H2,(H2,11,12,13)/p-2/t2-,3-,4+,5-,6-/m1/s1",O=P([O-])([O-])O[C@H]1O[C@H](CO)[C@@H](O)[C@H](O)[C@H]1O
5-methyl-tetrahydropteroyl-&alpha;-glutamylglutamate,"InChI=1S/C25H32N8O9/c1-33-14(11-28-20-19(33)23(40)32-25(26)31-20)10-27-13-4-2-12(3-5-13)21(38)29-15(6-8-17(34)35)22(39)30-16(24(41)42)7-9-18(36)37/h2-5,14-16,27H,6-11H2,1H3,(H,29,38)(H,30,39)(H,34,35)(H,36,37)(H,41,42)(H4,26,28,31,32,40)/p-3/t14-,15-,16-/m0/s1",CN1c2c(O)nc(=N)[nH]c2NC[C@@H]1CNc1ccc(C(=O)N[C@@H](CCC(=O)[O-])C([O-])=N[C@@H](CCC(=O)[O-])C(=O)O)cc1
"4-deoxy-4-formamido-&alpha;-L-arabinopyranosyl <i>ditrans,octacis</i>-undecaprenyl phosphate","InChI=1S/C61H100NO8P/c1-47(2)23-13-24-48(3)25-14-26-49(4)27-15-28-50(5)29-16-30-51(6)31-17-32-52(7)33-18-34-53(8)35-19-36-54(9)37-20-38-55(10)39-21-40-56(11)41-22-42-57(12)43-44-69-71(66,67)70-61-60(65)59(64)58(45-68-61)62-46-63/h23,25,27,29,31,33,35,37,39,41,43,46,58-61,64-65H,13-22,24,26,28,30,32,34,36,38,40,42,44-45H2,1-12H3,(H,62,63)(H,66,67)/p-1/b48-25+,49-27+,50-29-,51-31-,52-33-,53-35-,54-37-,55-39-,56-41-,57-43-/t58-,59-,60+,61-/m0/s1",CC(C)=CCC/C(C)=C\CC/C(C)=C\CC/C(C)=C/CC/C(C)=C/CC/C(C)=C/CC/C(C)=C/CC/C(C)=C/CC/C(C)=C/CC/C(C)=C/CC/C(C)=C/COP(=O)(O)O[C@@H]1OC[C@H](N=C[O-])[C@H](O)[C@H]1O
L-phenylalaninol,"InChI=1S/C9H13NO/c10-9(7-11)6-8-4-2-1-3-5-8/h1-5,9,11H,6-7,10H2/p+1/t9-/m0/s1",[NH3+][C@H](CO)Cc1ccccc1
norfloxacin,"InChI=1S/C16H18FN3O3/c1-2-19-9-11(16(22)23)15(21)10-7-12(17)14(8-13(10)19)20-5-3-18-4-6-20/h7-9,18H,2-6H2,1H3,(H,22,23)",CCn1cc(C(=O)O)c(=O)c2cc(F)c(N3CCNCC3)cc21
uridine 3'-5'-bisphosphate,,
enoxacin,"InChI=1S/C15H17FN4O3/c1-2-19-8-10(15(22)23)12(21)9-7-11(16)14(18-13(9)19)20-5-3-17-4-6-20/h7-8,17H,2-6H2,1H3,(H,22,23)",CCn1cc(C(=O)O)c(=O)c2cc(F)c(N3CCNCC3)nc21
"S-adenosyl-1,8-diamino-3-thiooctane","InChI=1S/C18H31N7O3S/c19-6-3-1-2-4-11(5-7-20)29-8-12-14(26)15(27)18(28-12)25-10-24-13-16(21)22-9-23-17(13)25/h9-12,14-15,18,26-27H,1-8,19-20H2,(H2,21,22,23)/p+2/t11?,12-,14-,15-,18-/m1/s1",Nc1ncnc2c1ncn2[C@@H]1O[C@H](CSC(CC[NH3+])CCCCC[NH3+])[C@@H](O)[C@H]1O
ciprofloxacin,"InChI=1S/C17H18FN3O3/c18-13-7-11-14(8-15(13)20-5-3-19-4-6-20)21(10-1-2-10)9-12(16(11)22)17(23)24/h7-10,19H,1-6H2,(H,23,24)",O=C(O)c1cn(C2CC2)c2cc(N3CCNCC3)c(F)cc2c1=O
1-(5-((4-(3-(trifluoromethyl) phenyl)piperazin-1-yl) sulfonyl) indolin-1-yl) ethan-1-one,"InChI=1S/C21H22F3N3O3S/c1-15(28)27-8-7-16-13-19(5-6-20(16)27)31(29,30)26-11-9-25(10-12-26)18-4-2-3-17(14-18)21(22,23)24/h2-6,13-14H,7-12H2,1H3",CC(=O)N1CCc2cc(S(=O)(=O)N3CCN(c4cccc(C(F)(F)F)c4)CC3)ccc21
florfenicol,"InChI=1S/C12H14Cl2FNO4S/c1-21(19,20)8-4-2-7(3-5-8)10(17)9(6-15)16-12(18)11(13)14/h2-5,9-11,17H,6H2,1H3,(H,16,18)/t9-,10-/m1/s1",CS(=O)(=O)c1ccc([C@@H](O)[C@@H](CF)N=C(O)C(Cl)Cl)cc1
conduritol C cis-epoxide,"InChI=1S/C6H10O5/c7-1-2(8)4(10)6-5(11-6)3(1)9/h1-10H/t1?,2?,3-,4?,5?,6?/m1/s1",OC1C(O)C(O)[C@@H](O)C2OC12
DCB-PV,"InChI=1S/C83H93Cl4N11O24/c1-35(2)22-51(90-5)75(109)96-66-68(104)39-10-18-55(49(86)25-39)118-57-27-41-28-58(72(57)122-82-73(71(107)70(106)59(33-99)120-82)121-61-32-83(4,74(108)36(3)117-61)98-42-12-14-44(15-13-42)116-34-37-8-16-47(84)48(85)23-37)119-56-19-11-40(26-50(56)87)69(105)67-81(115)95-65(77(111)91-21-7-6-20-88)46-29-43(100)30-54(102)62(46)45-24-38(9-17-53(45)101)63(78(112)97-67)94-79(113)64(41)93-76(110)52(31-60(89)103)92-80(66)114/h8-19,23-30,35-36,51-52,59,61,63-71,73-74,82,90,98-102,104-108H,6-7,20-22,31-34,88H2,1-5H3,(H2,89,103)(H,91,111)(H,92,114)(H,93,110)(H,94,113)(H,95,115)(H,96,109)(H,97,112)/p+2/t36-,51+,52-,59+,61-,63+,64?,65?,66?,67?,68+,69+,70+,71-,73+,74+,82-,83-/m0/s1",CN[C@H](CC(C)C)C(O)=NC1C(O)=N[C@@H](CC(=[NH2+])O)C(O)=NC2C(O)=N[C@H]3C(O)=NC(C(O)=NC(C(O)=NCCCC[NH3+])c4cc(O)cc(O)c4-c4cc3ccc4O)[C@H](O)c3ccc(c(Cl)c3)Oc3cc2cc(c3O[C@@H]2O[C@H](CO)[C@@H](O)[C@H](O)[C@H]2O[C@H]2C[C@](C)(Nc3ccc(OCc4ccc(Cl)c(Cl)c4)cc3)[C@H](O)[C@H](C)O2)Oc2ccc(cc2Cl)[C@H]1O
"3-(glutathion-<i>S</i>-yl)-2-methyl-1,4-naphthohydroquinone","InChI=1S/C21H25N3O8S/c1-10-17(28)11-4-2-3-5-12(11)18(29)19(10)33-9-14(20(30)23-8-16(26)27)24-15(25)7-6-13(22)21(31)32/h2-5,13-14,28-29H,6-9,22H2,1H3,(H,23,30)(H,24,25)(H,26,27)(H,31,32)/p-1/t13-,14-/m0/s1",Cc1c(SC[C@H](N=C([O-])CC[C@H](N)C(=O)O)C(O)=NCC(=O)O)c(O)c2ccccc2c1O
nalidixic acid,"InChI=1S/C12H12N2O3/c1-3-14-6-9(12(16)17)10(15)8-5-4-7(2)13-11(8)14/h4-6H,3H2,1-2H3,(H,16,17)/p-1",CCn1cc(C(=O)[O-])c(=O)c2ccc(C)nc21
beryllium fluoride,,[Be+2].[F-].[F-]
sulfathiazole,"InChI=1S/C9H9N3O2S2/c10-7-1-3-8(4-2-7)16(13,14)12-9-11-5-6-15-9/h1-6H,10H2,(H,11,12)",Nc1ccc(S(=O)(=O)Nc2nccs2)cc1
"(S)-4-amino-4,5-dihydro-2-furancarboxylate","InChI=1S/C5H7NO3/c6-3-1-4(5(7)8)9-2-3/h1,3H,2,6H2,(H,7,8)/t3-/m1/s1",N[C@@H]1C=C(C(=O)O)OC1
DQ-2556,"InChI=1S/C22H19N7O6S2/c1-34-27-15(13-9-37-22(23)25-13)18(30)26-16-19(31)29-17(21(32)33)12(8-36-20(16)29)7-28-4-2-11(3-5-28)14-6-24-10-35-14/h2-6,9-10,16,20H,7-8H2,1H3,(H3-,23,25,26,30,32,33)/b27-15-/t16-,20-/m1/s1",CO/N=C(\C(O)=N[C@@H]1C(=O)N2C(C(=O)[O-])=C(C[n+]3ccc(-c4cnco4)cc3)CS[C@H]12)c1csc(=N)[nH]1
As<sub>3</sub>H<sub>3</sub>O<sub>6</sub>,InChI=1S/As3H3O6/c4-1-7-2(5)9-3(6)8-1/h4-6H,O[As]1O[As](O)O[As](O)O1
iodinated Bolton and Hunter derivative of ampicillin,"InChI=1S/C25H26IN3O6S/c1-25(2)20(24(34)35)29-22(33)19(23(29)36-25)28-21(32)18(14-6-4-3-5-7-14)27-17(31)11-9-13-8-10-16(30)15(26)12-13/h3-8,10,12,18-20,23,30H,9,11H2,1-2H3,(H,27,31)(H,28,32)(H,34,35)/p-1/t18-,19-,20+,23-/m1/s1",CC1(C)S[C@@H]2[C@H](N=C(O)[C@H](N=C(O)CCc3ccc([O-])c(I)c3)c3ccccc3)C(=O)N2[C@H]1C(=O)O
paraquat,"InChI=1S/C12H14N2/c1-13-7-3-11(4-8-13)12-5-9-14(2)10-6-12/h3-10H,1-2H3/q+2",C[n+]1ccc(-c2cc[n+](C)cc2)cc1
6DNM-NH3,"InChI=1S/C18H19N3O3/c1-9-4-14(22)20(3)16-12(9)6-13-10(2)5-15(23)21-11(7-19)8-24-18(16)17(13)21/h4-6,11H,7-8,19H2,1-3H3/p+1",Cc1cc(=O)n(C)c2c3c4c(cc12)c(C)cc(=O)n4C(C[NH3+])CO3
acivicin,"InChI=1S/C5H7ClN2O3/c6-3-1-2(11-8-3)4(7)5(9)10/h2,4H,1,7H2,(H,9,10)",NC(C(=O)O)C1CC(Cl)=NO1
cephalosporin derivative compound 6,"InChI=1S/C40H60N10O17S/c1-17(42-20(4)51)32(56)48-26(39(64)65)12-14-27(53)46-23(8-6-7-15-41)34(58)49-29-35(59)50-30(40(66)67)22(16-68-36(29)50)9-10-24(33(57)43-18(2)31(55)44-19(3)37(60)61)47-28(54)13-11-25(38(62)63)45-21(5)52/h17-19,23-26,29,36H,6-16,41H2,1-5H3,(H,42,51)(H,43,57)(H,44,55)(H,45,52)(H,46,53)(H,47,54)(H,48,56)(H,49,58)(H,60,61)(H,62,63)(H,64,65)(H,66,67)/p-3/t17-,18+,19+,23?,24+,25+,26+,29-,36-/m1/s1",CC([O-])=N[C@@H](CCC(O)=N[C@@H](CCC1=C(C(=O)O)N2C(=O)[C@@H](N=C(O)C(CCCCN)N=C([O-])CC[C@H](N=C(O)[C@@H](C)N=C(C)[O-])C(=O)O)[C@H]2SC1)C(O)=N[C@@H](C)C(O)=N[C@@H](C)C(=O)O)C(=O)O
iron(III)-aerobactin,,CC(=O)N(O)CCCC[C@H](N=C([O-])CC(O)(CC([O-])=N[C@@H](CCCCN(O)C(C)=O)C(=O)O)C(=O)O)C(=O)O.[Fe-]
chlorobiphenyl vancomycin,"InChI=1S/C78H82Cl3N9O24/c1-31(2)20-46(83-5)70(101)88-61-63(96)36-11-18-50(44(80)22-36)110-52-24-38-25-53(67(52)114-77-68(66(99)65(98)54(30-91)112-77)113-56-29-78(4,69(100)32(3)109-56)90-40-15-8-34(9-16-40)33-6-13-39(79)14-7-33)111-51-19-12-37(23-45(51)81)64(97)62-75(106)87-60(76(107)108)43-26-41(92)27-49(94)57(43)42-21-35(10-17-48(42)93)58(72(103)89-62)86-73(104)59(38)85-71(102)47(28-55(82)95)84-74(61)105/h6-19,21-27,31-32,46-47,54,56,58-66,68-69,77,83,90-94,96-100H,20,28-30H2,1-5H3,(H2,82,95)(H,84,105)(H,85,102)(H,86,104)(H,87,106)(H,88,101)(H,89,103)(H,107,108)/t32-,46+,47-,54+,56-,58+,59?,60?,61?,62?,63+,64+,65+,66-,68+,69+,77-,78-/m0/s1",CN[C@H](CC(C)C)C(O)=NC1C(O)=N[C@@H](CC(=N)O)C(O)=NC2C(O)=N[C@H]3C(O)=NC(C(O)=NC(C(=O)O)c4cc(O)cc(O)c4-c4cc3ccc4O)[C@H](O)c3ccc(c(Cl)c3)Oc3cc2cc(c3O[C@@H]2O[C@H](CO)[C@@H](O)[C@H](O)[C@H]2O[C@H]2C[C@](C)(Nc3ccc(-c4ccc(Cl)cc4)cc3)[C@H](O)[C@H](C)O2)Oc2ccc(cc2Cl)[C@H]1O
phenyl-&beta;-galactoside,"InChI=1S/C12H16O6/c13-6-8-9(14)10(15)11(16)12(18-8)17-7-4-2-1-3-5-7/h1-5,8-16H,6H2/t8-,9+,10+,11-,12?/m1/s1",OC[C@H]1OC(Oc2ccccc2)[C@H](O)[C@@H](O)[C@H]1O
2-acyl-sn-glycero-3-phosphoethanolamine (n-C14:0),"InChI=1S/C19H40NO7P/c1-2-3-4-5-6-7-8-9-10-11-12-13-19(22)27-18(16-21)17-26-28(23,24)25-15-14-20/h18,21H,2-17,20H2,1H3,(H,23,24)/t18-/m1/s1",CCCCCCCCCCCCCC(=O)O[C@H](CO)COP(=O)(O)OCCN
clorgyline,"InChI=1S/C13H15Cl2NO/c1-3-7-16(2)8-4-9-17-13-6-5-11(14)10-12(13)15/h1,5-6,10H,4,7-9H2,2H3",C#CCN(C)CCCOc1ccc(Cl)cc1Cl
3-picoline N-oxide,"InChI=1S/C6H7NO/c1-6-3-2-4-7(8)5-6/h2-5H,1H3",Cc1ccc[n+]([O-])c1
&alpha;-lactose,"InChI=1S/C12H22O11/c13-1-3-5(15)6(16)9(19)12(22-3)23-10-4(2-14)21-11(20)8(18)7(10)17/h3-20H,1-2H2/t3-,4-,5+,6+,7-,8-,9-,10-,11+,12+/m1/s1",OC[C@H]1O[C@@H](O[C@H]2[C@H](O)[C@@H](O)[C@@H](O)O[C@@H]2CO)[C@H](O)[C@@H](O)[C@H]1O
F-dUMP,"InChI=1S/C9H12FN2O8P/c10-4-2-12(9(15)11-8(4)14)7-1-5(13)6(20-7)3-19-21(16,17)18/h2,5-7,13H,1,3H2,(H,11,14,15)(H2,16,17,18)/p-2/t5-,6+,7+/m0/s1",O=c1nc([O-])c(F)cn1[C@H]1C[C@H](O)[C@@H](COP(=O)([O-])O)O1
"a mature peptidoglycan (with L-alanyl-&gamma;-D-glutamyl-<i>meso</i>-2,6-diaminopimeloyl-D-alanine tetrapeptide) (non-reducing terminus)",,C[C@H](NC([C@H](O[C@@H]2([C@H]([C@@H](O[C@H](CO)[C@@H](O[C@@H]1(O[C@H](CO)[C@@H](O)[C@H](O)[C@@H](NC(=O)C)1))2)O[R])NC(=O)C))C)=O)C(N[C@H](CCC(=O)N[C@@H](CCC[C@H](C(=O)[O-])[NH3+])C(N[C@H](C)C(=O)[O-])=O)C(=O)[O-])=O
"6,7-dihydroneopterin","InChI=1S/C9H13N5O4/c10-9-13-7-5(8(18)14-9)12-3(1-11-7)6(17)4(16)2-15/h3-4,6,15-17H,1-2H2,(H3,10,11,13,14,18)/t3?,4-,6+/m1/s1",N=c1nc(O)c2c([nH]1)=NCC([C@H](O)[C@H](O)CO)N=2
a peptidoglycan trimer with pentapeptide stems (<i>meso</i>-diaminopimelate containing),"InChI=1S/C120H192N24O63/c1-40(94(163)130-46(7)106(175)176)127-103(172)61(25-19-22-58(121)109(181)182)139-73(156)31-28-64(112(187)188)142-97(166)43(4)124-100(169)49(10)194-91-79(136-55(16)153)115-193-39-72(202-115)90(91)207-118-78(135-54(15)152)85(162)87(69(36-147)199-118)204-120-81(138-57(18)155)93(196-51(12)102(171)126-45(6)99(168)144-66(114(191)192)30-33-75(158)141-63(27-21-24-60(123)111(185)186)105(174)129-42(3)96(165)132-48(9)108(179)180)89(71(38-149)201-120)206-117-77(134-53(14)151)84(161)86(68(35-146)198-117)203-119-80(137-56(17)154)92(88(70(37-148)200-119)205-116-76(133-52(13)150)83(160)82(159)67(34-145)197-116)195-50(11)101(170)125-44(5)98(167)143-65(113(189)190)29-32-74(157)140-62(26-20-23-59(122)110(183)184)104(173)128-41(2)95(164)131-47(8)107(177)178/h40-51,58-72,76-93,115-120,145-149,159-162H,19-39,121-123H2,1-18H3,(H,124,169)(H,125,170)(H,126,171)(H,127,172)(H,128,173)(H,129,174)(H,130,163)(H,131,164)(H,132,165)(H,133,150)(H,134,151)(H,135,152)(H,136,153)(H,137,154)(H,138,155)(H,139,156)(H,140,157)(H,141,158)(H,142,166)(H,143,167)(H,144,168)(H,175,176)(H,177,178)(H,179,180)(H,181,182)(H,183,184)(H,185,186)(H,187,188)(H,189,190)(H,191,192)/p-6/t40-,41-,42-,43+,44+,45+,46-,47-,48-,49-,50-,51-,58-,59-,60-,61+,62+,63+,64-,65-,66-,67-,68-,69-,70-,71-,72?,76-,77-,78-,79-,80-,81-,82-,83-,84-,85-,86-,87-,88-,89-,90-,91-,92-,93-,115?,116+,117+,118+,119+,120+/m1/s1",CC([O-])=N[C@H]1[C@H](O[C@@H]2C3COC(O3)[C@H](N=C(C)[O-])[C@H]2O[C@H](C)C(O)=N[C@@H](C)C(O)=N[C@H](CCC(O)=N[C@@H](CCC[C@@H](N)C(=O)O)C(O)=N[C@H](C)C(O)=N[C@H](C)C(=O)O)C(=O)O)O[C@H](CO)[C@@H](O[C@@H]2O[C@H](CO)[C@@H](O[C@@H]3O[C@H](CO)[C@@H](O[C@@H]4O[C@H](CO)[C@@H](O[C@@H]5O[C@H](CO)[C@@H](O)[C@H](O)[C@H]5N=C(C)[O-])[C@H](O[C@H](C)C(O)=N[C@@H](C)C(O)=N[C@H](CCC(O)=N[C@@H](CCC[C@@H](N)C(=O)O)C(O)=N[C@H](C)C(O)=N[C@H](C)C(=O)O)C(=O)O)[C@H]4N=C(C)[O-])[C@H](O)[C@H]3N=C(C)[O-])[C@H](O[C@H](C)C(O)=N[C@@H](C)C(O)=N[C@H](CCC(O)=N[C@@H](CCC[C@@H](N)C(=O)O)C(O)=N[C@H](C)C(O)=N[C@H](C)C(=O)O)C(=O)O)[C@H]2N=C(C)[O-])[C@@H]1O
pantetheine,"InChI=1S/C11H22N2O4S/c1-11(2,7-14)9(16)10(17)13-4-3-8(15)12-5-6-18/h9,14,16,18H,3-7H2,1-2H3,(H,12,15)(H,13,17)/t9-/m0/s1",CC(C)(CO)[C@@H](O)C(O)=NCCC(O)=NCCS
"a mature peptidoglycan with (L-alanyl-&gamma;-D-glutamyl-<i>meso</i>-2,6-diaminopimeloyl-D-alanyl-D-alanine) pentapeptide",,C[C@H](C(=O)N[C@H](C)C(=O)[O-])NC(=O)[C@H](CCC[C@H](C(=O)[O-])[NH3+])NC(=O)CC[C@@H](NC(=O)[C@@H](NC([C@H](O[C@@H]2([C@@H](NC(=O)C)C3(OCC([C@@H](O[C@@H]1(O[C@H](CO)[C@@H](O[R])[C@H](O)[C@@H](NC(=O)C)1))2)O3)))C)=O)C)C(=O)[O-]
"3-mercapto-1,2-propanediol","InChI=1S/C3H8O2S/c4-1-3(5)2-6/h3-6H,1-2H2",OCC(O)CS
"a mature peptidoglycan with (L-alanyl-&gamma;-D-glutamyl-<i>meso</i>-2,6-diaminopimelate) tripeptide",,C[C@H](NC([C@H](O[C@@H]2([C@@H](NC(=O)C)C3(OCC([C@@H](O[C@@H]1(O[C@H](CO)[C@@H](O[R])[C@H](O)[C@@H](NC(=O)C)1))2)O3)))C)=O)C(N[C@H](CCC(=O)N[C@@H](CCC[C@H](C(=O)[O-])[NH3+])C([O-])=O)C(=O)[O-])=O
sorbate,"InChI=1S/C6H8O2/c1-2-3-4-5-6(7)8/h2-5H,1H3,(H,7,8)/p-1/b3-2+,5-4+",C/C=C/C=C/C(=O)[O-]
&gamma;-Glu-Ala-Gly-CHO,"InChI=1S/C10H17N3O5/c1-6(9(16)12-4-5-14)13-8(15)3-2-7(11)10(17)18/h5-7H,2-4,11H2,1H3,(H,12,16)(H,13,15)(H,17,18)",CC(N=C(O)CCC(N)C(=O)O)C(O)=NCC=O
"5-(2-hydroxyethyl)-4-methyl-1,3-thiazole-2-carboxylate","InChI=1S/C7H9NO3S/c1-4-5(2-3-9)12-6(8-4)7(10)11/h9H,2-3H2,1H3,(H,10,11)/p-1",Cc1nc(C(=O)[O-])sc1CCO
"<i>sn</i>-1,2-di(2-propylpentanoyl)glycerol","InChI=1S/C19H36O5/c1-5-9-15(10-6-2)18(21)23-14-17(13-20)24-19(22)16(11-7-3)12-8-4/h15-17,20H,5-14H2,1-4H3/t17-/m0/s1",CCCC(CCC)C(=O)OC[C@H](CO)OC(=O)C(CCC)CCC
"D-sedoheptulose 1,7-bisphosphate","InChI=1S/C7H16O13P2/c8-3(1-19-21(13,14)15)5(10)7(12)6(11)4(9)2-20-22(16,17)18/h3,5-8,10-12H,1-2H2,(H2,13,14,15)(H2,16,17,18)/p-4/t3-,5-,6-,7-/m1/s1",O=C(COP(=O)([O-])[O-])[C@@H](O)[C@H](O)[C@H](O)[C@H](O)COP(=O)([O-])[O-]
"3,6-diamino-10-methylacridinium","InChI=1S/C14H13N3/c1-17-13-7-11(15)4-2-9(13)6-10-3-5-12(16)8-14(10)17/h2-8H,1H3,(H3,15,16)/p+1",C[n+]1c2cc(N)ccc2cc2ccc(N)cc21
carboxyphosphate,"InChI=1S/CH3O6P/c2-1(3)7-8(4,5)6/h(H,2,3)(H2,4,5,6)/p-2",O=C([O-])OP(=O)([O-])O
<i>keto</i>-L-rhamnulose,"InChI=1S/C6H12O5/c1-3(8)5(10)6(11)4(9)2-7/h3,5-8,10-11H,2H2,1H3/t3-,5-,6-/m0/s1",C[C@H](O)[C@H](O)[C@@H](O)C(=O)CO
"(2S,4S)-4-hydroxy-2,3,4,5-tetrahydrodipicolinate","InChI=1S/C7H9NO5/c9-3-1-4(6(10)11)8-5(2-3)7(12)13/h3-4,9H,1-2H2,(H,10,11)(H,12,13)/p-2/t3-,4-/m0/s1",O=C([O-])C1=N[C@H](C(=O)[O-])C[C@H](O)C1
thioglycolate,"InChI=1S/C2H4O2S/c3-2(4)1-5/h5H,1H2,(H,3,4)/p-1",O=C([O-])CS
3-deoxy-&beta;-D-<i>manno</i>-2-octulosonate,"InChI=1S/C8H14O8/c9-2-4(11)6-5(12)3(10)1-8(15,16-6)7(13)14/h3-6,9-12,15H,1-2H2,(H,13,14)/p-1/t3-,4-,5-,6-,8+/m1/s1",O=C([O-])[C@]1(O)C[C@@H](O)[C@@H](O)[C@@H]([C@H](O)CO)O1
geranyl monophosphate,"InChI=1S/C10H19O4P/c1-9(2)5-4-6-10(3)7-8-14-15(11,12)13/h5,7H,4,6,8H2,1-3H3,(H2,11,12,13)/p-2/b10-7+",CC(C)=CCC/C(C)=C\COP(=O)([O-])[O-]
3-deoxy-&alpha;-D-<i>manno</i>-2-octulosonate,"InChI=1S/C8H14O8/c9-2-4(11)6-5(12)3(10)1-8(15,16-6)7(13)14/h3-6,9-12,15H,1-2H2,(H,13,14)/p-1/t3-,4-,5-,6-,8-/m1/s1",O=C([O-])[C@@]1(O)C[C@@H](O)[C@@H](O)[C@@H]([C@H](O)CO)O1
quinolinate,"InChI=1S/C7H5NO4/c9-6(10)4-2-1-3-8-5(4)7(11)12/h1-3H,(H,9,10)(H,11,12)/p-2",O=C([O-])c1cccnc1C(=O)[O-]
"8-azido-3,8-dideoxy-D-<i>manno</i>-2-octulosonate","InChI=1S/C8H13N3O7/c9-11-10-2-4(13)6-5(14)3(12)1-8(17,18-6)7(15)16/h3-6,12-14,17H,1-2H2,(H,15,16)/p-1/t3-,4-,5-,6-,8?/m1/s1",[N-]=[N+]=NC[C@@H](O)[C@H]1OC(O)(C(=O)[O-])C[C@@H](O)[C@H]1O
"(2<i>S</i>)-2-hydroxy-3,4-dioxopentyl phosphate","InChI=1S/C5H9O7P/c1-3(6)5(8)4(7)2-12-13(9,10)11/h4,7H,2H2,1H3,(H2,9,10,11)/p-2/t4-/m0/s1",CC(=O)C(=O)[C@@H](O)COP(=O)([O-])[O-]
oxamate,"InChI=1S/C2H3NO3/c3-1(4)2(5)6/h(H2,3,4)(H,5,6)/p-1",NC(=O)C(=O)[O-]
sulfometuron methyl,"InChI=1S/C15H16N4O5S/c1-9-8-10(2)17-14(16-9)18-15(21)19-25(22,23)12-7-5-4-6-11(12)13(20)24-3/h4-8H,1-3H3,(H2,16,17,18,19,21)/p-1",COC(=O)c1ccccc1S(=O)(=O)NC([O-])=Nc1nc(C)cc(C)n1
salicin,"InChI=1S/C13H18O7/c14-5-7-3-1-2-4-8(7)19-13-12(18)11(17)10(16)9(6-15)20-13/h1-4,9-18H,5-6H2/t9-,10-,11+,12-,13-/m1/s1",OCc1ccccc1O[C@@H]1O[C@H](CO)[C@@H](O)[C@H](O)[C@H]1O
borohydride,InChI=1S/BH4/h1H4/q-1,[BH2-]
<i>p</i>-aminophenyl-&beta;-D-glucoside,"InChI=1S/C12H17NO6/c13-6-1-3-7(4-2-6)18-12-11(17)10(16)9(15)8(5-14)19-12/h1-4,8-12,14-17H,5,13H2/t8-,9-,10+,11-,12-/m1/s1",Nc1ccc(O[C@@H]2O[C@H](CO)[C@@H](O)[C@H](O)[C@H]2O)cc1
<i>N</i>-(5-phosphoribosyl)-anthranilate,"InChI=1S/C12H16NO9P/c14-9-8(5-21-23(18,19)20)22-11(10(9)15)13-7-4-2-1-3-6(7)12(16)17/h1-4,8-11,13-15H,5H2,(H,16,17)(H2,18,19,20)/p-3/t8-,9-,10-,11-/m1/s1",O=C([O-])c1ccccc1N[C@@H]1O[C@H](COP(=O)([O-])[O-])[C@@H](O)[C@H]1O
phenyl-&beta;-D-glucoside,"InChI=1S/C12H16O6/c13-6-8-9(14)10(15)11(16)12(18-8)17-7-4-2-1-3-5-7/h1-5,8-16H,6H2/t8-,9-,10+,11-,12-/m1/s1",OC[C@H]1O[C@@H](Oc2ccccc2)[C@H](O)[C@@H](O)[C@@H]1O
&alpha;-monofluoromethylagmatine,"InChI=1S/C6H15FN4/c7-4-5(8)2-1-3-11-6(9)10/h5H,1-4,8H2,(H4,9,10,11)",N=C(N)NCCCC(N)CF
<i>p</i>-aminophenyl-&alpha;-D-glucoside,"InChI=1S/C12H17NO6/c13-6-1-3-7(4-2-6)18-12-11(17)10(16)9(15)8(5-14)19-12/h1-4,8-12,14-17H,5,13H2/t8-,9-,10+,11-,12+/m1/s1",Nc1ccc(O[C@H]2O[C@H](CO)[C@@H](O)[C@H](O)[C@H]2O)cc1
<i>N</i><sup>7</sup>-methylguanosine 5'-phosphate,"InChI=1S/C11H16N5O8P/c1-15-3-16(8-5(15)9(19)14-11(12)13-8)10-7(18)6(17)4(24-10)2-23-25(20,21)22/h3-4,6-7,10,17-18H,2H2,1H3,(H4-,12,13,14,19,20,21,22)/p-1/t4-,6-,7-,10-/m1/s1",C[n+]1cn([C@@H]2O[C@H](COP(=O)([O-])O)[C@@H](O)[C@H]2O)c2[nH]c(=N)nc([O-])c21
phenyl-&alpha;-D-glucoside,"InChI=1S/C12H16O6/c13-6-8-9(14)10(15)11(16)12(18-8)17-7-4-2-1-3-5-7/h1-5,8-16H,6H2/t8-,9-,10+,11-,12+/m1/s1",OC[C@H]1O[C@H](Oc2ccccc2)[C@H](O)[C@@H](O)[C@@H]1O
3-deoxy-D-<i>manno</i>-octulosonate 8-phosphate,"InChI=1S/C8H15O11P/c9-3-1-8(14,7(12)13)19-6(5(3)11)4(10)2-18-20(15,16)17/h3-6,9-11,14H,1-2H2,(H,12,13)(H2,15,16,17)/p-3/t3-,4-,5-,6-,8-/m1/s1",O=C([O-])[C@@]1(O)C[C@@H](O)[C@@H](O)[C@@H]([C@H](O)COP(=O)([O-])[O-])O1
linamarin,"InChI=1S/C10H17NO6/c1-10(2,4-11)17-9-8(15)7(14)6(13)5(3-12)16-9/h5-9,12-15H,3H2,1-2H3/t5-,6-,7+,8-,9+/m1/s1",CC(C)(C#N)O[C@@H]1O[C@H](CO)[C@@H](O)[C@H](O)[C@H]1O
aurovertin B,"InChI=1S/C25H32O8/c1-7-20-24(4)23(30-16(3)26)25(5,33-20)22(28)18(32-24)13-11-9-8-10-12-17-15(2)19(29-6)14-21(27)31-17/h8-14,18,20,22-23,28H,7H2,1-6H3/b9-8+,12-10+,13-11+/t18-,20+,22-,23?,24-,25-/m0/s1",CC[C@H]1O[C@]2(C)C(OC(C)=O)[C@]1(C)O[C@@H](/C=C/C=C/C=C/c1oc(=O)cc(OC)c1C)[C@@H]2O
5-aminolevulinate,"InChI=1S/C5H9NO3/c6-3-4(7)1-2-5(8)9/h1-3,6H2,(H,8,9)",NCC(=O)CCC(=O)O
histidinol,"InChI=1S/C6H11N3O/c7-5(3-10)1-6-2-8-4-9-6/h2,4-5,10H,1,3,7H2,(H,8,9)/p+1/t5-/m0/s1",[NH3+][C@H](CO)Cc1cnc[nH]1
"2,4-diamino-6-methyl-5,3'-(2-trifluoromethylphenoxy)prop-1'-yloxypyrimidine","InChI=1S/C15H17F3N4O2/c1-9-12(13(19)22-14(20)21-9)24-8-4-7-23-11-6-3-2-5-10(11)15(16,17)18/h2-3,5-6H,4,7-8H2,1H3,(H4,19,20,21,22)",Cc1[nH]c(=N)[nH]c(=N)c1OCCCOc1ccccc1C(F)(F)F
methyl &alpha;-D-glucoside,"InChI=1S/C7H14O6/c1-12-7-6(11)5(10)4(9)3(2-8)13-7/h3-11H,2H2,1H3/t3-,4-,5+,6-,7+/m1/s1",CO[C@H]1O[C@H](CO)[C@@H](O)[C@H](O)[C@H]1O
3-deoxy-D-arabino-heptulosonate 7-phosphate,"InChI=1S/C7H13O10P/c8-3(1-4(9)7(12)13)6(11)5(10)2-17-18(14,15)16/h3,5-6,8,10-11H,1-2H2,(H,12,13)(H2,14,15,16)/p-3/t3-,5-,6+/m1/s1",O=C([O-])C(=O)C[C@@H](O)[C@H](O)[C@H](O)COP(=O)([O-])[O-]
methyl &beta;-D-glucoside 6-phosphate,"InChI=1S/C7H15O9P/c1-14-7-6(10)5(9)4(8)3(16-7)2-15-17(11,12)13/h3-10H,2H2,1H3,(H2,11,12,13)/p-2/t3-,4-,5+,6-,7-/m1/s1",CO[C@@H]1O[C@H](COP(=O)([O-])[O-])[C@@H](O)[C@H](O)[C@H]1O
ethylamine,"InChI=1S/C2H7N/c1-2-3/h2-3H2,1H3/p+1",CC[NH3+]
methyl &alpha;-D-glucoside 6-phosphate,"InChI=1S/C7H15O9P/c1-14-7-6(10)5(9)4(8)3(16-7)2-15-17(11,12)13/h3-10H,2H2,1H3,(H2,11,12,13)/p-2/t3-,4-,5+,6-,7+/m1/s1",CO[C@H]1O[C@H](COP(=O)([O-])[O-])[C@@H](O)[C@H](O)[C@H]1O
"(2R,3S,6S)-2,6-diamino-3-hydroxy-diaminopimelate","InChI=1S/C7H14N2O5/c8-3(6(11)12)1-2-4(10)5(9)7(13)14/h3-5,10H,1-2,8-9H2,(H,11,12)(H,13,14)/t3-,4-,5+/m0/s1",N[C@@H](CC[C@H](O)[C@@H](N)C(=O)O)C(=O)O
methyl &beta;-D-glucoside,"InChI=1S/C7H14O6/c1-12-7-6(11)5(10)4(9)3(2-8)13-7/h3-11H,2H2,1H3/t3-,4-,5+,6-,7-/m1/s1",CO[C@@H]1O[C@H](CO)[C@@H](O)[C@H](O)[C@H]1O
2-dehydropantolactone,"InChI=1S/C6H8O3/c1-6(2)3-9-5(8)4(6)7/h3H2,1-2H3",CC1(C)COC(=O)C1=O
3-dehydro-1-<i>O</i>-methyl-&alpha;-D-gulose,"InChI=1S/C7H12O6/c1-12-7-6(11)5(10)4(9)3(2-8)13-7/h3-4,6-9,11H,2H2,1H3/t3-,4+,6-,7+/m1/s1",CO[C@H]1O[C@H](CO)[C@H](O)C(=O)[C@H]1O
"(7<i>R</i>,8<i>S</i>)-diaminononanoate","InChI=1S/C9H20N2O2/c1-7(10)8(11)5-3-2-4-6-9(12)13/h7-8H,2-6,10-11H2,1H3,(H,12,13)/p+1/t7-,8+/m0/s1",C[C@H]([NH3+])[C@H](N)CCCCCC(=O)O
3-dehydro-1-<i>O</i>-methyl-&beta;-D-gulose,"InChI=1S/C7H12O6/c1-12-7-6(11)5(10)4(9)3(2-8)13-7/h3-4,6-9,11H,2H2,1H3/t3-,4+,6-,7-/m1/s1",CO[C@@H]1O[C@H](CO)[C@H](O)C(=O)[C@H]1O
3-deaza-GMP,"InChI=1S/C11H15N4O8P/c12-6-1-4-7(10(18)14-6)13-3-15(4)11-9(17)8(16)5(23-11)2-22-24(19,20)21/h1,3,5,8-9,11,16-17H,2H2,(H3,12,14,18)(H2,19,20,21)/p-1/t5-,8-,9-,11-/m1/s1",N=c1cc2c(ncn2[C@@H]2O[C@H](COP(=O)(O)O)[C@@H](O)[C@H]2O)c([O-])[nH]1
"6-phospho D-glucono-1,5-lactone","InChI=1S/C6H11O9P/c7-3-2(1-14-16(11,12)13)15-6(10)5(9)4(3)8/h2-5,7-9H,1H2,(H2,11,12,13)/p-2/t2-,3-,4+,5-/m1/s1",O=C1O[C@H](COP(=O)([O-])[O-])[C@@H](O)[C@H](O)[C@H]1O
dXMP,"InChI=1S/C10H13N4O8P/c15-4-1-6(22-5(4)2-21-23(18,19)20)14-3-11-7-8(14)12-10(17)13-9(7)16/h3-6,15H,1-2H2,(H2,18,19,20)(H2,12,13,16,17)/p-2",O=P(O)(O)OCC1OC(n2cnc3c([O-])nc([O-])nc32)CC1O
S-succinyl-dihydrolipoamide,"InChI=1S/C12H21NO4S2/c13-10(14)4-2-1-3-9(7-8-18)19-12(17)6-5-11(15)16/h9,18H,1-8H2,(H2,13,14)(H,15,16)/p-1/t9-/m0/s1",N=C([O-])CCCC[C@@H](CCS)SC(=O)CCC(=O)O
5-deoxypyridoxal,"InChI=1S/C8H9NO2/c1-5-3-9-6(2)8(11)7(5)4-10/h3-4,11H,1-2H3",Cc1cnc(C)c(O)c1C=O
4-amino-4-deoxy-L-arabinose,"InChI=1S/C5H11NO4/c6-2-1-10-5(9)4(8)3(2)7/h2-5,7-9H,1,6H2/p+1/t2-,3-,4+,5-/m0/s1",[NH3+][C@H]1CO[C@H](O)[C@H](O)[C@H]1O
feruloyl amide,,
(S)-farnesyl thiopyrophosphate,"InChI=1S/C15H28O6P2S/c1-13(2)7-5-8-14(3)9-6-10-15(4)11-12-24-23(19,20)21-22(16,17)18/h7,9,11H,5-6,8,10,12H2,1-4H3,(H,19,20)(H2,16,17,18)/p-3/b14-9+,15-11+",CC(C)=CCC/C(C)=C\CC/C(C)=C\CSP(=O)([O-])OP(=O)([O-])[O-]
amikacin,"InChI=1S/C22H43N5O13/c23-2-1-8(29)20(36)27-7-3-6(25)18(39-22-16(34)15(33)13(31)9(4-24)37-22)17(35)19(7)40-21-14(32)11(26)12(30)10(5-28)38-21/h6-19,21-22,28-35H,1-5,23-26H2,(H,27,36)/p+4/t6-,7+,8-,9+,10+,11-,12+,13+,14+,15-,16+,17-,18+,19-,21+,22+/m0/s1",[NH3+]CC[C@H](O)C(O)=N[C@@H]1C[C@H]([NH3+])[C@@H](O[C@H]2O[C@H](C[NH3+])[C@@H](O)[C@H](O)[C@H]2O)[C@H](O)[C@H]1O[C@H]1O[C@H](CO)[C@@H](O)[C@H]([NH3+])[C@H]1O
<i>N</i>-pantoylglycyl-2-aminoethanethiol,"InChI=1S/C10H20N2O4S/c1-10(2,6-13)8(15)9(16)12-5-7(14)11-3-4-17/h8,13,15,17H,3-6H2,1-2H3,(H,11,14)(H,12,16)/t8-/m0/s1",CC(C)(CO)[C@@H](O)C(O)=NCC(O)=NCCS
kanamycin A,"InChI=1S/C18H36N4O11/c19-2-6-10(25)12(27)13(28)18(30-6)33-16-5(21)1-4(20)15(14(16)29)32-17-11(26)8(22)9(24)7(3-23)31-17/h4-18,23-29H,1-3,19-22H2/p+4/t4-,5+,6-,7-,8+,9-,10-,11-,12+,13-,14-,15+,16-,17-,18-/m1/s1",[NH3+]C[C@H]1O[C@H](O[C@H]2[C@H](O)[C@@H](O[C@H]3O[C@H](CO)[C@@H](O)[C@H]([NH3+])[C@H]3O)[C@H]([NH3+])C[C@@H]2[NH3+])[C@H](O)[C@@H](O)[C@@H]1O
"3,5-dihydroxybenzoate","InChI=1S/C7H6O4/c8-5-1-4(7(10)11)2-6(9)3-5/h1-3,8-9H,(H,10,11)/p-1",O=C(O)c1cc([O-])cc(O)c1
5-methylcytidine,"InChI=1S/C10H15N3O5/c1-4-2-13(10(17)12-8(4)11)9-7(16)6(15)5(3-14)18-9/h2,5-7,9,14-16H,3H2,1H3,(H2,11,12,17)/t5-,6-,7-,9-/m1/s1",Cc1cn([C@@H]2O[C@H](CO)[C@@H](O)[C@H]2O)c(O)nc1=N
tetracycline,"InChI=1S/C22H24N2O8/c1-21(31)8-5-4-6-11(25)12(8)16(26)13-9(21)7-10-15(24(2)3)17(27)14(20(23)30)19(29)22(10,32)18(13)28/h4-6,9-10,15,25,27-28,31-32H,7H2,1-3H3,(H2,23,30)/t9-,10-,15-,21+,22-/m0/s1",CN(C)[C@@H]1C(O)=C(C(=N)O)C(=O)[C@@]2(O)C(O)=C3C(=O)c4c(O)cccc4[C@@](C)(O)[C@@H]3C[C@H]12
N-hydroxy-N-isopropyloxamate,"InChI=1S/C5H9NO4/c1-3(2)6(10)4(7)5(8)9/h3,10H,1-2H3,(H,8,9)/p-1",CC(C)N(O)C(=O)C(=O)[O-]
minocycline,"InChI=1S/C23H27N3O7/c1-25(2)12-5-6-13(27)15-10(12)7-9-8-11-17(26(3)4)19(29)16(22(24)32)21(31)23(11,33)20(30)14(9)18(15)28/h5-6,9,11,17,27-29,33H,7-8H2,1-4H3,(H2,24,32)/p-1/t9-,11-,17-,23-/m0/s1",CN(C)c1ccc([O-])c2c1C[C@@H]1C[C@H]3[C@H](N(C)C)C(O)=C(C(=N)O)C(=O)[C@@]3(O)C(=O)C1=C2O
6-chloropurine,"InChI=1S/C5H3ClN4/c6-4-3-5(9-1-7-3)10-2-8-4/h1-2H,(H,7,8,9,10)",Clc1nc[nH]c2ncnc1-2
<i>aldehydo</i>-D-glucuronate,"InChI=1S/C6H10O7/c7-1-2(8)3(9)4(10)5(11)6(12)13/h1-5,8-11H,(H,12,13)/p-1/t2-,3+,4-,5-/m0/s1",O=C[C@H](O)[C@@H](O)[C@H](O)[C@H](O)C(=O)[O-]
"glucosamine 1,6-diphosphate","InChI=1S/C6H15NO11P2/c7-3-5(9)4(8)2(1-16-19(10,11)12)17-6(3)18-20(13,14)15/h2-6,8-9H,1,7H2,(H2,10,11,12)(H2,13,14,15)/p-3/t2-,3-,4-,5-,6+/m1/s1",N[C@H]1[C@H](OP(=O)([O-])O)O[C@H](COP(=O)([O-])[O-])[C@@H](O)[C@@H]1O
"GlcNAc-1,6-anhMurNAc-L-Ala-&gamma;-D-Glu-<i>meso</i>-DAP-D-Ala","InChI=1S/C37H59N7O20/c1-13(30(51)44-20(35(58)59)9-10-23(48)43-19(8-6-7-18(38)34(56)57)32(53)40-14(2)33(54)55)39-31(52)15(3)61-29-25(42-17(5)47)36-60-12-22(63-36)28(29)64-37-24(41-16(4)46)27(50)26(49)21(11-45)62-37/h13-15,18-22,24-29,36-37,45,49-50H,6-12,38H2,1-5H3,(H,39,52)(H,40,53)(H,41,46)(H,42,47)(H,43,48)(H,44,51)(H,54,55)(H,56,57)(H,58,59)/p-2/t13-,14+,15+,18+,19-,20+,21+,22?,24+,25+,26+,27+,28+,29+,36?,37-/m0/s1",CC([O-])=N[C@H]1[C@H](O[C@@H]2C3COC(O3)[C@H](N=C(C)[O-])[C@H]2O[C@H](C)C(O)=N[C@@H](C)C(O)=N[C@H](CCC(O)=N[C@@H](CCC[C@@H](N)C(=O)O)C(O)=N[C@H](C)C(=O)O)C(=O)O)O[C@H](CO)[C@@H](O)[C@@H]1O
three disacharide linked murein units (pentapeptide crosslinked tetrapeptide (A2pm->D-ala) tetrapeptide corsslinked tetrapeptide (A2pm->D-ala)) (middle of chain),"InChI=1S/C114H178N22O59/c1-39(91(159)122-45(7)106(174)175)119-101(169)57-22-18-24-62(108(178)179)136-96(164)44(6)121-102(170)58-23-19-25-63(109(180)181)135-95(163)43(5)120-100(168)56(21-17-20-55(115)107(176)177)132-103(171)59(26-29-71(149)150)129-93(161)41(3)117-98(166)47(9)184-89-77(127-53(15)147)113(189-69(36-141)87(89)194-110-74(124-50(12)144)80(156)79(155)65(32-137)186-110)192-85-68(35-140)188-112(76(82(85)158)126-52(14)146)195-88-70(37-142)190-114(78(128-54(16)148)90(88)185-48(10)99(167)118-42(4)94(162)131-61(105(173)134-58)28-31-73(153)154)191-84-67(34-139)187-111(75(81(84)157)125-51(13)145)193-86-66(33-138)182-38-64(123-49(11)143)83(86)183-46(8)97(165)116-40(2)92(160)130-60(104(172)133-57)27-30-72(151)152/h38-48,55-63,65-70,74-90,110-114,137-142,155-158H,17-37,115H2,1-16H3,(H,116,165)(H,117,166)(H,118,167)(H,119,169)(H,120,168)(H,121,170)(H,122,159)(H,123,143)(H,124,144)(H,125,145)(H,126,146)(H,127,147)(H,128,148)(H,129,161)(H,130,160)(H,131,162)(H,132,171)(H,133,172)(H,134,173)(H,135,163)(H,136,164)(H,149,150)(H,151,152)(H,153,154)(H,174,175)(H,176,177)(H,178,179)(H,180,181)",CC(O)=NC1=COC(CO)C2OC3OC(CO)C(OC4OC(CO)C5OC6OC(CO)C(OC7OC(CO)C(OC8OC(CO)C(O)C(O)C8N=C(C)O)C(OC(C)C(O)=NC(C)C(O)=NC(CCC(=O)O)C(O)=NC(CCCC(N)C(=O)O)C(O)=NC(C)C(O)=NC(C(=O)O)CCCC(N=C(O)C(CCC(=O)O)N=C(O)C(C)N=C(O)C(C)OC5C4N=C(C)O)C(O)=NC(C)C(O)=NC(C(=O)O)CCCC(C(O)=NC(C)C(O)=NC(C)C(=O)O)N=C(O)C(CCC(=O)O)N=C(O)C(C)N=C(O)C(C)OC12)C7N=C(C)O)C(O)C6N=C(C)O)C(O)C3N=C(C)O
aurachin D,"InChI=1S/C25H33NO/c1-18(2)10-8-11-19(3)12-9-13-20(4)16-17-22-21(5)26-24-15-7-6-14-23(24)25(22)27/h6-7,10,12,14-16H,8-9,11,13,17H2,1-5H3,(H,26,27)/b19-12+,20-16+",CC(C)=CCC/C(C)=C\CC/C(C)=C\Cc1c(C)[nH]c2ccccc2c1=O
"3,4-epoxy-3-methyl-1-butyl diphosphate","InChI=1S/C6H14O8P2/c1-6(5-12-6)3-2-4-13-16(10,11)14-15(7,8)9/h2-5H2,1H3,(H,10,11)(H2,7,8,9)/p-3",CC1(CCCOP(=O)([O-])OP(=O)([O-])[O-])CO1
aurachin C,"InChI=1S/C25H33NO2/c1-18(2)10-8-11-19(3)12-9-13-20(4)16-17-22-21(5)26(28)24-15-7-6-14-23(24)25(22)27/h6-7,10,12,14-16,28H,8-9,11,13,17H2,1-5H3/b19-12+,20-16+",CC(C)=CCC/C(C)=C\CC/C(C)=C\Cc1c(C)n(O)c2ccccc2c1=O
"cyclopropane phosphatidylethanolamine (dioctadec-11,12-cyclo-anoyl, n-C18:0 cyclo","InChI=1S/C43H82NO8P/c1-3-5-7-19-25-37-33-39(37)27-21-15-11-9-13-17-23-29-42(45)49-35-41(36-51-53(47,48)50-32-31-44)52-43(46)30-24-18-14-10-12-16-22-28-40-34-38(40)26-20-8-6-4-2/h37-41H,3-36,44H2,1-2H3,(H,47,48)/t37?,38?,39?,40?,41-/m1/s1",CCCCCCC1CC1CCCCCCCCCC(=O)OC[C@H](COP(=O)(O)OCCN)OC(=O)CCCCCCCCCC1CC1CCCCCC
1-<i>O</i>-methyl-&beta;-D-gulose,"InChI=1S/C7H14O6/c1-12-7-6(11)5(10)4(9)3(2-8)13-7/h3-11H,2H2,1H3/t3-,4+,5-,6-,7-/m1/s1",CO[C@@H]1O[C@H](CO)[C@H](O)[C@@H](O)[C@H]1O
"5-(methylsulfanyl)-2,3-dioxopentyl 1-phosphate","InChI=1S/C6H11O6PS/c1-14-3-2-5(7)6(8)4-12-13(9,10)11/h2-4H2,1H3,(H2,9,10,11)/p-2",CSCCC(=O)C(=O)COP(=O)([O-])[O-]
1-acyl-sn-glycero-3-phosphoglycerol (n-C12:0),"InChI=1S/C18H37O9P/c1-2-3-4-5-6-7-8-9-10-11-18(22)25-13-17(21)15-27-28(23,24)26-14-16(20)12-19/h16-17,19-21H,2-15H2,1H3,(H,23,24)/p-1/t16-,17+/m0/s1",CCCCCCCCCCCC(=O)OC[C@@H](O)COP(=O)([O-])OC[C@@H](O)CO
"(1<i>S</i>,2<i>R</i>)-1-C-(indol-3-yl)glycerol 3-phosphate","InChI=1S/C11H14NO6P/c13-10(6-18-19(15,16)17)11(14)8-5-12-9-4-2-1-3-7(8)9/h1-5,10-14H,6H2,(H2,15,16,17)/p-2/t10-,11+/m1/s1",O=P([O-])([O-])OC[C@@H](O)[C@@H](O)c1c[nH]c2ccccc12
(2<i>S</i>)-2-isopropyl-3-oxosuccinate,"InChI=1S/C7H10O5/c1-3(2)4(6(9)10)5(8)7(11)12/h3-4H,1-2H3,(H,9,10)(H,11,12)/p-2/t4-/m0/s1",CC(C)[C@H](C(=O)[O-])C(=O)C(=O)[O-]
1-<i>O</i>-methyl-&beta;-D-glucuronate,"InChI=1S/C7H12O7/c1-13-7-4(10)2(8)3(9)5(14-7)6(11)12/h2-5,7-10H,1H3,(H,11,12)/p-1/t2-,3-,4+,5-,7+/m0/s1",CO[C@@H]1O[C@H](C(=O)[O-])[C@@H](O)[C@H](O)[C@H]1O
&alpha;-methyl-glutamate,"InChI=1S/C6H11NO4/c1-6(7,5(10)11)3-2-4(8)9/h2-3,7H2,1H3,(H,8,9)(H,10,11)",CC(N)(CCC(=O)O)C(=O)O
methylguanidinium,"InChI=1S/C2H7N3/c1-5-2(3)4/h1H3,(H4,3,4,5)/p+1",CNC(N)=[NH2+]
antimonous acid,InChI=1S/3H2O.Sb/h3*1H2;/q;;;+3/p-3,[OH-].[OH-].[OH-].[Sb+3]
3-aminobutanoate,"InChI=1S/C4H9NO2/c1-3(5)2-4(6)7/h3H,2,5H2,1H3,(H,6,7)",CC(N)CC(=O)O
4-aza-DL-leucine,"InChI=1S/C5H12N2O2/c1-7(2)3-4(6)5(8)9/h4H,3,6H2,1-2H3,(H,8,9)",CN(C)CC(N)C(=O)O
Tween 40,"InChI=1S/C26H50O3/c1-5-6-7-8-9-10-11-12-13-14-15-16-17-18-25(27)28-20-19-22(2)26-24(4)23(3)21-29-26/h22-24,26H,5-21H2,1-4H3/t22?,23?,24-,26?/m0/s1",CCCCCCCCCCCCCCCC(=O)OCCC(C)C1OCC(C)[C@@H]1C
5'-O-[N-(L-glutamyl)-sulfamoyl] adenosine,"InChI=1S/C15H21N7O9S/c16-6(1-2-8(23)24)14(27)21-32(28,29)30-3-7-10(25)11(26)15(31-7)22-5-20-9-12(17)18-4-19-13(9)22/h4-7,10-11,15,25-26H,1-3,16H2,(H4,17,18,19,21,23,24,27)/p-2/t6-,7+,10+,11+,15+/m0/s1",Nc1ncnc2c1[nH]c[n+]2[C@@H]1O[C@H](COS(=O)(=O)N=C([O-])[C@@H](N)CCC(=O)[O-])[C@@H](O)[C@H]1O
2''-O-lipoyl-ADP-D-ribose,"InChI=1S/C23H35N5O15P2S2/c24-20-15-21(26-9-25-20)28(10-27-15)22-18(32)16(30)12(40-22)7-38-44(34,35)43-45(36,37)39-8-13-17(31)19(23(33)41-13)42-14(29)4-2-1-3-11-5-6-46-47-11/h9-13,16-19,22-23,30-33H,1-8H2,(H,34,35)(H,36,37)(H2,24,25,26)/p-2/t11-,12+,13+,16+,17+,18+,19+,22+,23+/m0/s1",Nc1ncnc2c1ncn2[C@@H]1O[C@H](COP(=O)([O-])OP(=O)([O-])OC[C@H]2O[C@@H](O)[C@H](OC(=O)CCCC[C@H]3CCSS3)[C@@H]2O)[C@@H](O)[C@H]1O
"2-amino-6-carboxamido-7,8-dihydropteridin-4-one","InChI=1S/C7H8N6O2/c8-4(14)2-1-10-5-3(11-2)6(15)13-7(9)12-5/h1H2,(H2,8,14)(H4,9,10,12,13,15)",N=c1nc(O)c2c([nH]1)NCC(C(N)=O)=N2
<i>N</i>-oxalylglycine,"InChI=1S/C4H5NO5/c6-2(7)1-5-3(8)4(9)10/h1H2,(H,5,8)(H,6,7)(H,9,10)",O=C(O)CNC(=O)C(=O)O
salicyl alcohol,"InChI=1S/C7H8O2/c8-5-6-3-1-2-4-7(6)9/h1-4,8-9H,5H2",OCc1ccccc1O
"3-[(4-amino-6-chloro-1,3,5-triazin-2-yl)amino]benzenesulfonate","InChI=1S/C9H8ClN5O3S/c10-7-13-8(11)15-9(14-7)12-5-2-1-3-6(4-5)19(16,17)18/h1-4H,(H,16,17,18)(H3,11,12,13,14,15)/p-1",N=c1nc(Cl)[nH]c(=Nc2cccc(S(=O)(=O)[O-])c2)[nH]1
L-tartrate,"InChI=1S/C4H6O6/c5-1(3(7)8)2(6)4(9)10/h1-2,5-6H,(H,7,8)(H,9,10)/p-2/t1-,2-/m1/s1",O=C([O-])[C@H](O)[C@@H](O)C(=O)[O-]
5-aminopentanal,"InChI=1S/C5H11NO/c6-4-2-1-3-5-7/h5H,1-4,6H2/p+1",[NH3+]CCCCC=O
propanoyl phosphate,"InChI=1S/C3H7O5P/c1-2-3(4)8-9(5,6)7/h2H2,1H3,(H2,5,6,7)/p-2",CCC(=O)OP(=O)([O-])[O-]
ferricyanide,InChI=1S/6CN.Fe/c6*1-2;/q;;;;;;-3,[C]#N.[C]#N.[C]#N.[C]#N.[C]#N.[C]#N.[Fe-3]
3-hydroxypyruvate,"InChI=1S/C3H4O4/c4-1-2(5)3(6)7/h4H,1H2,(H,6,7)/p-1",O=C([O-])C(=O)CO
"3-undecyl-2-hydroxyl-1,4-naphthoquinone","InChI=1S/C22H30O2/c1-3-4-5-6-7-8-9-10-11-14-18-17(2)21(23)19-15-12-13-16-20(19)22(18)24/h12-13,15-16H,3-11,14H2,1-2H3",CCCCCCCCCCCC1=C(C)C(=O)c2ccccc2C1=O
atabrine,"InChI=1S/C23H30ClN3O/c1-5-27(6-2)13-7-8-16(3)25-23-19-11-9-17(24)14-22(19)26-21-12-10-18(28-4)15-20(21)23/h9-12,14-16H,5-8,13H2,1-4H3,(H,25,26)/p+2",CCN(CC)CCCC(C)[NH+]=C1c2ccc(Cl)cc2[NH2+]c2ccc(OC)cc21
trigonelline,"InChI=1S/C7H7NO2/c1-8-4-2-3-6(5-8)7(9)10/h2-5H,1H3",C[n+]1cccc(C(=O)[O-])c1
glucuronamide,"InChI=1S/C6H11NO6/c7-5(11)4-2(9)1(8)3(10)6(12)13-4/h1-4,6,8-10,12H,(H2,7,11)/t1-,2-,3+,4-,6+/m0/s1",N=C(O)[C@H]1O[C@@H](O)[C@H](O)[C@@H](O)[C@@H]1O
gallate,"InChI=1S/C7H6O5/c8-4-1-3(7(11)12)2-5(9)6(4)10/h1-2,8-10H,(H,11,12)/p-1",O=C(O)c1cc([O-])c(O)c(O)c1
6-thio-octanoate,"InChI=1S/C8H16O2S/c1-2-7(11)5-3-4-6-8(9)10/h7,11H,2-6H2,1H3,(H,9,10)/p-1",CCC(S)CCCCC(=O)[O-]
4-aminobenzoate,"InChI=1S/C7H7NO2/c8-6-3-1-5(2-4-6)7(9)10/h1-4H,8H2,(H,9,10)/p-1",Nc1ccc(C(=O)[O-])cc1
isobutanol,"InChI=1S/C4H10O/c1-4(2)3-5/h4-5H,3H2,1-2H3",CC(C)CO
benzoate,"InChI=1S/C7H6O2/c8-7(9)6-4-2-1-3-5-6/h1-5H,(H,8,9)/p-1",O=C([O-])c1ccccc1
xylarohydroxamate,"InChI=1S/C5H9NO7/c7-1(3(9)5(11)12)2(8)4(10)6-13/h1-3,7-9,13H,(H,6,10)(H,11,12)/p-1/t1-,2-,3+/m0/s1",O=C(O)[C@H](O)[C@@H](O)[C@H](O)C([O-])=NO
(<i>R</i>)-4'-phosphopantothenate,"InChI=1S/C9H18NO8P/c1-9(2,5-18-19(15,16)17)7(13)8(14)10-4-3-6(11)12/h7,13H,3-5H2,1-2H3,(H,10,14)(H,11,12)(H2,15,16,17)/p-3/t7-/m0/s1",CC(C)(COP(=O)([O-])O)[C@@H](O)C([O-])=NCCC(=O)[O-]
L-xylulose 1-phosphate,"InChI=1S/C5H11O8P/c6-1-3(7)5(9)4(8)2-13-14(10,11)12/h3,5-7,9H,1-2H2,(H2,10,11,12)/p-2/t3-,5+/m0/s1",O=C(COP(=O)([O-])[O-])[C@H](O)[C@@H](O)CO
carbonic acid,"InChI=1S/CH2O3/c2-1(3)4/h(H2,2,3,4)",O=C(O)O
D-ribulose 1-phosphate,"InChI=1S/C5H11O8P/c6-1-3(7)5(9)4(8)2-13-14(10,11)12/h3,5-7,9H,1-2H2,(H2,10,11,12)/p-2/t3-,5-/m1/s1",O=C(COP(=O)([O-])[O-])[C@H](O)[C@H](O)CO
pyrimethamine,"InChI=1S/C12H13ClN4/c1-2-9-10(11(14)17-12(15)16-9)7-3-5-8(13)6-4-7/h3-6H,2H2,1H3,(H4,14,15,16,17)/p+1",CCc1nc(=N)[nH]c([NH3+])c1-c1ccc(Cl)cc1
&alpha;-D-ribose-1-phosphate,"InChI=1S/C5H11O8P/c6-1-2-3(7)4(8)5(12-2)13-14(9,10)11/h2-8H,1H2,(H2,9,10,11)/p-2/t2-,3-,4-,5-/m1/s1",O=P([O-])([O-])O[C@H]1O[C@H](CO)[C@@H](O)[C@H]1O
nigerose,"InChI=1S/C12H22O11/c13-1-3-5(15)7(17)8(18)12(22-3)23-10-6(16)4(2-14)21-11(20)9(10)19/h3-20H,1-2H2/t3-,4-,5-,6-,7+,8-,9-,10+,11?,12-/m1/s1",OC[C@H]1O[C@H](O[C@H]2[C@H](O)[C@@H](CO)OC(O)[C@@H]2O)[C@H](O)[C@@H](O)[C@@H]1O
dihydrofurano derivative,"InChI=1S/C21H22O7/c1-21(2,26)7-6-13-16(27-3)9-17-18(19(13)24)20(25)14(10-28-17)12-5-4-11(22)8-15(12)23/h4-5,8-10,22-24,26H,6-7H2,1-3H3",COc1cc2occ(-c3ccc(O)cc3O)c(=O)c2c(O)c1CCC(C)(C)O
"(2S,3S,6S)-3-fluoro-2,6-diaminopimelate","InChI=1S/C7H13FN2O4/c8-3(5(10)7(13)14)1-2-4(9)6(11)12/h3-5H,1-2,9-10H2,(H,11,12)(H,13,14)/t3-,4-,5+/m0/s1",N[C@@H](CC[C@H](F)[C@@H](N)C(=O)O)C(=O)O
a nascent peptidoglycan (<i>meso</i>-DAP containing),,CC(C)=CCCC(\C)=C/CCC(\C)=C/CCC(/C)=C/CCC(/C)=C/CCC(/C)=C/CCC(/C)=C/CCC(/C)=C/CCC(/C)=C/CCC(/C)=C/CCC(/C)=C/COP(OP(O[C@H]4(O[C@H](CO)[C@@H](O[C@@H]3(O[C@H](CO)[C@@H](O[C@@H]2(O[C@H](CO)[C@@H](O[C@@H]1(O[C@H](CO)[C@@H](O[R])[C@H](O)[C@@H](NC(=O)C)1))[C@H](O[C@@H](C(=O)N[C@@H](C)C(N[C@H](CCC(=O)N[C@@H](CCC[C@H](C([O-])=O)[NH3+])C(N[C@H](C)C(=O)[O-])=O)C(=O)[O-])=O)C)[C@H]2NC(=O)C))[C@H](O)[C@@H](NC(=O)C)3))[C@H](O[C@@H](C(=O)N[C@@H](C)C(N[C@H](CCC(=O)N[C@@H](CCC[C@@H]([NH3+])C([O-])=O)C(N[C@H](C)C(=O)[O-])=O)C(=O)[O-])=O)C)[C@@H](NC(=O)C)4))([O-])=O)(=O)[O-]
2-carboxymuconate,"InChI=1S/C7H6O6/c8-5(9)3-1-2-4(6(10)11)7(12)13/h1-3H,(H,8,9)(H,10,11)(H,12,13)/p-3/b3-1+",O=C([O-])/C=C/C=C(C(=O)[O-])C(=O)[O-]
a nascent peptidoglycan (<i>meso</i>-DAP containing) with GlcNAc non-reducing terminus,"InChI=1S/C92H151N7O27P2/c1-57(2)29-18-30-58(3)31-19-32-59(4)33-20-34-60(5)35-21-36-61(6)37-22-38-62(7)39-23-40-63(8)41-24-42-64(9)43-25-44-65(10)45-26-46-66(11)47-27-48-67(12)53-54-120-127(116,117)126-128(118,119)125-92-80(97-72(17)103)84(83(77(56-101)123-92)124-91-79(96-71(16)102)82(106)81(105)76(55-100)122-91)121-70(15)86(108)94-68(13)85(107)99-75(90(114)115)51-52-78(104)98-74(50-28-49-73(93)89(112)113)87(109)95-69(14)88(110)111/h29,31,33,35,37,39,41,43,45,47,53,68-70,73-77,79-84,91-92,100-101,105-106H,18-28,30,32,34,36,38,40,42,44,46,48-52,54-56,93H2,1-17H3,(H,94,108)(H,95,109)(H,96,102)(H,97,103)(H,98,104)(H,99,107)(H,110,111)(H,112,113)(H,114,115)(H,116,117)(H,118,119)/p-4/b58-31+,59-33+,60-35-,61-37-,62-39-,63-41-,64-43-,65-45-,66-47-,67-53-/t68-,69+,70+,73+,74-,75+,76+,77+,79+,80+,81+,82+,83+,84+,91-,92+/m0/s1",CC(C)=CCC/C(C)=C\CC/C(C)=C\CC/C(C)=C/CC/C(C)=C/CC/C(C)=C/CC/C(C)=C/CC/C(C)=C/CC/C(C)=C/CC/C(C)=C/CC/C(C)=C/COP(=O)(O)OP(=O)(O)O[C@H]1O[C@H](CO)[C@@H](O[C@@H]2O[C@H](CO)[C@@H](O)[C@H](O)[C@H]2N=C(C)[O-])[C@H](O[C@H](C)C(O)=N[C@@H](C)C([O-])=N[C@H](CCC([O-])=N[C@@H](CCC[C@@H](N)C(=O)O)C(O)=N[C@H](C)C(=O)O)C(=O)O)[C@H]1N=C(C)[O-]
dethiobiotin,"InChI=1S/C10H18N2O3/c1-7-8(12-10(15)11-7)5-3-2-4-6-9(13)14/h7-8H,2-6H2,1H3,(H,13,14)(H2,11,12,15)/p-1/t7-,8+/m0/s1",C[C@@H]1N=C(O)N[C@@H]1CCCCCC(=O)[O-]
"a nascent peptidoglycan with (L-alanyl-&gamma;-D-glutamyl-<i>meso</i>-2,6-diaminopimelate) tripeptide",,CC(C)=CCCC(\C)=C/CCC(\C)=C/CCC(/C)=C/CCC(/C)=C/CCC(/C)=C/CCC(/C)=C/CCC(/C)=C/CCC(/C)=C/CCC(/C)=C/CCC(/C)=C/COP(OP(O[C@H]2(O[C@H](CO)[C@@H](O[C@@H]1(O[C@H](CO)[C@@H](O[R])[C@H](O)[C@@H](NC(=O)C)1))[C@H](O[C@@H](C(=O)N[C@@H](C)C(N[C@H](CCC(=O)N[C@@H](CCC[C@H](C(=O)[O-])[NH3+])C([O-])=O)C(=O)[O-])=O)C)[C@@H](NC(=O)C)2))([O-])=O)(=O)[O-]
3-methylanthranilate,"InChI=1S/C8H9NO2/c1-5-3-2-4-6(7(5)9)8(10)11/h2-4H,9H2,1H3,(H,10,11)/p-1",Cc1cccc(C(=O)[O-])c1N
"a nascent peptidoglycan with (L-alanyl-&gamma;-D-glutamyl-<i>meso</i>-2,6-diaminopimeloyl-glycine) tetrapeptide",,CC(C)=CCCC(\C)=C/CCC(\C)=C/CCC(/C)=C/CCC(/C)=C/CCC(/C)=C/CCC(/C)=C/CCC(/C)=C/CCC(/C)=C/CCC(/C)=C/CCC(/C)=C/COP(OP(O[C@H]2(O[C@H](CO)[C@@H](O[C@@H]1(O[C@H](CO)[C@@H](O[R])[C@H](O)[C@@H](NC(=O)C)1))[C@H](O[C@@H](C(=O)N[C@@H](C)C(N[C@H](CCC(=O)N[C@@H](CCC[C@H](C(=O)[O-])[NH3+])C(NCC(=O)[O-])=O)C(=O)[O-])=O)C)[C@@H](NC(=O)C)2))([O-])=O)(=O)[O-]
"(7<i>R</i>,8<i>S</i>)-8-amino-7-(carboxyamino)nonanoate","InChI=1S/C10H20N2O4/c1-7(11)8(12-10(15)16)5-3-2-4-6-9(13)14/h7-8,12H,2-6,11H2,1H3,(H,13,14)(H,15,16)/p-1/t7-,8+/m0/s1",C[C@H](N)[C@@H](CCCCCC(=O)[O-])NC(=O)O
5'-[p-(fluorosulphonyl)benzoyl]adenosine,"InChI=1S/C17H16FN5O7S/c18-31(27,28)9-3-1-8(2-4-9)17(26)29-5-10-12(24)13(25)16(30-10)23-7-22-11-14(19)20-6-21-15(11)23/h1-4,6-7,10,12-13,16,24-25H,5H2,(H2,19,20,21)/t10-,12-,13-,16-/m1/s1",Nc1ncnc2c1ncn2[C@@H]1O[C@H](COC(=O)c2ccc(S(=O)(=O)F)cc2)[C@@H](O)[C@H]1O
tryptamine adenosine phosphoramidate monoester,,
"9-[6(RS)-C-carboxamido-5,6,7-trideoxy-&beta;-D-ribo-octofuranosyl]-9H-purin-6-amine","InChI=1S/C14H20N6O5/c15-11-8-13(18-4-17-11)20(5-19-8)14-10(23)9(22)7(25-14)3-6(1-2-21)12(16)24/h4-7,9-10,14,21-23H,1-3H2,(H2,16,24)(H2,15,17,18)/t6?,7-,9-,10-,14-/m1/s1",N=C(O)C(CCO)C[C@H]1O[C@@H](n2cnc3c(N)ncnc32)[C@H](O)[C@@H]1O
1L-<i>myo</i>-inositol 1-monophosphate,,
UDP-<i>N</i>-acetyl-&beta;-D-muramate,"InChI=1S/C20H31N3O19P2/c1-7(18(30)31)38-16-12(21-8(2)25)19(40-9(5-24)14(16)28)41-44(35,36)42-43(33,34)37-6-10-13(27)15(29)17(39-10)23-4-3-11(26)22-20(23)32/h3-4,7,9-10,12-17,19,24,27-29H,5-6H2,1-2H3,(H,21,25)(H,30,31)(H,33,34)(H,35,36)(H,22,26,32)/p-3/t7-,9-,10-,12-,13-,14-,15-,16-,17-,19+/m1/s1",CC([O-])=N[C@H]1[C@H](OP(=O)(O)OP(=O)(O)OC[C@H]2O[C@@H](n3ccc([O-])nc3=O)[C@H](O)[C@@H]2O)O[C@H](CO)[C@@H](O)[C@@H]1O[C@H](C)C(=O)[O-]
UDP-&alpha;-D-glucose,"InChI=1S/C15H24N2O17P2/c18-3-5-8(20)10(22)12(24)14(32-5)33-36(28,29)34-35(26,27)30-4-6-9(21)11(23)13(31-6)17-2-1-7(19)16-15(17)25/h1-2,5-6,8-14,18,20-24H,3-4H2,(H,26,27)(H,28,29)(H,16,19,25)/p-2/t5-,6-,8-,9-,10+,11-,12-,13-,14-/m1/s1",O=c1nc([O-])ccn1[C@@H]1O[C@H](COP(=O)([O-])OP(=O)(O)O[C@H]2O[C@H](CO)[C@@H](O)[C@H](O)[C@H]2O)[C@@H](O)[C@H]1O
5-deazaflavin,"InChI=1S/C11H7N3O2/c15-10-7-5-6-3-1-2-4-8(6)12-9(7)13-11(16)14-10/h1-5H,(H2,12,13,14,15,16)",Oc1nc(O)c2cc3ccccc3nc2n1
DL-2-aminopropan-1-ol,"InChI=1S/C3H9NO/c1-3(4)2-5/h3,5H,2,4H2,1H3/p+1",CC([NH3+])CO
menadione,"InChI=1S/C11H8O2/c1-7-6-10(12)8-4-2-3-5-9(8)11(7)13/h2-6H,1H3",CC1=CC(=O)c2ccccc2C1=O
&alpha;-D-ribose-1-methylphosphonate 5-phosphate,"InChI=1S/C6H14O10P2/c1-17(9,10)16-6-5(8)4(7)3(15-6)2-14-18(11,12)13/h3-8H,2H2,1H3,(H,9,10)(H2,11,12,13)/p-3/t3-,4-,5-,6-/m1/s1",CP(=O)([O-])O[C@H]1O[C@H](COP(=O)([O-])[O-])[C@@H](O)[C@H]1O
menaquinone-<i>8</i>,"InChI=1S/C51H72O2/c1-38(2)20-13-21-39(3)22-14-23-40(4)24-15-25-41(5)26-16-27-42(6)28-17-29-43(7)30-18-31-44(8)32-19-33-45(9)36-37-47-46(10)50(52)48-34-11-12-35-49(48)51(47)53/h11-12,20,22,24,26,28,30,32,34-36H,13-19,21,23,25,27,29,31,33,37H2,1-10H3/b39-22+,40-24+,41-26+,42-28+,43-30+,44-32+,45-36+",CC(C)=CCC/C(C)=C\CC/C(C)=C\CC/C(C)=C\CC/C(C)=C\CC/C(C)=C\CC/C(C)=C\CC/C(C)=C\CC1=C(C)C(=O)c2ccccc2C1=O
"4-amino-4-deoxy-&alpha;-L-arabinopyranosyl <i>ditrans,octacis</i>-undecaprenyl phosphate","InChI=1S/C60H100NO7P/c1-46(2)23-13-24-47(3)25-14-26-48(4)27-15-28-49(5)29-16-30-50(6)31-17-32-51(7)33-18-34-52(8)35-19-36-53(9)37-20-38-54(10)39-21-40-55(11)41-22-42-56(12)43-44-67-69(64,65)68-60-59(63)58(62)57(61)45-66-60/h23,25,27,29,31,33,35,37,39,41,43,57-60,62-63H,13-22,24,26,28,30,32,34,36,38,40,42,44-45,61H2,1-12H3,(H,64,65)/b47-25+,48-27+,49-29-,50-31-,51-33-,52-35-,53-37-,54-39-,55-41-,56-43-/t57-,58-,59+,60-/m0/s1",CC(C)=CCC/C(C)=C\CC/C(C)=C\CC/C(C)=C/CC/C(C)=C/CC/C(C)=C/CC/C(C)=C/CC/C(C)=C/CC/C(C)=C/CC/C(C)=C/CC/C(C)=C/COP(=O)(O)O[C@@H]1OC[C@H](N)[C@H](O)[C@H]1O
5-fluorouridine,"InChI=1S/C9H11FN2O6/c10-3-1-12(9(17)11-7(3)16)8-6(15)5(14)4(2-13)18-8/h1,4-6,8,13-15H,2H2,(H,11,16,17)/t4-,5-,6-,8-/m1/s1",O=c1nc(O)c(F)cn1[C@@H]1O[C@H](CO)[C@@H](O)[C@H]1O
CMP-3-deoxy-&beta;-D-<i>manno</i>-octulosonate,"InChI=1S/C17H26N3O15P/c18-9-1-2-20(16(29)19-9)14-12(26)11(25)8(33-14)5-32-36(30,31)35-17(15(27)28)3-6(22)10(24)13(34-17)7(23)4-21/h1-2,6-8,10-14,21-26H,3-5H2,(H,27,28)(H,30,31)(H2,18,19,29)/p-2/t6-,7-,8-,10-,11-,12-,13-,14-,17+/m1/s1",N=c1ccn([C@@H]2O[C@H](COP(=O)(O)O[C@]3(C(=O)[O-])C[C@@H](O)[C@@H](O)[C@@H]([C@H](O)CO)O3)[C@@H](O)[C@H]2O)c([O-])n1
"<i>N</i>-acetyl-&beta;-D-glucosamine-1,6-anhydro-<i>N</i>-acetyl-&beta;-D-muramate","InChI=1S/C19H30N2O12/c1-6(17(27)28)30-16-12(21-8(3)24)18-29-5-10(32-18)15(16)33-19-11(20-7(2)23)14(26)13(25)9(4-22)31-19/h6,9-16,18-19,22,25-26H,4-5H2,1-3H3,(H,20,23)(H,21,24)(H,27,28)/p-1/t6-,9-,10-,11-,12-,13-,14-,15-,16-,18-,19+/m1/s1",CC([O-])=N[C@H]1[C@H](O[C@H]2[C@H](O[C@H](C)C(=O)O)[C@@H](N=C(C)O)[C@@H]3OC[C@H]2O3)O[C@H](CO)[C@@H](O)[C@@H]1O
three disacharide linked murein units (tetrapeptide crosslinked tetrapeptide (A2pm->D-ala) and tetrapeptide corsslinked tetrapeptide (A2pm->D-ala)) (middle of chain),"InChI=1S/C111H173N21O58/c1-38-89(155)127-59(27-30-71(149)150)102(168)130-56(99(165)118-43(6)103(169)170)22-18-24-61(106(175)176)132-93(159)42(5)117-98(164)55-21-17-23-60(105(173)174)131-92(158)41(4)116-97(163)54(20-16-19-53(112)104(171)172)128-100(166)57(25-28-69(145)146)125-90(156)39(2)114-95(161)45(8)179-87-75(123-51(14)143)110(184-67(35-137)85(87)189-107-72(120-48(11)140)78(152)77(151)63(31-133)181-107)187-83-66(34-136)183-109(74(80(83)154)122-50(13)142)190-86-68(36-138)185-111(76(124-52(15)144)88(86)180-46(9)96(162)115-40(3)91(157)126-58(101(167)129-55)26-29-70(147)148)186-82-65(33-135)182-108(73(79(82)153)121-49(12)141)188-84-64(32-134)177-37-62(119-47(10)139)81(84)178-44(7)94(160)113-38/h37-46,53-61,63-68,72-88,107-111,133-138,151-154H,16-36,112H2,1-15H3,(H27,113,114,115,116,117,118,119,120,121,122,123,124,125,126,127,128,129,130,131,132,139,140,141,142,143,144,145,146,147,148,149,150,155,156,157,158,159,160,161,162,163,164,165,166,167,168,169,170,171,172,173,174,175,176)/p-6",CC(=O)[N-]C1=COC(CO)C2OC3OC(CO)C(OC4OC(CO)C5OC6OC(CO)C(OC7OC(CO)C(OC8OC(CO)C(O)C(O)C8N=C(C)[O-])C(OC(C)C(O)=NC(C)C(O)=NC(CCC(=O)O)C(O)=NC(CCCC(N)C(=O)O)C(O)=NC(C)C(O)=NC(C(=O)O)CCCC(N=C(O)C(CCC(=O)O)N=C(O)C(C)N=C(O)C(C)OC5C4N=C(C)[O-])C(O)=NC(C)C(O)=NC(C(=O)O)CCCC(C(O)=NC(C)C(=O)O)N=C(O)C(CCC(=O)O)N=C(O)C(C)N=C(O)C(C)OC12)C7N=C(C)[O-])C(O)C6N=C(C)[O-])C(O)C3N=C(C)[O-]
"(1<i>R</i>,6<i>R</i>)-6-hydroxy-2-succinylcyclohexa-2,4-diene-1-carboxylate","InChI=1S/C11H12O6/c12-7(4-5-9(14)15)6-2-1-3-8(13)10(6)11(16)17/h1-3,8,10,13H,4-5H2,(H,14,15)(H,16,17)/p-2/t8-,10-/m1/s1",O=C([O-])CCC(=O)C1=CC=C[C@@H](O)[C@@H]1C(=O)[O-]
glucosyl-O-acetyl-rhamanosyl-N-acetylglucosamyl-undecaprenyl diphosphate,"InChI=1S/C77H127NO22P2/c1-50(2)26-16-27-51(3)28-17-29-52(4)30-18-31-53(5)32-19-33-54(6)34-20-35-55(7)36-21-37-56(8)38-22-39-57(9)40-23-41-58(10)42-24-43-59(11)44-25-45-60(12)46-47-92-101(88,89)100-102(90,91)99-75-66(78-62(14)81)72(69(85)65(49-80)95-75)97-77-74(94-63(15)82)73(67(83)61(13)93-77)98-76-71(87)70(86)68(84)64(48-79)96-76/h26,28,30,32,34,36,38,40,42,44,46,61,64-77,79-80,83-87H,16-25,27,29,31,33,35,37,39,41,43,45,47-49H2,1-15H3,(H,78,81)(H,88,89)(H,90,91)/p-2/b51-28+,52-30+,53-32+,54-34+,55-36+,56-38+,57-40+,58-42+,59-44+,60-46+",CC(=O)OC1C(OC2C(O)C(CO)OC(OP(=O)(O)OP(=O)([O-])OC/C=C(/C)CC/C=C(/C)CC/C=C(/C)CC/C=C(/C)CC/C=C(/C)CC/C=C(/C)CC/C=C(/C)CC/C=C(/C)CC/C=C(/C)CC/C=C(/C)CCC=C(C)C)C2N=C(C)[O-])OC(C)C(O)C1OC1OC(CO)C(O)C(O)C1O
DL-&beta;-hydroxynorvaline,"InChI=1S/C5H11NO3/c1-2-3(7)4(6)5(8)9/h3-4,7H,2,6H2,1H3,(H,8,9)",CCC(O)C(N)C(=O)O
2-acyl-sn-glycero-3-phosphoglycerol (n-C18:0),"InChI=1S/C24H49O9P/c1-2-3-4-5-6-7-8-9-10-11-12-13-14-15-16-17-24(28)33-23(19-26)21-32-34(29,30)31-20-22(27)18-25/h22-23,25-27H,2-21H2,1H3,(H,29,30)/p-1/t22?,23-/m1/s1",CCCCCCCCCCCCCCCCCC(=O)O[C@H](CO)COP(=O)([O-])OCC(O)CO
&beta;-L-idopyranuronate,"InChI=1S/C6H10O7/c7-1-2(8)4(5(10)11)13-6(12)3(1)9/h1-4,6-9,12H,(H,10,11)/p-1/t1-,2-,3+,4+,6-/m0/s1",O=C([O-])[C@@H]1O[C@H](O)[C@H](O)[C@@H](O)[C@@H]1O
4-(2'-carboxyphenyl)-4-oxobutyryl-CoA,"InChI=1S/C32H44N7O20P3S/c1-32(2,26(44)29(45)35-10-9-21(41)34-11-12-63-22(42)8-7-19(40)17-5-3-4-6-18(17)31(46)47)14-56-62(53,54)59-61(51,52)55-13-20-25(58-60(48,49)50)24(43)30(57-20)39-16-38-23-27(33)36-15-37-28(23)39/h3-6,15-16,20,24-26,30,43-44H,7-14H2,1-2H3,(H,34,41)(H,35,45)(H,46,47)(H,51,52)(H,53,54)(H2,33,36,37)(H2,48,49,50)/p-5/t20-,24-,25-,26+,30-/m1/s1",CC(C)(COP(=O)(O)OP(=O)(O)OC[C@H]1O[C@@H](n2cnc3c(N)ncnc32)[C@H](O)[C@@H]1OP(=O)([O-])[O-])[C@@H](O)C([O-])=NCCC([O-])=NCCSC(=O)CCC(=O)c1ccccc1C(=O)[O-]
&alpha;-L-idopyranuronate,"InChI=1S/C6H10O7/c7-1-2(8)4(5(10)11)13-6(12)3(1)9/h1-4,6-9,12H,(H,10,11)/p-1/t1-,2-,3+,4+,6+/m0/s1",O=C([O-])[C@@H]1O[C@@H](O)[C@H](O)[C@@H](O)[C@@H]1O
cefadroxil,"InChI=1S/C16H17N3O5S/c1-7-6-25-15-11(14(22)19(15)12(7)16(23)24)18-13(21)10(17)8-2-4-9(20)5-3-8/h2-5,10-11,15,20H,6,17H2,1H3,(H,18,21)(H,23,24)/t10-,11-,15-/m1/s1",CC1=C(C(=O)O)N2C(=O)[C@@H](N=C(O)[C@H](N)c3ccc(O)cc3)[C@H]2SC1
4-nitrophenyl-&alpha;-D-galactopyranoside,"InChI=1S/C12H15NO8/c14-5-8-9(15)10(16)11(17)12(21-8)20-7-3-1-6(2-4-7)13(18)19/h1-4,8-12,14-17H,5H2/t8-,9+,10+,11-,12+/m1/s1",O=[N+]([O-])c1ccc(O[C@H]2O[C@H](CO)[C@H](O)[C@H](O)[C@H]2O)cc1
"4,5-secobiotin","InChI=1S/C10H18N2O3S/c13-9(14)5-3-1-2-4-7-8(6-16)12-10(15)11-7/h7-8,16H,1-6H2,(H,13,14)(H2,11,12,15)/p-1",O=C([O-])CCCCCC1N=C(O)NC1CS
UDP-&alpha;-D-galactose,"InChI=1S/C15H24N2O17P2/c18-3-5-8(20)10(22)12(24)14(32-5)33-36(28,29)34-35(26,27)30-4-6-9(21)11(23)13(31-6)17-2-1-7(19)16-15(17)25/h1-2,5-6,8-14,18,20-24H,3-4H2,(H,26,27)(H,28,29)(H,16,19,25)/p-2/t5-,6-,8+,9-,10+,11-,12-,13-,14-/m1/s1",O=c1nc([O-])ccn1[C@@H]1O[C@H](COP(=O)([O-])OP(=O)(O)O[C@H]2O[C@H](CO)[C@H](O)[C@H](O)[C@H]2O)[C@@H](O)[C@H]1O
&gamma;-thiomethyl glutamate,"InChI=1S/C6H11NO4S/c1-12-4(6(10)11)2-3(7)5(8)9/h3-4H,2,7H2,1H3,(H,8,9)(H,10,11)",CSC(CC(N)C(=O)O)C(=O)O
methyl-&alpha;-D-galactopyranoside,"InChI=1S/C7H14O6/c1-12-7-6(11)5(10)4(9)3(2-8)13-7/h3-11H,2H2,1H3/t3-,4+,5+,6-,7+/m1/s1",CO[C@H]1O[C@H](CO)[C@H](O)[C@H](O)[C@H]1O
tellurite,"InChI=1S/H2O3Te/c1-4(2)3/h(H2,1,2,3)/p-2",O=[Te]([O-])[O-]
&alpha;-D-xylulofuranose,"InChI=1S/C5H10O5/c6-2-5(9)4(8)3(7)1-10-5/h3-4,6-9H,1-2H2/t3-,4+,5+/m1/s1",OC[C@]1(O)OC[C@@H](O)[C@@H]1O
ethidium,"InChI=1S/C21H19N3/c1-2-24-20-13-16(23)9-11-18(20)17-10-8-15(22)12-19(17)21(24)14-6-4-3-5-7-14/h3-13,23H,2,22H2,1H3/p+1",CCn1c2cc(=N)ccc-2c2ccc([NH3+])cc2c1-c1ccccc1
"1,3-propanediol","InChI=1S/C3H8O2/c4-2-1-3-5/h4-5H,1-3H2",OCCCO
1-deoxy-D-xylulose 5-phosphate,"InChI=1S/C5H11O7P/c1-3(6)5(8)4(7)2-12-13(9,10)11/h4-5,7-8H,2H2,1H3,(H2,9,10,11)/p-2/t4-,5-/m1/s1",CC(=O)[C@@H](O)[C@H](O)COP(=O)([O-])[O-]
1-monopalmitoylethylene glycol,"InChI=1S/C18H36O3/c1-2-3-4-5-6-7-8-9-10-11-12-13-14-15-18(20)21-17-16-19/h19H,2-17H2,1H3",CCCCCCCCCCCCCCCC(=O)OCCO
L-xylulose 5-phosphate,"InChI=1S/C5H11O8P/c6-1-3(7)5(9)4(8)2-13-14(10,11)12/h4-6,8-9H,1-2H2,(H2,10,11,12)/p-2/t4-,5-/m0/s1",O=C(CO)[C@H](O)[C@@H](O)COP(=O)([O-])[O-]
L-cycloserine,"InChI=1S/C3H6N2O2/c4-2-1-7-5-3(2)6/h2H,1,4H2,(H,5,6)/p+1/t2-/m0/s1",[NH3+][C@H]1CON=C1O
D-xylulose 5-phosphate,"InChI=1S/C5H11O8P/c6-1-3(7)5(9)4(8)2-13-14(10,11)12/h4-6,8-9H,1-2H2,(H2,10,11,12)/p-2/t4-,5-/m1/s1",O=C(CO)[C@@H](O)[C@H](O)COP(=O)([O-])[O-]
5-(chloromercuri)cytidine,"InChI=1S/C9H12N3O5.ClH.Hg/c10-5-1-2-12(9(16)11-5)8-7(15)6(14)4(3-13)17-8;;/h2,4,6-8,13-15H,3H2,(H2,10,11,16);1H;/q;;+1/p-1/t4-,6-,7-,8-;;/m1../s1",Cl.N=c1[c]cn([C@@H]2O[C@H](CO)[C@@H](O)[C@H]2O)c([O-])n1.[Hg+]
2-formylpyridine,InChI=1S/C6H5NO/c8-5-6-3-1-2-4-7-6/h1-5H,O=Cc1ccccn1
"1,3,4-butanetriol","InChI=1S/C4H10O3/c5-2-1-4(7)3-6/h4-7H,1-3H2",OCCC(O)CO
"cyclic-2,3-<i>O</i>-oxalyl-L-threonate","InChI=1S/C6H6O7/c7-1-2-3(4(8)9)13-6(11)5(10)12-2/h2-3,7H,1H2,(H,8,9)/p-1",O=C1OC(CO)C(C(=O)[O-])OC1=O
sinefungin,"InChI=1S/C15H23N7O5/c16-6(1-2-7(17)15(25)26)3-8-10(23)11(24)14(27-8)22-5-21-9-12(18)19-4-20-13(9)22/h4-8,10-11,14,23-24H,1-3,16-17H2,(H,25,26)(H2,18,19,20)/p+1/t6-,7-,8+,10+,11+,14?/m0/s1",Nc1ncnc2c1ncn2C1O[C@H](C[C@@H]([NH3+])CC[C@H](N)C(=O)O)[C@@H](O)[C@H]1O
6-<i>O</i>-methyl-&beta;-D-galacturonate,"InChI=1S/C7H12O7/c1-13-7(12)5-3(9)2(8)4(10)6(11)14-5/h2-6,8-11H,1H3/t2-,3+,4+,5-,6+/m0/s1",COC(=O)[C@H]1O[C@@H](O)[C@H](O)[C@@H](O)[C@H]1O
2-iminoacetate,"InChI=1S/C2H3NO2/c3-1-2(4)5/h1,3H,(H,4,5)/p-1",N=CC(=O)[O-]
&alpha;-D-galacturonate,"InChI=1S/C6H10O7/c7-1-2(8)4(5(10)11)13-6(12)3(1)9/h1-4,6-9,12H,(H,10,11)/p-1/t1-,2+,3+,4-,6-/m0/s1",O=C([O-])[C@H]1O[C@H](O)[C@H](O)[C@@H](O)[C@H]1O
porphobilinogen,"InChI=1S/C10H14N2O4/c11-4-8-7(3-10(15)16)6(5-12-8)1-2-9(13)14/h5,12H,1-4,11H2,(H,13,14)(H,15,16)/p-1",NCc1[nH]cc(CCC(=O)[O-])c1CC(=O)O
&beta;-D-galacturonate,"InChI=1S/C6H10O7/c7-1-2(8)4(5(10)11)13-6(12)3(1)9/h1-4,6-9,12H,(H,10,11)/p-1/t1-,2+,3+,4-,6+/m0/s1",O=C([O-])[C@H]1O[C@@H](O)[C@H](O)[C@@H](O)[C@H]1O
phosphocholine,"InChI=1S/C5H14NO4P/c1-6(2,3)4-5-10-11(7,8)9/h4-5H2,1-3H3,(H-,7,8,9)/p-1",C[N+](C)(C)CCOP(=O)([O-])[O-]
"N,N',N'',N''',N''''-pentaacetyl chitopentaose","InChI=1S/C40H67N5O26/c1-11(51)41-21-28(58)32(17(7-47)63-36(21)62)68-38-23(43-13(3)53)30(60)34(19(9-49)65-38)70-40-25(45-15(5)55)31(61)35(20(10-50)67-40)71-39-24(44-14(4)54)29(59)33(18(8-48)66-39)69-37-22(42-12(2)52)27(57)26(56)16(6-46)64-37/h16-40,46-50,56-62H,6-10H2,1-5H3,(H,41,51)(H,42,52)(H,43,53)(H,44,54)(H,45,55)/t16-,17-,18-,19-,20-,21-,22-,23-,24-,25-,26-,27-,28-,29-,30-,31-,32-,33-,34-,35-,36-,37+,38+,39+,40+/m1/s1",CC(O)=N[C@@H]1[C@@H](O)[C@H](O[C@@H]2O[C@H](CO)[C@@H](O[C@@H]3O[C@H](CO)[C@@H](O[C@@H]4O[C@H](CO)[C@@H](O[C@@H]5O[C@H](CO)[C@@H](O)[C@H](O)[C@H]5N=C(C)O)[C@H](O)[C@H]4N=C(C)O)[C@H](O)[C@H]3N=C(C)O)[C@H](O)[C@H]2N=C(C)O)[C@@H](CO)O[C@H]1O
coproporphyrinogen III,"InChI=1S/C36H44N4O8/c1-17-21(5-9-33(41)42)29-14-27-19(3)22(6-10-34(43)44)30(39-27)15-28-20(4)24(8-12-36(47)48)32(40-28)16-31-23(7-11-35(45)46)18(2)26(38-31)13-25(17)37-29/h37-40H,5-16H2,1-4H3,(H,41,42)(H,43,44)(H,45,46)(H,47,48)/p-4",Cc1c2[nH]c(c1CCC(=O)[O-])Cc1[nH]c(c(CCC(=O)[O-])c1C)Cc1[nH]c(c(CCC(=O)[O-])c1C)Cc1[nH]c(c(C)c1CCC(=O)[O-])C2
&beta;-nicotinate D-ribonucleotide,"InChI=1S/C11H14NO9P/c13-8-7(5-20-22(17,18)19)21-10(9(8)14)12-3-1-2-6(4-12)11(15)16/h1-4,7-10,13-14H,5H2,(H2-,15,16,17,18,19)/p-2/t7-,8-,9-,10-/m1/s1",O=C([O-])c1ccc[n+]([C@@H]2O[C@H](COP(=O)([O-])[O-])[C@@H](O)[C@H]2O)c1
&alpha;-D-mannopyranose 6-phosphate,"InChI=1S/C6H13O9P/c7-3-2(1-14-16(11,12)13)15-6(10)5(9)4(3)8/h2-10H,1H2,(H2,11,12,13)/p-2/t2-,3-,4+,5+,6+/m1/s1",O=P([O-])([O-])OC[C@H]1O[C@H](O)[C@@H](O)[C@@H](O)[C@@H]1O
"N<SUP>1</SUP>, N<SUP>12</SUP>-bis(ethyl)spermine","InChI=1S/C14H34N4/c1-3-15-11-7-13-17-9-5-6-10-18-14-8-12-16-4-2/h15-18H,3-14H2,1-2H3/p+4",CC[NH2+]CCC[NH2+]CCCC[NH2+]CCC[NH2+]CC
&beta;-D-mannopyranose 6-phosphate,"InChI=1S/C6H13O9P/c7-3-2(1-14-16(11,12)13)15-6(10)5(9)4(3)8/h2-10H,1H2,(H2,11,12,13)/p-2/t2-,3-,4+,5+,6-/m1/s1",O=P([O-])([O-])OC[C@H]1O[C@@H](O)[C@@H](O)[C@@H](O)[C@@H]1O
4-amino-2-methyl-5-(diphosphooxymethyl)pyrimidine,"InChI=1S/C6H11N3O7P2/c1-4-8-2-5(6(7)9-4)3-15-18(13,14)16-17(10,11)12/h2H,3H2,1H3,(H,13,14)(H2,7,8,9)(H2,10,11,12)/p-3",Cc1ncc(COP(=O)([O-])OP(=O)([O-])[O-])c(=N)[nH]1
lipol-AMP,"InChI=1S/C18H28N5O7PS2/c19-16-13-17(21-9-20-16)23(10-22-13)18-15(25)14(24)12(30-18)8-29-31(26,27)28-6-3-1-2-4-11-5-7-32-33-11/h9-12,14-15,18,24-25H,1-8H2,(H,26,27)(H2,19,20,21)/p-1/t11-,12-,14-,15-,18-/m1/s1",Nc1ncnc2c1ncn2[C@@H]1O[C@H](COP(=O)([O-])OCCCCC[C@@H]2CCSS2)[C@@H](O)[C@H]1O
L-ascorbate 6-phosphate,"InChI=1S/C6H9O9P/c7-2(1-14-16(11,12)13)5-3(8)4(9)6(10)15-5/h2,5,7-9H,1H2,(H2,11,12,13)/p-3/t2-,5?/m0/s1",O=C1OC([C@@H](O)COP(=O)([O-])O)C([O-])=C1[O-]
4-methylpyrazole,"InChI=1S/C4H6N2/c1-4-2-5-6-3-4/h2-3H,1H3,(H,5,6)",Cc1cn[nH]c1
<i>keto</i>-L-tagatose 6-phosphate,"InChI=1S/C6H13O9P/c7-1-3(8)5(10)6(11)4(9)2-15-16(12,13)14/h4-7,9-11H,1-2H2,(H2,12,13,14)/p-2/t4-,5-,6+/m0/s1",O=C(CO)[C@H](O)[C@H](O)[C@@H](O)COP(=O)([O-])[O-]
<i>N</i><sup>2</sup>-formyl-<i>N</i><sup>1</sup>-(5-phospho-&beta;-D-ribosyl)glycinamide,"InChI=1S/C8H15N2O9P/c11-3-9-1-5(12)10-8-7(14)6(13)4(19-8)2-18-20(15,16)17/h3-4,6-8,13-14H,1-2H2,(H,9,11)(H,10,12)(H2,15,16,17)/p-2/t4-,6-,7-,8-/m1/s1",O=P(O)(O)OC[C@H]1O[C@@H](N=C([O-])CN=C[O-])[C@H](O)[C@@H]1O
"D-tagatofuranose 1,6-bisphosphate","InChI=1S/C6H14O12P2/c7-4-3(1-16-19(10,11)12)18-6(9,5(4)8)2-17-20(13,14)15/h3-5,7-9H,1-2H2,(H2,10,11,12)(H2,13,14,15)/p-4/t3-,4+,5+,6?/m1/s1",O=P([O-])([O-])OC[C@H]1OC(O)(COP(=O)([O-])[O-])[C@@H](O)[C@H]1O
3-(imidazol-5-yl)lactate,"InChI=1S/C6H8N2O3/c9-5(6(10)11)1-4-2-7-3-8-4/h2-3,5,9H,1H2,(H,7,8)(H,10,11)/p-1",O=C([O-])C(O)Cc1cnc[nH]1
<i>aldehydo</i>-D-allose 6-phosphate,"InChI=1S/C6H13O9P/c7-1-3(8)5(10)6(11)4(9)2-15-16(12,13)14/h1,3-6,8-11H,2H2,(H2,12,13,14)/p-2/t3-,4+,5-,6+/m1/s1",O=C[C@@H](O)[C@@H](O)[C@@H](O)[C@@H](O)COP(=O)([O-])[O-]
"1,10-phenanthroline N10-oxide",InChI=1S/C12H8N2O/c15-14-8-2-4-10-6-5-9-3-1-7-13-11(9)12(10)14/h1-8H,[O-][n+]1cccc2ccc3cccnc3c21
D-tagatofuranose 6-phosphate,"InChI=1S/C6H13O9P/c7-2-6(10)5(9)4(8)3(15-6)1-14-16(11,12)13/h3-5,7-10H,1-2H2,(H2,11,12,13)/p-2/t3-,4+,5+,6?/m1/s1",O=P([O-])([O-])OC[C@H]1OC(O)(CO)[C@@H](O)[C@H]1O
4-carboxybenzaldehyde,"InChI=1S/C8H6O3/c9-5-6-1-3-7(4-2-6)8(10)11/h1-5H,(H,10,11)/p-1",O=Cc1ccc(C(=O)[O-])cc1
"&beta;-D-fructofuranose 1,6-bisphosphate","InChI=1S/C6H14O12P2/c7-4-3(1-16-19(10,11)12)18-6(9,5(4)8)2-17-20(13,14)15/h3-5,7-9H,1-2H2,(H2,10,11,12)(H2,13,14,15)/p-4/t3-,4-,5+,6-/m1/s1",O=P([O-])([O-])OC[C@H]1O[C@](O)(COP(=O)([O-])[O-])[C@@H](O)[C@@H]1O
globomycin,"InChI=1S/C33H59N5O9/c1-9-11-12-13-14-25-21(6)33(46)38(8)24(15-19(3)4)30(43)37-28(20(5)10-2)32(45)35-23(18-39)16-26(41)36-29(22(7)40)31(44)34-17-27(42)47-25/h19-25,28-29,39-40H,9-18H2,1-8H3,(H,34,44)(H,35,45)(H,36,41)(H,37,43)",CCCCCCC1OC(=O)CN=C(O)C(C(C)O)N=C(O)CC(CO)N=C(O)C(C(C)CC)N=C(O)C(CC(C)C)N(C)C(=O)C1C
<i>keto</i>-D-tagatose 6-phosphate,"InChI=1S/C6H13O9P/c7-1-3(8)5(10)6(11)4(9)2-15-16(12,13)14/h4-7,9-11H,1-2H2,(H2,12,13,14)/p-2/t4-,5-,6+/m1/s1",O=C(CO)[C@@H](O)[C@@H](O)[C@H](O)COP(=O)([O-])[O-]
"N10-formyl-2,4-diaminodideazafolate","InChI=1S/C22H23N5O7/c23-22-25-16-6-1-12(9-15(16)20(32)26-22)10-27(11-28)14-4-2-13(3-5-14)19(31)24-17(21(33)34)7-8-18(29)30/h1-6,9,11,17,19,24,31H,7-8,10H2,(H,29,30)(H,33,34)(H3,23,25,26,32)/p-2/t17-,19?/m0/s1",N=c1nc([O-])c2cc(CN(C=O)c3ccc(C(O)N[C@@H](CCC(=O)[O-])C(=O)O)cc3)ccc2[nH]1
"2-C-methyl-D-erythritol-2,4-cyclodiphosphate","InChI=1S/C5H12O9P2/c1-5(3-6)4(7)2-12-15(8,9)14-16(10,11)13-5/h4,6-7H,2-3H2,1H3,(H,8,9)(H,10,11)/p-2/t4-,5+/m1/s1",C[C@@]1(CO)OP(=O)([O-])OP(=O)([O-])OC[C@H]1O
dimethylsuberimidate,"InChI=1S/C10H20N2O2/c1-13-9(11)7-5-3-4-6-8-10(12)14-2/h11-12H,3-8H2,1-2H3",COC(=N)CCCCCCC(=N)OC
&alpha;-oxo-1-carboxy-4-tetrahydrothiopyranpropanoate S-oxide,"InChI=1S/C9H12O6S/c10-6(7(11)12)5-9(8(13)14)1-3-16(15)4-2-9/h1-5H2,(H,11,12)(H,13,14)/p-2",O=C([O-])C(=O)CC1(C(=O)[O-])CCS(=O)CC1
2'-(5''-triphospho-&alpha;-D-ribosyl)-3'-dephospho-CoA,"InChI=1S/C26H46N7O26P5S/c1-26(2,20(38)23(39)29-4-3-14(34)28-5-6-65)9-53-63(47,48)58-61(43,44)52-8-13-17(36)19(24(54-13)33-11-32-15-21(27)30-10-31-22(15)33)56-25-18(37)16(35)12(55-25)7-51-62(45,46)59-64(49,50)57-60(40,41)42/h10-13,16-20,24-25,35-38,65H,3-9H2,1-2H3,(H,28,34)(H,29,39)(H,43,44)(H,45,46)(H,47,48)(H,49,50)(H2,27,30,31)(H2,40,41,42)/p-6/t12-,13-,16-,17-,18-,19-,20+,24-,25-/m1/s1",CC(C)(COP(=O)(O)OP(=O)([O-])OC[C@H]1O[C@@H](n2cnc3c(N)ncnc32)[C@H](O[C@H]2O[C@H](COP(=O)([O-])OP(=O)(O)OP(=O)([O-])[O-])[C@@H](O)[C@H]2O)[C@@H]1O)[C@@H](O)C([O-])=NCCC([O-])=NCCS
"(<i>S</i>)-2,3,4,5-tetrahydrodipicolinate","InChI=1S/C7H9NO4/c9-6(10)4-2-1-3-5(8-4)7(11)12/h4H,1-3H2,(H,9,10)(H,11,12)/p-2/t4-/m0/s1",O=C([O-])C1=N[C@H](C(=O)[O-])CCC1
rCdRP,"InChI=1S/C12H18NO9P/c14-9(11(16)10(15)6-22-23(19,20)21)5-13-8-4-2-1-3-7(8)12(17)18/h1-4,9-11,13-16H,5-6H2,(H,17,18)(H2,19,20,21)/p-3",O=C([O-])c1ccccc1NCC(O)C(O)C(O)COP(=O)([O-])[O-]
"1,4-naphthoquinone",InChI=1S/C10H6O2/c11-9-5-6-10(12)8-4-2-1-3-7(8)9/h1-6H,O=C1C=CC(=O)c2ccccc21
3-(phosphonoacetylamido)-L-alanine,"InChI=1S/C5H11N2O6P/c6-3(5(9)10)1-7-4(8)2-14(11,12)13/h3H,1-2,6H2,(H,7,8)(H,9,10)(H2,11,12,13)/p-1/t3-/m0/s1",N[C@@H](CN=C([O-])CP(=O)(O)O)C(=O)O
2-keto-3-deoxyxylonate,,
5'-[(3-aminopropyl)-amino]-5'-deoxyadenosine,"InChI=1S/C13H21N7O3/c14-2-1-3-16-4-7-9(21)10(22)13(23-7)20-6-19-8-11(15)17-5-18-12(8)20/h5-7,9-10,13,16,21-22H,1-4,14H2,(H2,15,17,18)/p+2/t7-,9-,10-,13-/m1/s1",[NH3+]CCCNC[C@H]1O[C@@H](n2cnc3c([NH3+])ncnc32)[C@H](O)[C@@H]1O
<i>N</i><sup>4</sup>-acetylcytosine,,
1-phospho-N-acetylmuramoyl-L-alanyl-D-glutamate,"InChI=1S/C19H32N3O15P/c1-7(16(28)22-10(18(30)31)4-5-12(25)26)20-17(29)8(2)35-15-13(21-9(3)24)19(37-38(32,33)34)36-11(6-23)14(15)27/h7-8,10-11,13-15,19,23,27H,4-6H2,1-3H3,(H,20,29)(H,21,24)(H,22,28)(H,25,26)(H,30,31)(H2,32,33,34)/p-4/t7-,8+,10+,11+,13+,14+,15+,19+/m0/s1",CC([O-])=N[C@H]1[C@@H](OP(=O)(O)O)O[C@H](CO)[C@@H](O)[C@@H]1O[C@H](C)C([O-])=N[C@@H](C)C([O-])=N[C@H](CCC(=O)[O-])C(=O)O
m<sup>7</sup>GTP,"InChI=1S/C11H18N5O14P3/c1-15-3-16(8-5(15)9(19)14-11(12)13-8)10-7(18)6(17)4(28-10)2-27-32(23,24)30-33(25,26)29-31(20,21)22/h3-4,6-7,10,17-18H,2H2,1H3,(H6-,12,13,14,19,20,21,22,23,24,25,26)/p-3/t4-,6-,7-,10-/m1/s1",C[n+]1cn([C@@H]2O[C@H](COP(=O)(O)OP(=O)([O-])OP(=O)([O-])[O-])[C@@H](O)[C@H]2O)c2[nH]c(=N)nc([O-])c21
"D,L-cyclohexanephosphinothricin","InChI=1S/C8H16NO4P/c1-14(12,13)6-3-2-4-8(9,5-6)7(10)11/h6H,2-5,9H2,1H3,(H,10,11)(H,12,13)/p-1",CP(=O)(O)C1CCCC(N)(C(=O)[O-])C1
melibiose,"InChI=1S/C12H22O11/c13-1-3-5(14)8(17)10(19)12(23-3)21-2-4-6(15)7(16)9(18)11(20)22-4/h3-20H,1-2H2/t3-,4-,5+,6-,7+,8+,9-,10-,11?,12+/m1/s1",OC[C@H]1O[C@H](OC[C@H]2OC(O)[C@H](O)[C@@H](O)[C@@H]2O)[C@H](O)[C@@H](O)[C@H]1O
3-phenylethylcatechol,"InChI=1S/C14H14O2/c15-13-8-4-7-12(14(13)16)10-9-11-5-2-1-3-6-11/h1-8,15-16H,9-10H2",Oc1cccc(CCc2ccccc2)c1O
"methyl-1,4-benzoquinol","InChI=1S/C7H10O2/c1-5-4-6(8)2-3-7(5)9/h2-4,6-9H,1H3",CC1=CC(O)C=CC1O
"2-(1,2-epoxy-1,2-dihydrophenyl)acetyl-CoA","InChI=1S/C29H42N7O18P3S/c1-28(2,23(40)26(41)32-8-6-18(37)31-9-10-58-19(38)11-29-7-4-3-5-17(29)52-29)13-50-57(47,48)54-56(45,46)49-12-16-22(53-55(42,43)44)21(39)27(51-16)36-15-35-20-24(30)33-14-34-25(20)36/h3-5,7,14-17,21-23,27,39-40H,6,8-13H2,1-2H3,(H,31,37)(H,32,41)(H,45,46)(H,47,48)(H2,30,33,34)(H2,42,43,44)/p-4/t16-,17?,21-,22-,23+,27-,29?/m1/s1",CC(C)(COP(=O)(O)OP(=O)(O)OC[C@H]1O[C@@H](n2cnc3c(N)ncnc32)[C@H](O)[C@@H]1OP(=O)([O-])[O-])[C@@H](O)C([O-])=NCCC([O-])=NCCSC(=O)CC12C=CC=CC1O2
diaminobiotin,"InChI=1S/C9H18N2O2S/c10-6-5-14-7(9(6)11)3-1-2-4-8(12)13/h6-7,9H,1-5,10-11H2,(H,12,13)/p+1/t6-,7-,9-/m0/s1",N[C@@H]1[C@H](CCCCC(=O)O)SC[C@@H]1[NH3+]
"two disacharide linked murein units, tripeptide crosslinked tripeptide (A2pm->A2pm) (middle of chain)","InChI=1S/C68H106N12O37/c1-24-57(97)77-35(16-18-44(91)92)62(102)80-37(65(107)108)14-10-13-36(64(105)106)79-60(100)33(12-9-11-32(69)63(103)104)78-61(101)34(15-17-43(89)90)76-56(96)25(2)71-59(99)27(4)111-55-47(75-31(8)88)68(114-42(22-84)54(55)117-66-45(73-29(6)86)49(94)48(93)39(19-81)112-66)115-52-41(21-83)113-67(46(50(52)95)74-30(7)87)116-53-40(20-82)109-23-38(72-28(5)85)51(53)110-26(3)58(98)70-24/h23-27,32-37,39-42,45-55,66-68,81-84,93-95H,9-22,69H2,1-8H3,(H,70,98)(H,71,99)(H,72,85)(H,73,86)(H,74,87)(H,75,88)(H,76,96)(H,77,97)(H,78,101)(H,79,100)(H,80,102)(H,89,90)(H,91,92)(H,103,104)(H,105,106)(H,107,108)",CC(O)=NC1=COC(CO)C2OC3OC(CO)C(OC4OC(CO)C(OC5OC(CO)C(O)C(O)C5N=C(C)O)C(OC(C)C(O)=NC(C)C(O)=NC(CCC(=O)O)C(O)=NC(CCCC(N)C(=O)O)C(O)=NC(C(=O)O)CCCC(C(=O)O)N=C(O)C(CCC(=O)O)N=C(O)C(C)N=C(O)C(C)OC12)C4N=C(C)O)C(O)C3N=C(C)O
2-isopropylmaleate,"InChI=1S/C7H10O4/c1-4(2)5(7(10)11)3-6(8)9/h3-4H,1-2H3,(H,8,9)(H,10,11)/p-2/b5-3-",CC(C)/C(=C/C(=O)[O-])C(=O)[O-]
acyl phosphatidylglycerol (n-C16:0),"InChI=1S/C54H105O11P/c1-4-7-10-13-16-19-22-25-28-31-34-37-40-43-52(56)61-46-50(55)47-63-66(59,60)64-49-51(65-54(58)45-42-39-36-33-30-27-24-21-18-15-12-9-6-3)48-62-53(57)44-41-38-35-32-29-26-23-20-17-14-11-8-5-2/h50-51,55H,4-49H2,1-3H3,(H,59,60)/p-1/t50-,51+/m0/s1",CCCCCCCCCCCCCCCC(=O)OC[C@H](O)COP(=O)([O-])OC[C@@H](COC(=O)CCCCCCCCCCCCCCC)OC(=O)CCCCCCCCCCCCCCC
DNA without lesion,,
"6,7-dihydromonapterin","InChI=1S/C9H13N5O4/c10-9-13-7-5(8(18)14-9)12-3(1-11-7)6(17)4(16)2-15/h3-4,6,15-17H,1-2H2,(H3,10,11,13,14,18)/t3?,4-,6-/m0/s1",N=c1nc(O)c2c([nH]1)=NCC([C@H](O)[C@@H](O)CO)N=2
"(2E)-2-hydroxypenta-2,4-dienoate","InChI=1S/C5H6O3/c1-2-3-4(6)5(7)8/h2-3,6H,1H2,(H,7,8)/p-1/b4-3+",C=C/C=C(/[O-])C(=O)O
<i>N</i>-iodoacetylglucosamine 6-phosphate,"InChI=1S/C8H14INO6/c9-1-4(12)10-5-7(14)6(13)3(2-11)16-8(5)15/h3,5-8,11,13-15H,1-2H2,(H,10,12)/t3-,5-,6-,7-,8?/m1/s1",OC[C@H]1OC(O)[C@H](N=C(O)CI)[C@@H](O)[C@@H]1O
cefamandole,"InChI=1S/C18H18N6O5S2/c1-23-18(20-21-22-23)31-8-10-7-30-16-11(15(27)24(16)12(10)17(28)29)19-14(26)13(25)9-5-3-2-4-6-9/h2-6,11,13,16,25H,7-8H2,1H3,(H,19,26)(H,28,29)/t11-,13-,16-/m1/s1",Cn1nnnc1SCC1=C(C(=O)O)N2C(=O)[C@@H](N=C(O)[C@H](O)c3ccccc3)[C@H]2SC1
D-psicose 6-phosphate,"InChI=1S/C6H13O9P/c7-1-3(8)5(10)6(11)4(9)2-15-16(12,13)14/h4-7,9-11H,1-2H2,(H2,12,13,14)/p-2/t4-,5+,6-/m1/s1",O=C(CO)[C@H](O)[C@H](O)[C@H](O)COP(=O)([O-])[O-]
5-(methylsulfanyl)-D-ribose,"InChI=1S/C6H12O4S/c1-11-2-3-4(7)5(8)6(9)10-3/h3-9H,2H2,1H3/t3-,4-,5-,6?/m1/s1",CSC[C@H]1OC(O)[C@H](O)[C@@H]1O
arbutin 6-phosphate,"InChI=1S/C12H17O10P/c13-6-1-3-7(4-2-6)21-12-11(16)10(15)9(14)8(22-12)5-20-23(17,18)19/h1-4,8-16H,5H2,(H2,17,18,19)/p-2/t8-,9-,10+,11-,12-/m1/s1",O=P([O-])(O)OC[C@H]1O[C@@H](Oc2ccc([O-])cc2)[C@H](O)[C@@H](O)[C@@H]1O
4-amino-2-trifluoromethyl 5-hydroxymethylpyrimidine pyrophosphate,"InChI=1S/C6H8F3N3O7P2/c7-6(8,9)5-11-1-3(4(10)12-5)2-18-21(16,17)19-20(13,14)15/h1H,2H2,(H,16,17)(H2,10,11,12)(H2,13,14,15)/p-3",N=c1[nH]c(C(F)(F)F)ncc1COP(=O)([O-])OP(=O)([O-])[O-]
salicin 6-phosphate,"InChI=1S/C13H19O10P/c14-5-7-3-1-2-4-8(7)22-13-12(17)11(16)10(15)9(23-13)6-21-24(18,19)20/h1-4,9-17H,5-6H2,(H2,18,19,20)/p-2/t9-,10-,11+,12-,13-/m1/s1",O=P([O-])([O-])OC[C@H]1O[C@@H](Oc2ccccc2CO)[C@H](O)[C@@H](O)[C@@H]1O
N<SUP>2</SUP>-succinyl-L-arginine,"InChI=1S/C10H18N4O5/c11-10(12)13-5-1-2-6(9(18)19)14-7(15)3-4-8(16)17/h6H,1-5H2,(H,14,15)(H,16,17)(H,18,19)(H4,11,12,13)/p-1/t6-/m0/s1",N=C(N)NCCC[C@H](N=C([O-])CCC(=O)O)C(=O)O
Sb<sub>3</sub>H<sub>3</sub>O<sub>6</sub>,InChI=1S/3H2O.3O.3Sb/h3*1H2;;;;;;/q;;;;;;3*+1/p-3,[OH-].[OH-].[OH-].[O].[O].[O].[Sb+].[Sb+].[Sb+]
"2,3-didehydro-L-gulonate","InChI=1S/C6H8O7/c7-1-2(8)3(9)4(10)5(11)6(12)13/h2-3,7-9H,1H2,(H,12,13)/p-1/t2-,3+/m0/s1",O=C([O-])C(=O)C(=O)[C@H](O)[C@@H](O)CO
<i>keto</i>-L-sorbose,"InChI=1S/C6H12O6/c7-1-3(9)5(11)6(12)4(10)2-8/h3,5-9,11-12H,1-2H2/t3-,5+,6+/m0/s1",O=C(CO)[C@@H](O)[C@H](O)[C@@H](O)CO
"1,2-di-<i>S</i>-octyl-1,2-dimercapto-3-propanol","InChI=1S/C19H40OS2/c1-3-5-7-9-11-13-15-21-18-19(17-20)22-16-14-12-10-8-6-4-2/h19-20H,3-18H2,1-2H3",CCCCCCCCSCC(CO)SCCCCCCCC
a mechlorethamine derived bis-guanyl compound,"InChI=1S/C15H19N11O2/c1-24(2-4-25-6-18-10-8(25)12(27)22-14(16)20-10)3-5-26-7-19-11-9(26)13(28)23-15(17)21-11/h6-7H,2-5H2,1H3,(H6,16,17,20,21,22,23,27,28)/p+2",CN(CCn1cnc2[nH]c(=N)nc(O)c21)CC[n+]1c[nH]c2[nH]c(=[NH2+])nc(O)c21
dehydrolysine,"InChI=1S/C6H12N2O2/c7-4-2-1-3-5(8)6(9)10/h1-2,5H,3-4,7-8H2,(H,9,10)/b2-1+",NC/C=C/CC(N)C(=O)O
L-fuculose,"InChI=1S/C6H12O5/c1-3(8)5(10)6(11)4(9)2-7/h3,5-8,10-11H,2H2,1H3/t3-,5+,6-/m0/s1",C[C@H](O)[C@@H](O)[C@@H](O)C(=O)CO
cefsulodin,"InChI=1S/C22H20N4O8S2/c23-18(27)13-6-8-25(9-7-13)10-14-11-35-21-15(20(29)26(21)16(14)22(30)31)24-19(28)17(36(32,33)34)12-4-2-1-3-5-12/h1-9,15,17,21H,10-11H2,(H4-,23,24,27,28,30,31,32,33,34)/t15-,17-,21-/m1/s1",N=C(O)c1cc[n+](CC2=C(C(=O)O)N3C(=O)[C@@H](N=C(O)[C@@H](c4ccccc4)S(=O)(=O)[O-])[C@H]3SC2)cc1
&alpha;-L-glucopyranose,"InChI=1S/C6H12O6/c7-1-2-3(8)4(9)5(10)6(11)12-2/h2-11H,1H2/t2-,3-,4+,5-,6+/m0/s1",OC[C@@H]1O[C@@H](O)[C@@H](O)[C@H](O)[C@H]1O
melittin,"InChI=1S/C131H229N39O31/c1-23-71(16)102(163-97(176)60-135)122(194)146-62-98(177)148-74(19)109(181)164-100(69(12)13)124(196)160-88(55-65(4)5)116(188)155-84(41-30-33-51-134)115(187)165-101(70(14)15)125(197)161-90(57-67(8)9)118(190)168-106(77(22)173)128(200)169-105(76(21)172)123(195)147-63-99(178)150-92(58-68(10)11)129(201)170-54-36-44-94(170)121(193)149-75(20)108(180)158-89(56-66(6)7)117(189)166-104(73(18)25-3)127(199)162-93(64-171)120(192)159-91(59-78-61-145-80-38-27-26-37-79(78)80)119(191)167-103(72(17)24-2)126(198)157-83(40-29-32-50-133)111(183)154-85(42-34-52-143-130(139)140)112(184)152-82(39-28-31-49-132)110(182)153-86(43-35-53-144-131(141)142)113(185)156-87(46-48-96(137)175)114(186)151-81(107(138)179)45-47-95(136)174/h26-27,37-38,61,65-77,81-94,100-106,145,171-173H,23-25,28-36,39-60,62-64,132-135H2,1-22H3,(H2,136,174)(H2,137,175)(H2,138,179)(H,146,194)(H,147,195)(H,148,177)(H,149,193)(H,150,178)(H,151,186)(H,152,184)(H,153,182)(H,154,183)(H,155,188)(H,156,185)(H,157,198)(H,158,180)(H,159,192)(H,160,196)(H,161,197)(H,162,199)(H,163,176)(H,164,181)(H,165,187)(H,166,189)(H,167,191)(H,168,190)(H,169,200)(H4,139,140,143)(H4,141,142,144)/p+6/t71-,72-,73-,74-,75-,76+,77+,81-,82-,83-,84-,85-,86-,87-,88-,89-,90-,91-,92-,93-,94-,100-,101-,102-,103-,104-,105-,106-/m0/s1",CC[C@H](C)[C@H](N=C(O)C[NH3+])C(O)=NCC(O)=N[C@@H](C)C(O)=N[C@H](C(O)=N[C@@H](CC(C)C)C(O)=N[C@@H](CCCC[NH3+])C(O)=N[C@H](C(O)=N[C@@H](CC(C)C)C(O)=N[C@H](C(O)=N[C@H](C(O)=NCC(O)=N[C@@H](CC(C)C)C(=O)N1CCC[C@H]1C(O)=N[C@@H](C)C(O)=N[C@@H](CC(C)C)C(O)=N[C@H](C(O)=N[C@@H](CO)C(O)=N[C@@H](Cc1c[nH]c2ccccc12)C(O)=N[C@H](C(O)=N[C@@H](CCCC[NH3+])C(O)=N[C@@H](CCCNC(=N)N)C(O)=N[C@@H](CCCC[NH3+])C(O)=N[C@@H](CCCNC(=N)N)C(O)=N[C@@H](CCC(=[NH2+])O)C(O)=N[C@@H](CCC(=[NH2+])O)C(=N)O)[C@@H](C)CC)[C@@H](C)CC)[C@@H](C)O)[C@@H](C)O)C(C)C)C(C)C
6-deoxy-D-sorbose,"InChI=1S/C6H12O5/c1-3(8)5(10)6(11)4(9)2-7/h3,5-8,10-11H,2H2,1H3/t3-,5+,6+/m1/s1",C[C@@H](O)[C@H](O)[C@@H](O)C(=O)CO
pargyline,"InChI=1S/C11H13N/c1-3-9-12(2)10-11-7-5-4-6-8-11/h1,4-8H,9-10H2,2H3",C#CCN(C)Cc1ccccc1
dithionite,"InChI=1S/H2O4S2/c1-5(2)6(3)4/h(H,1,2)(H,3,4)/p-2",O=S([O-])S(=O)[O-]
bisorganyltrisulfane,"InChI=1S/C20H34N6O12S3/c21-9(19(35)36)1-3-13(27)25-11(17(33)23-5-15(29)30)7-39-41-40-8-12(18(34)24-6-16(31)32)26-14(28)4-2-10(22)20(37)38/h9-12,17,23,33H,1-8,21-22H2,(H,24,34)(H,25,27)(H,26,28)(H,29,30)(H,31,32)(H,35,36)(H,37,38)/p-2",NC(CCC([O-])=NC(CSSSCC(N=C([O-])CCC(N)C(=O)O)C(O)NCC(=O)O)C(O)=NCC(=O)O)C(=O)O
4-aminobenzylamine,"InChI=1S/C6H8N2/c7-5-1-2-6(8)4-3-5/h1-4H,7-8H2",Nc1ccc(N)cc1
D-phenylhydantoin,"InChI=1S/C9H8N2O2/c12-8-7(10-9(13)11-8)6-4-2-1-3-5-6/h1-5,7H,(H2,10,11,12,13)/t7-/m1/s1",OC1=N[C@H](c2ccccc2)C(O)=N1
chloroacetaldehyde,"InChI=1S/C2H3ClO/c3-1-2-4/h2H,1H2",O=CCCl
"N,N',N'',N''',N'''',N'''''-hexaacetyl chitohexaose","InChI=1S/C48H80N6O31/c1-13(61)49-25-33(69)38(20(8-56)75-43(25)74)81-45-27(51-15(3)63)35(71)40(22(10-58)77-45)83-47-29(53-17(5)65)37(73)42(24(12-60)79-47)85-48-30(54-18(6)66)36(72)41(23(11-59)80-48)84-46-28(52-16(4)64)34(70)39(21(9-57)78-46)82-44-26(50-14(2)62)32(68)31(67)19(7-55)76-44/h19-48,55-60,67-74H,7-12H2,1-6H3,(H,49,61)(H,50,62)(H,51,63)(H,52,64)(H,53,65)(H,54,66)/t19-,20-,21-,22-,23-,24-,25-,26-,27-,28-,29-,30-,31-,32-,33-,34-,35-,36-,37-,38-,39-,40-,41-,42-,43?,44+,45+,46+,47+,48+/m1/s1",CC(O)=N[C@H]1[C@H](O[C@H]2[C@H](O)[C@@H](N=C(C)O)[C@H](O[C@H]3[C@H](O)[C@@H](N=C(C)O)C(O)O[C@@H]3CO)O[C@@H]2CO)O[C@H](CO)[C@@H](O[C@@H]2O[C@H](CO)[C@@H](O[C@@H]3O[C@H](CO)[C@@H](O[C@@H]4O[C@H](CO)[C@@H](O)[C@H](O)[C@H]4N=C(C)O)[C@H](O)[C@H]3N=C(C)O)[C@H](O)[C@H]2N=C(C)O)[C@@H]1O
"<i>N</i>-succinyl-L,L-2,6-diaminopimelate","InChI=1S/C11H18N2O7/c12-6(10(17)18)2-1-3-7(11(19)20)13-8(14)4-5-9(15)16/h6-7H,1-5,12H2,(H,13,14)(H,15,16)(H,17,18)(H,19,20)/p-2/t6-,7-/m0/s1",N[C@@H](CCC[C@H](N=C([O-])CCC(=O)[O-])C(=O)O)C(=O)O
"(3S)-3-(1-carboxylatoethenoxy)cyclohepta-1,6-diene-1-carboxylate","InChI=1S/C11H12O5/c1-7(10(12)13)16-9-5-3-2-4-8(6-9)11(14)15/h2,4,6,9H,1,3,5H2,(H,12,13)(H,14,15)/p-2/t9-/m0/s1",C=C(O[C@@H]1C=C(C(=O)[O-])C=CCC1)C(=O)[O-]
"a [protein]-<i>N</i><sup>6</sup>-[1,1-(5-adenosylyl-&alpha;-D-ribose-1,2-di-O-yl)ethyl]-L-lysine",,CC1([NH2+]CCCC[C@@H](C([a protein])=O)N[a protein])(O[C@H]2(O[C@@H]([C@@H](O)[C@@H](O1)2)COP(=O)([O-])OP([O-])(=O)OC[C@H]3(O[C@H]([C@H](O)[C@@H]3O)N4(C5(\N=C/N=C(C(\N=C/4)=5)/N)))))
&alpha;-ribazole 5'-phosphate,"InChI=1S/C14H19N2O7P/c1-7-3-9-10(4-8(7)2)16(6-15-9)14-13(18)12(17)11(23-14)5-22-24(19,20)21/h3-4,6,11-14,17-18H,5H2,1-2H3,(H2,19,20,21)/p-2/t11-,12-,13-,14+/m1/s1",Cc1cc2ncn([C@H]3O[C@H](COP(=O)([O-])[O-])[C@@H](O)[C@H]3O)c2cc1C
2''-<i>O</i>-acetyl-ADP-ribose,"InChI=1S/C17H25N5O15P2/c1-6(23)34-13-11(25)8(36-17(13)27)3-33-39(30,31)37-38(28,29)32-2-7-10(24)12(26)16(35-7)22-5-21-9-14(18)19-4-20-15(9)22/h4-5,7-8,10-13,16-17,24-27H,2-3H2,1H3,(H,28,29)(H,30,31)(H2,18,19,20)/p-2/t7-,8-,10-,11-,12-,13-,16-,17?/m1/s1",CC(=O)O[C@H]1C(O)O[C@H](COP(=O)([O-])OP(=O)([O-])OC[C@H]2O[C@@H](n3cnc4c(N)ncnc43)[C@H](O)[C@@H]2O)[C@H]1O
L-histidinol phosphate,"InChI=1S/C6H12N3O4P/c7-5(3-13-14(10,11)12)1-6-2-8-4-9-6/h2,4-5H,1,3,7H2,(H,8,9)(H2,10,11,12)/p-1/t5-/m0/s1",N[C@H](COP(=O)([O-])O)Cc1cnc[nH]1
3''-<i>O</i>-acetyl-ADP-ribose,"InChI=1S/C17H25N5O15P2/c1-6(23)34-13-8(36-17(27)12(13)26)3-33-39(30,31)37-38(28,29)32-2-7-10(24)11(25)16(35-7)22-5-21-9-14(18)19-4-20-15(9)22/h4-5,7-8,10-13,16-17,24-27H,2-3H2,1H3,(H,28,29)(H,30,31)(H2,18,19,20)/p-2/t7-,8-,10-,11-,12-,13-,16-,17?/m1/s1",CC(=O)O[C@@H]1[C@@H](COP(=O)([O-])OP(=O)([O-])OC[C@H]2O[C@@H](n3cnc4c(N)ncnc43)[C@H](O)[C@@H]2O)OC(O)[C@@H]1O
&alpha;-D-galactosamine-1-phosphate,"InChI=1S/C6H14NO8P/c7-3-5(10)4(9)2(1-8)14-6(3)15-16(11,12)13/h2-6,8-10H,1,7H2,(H2,11,12,13)/p-1/t2-,3-,4+,5-,6-/m1/s1",N[C@H]1[C@@H](OP(=O)([O-])O)O[C@H](CO)[C@H](O)[C@@H]1O
ADP-D-ribose,"InChI=1S/C15H23N5O14P2/c16-12-7-13(18-3-17-12)20(4-19-7)14-10(23)8(21)5(32-14)1-30-35(26,27)34-36(28,29)31-2-6-9(22)11(24)15(25)33-6/h3-6,8-11,14-15,21-25H,1-2H2,(H,26,27)(H,28,29)(H2,16,17,18)/p-2/t5-,6-,8-,9-,10-,11-,14-,15?/m1/s1",Nc1ncnc2c1ncn2[C@@H]1O[C@H](COP(=O)([O-])OP(=O)([O-])OC[C@H]2OC(O)[C@H](O)[C@@H]2O)[C@@H](O)[C@H]1O
5'-(methylsulfanyl)tubercidin,"InChI=1S/C12H16N4O3S/c1-20-4-7-8(17)9(18)12(19-7)16-3-2-6-10(13)14-5-15-11(6)16/h2-3,5,7-9,12,17-18H,4H2,1H3,(H2,13,14,15)/t7-,8-,9-,12-/m1/s1",CSC[C@H]1O[C@@H](n2ccc3c(N)ncnc32)[C@H](O)[C@@H]1O
hydroxypyridine N-oxide,"InChI=1S/C5H5NO2/c7-5-2-1-3-6(8)4-5/h1-4H,(H-,7,8)",[O-]c1ccc[n+](O)c1
2-hydroxy-3-butynoate,"InChI=1S/C6H8O3/c1-3-5(7)6(8)9-4-2/h1,5,7H,4H2,2H3",C#CC(O)C(=O)OCC
ADP-mannose,"InChI=1S/C16H25N5O15P2/c17-13-7-14(19-3-18-13)21(4-20-7)15-11(26)9(24)6(33-15)2-32-37(28,29)36-38(30,31)35-16-12(27)10(25)8(23)5(1-22)34-16/h3-6,8-12,15-16,22-27H,1-2H2,(H,28,29)(H,30,31)(H2,17,18,19)/p-2/t5-,6-,8-,9-,10+,11-,12+,15-,16-/m1/s1",Nc1ncnc2c1ncn2[C@@H]1O[C@H](COP(=O)([O-])OP(=O)([O-])O[C@H]2O[C@H](CO)[C@@H](O)[C@H](O)[C@@H]2O)[C@@H](O)[C@H]1O
"3,4-dihydroxyphenylacetaldehyde","InChI=1S/C8H8O3/c9-4-3-6-1-2-7(10)8(11)5-6/h1-2,4-5,10-11H,3H2",O=CCc1ccc(O)c(O)c1
ADP-&alpha;-D-glucose,"InChI=1S/C16H25N5O15P2/c17-13-7-14(19-3-18-13)21(4-20-7)15-11(26)9(24)6(33-15)2-32-37(28,29)36-38(30,31)35-16-12(27)10(25)8(23)5(1-22)34-16/h3-6,8-12,15-16,22-27H,1-2H2,(H,28,29)(H,30,31)(H2,17,18,19)/p-2/t5-,6-,8-,9-,10+,11-,12-,15-,16-/m1/s1",Nc1ncnc2c1ncn2[C@@H]1O[C@H](COP(=O)([O-])OP(=O)([O-])O[C@H]2O[C@H](CO)[C@@H](O)[C@H](O)[C@H]2O)[C@@H](O)[C@H]1O
formycin A,"InChI=1S/C10H15N5O4/c11-10-6-4(12-2-13-10)5(14-15-6)9-8(18)7(17)3(1-16)19-9/h2-3,5,7-9,14-18H,1H2,(H2,11,12,13)/t3-,5?,7-,8-,9+/m0/s1",N=c1[nH]cnc2c1NNC2[C@H]1O[C@@H](CO)[C@H](O)[C@@H]1O
ADP-D-glycero-&beta;-D-<i>manno</i>-heptose,"InChI=1S/C17H27N5O16P2/c18-14-7-15(20-3-19-14)22(4-21-7)16-11(28)8(25)6(35-16)2-34-39(30,31)38-40(32,33)37-17-12(29)9(26)10(27)13(36-17)5(24)1-23/h3-6,8-13,16-17,23-29H,1-2H2,(H,30,31)(H,32,33)(H2,18,19,20)/p-2/t5-,6-,8-,9+,10+,11-,12+,13-,16-,17+/m1/s1",Nc1ncnc2c1ncn2[C@@H]1O[C@H](COP(=O)([O-])OP(=O)([O-])O[C@@H]2O[C@H]([C@H](O)CO)[C@@H](O)[C@H](O)[C@@H]2O)[C@@H](O)[C@H]1O
"&beta;-2-thienyl-D,L-Alanine","InChI=1S/C7H9NO2S/c8-6(7(9)10)4-5-2-1-3-11-5/h1-3,6H,4,8H2,(H,9,10)",NC(Cc1cccs1)C(=O)O
ADP-L-glycero-&beta;-D-<I>manno</I>-heptose,"InChI=1S/C17H27N5O16P2/c18-14-7-15(20-3-19-14)22(4-21-7)16-11(28)8(25)6(35-16)2-34-39(30,31)38-40(32,33)37-17-12(29)9(26)10(27)13(36-17)5(24)1-23/h3-6,8-13,16-17,23-29H,1-2H2,(H,30,31)(H,32,33)(H2,18,19,20)/p-2/t5-,6+,8+,9-,10-,11+,12-,13+,16+,17-/m0/s1",Nc1ncnc2c1ncn2[C@@H]1O[C@H](COP(=O)([O-])OP(=O)([O-])O[C@@H]2O[C@H]([C@@H](O)CO)[C@@H](O)[C@H](O)[C@@H]2O)[C@@H](O)[C@H]1O
"2,3-bis(sulfanyl)propan-1-ol","InChI=1S/C3H8OS2/c4-1-3(6)2-5/h3-6H,1-2H2",OCC(S)CS
autoinducer 2,"InChI=1S/C5H8O4/c1-3(7)5(9)4(8)2-6/h4,6,8H,2H2,1H3/t4-/m0/s1",CC(=O)C(=O)[C@@H](O)CO
ketodeoxyheptonate,"InChI=1S/C7H12O8/c8-2(1-3(9)6(12)13)4(10)5(11)7(14)15/h2,4-5,7-8,10-11,14-15H,1H2,(H,12,13)/p-1/t2-,4-,5+/m1/s1",O=C([O-])C(=O)C[C@@H](O)[C@@H](O)[C@H](O)C(O)O
1-<i>O</i>-alkyl-2-acetyl-<i>sn</i>-glycerol,,CC(=O)O[C@@H](CO)COC[R]
2-deoxy-D-gluconate,"InChI=1S/C6H12O6/c7-2-4(9)6(12)3(8)1-5(10)11/h3-4,6-9,12H,1-2H2,(H,10,11)/p-1/t3-,4-,6+/m1/s1",O=C([O-])C[C@@H](O)[C@H](O)[C@H](O)CO
<i>aldehydo</i>-D-galacturonate,"InChI=1S/C6H10O7/c7-1-2(8)3(9)4(10)5(11)6(12)13/h1-5,8-11H,(H,12,13)/p-1/t2-,3+,4+,5-/m0/s1",O=C[C@H](O)[C@@H](O)[C@@H](O)[C@H](O)C(=O)[O-]
8-keto-7-aminoperlagonate,"InChI=1S/C9H15NO3/c1-7(11)8(10)5-3-2-4-6-9(12)13/h10H,2-6H2,1H3,(H,12,13)/p-1",CC(=O)C(=N)CCCCCC(=O)[O-]
L-histidine hydroxamate,"InChI=1S/C6H10N4O2/c7-5(6(11)10-12)1-4-2-8-3-9-4/h2,5,12H,1,3,7H2,(H,10,11)/p+1",[NH3+][C@@H](CC1=NCN=C1)C(O)=NO
<i>keto</i>-D-tagatose,"InChI=1S/C6H12O6/c7-1-3(9)5(11)6(12)4(10)2-8/h3,5-9,11-12H,1-2H2/t3-,5+,6-/m1/s1",O=C(CO)[C@@H](O)[C@@H](O)[C@H](O)CO
UO<sup>2+</sup>,InChI=1S/2O.U/q;;+2,[O].[O].[U+2]
"2-hydroxy-3-methyl-1,4-naphthoquinone",,
methylglyoxalbis(guanylhydrazone),"InChI=1S/C5H12N8/c1-3(11-13-5(8)9)2-10-12-4(6)7/h2H,1H3,(H4,6,7,12)(H4,8,9,13)/p+2",CC(/C=N/NC(=[NH2+])[NH3+])=N\NC(=N)N
L-3-hydroxy-4-trans-decenoyl-CoA,,
P1-uridyl-P2-methyl diphosphate,"InChI=1S/C10H16N2O12P2/c1-21-25(17,18)24-26(19,20)22-4-5-7(14)8(15)9(23-5)12-3-2-6(13)11-10(12)16/h2-3,5,7-9,14-15H,4H2,1H3,(H,17,18)(H,19,20)(H,11,13,16)/p-2/t5-,7-,8-,9-/m1/s1",COP(=O)([O-])OP(=O)(O)OC[C@H]1O[C@@H](n2ccc([O-])nc2=O)[C@H](O)[C@@H]1O
pentaerythritol tetranitrate,"InChI=1S/C5H8N4O12/c10-6(11)18-1-5(2-19-7(12)13,3-20-8(14)15)4-21-9(16)17/h1-4H2",O=[N+]([O-])OCC(CO[N+](=O)[O-])(CO[N+](=O)[O-])CO[N+](=O)[O-]
"<i>N</i>-3-fumaroyl-L-2,3-diaminopropanoate","InChI=1S/C7H10N2O5/c8-4(7(13)14)3-9-5(10)1-2-6(11)12/h1-2,4H,3,8H2,(H,9,10)(H,11,12)(H,13,14)/p-1/b2-1+/t4-/m0/s1",N[C@@H](CN=C([O-])/C=C/C(=O)O)C(=O)O
"3-hydroxy-2,4-dioxopentyl phosphate","InChI=1S/C5H9O7P/c1-3(6)5(8)4(7)2-12-13(9,10)11/h5,8H,2H2,1H3,(H2,9,10,11)/p-2",CC(=O)C(O)C(=O)COP(=O)([O-])[O-]
&beta;-D-idopyranuronate,"InChI=1S/C6H10O7/c7-1-2(8)4(5(10)11)13-6(12)3(1)9/h1-4,6-9,12H,(H,10,11)/p-1/t1-,2-,3+,4+,6-/m1/s1",O=C([O-])[C@H]1O[C@@H](O)[C@@H](O)[C@H](O)[C@H]1O
<i>N</i>-pentylpantothenamide,"InChI=1S/C14H28N2O4/c1-4-5-6-8-15-11(18)7-9-16-13(20)12(19)14(2,3)10-17/h12,17,19H,4-10H2,1-3H3,(H,15,18)(H,16,20)/t12-/m0/s1",CCCCCN=C(O)CCN=C(O)[C@H](O)C(C)(C)CO
&alpha;-D-idopyranuronate,"InChI=1S/C6H10O7/c7-1-2(8)4(5(10)11)13-6(12)3(1)9/h1-4,6-9,12H,(H,10,11)/p-1/t1-,2-,3+,4+,6+/m1/s1",O=C([O-])[C@H]1O[C@H](O)[C@@H](O)[C@H](O)[C@H]1O
dioctylamine,"InChI=1S/C16H35N/c1-3-5-7-9-11-13-15-17-16-14-12-10-8-6-4-2/h17H,3-16H2,1-2H3/p+1",CCCCCCCC[NH2+]CCCCCCCC
UDP-[3-F]galactofuranose,"InChI=1S/C15H23FN2O16P2/c16-8-10(23)14(32-12(8)5(20)3-19)33-36(28,29)34-35(26,27)30-4-6-9(22)11(24)13(31-6)18-2-1-7(21)17-15(18)25/h1-2,5-6,8-14,19-20,22-24H,3-4H2,(H,26,27)(H,28,29)(H,17,21,25)/p-2/t5-,6-,8-,9-,10-,11-,12-,13-,14-/m1/s1",O=c1nc([O-])ccn1[C@@H]1O[C@H](COP(=O)([O-])OP(=O)(O)O[C@H]2O[C@H]([C@H](O)CO)[C@H](F)[C@H]2O)[C@@H](O)[C@H]1O
"two disacharide linked murein units, tetrapeptide crosslinked tetrapeptide (A2pm->D-ala) (middle of chain)","InChI=1S/C74H116N14O39/c1-26-60(104)85-40(18-20-48(99)100)68(112)87-38(66(110)79-29(4)69(113)114)15-12-16-41(71(117)118)88-62(106)28(3)78-65(109)37(14-11-13-36(75)70(115)116)86-67(111)39(17-19-47(97)98)84-61(105)27(2)77-64(108)31(6)121-59-51(83-35(10)96)74(124-46(24-92)58(59)127-72-49(81-33(8)94)53(102)52(101)43(21-89)122-72)125-56-45(23-91)123-73(50(54(56)103)82-34(9)95)126-57-44(22-90)119-25-42(80-32(7)93)55(57)120-30(5)63(107)76-26/h25-31,36-41,43-46,49-59,72-74,89-92,101-103H,11-24,75H2,1-10H3,(H,76,107)(H,77,108)(H,78,109)(H,79,110)(H,80,93)(H,81,94)(H,82,95)(H,83,96)(H,84,105)(H,85,104)(H,86,111)(H,87,112)(H,88,106)(H,97,98)(H,99,100)(H,113,114)(H,115,116)(H,117,118)/p-5",CC([O-])=NC1=COC(CO)C2OC3OC(CO)C(OC4OC(CO)C(OC5OC(CO)C(O)C(O)C5N=C(C)[O-])C(OC(C)C(O)=NC(C)C(O)=NC(CCC(=O)[O-])C(O)=NC(CCCC(N)C(=O)O)C(O)=NC(C)C(O)=NC(C(=O)O)CCCC(C(O)=NC(C)C(=O)O)N=C(O)C(CCC(=O)O)N=C(O)C(C)N=C(O)C(C)OC12)C4N=C(C)[O-])C(O)C3N=C(C)[O-]
L-alaninol,"InChI=1S/C3H9NO/c1-3(4)2-5/h3,5H,2,4H2,1H3/p+1/t3-/m0/s1",C[C@H]([NH3+])CO
acyl phosphatidylglycerol (n-C14:0),"InChI=1S/C48H93O11P/c1-4-7-10-13-16-19-22-25-28-31-34-37-46(50)55-40-44(49)41-57-60(53,54)58-43-45(59-48(52)39-36-33-30-27-24-21-18-15-12-9-6-3)42-56-47(51)38-35-32-29-26-23-20-17-14-11-8-5-2/h44-45,49H,4-43H2,1-3H3,(H,53,54)/p-1/t44-,45+/m0/s1",CCCCCCCCCCCCCC(=O)OC[C@H](O)COP(=O)([O-])OC[C@@H](COC(=O)CCCCCCCCCCCCC)OC(=O)CCCCCCCCCCCCC
Triton X-100,"InChI=1S/C16H26O2/c1-15(2,3)12-16(4,5)13-6-8-14(9-7-13)18-11-10-17/h6-9,17H,10-12H2,1-5H3",CC(C)(C)CC(C)(C)c1ccc(OCCO)cc1
picolinic acid-N-oxide,"InChI=1S/C6H5NO3/c8-6(9)5-3-1-2-4-7(5)10/h1-4H,(H,8,9)/p-1",O=C([O-])c1cccc[n+]1[O-]
<i>N-P</i>-tosyl-L-phenylalanyl chloromethyl ketone,"InChI=1S/C17H18ClNO3S/c1-13-7-9-15(10-8-13)23(21,22)19-16(17(20)12-18)11-14-5-3-2-4-6-14/h2-10,16,19H,11-12H2,1H3/t16-/m0/s1",Cc1ccc(S(=O)(=O)N[C@@H](Cc2ccccc2)C(=O)CCl)cc1
<i>keto</i>-D-ribulose,"InChI=1S/C5H10O5/c6-1-3(8)5(10)4(9)2-7/h3,5-8,10H,1-2H2/t3-,5-/m1/s1",O=C(CO)[C@H](O)[C@H](O)CO
hydroxyporphobilinogen,"InChI=1S/C10H13NO5/c12-5-8-7(3-10(15)16)6(4-11-8)1-2-9(13)14/h4,11-12H,1-3,5H2,(H,13,14)(H,15,16)/p-2",O=C([O-])CCc1c[nH]c(CO)c1CC(=O)[O-]
methylmalonate,"InChI=1S/C4H6O4/c1-2(3(5)6)4(7)8/h2H,1H3,(H,5,6)(H,7,8)/p-2",CC(C(=O)[O-])C(=O)[O-]
adenosine-N-oxide,"InChI=1S/C10H13N5O5/c11-8-5-9(13-3-15(8)19)14(2-12-5)10-7(18)6(17)4(1-16)20-10/h2-4,6-7,10-11,16-19H,1H2/t4-,6-,7-,10-/m1/s1",N=c1c2ncn([C@@H]3O[C@H](CO)[C@@H](O)[C@H]3O)c2ncn1O
thiophosphate,"InChI=1S/H3O3PS/c1-4(2,3)5/h(H3,1,2,3,5)/p-2",[O-]P([O-])(O)=S
glycylsarcosine,"InChI=1S/C5H10N2O3/c1-7(3-5(9)10)4(8)2-6/h2-3,6H2,1H3,(H,9,10)",CN(CC(=O)O)C(=O)CN
"(1R,2S)-cyclohexa-3,5-diene-1,2-diol","InChI=1S/C6H8O2/c7-5-3-1-2-4-6(5)8/h1-8H/t5-,6+",O[C@@H]1C=CC=C[C@@H]1O
"1,2-dioctanoyl-3-methyl-1,2,3-butanetriol","InChI=1S/C21H40O5/c1-5-7-9-11-13-15-19(22)25-17-18(21(3,4)24)26-20(23)16-14-12-10-8-6-2/h18,24H,5-17H2,1-4H3",CCCCCCCC(=O)OCC(OC(=O)CCCCCCC)C(C)(C)O
(<i>Z</i>)-2-methylaminoacrylate,"InChI=1S/C4H7NO2/c1-3(2-5)4(6)7/h2H,5H2,1H3,(H,6,7)/p-1/b3-2-",C/C(=C/N)C(=O)[O-]
"(8<i>S</i>)-3',8-cyclo-7,8-dihydroguanosine 5'-triphosphate","InChI=1S/C10H16N5O14P3/c11-9-13-5-3(6(17)14-9)12-8-10(18)2(27-7(4(10)16)15(5)8)1-26-31(22,23)29-32(24,25)28-30(19,20)21/h2,4,7-8,12,16,18H,1H2,(H,22,23)(H,24,25)(H2,19,20,21)(H3,11,13,14,17)/p-4/t2-,4+,7-,8+,10+/m1/s1",N=c1nc([O-])c2c([nH]1)N1[C@@H]3O[C@H](COP(=O)([O-])OP(=O)(O)OP(=O)([O-])[O-])[C@](O)([C@H]3O)[C@H]1N2
"<i>N</i>-(2,3-dihydroxybenzoyl)-L-serine dimer","InChI=1S/C20H20N2O11/c23-7-11(21-17(28)9-3-1-5-13(24)15(9)26)20(32)33-8-12(19(30)31)22-18(29)10-4-2-6-14(25)16(10)27/h1-6,11-12,23-27H,7-8H2,(H,21,28)(H,22,29)(H,30,31)/p-1/t11-,12-/m0/s1",O=C(O)[C@H](COC(=O)[C@H](CO)N=C(O)c1cccc([O-])c1O)N=C(O)c1cccc(O)c1O
&alpha;-ribazole,"InChI=1S/C14H18N2O4/c1-7-3-9-10(4-8(7)2)16(6-15-9)14-13(19)12(18)11(5-17)20-14/h3-4,6,11-14,17-19H,5H2,1-2H3/t11-,12-,13-,14+/m1/s1",Cc1cc2ncn([C@H]3O[C@H](CO)[C@@H](O)[C@H]3O)c2cc1C
H<sub>2</sub>O,InChI=1S/H2O/h1H2,O
n + n,,
polymyxin M,"InChI=1S/C51H96N16O14/c1-8-27(4)11-9-10-12-38(71)58-31(13-19-52)46(76)66-40(29(6)69)50(80)63-34(16-22-55)43(73)61-36-18-24-57-49(79)39(28(5)68)65-47(77)35(17-23-56)60-42(72)33(15-21-54)62-51(81)41(30(7)70)67-48(78)37(25-26(2)3)64-44(74)32(14-20-53)59-45(36)75/h26-37,39-41,68-70H,8-25,52-56H2,1-7H3,(H,57,79)(H,58,71)(H,59,75)(H,60,72)(H,61,73)(H,62,81)(H,63,80)(H,64,74)(H,65,77)(H,66,76)(H,67,78)/p+5/t27?,28?,29?,30?,31-,32-,33-,34-,35-,36-,37+,39-,40-,41-/m0/s1",CCC(C)CCCCC(O)=N[C@@H](CC[NH3+])C(O)=N[C@H](C(O)=N[C@@H](CC[NH3+])C(O)=N[C@H]1CCN=C(O)[C@H](C(C)O)N=C(O)[C@H](CC[NH3+])N=C(O)[C@H](CC[NH3+])N=C(O)[C@H](C(C)O)N=C(O)[C@@H](CC(C)C)N=C(O)[C@H](CC[NH3+])N=C1O)C(C)O
3-octen-2-one,"InChI=1S/C8H14O/c1-3-4-5-6-7-8(2)9/h6-7H,3-5H2,1-2H3/b7-6+",CCCC/C=C/C(C)=O
polymyxin B6,"InChI=1S/C56H98N16O14/c1-7-31(4)13-14-35(75)29-44(76)63-36(15-21-57)51(81)72-46(33(6)74)56(86)68-39(18-24-60)48(78)67-41-20-26-62-55(85)45(32(5)73)71-52(82)40(19-25-61)65-47(77)37(16-22-58)66-53(83)42(27-30(2)3)69-54(84)43(28-34-11-9-8-10-12-34)70-49(79)38(17-23-59)64-50(41)80/h8-12,30-33,35-43,45-46,73-75H,7,13-29,57-61H2,1-6H3,(H,62,85)(H,63,76)(H,64,80)(H,65,77)(H,66,83)(H,67,78)(H,68,86)(H,69,84)(H,70,79)(H,71,82)(H,72,81)/p+5/t31-,32-,33-,35?,36+,37+,38+,39+,40+,41+,42+,43-,45+,46+/m1/s1",CC[C@@H](C)CCC(O)CC(O)=N[C@@H](CC[NH3+])C(O)=N[C@H](C(O)=N[C@@H](CC[NH3+])C(O)=N[C@H]1CCN=C(O)[C@H]([C@@H](C)O)N=C(O)[C@H](CC[NH3+])N=C(O)[C@H](CC[NH3+])N=C(O)[C@H](CC(C)C)N=C(O)[C@@H](Cc2ccccc2)N=C(O)[C@H](CC[NH3+])N=C1O)[C@@H](C)O
<i>S</i>-acetyldihydrolipoamide,"InChI=1S/C10H19NO2S2/c1-8(12)15-9(6-7-14)4-2-3-5-10(11)13/h9,14H,2-7H2,1H3,(H2,11,13)",CC(=O)SC(CCS)CCCCC(=N)O
polymyxin B3,"InChI=1S/C55H96N16O13/c1-6-7-8-9-13-16-43(74)62-35(17-23-56)50(79)71-45(33(5)73)55(84)67-38(20-26-59)47(76)66-40-22-28-61-54(83)44(32(4)72)70-51(80)39(21-27-60)64-46(75)36(18-24-57)65-52(81)41(29-31(2)3)68-53(82)42(30-34-14-11-10-12-15-34)69-48(77)37(19-25-58)63-49(40)78/h10-12,14-15,31-33,35-42,44-45,72-73H,6-9,13,16-30,56-60H2,1-5H3,(H,61,83)(H,62,74)(H,63,78)(H,64,75)(H,65,81)(H,66,76)(H,67,84)(H,68,82)(H,69,77)(H,70,80)(H,71,79)/p+5/t32-,33-,35+,36+,37+,38+,39+,40+,41+,42-,44+,45+/m1/s1",CCCCCCCC(O)=N[C@@H](CC[NH3+])C(O)=N[C@H](C(O)=N[C@@H](CC[NH3+])C(O)=N[C@H]1CCN=C(O)[C@H]([C@@H](C)O)N=C(O)[C@H](CC[NH3+])N=C(O)[C@H](CC[NH3+])N=C(O)[C@H](CC(C)C)N=C(O)[C@@H](Cc2ccccc2)N=C(O)[C@H](CC[NH3+])N=C1O)[C@@H](C)O
polymyxin B2,"InChI=1S/C55H96N16O13/c1-30(2)12-10-11-15-43(74)62-35(16-22-56)50(79)71-45(33(6)73)55(84)67-38(19-25-59)47(76)66-40-21-27-61-54(83)44(32(5)72)70-51(80)39(20-26-60)64-46(75)36(17-23-57)65-52(81)41(28-31(3)4)68-53(82)42(29-34-13-8-7-9-14-34)69-48(77)37(18-24-58)63-49(40)78/h7-9,13-14,30-33,35-42,44-45,72-73H,10-12,15-29,56-60H2,1-6H3,(H,61,83)(H,62,74)(H,63,78)(H,64,75)(H,65,81)(H,66,76)(H,67,84)(H,68,82)(H,69,77)(H,70,80)(H,71,79)/p+5/t32-,33-,35+,36+,37+,38+,39+,40+,41+,42-,44+,45+/m1/s1",CC(C)CCCCC(O)=N[C@@H](CC[NH3+])C(O)=N[C@H](C(O)=N[C@@H](CC[NH3+])C(O)=N[C@H]1CCN=C(O)[C@H]([C@@H](C)O)N=C(O)[C@H](CC[NH3+])N=C(O)[C@H](CC[NH3+])N=C(O)[C@H](CC(C)C)N=C(O)[C@@H](Cc2ccccc2)N=C(O)[C@H](CC[NH3+])N=C1O)[C@@H](C)O
polymyxin E2,"InChI=1S/C52H98N16O13/c1-27(2)11-9-10-12-40(71)59-32(13-19-53)47(76)68-42(31(8)70)52(81)64-35(16-22-56)44(73)63-37-18-24-58-51(80)41(30(7)69)67-48(77)36(17-23-57)61-43(72)33(14-20-54)62-49(78)38(25-28(3)4)66-50(79)39(26-29(5)6)65-45(74)34(15-21-55)60-46(37)75/h27-39,41-42,69-70H,9-26,53-57H2,1-8H3,(H,58,80)(H,59,71)(H,60,75)(H,61,72)(H,62,78)(H,63,73)(H,64,81)(H,65,74)(H,66,79)(H,67,77)(H,68,76)/p+5/t30-,31-,32+,33+,34+,35+,36+,37+,38+,39-,41+,42+/m1/s1",CC(C)CCCCC(O)=N[C@@H](CC[NH3+])C(O)=N[C@H](C(O)=N[C@@H](CC[NH3+])C(O)=N[C@H]1CCN=C(O)[C@H]([C@@H](C)O)N=C(O)[C@H](CC[NH3+])N=C(O)[C@H](CC[NH3+])N=C(O)[C@H](CC(C)C)N=C(O)[C@@H](CC(C)C)N=C(O)[C@H](CC[NH3+])N=C1O)[C@@H](C)O
polymyxin B1,"InChI=1S/C56H98N16O13/c1-7-32(4)13-11-12-16-44(75)63-36(17-23-57)51(80)72-46(34(6)74)56(85)68-39(20-26-60)48(77)67-41-22-28-62-55(84)45(33(5)73)71-52(81)40(21-27-61)65-47(76)37(18-24-58)66-53(82)42(29-31(2)3)69-54(83)43(30-35-14-9-8-10-15-35)70-49(78)38(19-25-59)64-50(41)79/h8-10,14-15,31-34,36-43,45-46,73-74H,7,11-13,16-30,57-61H2,1-6H3,(H,62,84)(H,63,75)(H,64,79)(H,65,76)(H,66,82)(H,67,77)(H,68,85)(H,69,83)(H,70,78)(H,71,81)(H,72,80)/p+5/t32-,33-,34-,36+,37+,38+,39+,40+,41+,42+,43-,45+,46+/m1/s1",CC[C@@H](C)CCCCC(O)=N[C@@H](CC[NH3+])C(O)=N[C@H](C(O)=N[C@@H](CC[NH3+])C(O)=N[C@H]1CCN=C(O)[C@H]([C@@H](C)O)N=C(O)[C@H](CC[NH3+])N=C(O)[C@H](CC[NH3+])N=C(O)[C@H](CC(C)C)N=C(O)[C@@H](Cc2ccccc2)N=C(O)[C@H](CC[NH3+])N=C1O)[C@@H](C)O
polymyxin B4,"InChI=1S/C54H94N16O13/c1-6-7-8-12-15-42(73)61-34(16-22-55)49(78)70-44(32(5)72)54(83)66-37(19-25-58)46(75)65-39-21-27-60-53(82)43(31(4)71)69-50(79)38(20-26-59)63-45(74)35(17-23-56)64-51(80)40(28-30(2)3)67-52(81)41(29-33-13-10-9-11-14-33)68-47(76)36(18-24-57)62-48(39)77/h9-11,13-14,30-32,34-41,43-44,71-72H,6-8,12,15-29,55-59H2,1-5H3,(H,60,82)(H,61,73)(H,62,77)(H,63,74)(H,64,80)(H,65,75)(H,66,83)(H,67,81)(H,68,76)(H,69,79)(H,70,78)/p+5/t31-,32-,34+,35+,36+,37+,38+,39+,40+,41-,43+,44+/m1/s1",CCCCCCC(O)=N[C@@H](CC[NH3+])C(O)=N[C@H](C(O)=N[C@@H](CC[NH3+])C(O)=N[C@H]1CCN=C(O)[C@H]([C@@H](C)O)N=C(O)[C@H](CC[NH3+])N=C(O)[C@H](CC[NH3+])N=C(O)[C@H](CC(C)C)N=C(O)[C@@H](Cc2ccccc2)N=C(O)[C@H](CC[NH3+])N=C1O)[C@@H](C)O
polymyxin E1,"InChI=1S/C53H100N16O13/c1-9-30(6)12-10-11-13-41(72)60-33(14-20-54)48(77)69-43(32(8)71)53(82)65-36(17-23-57)45(74)64-38-19-25-59-52(81)42(31(7)70)68-49(78)37(18-24-58)62-44(73)34(15-21-55)63-50(79)39(26-28(2)3)67-51(80)40(27-29(4)5)66-46(75)35(16-22-56)61-47(38)76/h28-40,42-43,70-71H,9-27,54-58H2,1-8H3,(H,59,81)(H,60,72)(H,61,76)(H,62,73)(H,63,79)(H,64,74)(H,65,82)(H,66,75)(H,67,80)(H,68,78)(H,69,77)/p+5/t30-,31-,32-,33+,34+,35+,36+,37+,38+,39+,40-,42+,43+/m1/s1",CC[C@@H](C)CCCCC(O)=N[C@@H](CC[NH3+])C(O)=N[C@H](C(O)=N[C@@H](CC[NH3+])C(O)=N[C@H]1CCN=C(O)[C@H]([C@@H](C)O)N=C(O)[C@H](CC[NH3+])N=C(O)[C@H](CC[NH3+])N=C(O)[C@H](CC(C)C)N=C(O)[C@@H](CC(C)C)N=C(O)[C@H](CC[NH3+])N=C1O)[C@@H](C)O
polymyxin A,"InChI=1S/C51H96N16O14/c1-8-27(4)11-9-10-12-38(71)58-31(13-19-52)46(76)66-40(29(6)69)50(80)63-34(16-22-55)43(73)61-36-18-24-57-49(79)39(28(5)68)65-47(77)35(17-23-56)60-42(72)33(15-21-54)62-51(81)41(30(7)70)67-48(78)37(25-26(2)3)64-44(74)32(14-20-53)59-45(36)75/h26-37,39-41,68-70H,8-25,52-56H2,1-7H3,(H,57,79)(H,58,71)(H,59,75)(H,60,72)(H,61,73)(H,62,81)(H,63,80)(H,64,74)(H,65,77)(H,66,76)(H,67,78)/p+5/t27?,28?,29?,30?,31-,32-,33-,34+,35-,36-,37+,39-,40-,41-/m0/s1",CCC(C)CCCCC(O)=N[C@@H](CC[NH3+])C(O)=N[C@H](C(O)=N[C@H](CC[NH3+])C(O)=N[C@H]1CCN=C(O)[C@H](C(C)O)N=C(O)[C@H](CC[NH3+])N=C(O)[C@H](CC[NH3+])N=C(O)[C@H](C(C)O)N=C(O)[C@@H](CC(C)C)N=C(O)[C@H](CC[NH3+])N=C1O)C(C)O
polymyxin B5,"InChI=1S/C56H98N16O13/c1-6-7-8-9-10-14-17-44(75)63-36(18-24-57)51(80)72-46(34(5)74)56(85)68-39(21-27-60)48(77)67-41-23-29-62-55(84)45(33(4)73)71-52(81)40(22-28-61)65-47(76)37(19-25-58)66-53(82)42(30-32(2)3)69-54(83)43(31-35-15-12-11-13-16-35)70-49(78)38(20-26-59)64-50(41)79/h11-13,15-16,32-34,36-43,45-46,73-74H,6-10,14,17-31,57-61H2,1-5H3,(H,62,84)(H,63,75)(H,64,79)(H,65,76)(H,66,82)(H,67,77)(H,68,85)(H,69,83)(H,70,78)(H,71,81)(H,72,80)/p+5/t33-,34-,36+,37+,38+,39+,40+,41+,42+,43-,45+,46+/m1/s1",CCCCCCCCC(O)=N[C@@H](CC[NH3+])C(O)=N[C@H](C(O)=N[C@@H](CC[NH3+])C(O)=N[C@H]1CCN=C(O)[C@H]([C@@H](C)O)N=C(O)[C@H](CC[NH3+])N=C(O)[C@H](CC[NH3+])N=C(O)[C@H](CC(C)C)N=C(O)[C@@H](Cc2ccccc2)N=C(O)[C@H](CC[NH3+])N=C1O)[C@@H](C)O
polymyxin Ile-B1,"InChI=1S/C56H98N16O13/c1-7-31(3)14-12-13-17-43(75)63-36(18-24-57)51(80)72-46(34(6)74)56(85)68-39(21-27-60)48(77)66-41-23-29-62-54(83)45(33(5)73)71-52(81)40(22-28-61)65-47(76)38(20-26-59)67-55(84)44(32(4)8-2)70-53(82)42(30-35-15-10-9-11-16-35)69-49(78)37(19-25-58)64-50(41)79/h9-11,15-16,31-34,36-42,44-46,73-74H,7-8,12-14,17-30,57-61H2,1-6H3,(H,62,83)(H,63,75)(H,64,79)(H,65,76)(H,66,77)(H,67,84)(H,68,85)(H,69,78)(H,70,82)(H,71,81)(H,72,80)/p+5/t31-,32?,33-,34-,36+,37+,38+,39+,40+,41+,42-,44?,45+,46+/m1/s1",CCC(C)C1N=C(O)[C@@H](Cc2ccccc2)N=C(O)[C@H](CC[NH3+])N=C(O)[C@@H](N=C(O)[C@H](CC[NH3+])N=C(O)[C@@H](N=C(O)[C@H](CC[NH3+])N=C(O)CCCC[C@H](C)CC)[C@@H](C)O)CCN=C(O)[C@H]([C@@H](C)O)N=C(O)[C@H](CC[NH3+])N=C(O)[C@H](CC[NH3+])N=C1O
1-(2-carboxyphenylamino)-1-deoxy-D-ribulose 5-phosphate,"InChI=1S/C12H16NO9P/c14-9(11(16)10(15)6-22-23(19,20)21)5-13-8-4-2-1-3-7(8)12(17)18/h1-4,10-11,13,15-16H,5-6H2,(H,17,18)(H2,19,20,21)/p-3/t10-,11+/m1/s1",O=C([O-])c1ccccc1NCC(=O)[C@H](O)[C@H](O)COP(=O)([O-])[O-]
<i>N</i><sup>6</sup>-(1-deoxy-6-<i>O</i>-phospho-D-fructos-1-yl)-L-lysine,"InChI=1S/C12H25N2O10P/c13-7(12(19)20)3-1-2-4-14-5-8(15)10(17)11(18)9(16)6-24-25(21,22)23/h7,9-11,14,16-18H,1-6,13H2,(H,19,20)(H2,21,22,23)/p-1/t7-,9+,10+,11+/m0/s1",N[C@@H](CCCCNCC(=O)[C@@H](O)[C@H](O)[C@H](O)COP(=O)(O)O)C(=O)[O-]
5-dehydro-4-deoxy-D-glucuronate,"InChI=1S/C6H8O6/c7-2-5(10)3(8)1-4(9)6(11)12/h2-3,5,8,10H,1H2,(H,11,12)/p-1/t3-,5-/m0/s1",O=C[C@H](O)[C@@H](O)CC(=O)C(=O)[O-]
D-tagaturonate,"InChI=1S/C6H10O7/c7-1-2(8)3(9)4(10)5(11)6(12)13/h3-5,7,9-11H,1H2,(H,12,13)/p-1/t3-,4-,5+/m1/s1",O=C([O-])[C@@H](O)[C@H](O)[C@H](O)C(=O)CO
D-gluconate 6-phosphate,"InChI=1S/C6H13O10P/c7-2(1-16-17(13,14)15)3(8)4(9)5(10)6(11)12/h2-5,7-10H,1H2,(H,11,12)(H2,13,14,15)/p-3/t2-,3-,4+,5-/m1/s1",O=C([O-])[C@H](O)[C@@H](O)[C@H](O)[C@H](O)COP(=O)([O-])[O-]
2-deoxy-2-fluoro-&beta;-D-galactopyranosyl fluoride,"InChI=1S/C6H11FO5/c7-3-5(10)4(9)2(1-8)12-6(3)11/h2-6,8-11H,1H2/t2-,3-,4+,5-,6-/m1/s1",OC[C@H]1O[C@@H](O)[C@H](F)[C@@H](O)[C@H]1O
2-aminogalactopyranose,"InChI=1S/C6H13NO5/c7-6-5(11)4(10)3(9)2(1-8)12-6/h2-6,8-11H,1,7H2/p+1/t2-,3+,4+,5-,6-/m1/s1",[NH3+][C@@H]1O[C@H](CO)[C@H](O)[C@H](O)[C@H]1O
&alpha;-D-galactose 1-phosphate,"InChI=1S/C6H13O9P/c7-1-2-3(8)4(9)5(10)6(14-2)15-16(11,12)13/h2-10H,1H2,(H2,11,12,13)/p-2/t2-,3+,4+,5-,6-/m1/s1",O=P([O-])([O-])O[C@H]1O[C@H](CO)[C@H](O)[C@H](O)[C@H]1O
&beta;-D-galactose 1-phosphate,"InChI=1S/C6H13O9P/c7-1-2-3(8)4(9)5(10)6(14-2)15-16(11,12)13/h2-10H,1H2,(H2,11,12,13)/p-2/t2-,3+,4+,5-,6+/m1/s1",O=P([O-])([O-])O[C@@H]1O[C@H](CO)[C@H](O)[C@H](O)[C@H]1O
DIMBOA,"InChI=1S/C9H8NO5/c1-14-5-2-3-6-7(4-5)15-9(12)8(11)10(6)13/h2-4,9,12H,1H3/q-1",COc1ccc2c(c1)OC(O)C(=O)N2[O-]
DIMBOA-&beta;-D-glucoside,"InChI=1S/C15H19NO10/c1-23-6-2-3-7-8(4-6)24-15(13(21)16(7)22)26-14-12(20)11(19)10(18)9(5-17)25-14/h2-4,9-12,14-15,17-20,22H,5H2,1H3/t9-,10-,11+,12-,14+,15?/m1/s1",COc1ccc2c(c1)OC(O[C@@H]1O[C@H](CO)[C@@H](O)[C@H](O)[C@H]1O)C(=O)N2O
indolepropanol phosphate,"InChI=1S/C11H14NO4P/c13-17(14,15)16-7-3-4-9-8-12-11-6-2-1-5-10(9)11/h1-2,5-6,8,12H,3-4,7H2,(H2,13,14,15)/p-2",O=P([O-])([O-])OCCCc1c[nH]c2ccccc12
(indol-3-yl)pyruvate,"InChI=1S/C11H9NO3/c13-10(11(14)15)5-7-6-12-9-4-2-1-3-8(7)9/h1-4,6,12H,5H2,(H,14,15)/p-1",O=C([O-])C(=O)Cc1c[nH]c2ccccc12
indole,"InChI=1S/C8H7N/c1-2-4-8-7(3-1)5-6-9-8/h1-6,9H",c1ccc2[nH]ccc2c1
sucrose,"InChI=1S/C12H22O11/c13-1-4-6(16)8(18)9(19)11(21-4)23-12(3-15)10(20)7(17)5(2-14)22-12/h4-11,13-20H,1-3H2/t4-,5-,6-,7-,8+,9-,10+,11-,12+/m1/s1",OC[C@H]1O[C@@](CO)(O[C@H]2O[C@H](CO)[C@@H](O)[C@H](O)[C@H]2O)[C@@H](O)[C@@H]1O
&beta;-D-cellobiose 6'-phosphate,"InChI=1S/C12H23O14P/c13-1-3-10(7(16)8(17)11(19)24-3)26-12-9(18)6(15)5(14)4(25-12)2-23-27(20,21)22/h3-19H,1-2H2,(H2,20,21,22)/p-2/t3-,4-,5-,6+,7-,8-,9-,10-,11-,12+/m1/s1",O=P([O-])([O-])OC[C@H]1O[C@@H](O[C@H]2[C@H](O)[C@@H](O)[C@H](O)O[C@@H]2CO)[C@H](O)[C@@H](O)[C@@H]1O
<i>N</i>-monoacetylchitobiose 6'-phosphate,"InChI=1S/C14H27N2O13P/c1-4(18)16-8-11(21)9(19)6(3-26-30(23,24)25)28-14(8)29-12-5(2-17)27-13(22)7(15)10(12)20/h5-14,17,19-22H,2-3,15H2,1H3,(H,16,18)(H2,23,24,25)/p-1/t5-,6-,7-,8-,9-,10-,11-,12-,13?,14+/m1/s1",CC([O-])=N[C@H]1[C@H](O[C@H]2[C@H](O)[C@@H](N)C(O)O[C@@H]2CO)O[C@H](COP(=O)(O)O)[C@@H](O)[C@@H]1O
"<I>N,N'</i>-diacetylchitobiose 6'-phosphate","InChI=1S/C16H29N2O14P/c1-5(20)17-9-13(24)14(7(3-19)30-15(9)25)32-16-10(18-6(2)21)12(23)11(22)8(31-16)4-29-33(26,27)28/h7-16,19,22-25H,3-4H2,1-2H3,(H,17,20)(H,18,21)(H2,26,27,28)/p-2/t7-,8-,9-,10-,11-,12-,13-,14-,15?,16+/m1/s1",CC([O-])=N[C@H]1[C@H](O[C@H]2[C@H](O)[C@@H](N=C(C)[O-])C(O)O[C@@H]2CO)O[C@H](COP(=O)(O)O)[C@@H](O)[C@@H]1O
sucrose 6<sup>F</sup>-phosphate,"InChI=1S/C12H23O14P/c13-1-4-6(15)8(17)9(18)11(24-4)26-12(3-14)10(19)7(16)5(25-12)2-23-27(20,21)22/h4-11,13-19H,1-3H2,(H2,20,21,22)/p-2/t4-,5-,6-,7-,8+,9-,10+,11-,12+/m1/s1",O=P([O-])([O-])OC[C@H]1O[C@@](CO)(O[C@H]2O[C@H](CO)[C@@H](O)[C@H](O)[C@H]2O)[C@@H](O)[C@@H]1O
tetraacyldisaccharide 4-phosphate,"InChI=1S/C68H129N2O20P/c1-5-9-13-17-21-25-29-33-37-41-51(72)45-57(76)69-61-65(88-59(78)47-53(74)43-39-35-31-27-23-19-15-11-7-3)63(80)56(86-67(61)81)50-85-68-62(70-58(77)46-52(73)42-38-34-30-26-22-18-14-10-6-2)66(64(55(49-71)87-68)90-91(82,83)84)89-60(79)48-54(75)44-40-36-32-28-24-20-16-12-8-4/h51-56,61-68,71-75,80-81H,5-50H2,1-4H3,(H,69,76)(H,70,77)(H2,82,83,84)/p-2/t51-,52-,53-,54-,55-,56-,61-,62-,63-,64?,65-,66-,67+,68-/m1/s1",CCCCCCCCCCC[C@@H](O)CC(=O)O[C@H]1[C@H](O)[C@@H](CO[C@@H]2O[C@H](CO)C(OP(=O)(O)O)[C@H](OC(=O)C[C@H](O)CCCCCCCCCCC)[C@H]2N=C([O-])C[C@H](O)CCCCCCCCCCC)O[C@H](O)[C@@H]1N=C([O-])C[C@H](O)CCCCCCCCCCC
3-(<i>N</i>-morpholino)propanesulfonate,"InChI=1S/C7H15NO4S/c9-13(10,11)7-1-2-8-3-5-12-6-4-8/h1-7H2,(H,9,10,11)/p-1",O=S(=O)([O-])CCCN1CCOCC1
<i>N</i>-tris(hydroxymethyl)methylglycine,"InChI=1S/C6H13NO5/c8-2-6(3-9,4-10)7-1-5(11)12/h7-10H,1-4H2,(H,11,12)",O=C(O)CNC(CO)(CO)CO
2-[4-(2-hydroxyethyl)piperazin-1-yl]ethanesulfonate,"InChI=1S/C8H18N2O4S/c11-7-5-9-1-3-10(4-2-9)6-8-15(12,13)14/h11H,1-8H2,(H,12,13,14)",O=S(=O)(O)CCN1CCN(CCO)CC1
peptidoglycan dimer with a single pentapeptide stem (<i>meso</i>-diaminopimelate containing),"InChI=1S/C59H96N10O34/c1-19(48(82)63-21(3)52(86)87)62-51(85)29(12-10-11-28(60)54(90)91)68-35(78)14-13-30(55(92)93)69-49(83)20(2)61-50(84)22(4)95-46-38(66-26(8)76)56(94)97-33(17-72)44(46)102-58-37(65-25(7)75)42(81)43(32(16-71)99-58)101-59-39(67-27(9)77)47(96-23(5)53(88)89)45(34(18-73)100-59)103-57-36(64-24(6)74)41(80)40(79)31(15-70)98-57/h19-23,28-34,36-47,56-59,70-73,79-81,94H,10-18,60H2,1-9H3,(H,61,84)(H,62,85)(H,63,82)(H,64,74)(H,65,75)(H,66,76)(H,67,77)(H,68,78)(H,69,83)(H,86,87)(H,88,89)(H,90,91)(H,92,93)/p-3/t19-,20+,21-,22-,23-,28-,29+,30-,31-,32-,33-,34-,36-,37-,38-,39-,40-,41-,42-,43-,44-,45-,46-,47-,56?,57+,58+,59+/m1/s1",CC([O-])=N[C@H]1[C@H](O[C@H]2[C@H](O[C@H](C)C(O)=N[C@@H](C)C(O)=N[C@H](CCC(O)=N[C@@H](CCC[C@@H](N)C(=O)O)C(O)=N[C@H](C)C(O)=N[C@H](C)C(=O)O)C(=O)O)[C@@H](N=C(C)[O-])C(O)O[C@@H]2CO)O[C@H](CO)[C@@H](O[C@@H]2O[C@H](CO)[C@@H](O[C@@H]3O[C@H](CO)[C@@H](O)[C@H](O)[C@H]3N=C(C)[O-])[C@H](O[C@H](C)C(=O)O)[C@H]2N=C(C)O)[C@@H]1O
N-acetyl-muramoyl-(L-alanyl-&gamma;-D-glutamyl-L-lysyl-D-alanyl-D-alanine),"InChI=1S/C31H53N7O15/c1-13(25(43)35-15(3)29(47)48)34-28(46)18(8-6-7-11-32)37-21(41)10-9-19(30(49)50)38-26(44)14(2)33-27(45)16(4)52-24-22(36-17(5)40)31(51)53-20(12-39)23(24)42/h13-16,18-20,22-24,31,39,42,51H,6-12,32H2,1-5H3,(H,33,45)(H,34,46)(H,35,43)(H,36,40)(H,37,41)(H,38,44)(H,47,48)(H,49,50)/p-1/t13-,14+,15-,16-,18+,19-,20-,22-,23-,24-,31?/m1/s1",CC([O-])=N[C@H]1C(O)O[C@H](CO)[C@@H](O)[C@@H]1O[C@H](C)C(O)=N[C@@H](C)C(O)=N[C@H](CCC(O)=N[C@@H](CCCCN)C(O)=N[C@H](C)C(O)=N[C@H](C)C(=O)O)C(=O)O
N-acetyl-muramoyl-(L-alanyl-&gamma;-D-glutamyl-L-lysyl-D-alanine),"InChI=1S/C28H48N6O14/c1-12(30-24(40)14(3)47-22-20(32-15(4)36)28(46)48-18(11-35)21(22)38)23(39)34-17(27(44)45)8-9-19(37)33-16(7-5-6-10-29)25(41)31-13(2)26(42)43/h12-14,16-18,20-22,28,35,38,46H,5-11,29H2,1-4H3,(H,30,40)(H,31,41)(H,32,36)(H,33,37)(H,34,39)(H,42,43)(H,44,45)/p-1/t12-,13+,14+,16-,17+,18+,20+,21+,22+,28?/m0/s1",CC([O-])=N[C@H]1C(O)O[C@H](CO)[C@@H](O)[C@@H]1O[C@H](C)C(O)=N[C@@H](C)C(O)=N[C@H](CCC(O)=N[C@@H](CCCCN)C(O)=N[C@H](C)C(=O)O)C(=O)O
waldiomycin,"InChI=1S/C38H36O13/c1-18-24(49-27(39)10-8-6-5-7-9-25-19(2)50-38(4,51-25)36(45)46)15-16-26(48-18)21-13-14-23-30(31(21)40)33(42)22-12-11-20-17-37(3,47)35(44)34(43)28(20)29(22)32(23)41/h5-14,18-19,24-26,35,40H,15-17H2,1-4H3,(H,45,46)/q-2/p-2/b6-5+,9-7+,10-8+/t18-,19+,24+,25+,26-,35-,37-,38+/m1/s1",C[C@@H]1O[C@](C)(C(=O)[O-])O[C@H]1/C=C/C=C/C=C/C(=O)O[C@H]1CC[C@H](c2ccc3c(c2[O-])C(=O)c2ccc4c(c2C3=O)C(=O)[C@@H]([O-])[C@](C)([O-])C4)O[C@@H]1C
"2,3-dihydroxy-<i>trans</i>-cinnamate","InChI=1S/C9H8O4/c10-7-3-1-2-6(9(7)13)4-5-8(11)12/h1-5,10,13H,(H,11,12)/p-1/b5-4+",O=C(O)/C=C/c1cccc([O-])c1O
"3-(2,3-dihydroxyphenyl)propanoate","InChI=1S/C9H10O4/c10-7-3-1-2-6(9(7)13)4-5-8(11)12/h1-3,10,13H,4-5H2,(H,11,12)/p-1",O=C(O)CCc1cccc([O-])c1O
<i>trans</i>-cinnamate,"InChI=1S/C9H8O2/c10-9(11)7-6-8-4-2-1-3-5-8/h1-7H,(H,10,11)/p-1/b7-6+",O=C([O-])/C=C/c1ccccc1
3-hydroxycinnamate,"InChI=1S/C9H8O3/c10-8-3-1-2-7(6-8)4-5-9(11)12/h1-6,10H,(H,11,12)/p-1/b5-4+",O=C(O)/C=C/c1cccc([O-])c1
ferulate,"InChI=1S/C10H10O4/c1-14-9-6-7(2-4-8(9)11)3-5-10(12)13/h2-6,11H,1H3,(H,12,13)/p-1/b5-3+",COc1cc(/C=C/C(=O)O)ccc1[O-]
(3<i>R</i>)-&beta;-phenylalanine,"InChI=1S/C9H11NO2/c10-8(6-9(11)12)7-4-2-1-3-5-7/h1-5,8H,6,10H2,(H,11,12)/t8-/m1/s1",N[C@H](CC(=O)O)c1ccccc1
"a nascent peptidoglycan with D,D cross-links (<i>meso</i>-diaminopimelate containing)",,CC(C)=CCCC(\C)=C/CCC(\C)=C/CCC(/C)=C/CCC(/C)=C/CCC(/C)=C/CCC(/C)=C/CCC(/C)=C/CCC(/C)=C/CCC(/C)=C/CCC(/C)=C/COP(OP(O[C@H]4(O[C@H](CO)[C@@H](O[C@@H]1(O[C@H](CO)[C@@H](O[R1])[C@H](O)[C@@H](NC(=O)C)1))[C@H](O[C@@H](C(=O)N[C@@H](C)C(N[C@H](CCC(=O)N[C@@H](CCC[C@@H](NC(=O)[C@@H](C)NC(=O)[C@H](CCC[C@H](C(=O)[O-])[NH3+])NC(=O)CC[C@@H](NC(=O)[C@@H](NC([C@H](O[C@@H]3([C@@H](NC(=O)C)[C@H](O[R3])O[C@H](CO)[C@@H](O[C@@H]2(O[C@H](CO)[C@@H](O[R2])[C@H](O)[C@@H](NC(=O)C)2))3))C)=O)C)C(=O)[O-])C(=O)[O-])C(N[C@H](C)C(=O)[O-])=O)C(=O)[O-])=O)C)[C@@H](NC(=O)C)4))([O-])=O)(=O)[O-]
"a peptidoglycan with D,D tripeptide-tetrapeptide crosslinks  (<i>meso</i>-diaminopimelate containing)",,C[C@H](NC([C@H](O[C@@H]2([C@@H](NC(=O)C)[C@H](O[R4])O[C@H](CO)[C@@H](O[C@@H]1(O[C@H](CO)[C@@H](O[R3])[C@H](O)[C@@H](NC(=O)C)1))2))C)=O)C(N[C@H](CCC(=O)N[C@@H](CCC[C@H](C(=O)[O-])[NH3+])C(N[C@H](C)C(=O)N[C@H](CCC[C@@H](C(=O)[O-])NC(=O)CC[C@@H](NC(=O)[C@@H](NC([C@H](O[C@@H]4([C@@H](NC(=O)C)[C@H](O[R1])O[C@H](CO)[C@@H](O[C@@H]3(O[C@H](CO)[C@@H](O[R2])[C@H](O)[C@@H](NC(=O)C)3))4))C)=O)C)C(=O)[O-])C(=O)[O-])=O)C(=O)[O-])=O
"a mature peptidoglycan with D,D cross-links (<i>meso</i>-diaminopimelate containing)",,C[C@H](NC([C@H](O[C@@H]2([C@@H](NC(=O)C)[C@H](O[R3])O[C@H](CO)[C@@H](O[C@@H]1(O[C@H](CO)[C@@H](O[R2])[C@H](O)[C@@H](NC(=O)C)1))2))C)=O)C(N[C@H](CCC(=O)N[C@@H](CCC[C@H](C(=O)[O-])[NH3+])C(N[C@H](C)C(=O)N[C@H](CCC[C@@H](C(N[C@H](C)C(=O)[O-])=O)NC(=O)CC[C@@H](NC(=O)[C@@H](NC([C@H](O[C@@H]5([C@H](C3(OCC(O3)[C@@H](O[C@@H]4(O[C@H](CO)[C@@H](O[R1])[C@H](O)[C@@H](NC(=O)C)4))5))NC(=O)C))C)=O)C)C(=O)[O-])C(=O)[O-])=O)C(=O)[O-])=O
"a peptidoglycan with D,D cross-link (S. aureus)",,CC(C)=CCCC(\C)=C/CCC(\C)=C/CCC(/C)=C/CCC(/C)=C/CCC(/C)=C/CCC(/C)=C/CCC(/C)=C/CCC(/C)=C/CCC(/C)=C/CCC(/C)=C/COP([O-])(=O)OP([O-])(=O)O[C@@H]8([C@H](NC(=O)C)[C@@H](O[C@H](C)C(=O)N[C@@H](C)C(=O)N[C@H](CCC(=O)N[C@@H](CCCCNC(CNC(CNC(CNC(CNC(C[NH3+])=O)=O)=O)=O)=O)C(N[C@H](C)C(N[C@@H](C(=O)[O-])C)=O)=O)C(=O)N)[C@H](O[C@@H]7(O[C@H](CO)[C@@H](O[C@H]6([C@H](NC(=O)C)[C@@H](O[C@H](C)C(=O)N[C@@H](C)C(=O)N[C@H](CCC(=O)N[C@@H](CCCCNC(CNC(CNC(CNC(CNC(C[NH3+])=O)=O)=O)=O)=O)C(N[C@H](C)C(NCC(=O)NCC(NCC(=O)NCC(NCC(=O)NCCCC[C@@H](C(N[C@H](C)C(N[C@@H](C(=O)[O-])C)=O)=O)NC(=O)CC[C@@H](NC(=O)[C@@H](NC(=O)[C@@H](C)O[C@H]4([C@H](O[C@@H]1(O[C@H](CO)[C@@H](O[R2])[C@H](O)[C@@H](NC(=O)C)1))[C@@H](CO)O[C@@H](O[C@H]3([C@H](O)[C@@H](NC(=O)C)[C@H](O[C@H]2([C@H](O[C@H](C)C(=O)N[C@@H](C)C(=O)N[C@H](CCC(=O)N[C@@H](CCCCNC(CNC(CNC(CNC(CNC(C[NH3+])=O)=O)=O)=O)=O)C(N[C@H](C)C(N[C@@H](C(=O)[O-])C)=O)=O)C(=O)N)[C@@H](NC(=O)C)[C@@H](O[C@H](CO)2)O[R3]))O[C@H](CO)3))[C@H](NC(=O)C)4))C)C(=O)N)=O)=O)=O)=O)C(=O)N)[C@H](O[C@@H]5(O[C@H](CO)[C@@H](O[R1])[C@H](O)[C@@H](NC(=O)C)5))[C@@H](CO)O6))[C@H](O)[C@@H](NC(=O)C)7))[C@@H](CO)O8)
phenylethyl-&beta;-D-galactopyranoside,"InChI=1S/C14H20O6/c15-8-10-11(16)12(17)13(18)14(20-10)19-7-6-9-4-2-1-3-5-9/h1-5,10-18H,6-8H2/t10-,11+,12+,13-,14-/m1/s1",OC[C@H]1O[C@@H](OCCc2ccccc2)[C@H](O)[C@@H](O)[C@H]1O
methyl-&beta;-D-galactoside,"InChI=1S/C7H14O6/c1-12-7-6(11)5(10)4(9)3(2-8)13-7/h3-11H,2H2,1H3/t3-,4+,5+,6-,7-/m1/s1",CO[C@@H]1O[C@H](CO)[C@H](O)[C@H](O)[C@H]1O
phenyl-1-thio-&beta;-D-galactopyranoside,"InChI=1S/C12H16O5S/c13-6-8-9(14)10(15)11(16)12(17-8)18-7-4-2-1-3-5-7/h1-5,8-16H,6H2",OCC1OC(Sc2ccccc2)C(O)C(O)C1O
&beta;-D-galactopyranosyl trimethylammonium bromide,"InChI=1S/C9H20NO5/c1-10(2,3)9-8(14)7(13)6(12)5(4-11)15-9/h5-9,11-14H,4H2,1-3H3/q+1/t5-,6+,7+,8-,9-/m1/s1",C[N+](C)(C)[C@@H]1O[C@H](CO)[C@H](O)[C@H](O)[C@H]1O
2-phenylethyl &beta;-D-thiogalactopyranoside,"InChI=1S/C14H20O5S/c15-8-10-11(16)12(17)13(18)14(19-10)20-7-6-9-4-2-1-3-5-9/h1-5,10-18H,6-8H2/t10-,11+,12+,13-,14-/m1/s1",OC[C@H]1O[C@H](SCCc2ccccc2)[C@H](O)[C@@H](O)[C@H]1O
5-deoxy-D-ribose,"InChI=1S/C5H10O4/c1-2-3(6)4(7)5(8)9-2/h2-8H,1H3/t2-,3-,4-,5?/m1/s1",C[C@H]1OC(O)[C@H](O)[C@@H]1O
nicotinate,"InChI=1S/C6H5NO2/c8-6(9)5-2-1-3-7-4-5/h1-4H,(H,8,9)/p-1",O=C([O-])c1cccnc1
"5,6,7,8-tetrahydrofolate","InChI=1S/C19H23N7O6/c20-19-25-15-14(17(30)26-19)23-11(8-22-15)7-21-10-3-1-9(2-4-10)16(29)24-12(18(31)32)5-6-13(27)28/h1-4,11-12,21,23H,5-8H2,(H,24,29)(H,27,28)(H,31,32)(H4,20,22,25,26,30)/p-2/t11-,12-/m0/s1",N=c1nc([O-])c2c([nH]1)NC[C@H](CNc1ccc(C(=O)N[C@@H](CCC(=O)[O-])C(=O)O)cc1)N2
thiamine,"InChI=1S/C12H17N4OS/c1-8-11(3-4-17)18-7-16(8)6-10-5-14-9(2)15-12(10)13/h5,7,17H,3-4,6H2,1-2H3,(H2,13,14,15)/q+1",Cc1ncc(C[n+]2csc(CCO)c2C)c(=N)[nH]1
(<i>R</i>)-pantothenate,"InChI=1S/C9H17NO5/c1-9(2,5-11)7(14)8(15)10-4-3-6(12)13/h7,11,14H,3-5H2,1-2H3,(H,10,15)(H,12,13)/p-1/t7-/m0/s1",CC(C)(CO)[C@@H](O)C(O)=NCCC(=O)[O-]
nicotinamide,"InChI=1S/C6H6N2O/c7-6(9)5-2-1-3-8-4-5/h1-4H,(H2,7,9)",N=C(O)c1cccnc1
thiamine phosphate,"InChI=1S/C12H17N4O4PS/c1-8-11(3-4-20-21(17,18)19)22-7-16(8)6-10-5-14-9(2)15-12(10)13/h5,7H,3-4,6H2,1-2H3,(H3-,13,14,15,17,18,19)/p-1",Cc1ncc(C[n+]2csc(CCOP(=O)([O-])[O-])c2C)c(=N)[nH]1
L-rhamnulose 1-phosphate,"InChI=1S/C6H13O8P/c1-3(7)5(9)6(10)4(8)2-14-15(11,12)13/h3,5-7,9-10H,2H2,1H3,(H2,11,12,13)/p-2/t3-,5-,6-/m0/s1",C[C@H](O)[C@H](O)[C@@H](O)C(=O)COP(=O)([O-])[O-]
6-deoxy-6-sulfo-D-fructose 1-phosphate,"InChI=1S/C6H13O11PS/c7-4-3(1-19(13,14)15)17-6(9,5(4)8)2-16-18(10,11)12/h3-5,7-9H,1-2H2,(H2,10,11,12)(H,13,14,15)/p-3/t3-,4-,5+,6?/m1/s1",O=P([O-])([O-])OCC1(O)O[C@H](CS(=O)(=O)[O-])[C@@H](O)[C@@H]1O
&beta;-D-allose 1-phosphate,"InChI=1S/C6H13O9P/c7-1-2-3(8)4(9)5(10)6(14-2)15-16(11,12)13/h2-10H,1H2,(H2,11,12,13)/p-2/t2-,3-,4-,5-,6+/m1/s1",O=P([O-])([O-])O[C@@H]1O[C@H](CO)[C@@H](O)[C@@H](O)[C@H]1O
L-fuculose 1-phosphate,"InChI=1S/C6H13O8P/c1-3(7)5(9)6(10)4(8)2-14-15(11,12)13/h3,5-7,9-10H,2H2,1H3,(H2,11,12,13)/p-2/t3-,5+,6-/m0/s1",C[C@H](O)[C@@H](O)[C@@H](O)C(=O)COP(=O)([O-])[O-]
&alpha;-D-glucosamine 1-phosphate,"InChI=1S/C6H14NO8P/c7-3-5(10)4(9)2(1-8)14-6(3)15-16(11,12)13/h2-6,8-10H,1,7H2,(H2,11,12,13)/p-1/t2-,3-,4-,5-,6-/m1/s1",N[C@H]1[C@@H](OP(=O)([O-])O)O[C@H](CO)[C@@H](O)[C@@H]1O
L-rhamnitol 1-phosphate,"InChI=1S/C6H15O8P/c1-3(7)5(9)6(10)4(8)2-14-15(11,12)13/h3-10H,2H2,1H3,(H2,11,12,13)/p-2/t3-,4-,5-,6-/m0/s1",C[C@H](O)[C@H](O)[C@@H](O)[C@@H](O)COP(=O)([O-])[O-]
tobramycin,"InChI=1S/C18H37N5O9/c19-3-9-8(25)2-7(22)17(29-9)31-15-5(20)1-6(21)16(14(15)28)32-18-13(27)11(23)12(26)10(4-24)30-18/h5-18,24-28H,1-4,19-23H2/p+5/t5-,6+,7+,8-,9+,10+,11-,12+,13+,14-,15+,16-,17+,18+/m0/s1",[NH3+]C[C@H]1O[C@H](O[C@H]2[C@H](O)[C@@H](O[C@H]3O[C@H](CO)[C@@H](O)[C@H]([NH3+])[C@H]3O)[C@H]([NH3+])C[C@@H]2[NH3+])[C@H]([NH3+])C[C@@H]1O
streptomycin,"InChI=1S/C21H39N7O12/c1-5-21(36,4-30)16(40-17-9(26-2)13(34)10(31)6(3-29)38-17)18(37-5)39-15-8(28-20(24)25)11(32)7(27-19(22)23)12(33)14(15)35/h4-18,26,29,31-36H,3H2,1-2H3,(H4,22,23,27)(H4,24,25,28)/p+3/t5-,6-,7+,8-,9-,10-,11+,12-,13-,14+,15+,16-,17-,18-,21+/m0/s1",CN[C@@H]1[C@H](O[C@H]2[C@H](O[C@H]3[C@H](O)[C@@H](O)[C@H](NC(=[NH2+])[NH3+])[C@@H](O)[C@@H]3NC(N)=[NH2+])O[C@@H](C)[C@]2(O)C=O)O[C@@H](CO)[C@H](O)[C@H]1O
daunorubicin,"InChI=1S/C27H29NO10/c1-10-22(30)14(28)7-17(37-10)38-16-9-27(35,11(2)29)8-13-19(16)26(34)21-20(24(13)32)23(31)12-5-4-6-15(36-3)18(12)25(21)33/h4-6,10,14,16-17,22,30,32,34-35H,7-9,28H2,1-3H3/p+1/t10-,14-,16-,17-,22+,27-/m0/s1",COc1cccc2c1C(=O)c1c(O)c3c(c(O)c1C2=O)C[C@@](O)(C(C)=O)C[C@@H]3O[C@H]1C[C@H]([NH3+])[C@H](O)[C@H](C)O1
doxorubicin,"InChI=1S/C27H29NO11/c1-10-22(31)13(28)6-17(38-10)39-15-8-27(36,16(30)9-29)7-12-19(15)26(35)21-20(24(12)33)23(32)11-4-3-5-14(37-2)18(11)25(21)34/h3-5,10,13,15,17,22,29,31,33,35-36H,6-9,28H2,1-2H3/p+1/t10-,13-,15-,17-,22+,27-/m0/s1",COc1cccc2c1C(=O)c1c(O)c3c(c(O)c1C2=O)C[C@@](O)(C(=O)CO)C[C@@H]3O[C@H]1C[C@H]([NH3+])[C@H](O)[C@H](C)O1
myxothiazol,"InChI=1S/C25H33N3O3S2/c1-16(2)9-7-8-10-17(3)24-28-20(15-33-24)25-27-19(14-32-25)11-12-21(30-5)18(4)22(31-6)13-23(26)29/h7-18,21H,1-6H3,(H2,26,29)/b9-7+,10-8+,12-11+,22-13+/t17?,18-,21+/m1/s1",CO/C(=C/C(=N)O)[C@H](C)[C@H](/C=C/c1csc(-c2csc(C(C)/C=C/C=C/C(C)C)n2)n1)OC
rapamycin,"InChI=1S/C51H79NO13/c1-30-16-12-11-13-17-31(2)42(61-8)28-38-21-19-36(7)51(60,65-38)48(57)49(58)52-23-15-14-18-39(52)50(59)64-43(33(4)26-37-20-22-40(53)44(27-37)62-9)29-41(54)32(3)25-35(6)46(56)47(63-10)45(55)34(5)24-30/h11-13,16-17,25,30,32-34,36-40,42-44,46-47,53,56,60H,14-15,18-24,26-29H2,1-10H3/b13-11+,16-12+,31-17+,35-25+/t30-,32-,33-,34-,36-,37+,38+,39+,40-,42+,43+,44-,46-,47+,51-/m1/s1",CO[C@H]1C[C@@H]2CC[C@@H](C)[C@@](O)(O2)C(=O)C(=O)N2CCCC[C@H]2C(=O)O[C@H]([C@H](C)C[C@@H]2CC[C@@H](O)[C@H](OC)C2)CC(=O)[C@H](C)/C=C(\C)[C@@H](O)[C@@H](OC)C(=O)[C@H](C)C[C@H](C)/C=C/C=C/C=C/1C
indolmycin,"InChI=1S/C14H14N3O2/c1-8(12-13(18)17-14(15-2)19-12)10-7-16-11-6-4-3-5-9(10)11/h3-8,16H,1-2H3,(H,15,17,18)/q-1/p+1/t8-/m1/s1",C[NH+]=c1[nH]c(=O)[c-]([C@H](C)c2c[nH]c3ccccc23)o1
triclosan,"InChI=1S/C12H7Cl3O2/c13-7-1-3-11(9(15)5-7)17-12-4-2-8(14)6-10(12)16/h1-6,16H",Oc1cc(Cl)ccc1Oc1ccc(Cl)cc1Cl
vancomycin,"InChI=1S/C66H75Cl2N9O24/c1-23(2)12-34(71-5)58(88)76-49-51(83)26-7-10-38(32(67)14-26)97-40-16-28-17-41(55(40)101-65-56(54(86)53(85)42(22-78)99-65)100-44-21-66(4,70)57(87)24(3)96-44)98-39-11-8-27(15-33(39)68)52(84)50-63(93)75-48(64(94)95)31-18-29(79)19-37(81)45(31)30-13-25(6-9-36(30)80)46(60(90)77-50)74-61(91)47(28)73-59(89)35(20-43(69)82)72-62(49)92/h6-11,13-19,23-24,34-35,42,44,46-54,56-57,65,71,78-81,83-87H,12,20-22,70H2,1-5H3,(H2,69,82)(H,72,92)(H,73,89)(H,74,91)(H,75,93)(H,76,88)(H,77,90)(H,94,95)/p+1/t24-,34+,35-,42+,44-,46+,47?,48?,49?,50?,51+,52+,53+,54-,56+,57+,65-,66-/m0/s1",CN[C@H](CC(C)C)C(O)=NC1C(O)=N[C@@H](CC(=[NH2+])O)C(O)=NC2C(O)=N[C@H]3C(O)=NC(C(O)=NC(C(=O)O)c4cc(O)cc(O)c4-c4cc3ccc4O)[C@H](O)c3ccc(c(Cl)c3)Oc3cc2cc(c3O[C@@H]2O[C@H](CO)[C@@H](O)[C@H](O)[C@H]2O[C@H]2C[C@](C)(N)[C@H](O)[C@H](C)O2)Oc2ccc(cc2Cl)[C@H]1O
amoxicillin,"InChI=1S/C16H19N3O5S/c1-16(2)11(15(23)24)19-13(22)10(14(19)25-16)18-12(21)9(17)7-3-5-8(20)6-4-7/h3-6,9-11,14,20H,17H2,1-2H3,(H,18,21)(H,23,24)/t9-,10-,11+,14-/m1/s1",CC1(C)S[C@@H]2[C@H](N=C(O)[C@H](N)c3ccc(O)cc3)C(=O)N2[C@H]1C(=O)O
cerulenin,"InChI=1S/C12H17NO3/c1-2-3-4-5-6-7-8-9(14)10-11(16-10)12(13)15/h2-3,5-6,10-11H,4,7-8H2,1H3,(H2,13,15)/b3-2+,6-5+/t10-,11-/m1/s1",C/C=C/C/C=C/CCC(=O)[C@@H]1O[C@H]1C(=N)O
AM-112,"InChI=1S/C14H22N2O5/c1-7(17)8-11(18)16-9(13(19)20)10(21-12(8)16)14(2,3)5-4-6-15/h7-8,12,17H,4-6,15H2,1-3H3,(H,19,20)/t7-,8-,12-/m1/s1",C[C@@H](O)[C@@H]1C(=O)N2C(C(=O)O)=C(C(C)(C)CCCN)O[C@H]12
bicozamycin,"InChI=1S/C12H18N2O7/c1-6-3-4-21-12(7(16)10(2,19)5-15)9(18)13-11(6,20)8(17)14-12/h7,15-16,19-20H,1,3-5H2,2H3,(H,13,18)(H,14,17)/t7-,10-,11+,12-/m0/s1",C=C1CCO[C@]2([C@@H](O)[C@@](C)(O)CO)N=C(O)[C@@]1(O)N=C2O
rifampicin,"InChI=1S/C43H58N4O12/c1-21-12-11-13-22(2)42(55)45-33-28(20-44-47-17-15-46(9)16-18-47)37(52)30-31(38(33)53)36(51)26(6)40-32(30)41(54)43(8,59-40)57-19-14-29(56-10)23(3)39(58-27(7)48)25(5)35(50)24(4)34(21)49/h11-14,19-21,23-25,29,34-35,39,49-53H,15-18H2,1-10H3,(H,45,55)/b12-11+,19-14+,22-13-,44-20+/t21-,23+,24+,25+,29-,34-,35+,39+,43-/m0/s1",CO[C@H]1/C=C/O[C@@]2(C)Oc3c(C)c(O)c4c(O)c(c(/C=N/N5CCN(C)CC5)c(O)c4c3C2=O)N=C(O)/C(C)=C/C=C/[C@H](C)[C@H](O)[C@@H](C)[C@@H](O)[C@@H](C)[C@H](OC(C)=O)[C@@H]1C
pyrazine-2-carboxylate,"InChI=1S/C5H4N2O2/c8-5(9)4-3-6-1-2-7-4/h1-3H,(H,8,9)/p-1",O=C([O-])c1cnccn1
borrelidin,"InChI=1S/C28H43NO6/c1-17-12-18(2)14-20(4)27(32)21(16-29)8-5-6-11-25(22-9-7-10-23(22)28(33)34)35-26(31)15-24(30)19(3)13-17/h5-6,8,17-20,22-25,27,30,32H,7,9-15H2,1-4H3,(H,33,34)/p-1/b6-5+,21-8-/t17-,18+,19-,20-,22+,23+,24-,25?,27+/m0/s1",C[C@@H]1C[C@H](C)C[C@H](C)[C@@H](O)CC(=O)OC([C@@H]2CCC[C@H]2C(=O)[O-])C/C=C/C=C(\C#N)[C@H](O)[C@@H](C)C1
platensimycin,"InChI=1S/C24H27NO7/c1-22(7-6-17(28)25-18-14(26)4-3-13(19(18)29)21(30)31)16(27)5-8-24-10-12-9-15(20(22)24)32-23(12,2)11-24/h3-5,8,12,15,20,26,29H,6-7,9-11H2,1-2H3,(H,25,28)(H,30,31)/p-1/t12-,15+,20+,22-,23+,24+/m1/s1",C[C@]12C[C@@]34C=CC(=O)[C@@](C)(CCC(O)=Nc5c([O-])ccc(C(=O)O)c5O)[C@@H]3[C@H](C[C@@H]1C4)O2
piericidin A,"InChI=1S/C25H37NO4/c1-9-18(4)22(27)19(5)15-17(3)12-10-11-16(2)13-14-21-20(6)23(28)24(29-7)25(26-21)30-8/h9-10,12-13,15,19,22,27H,11,14H2,1-8H3,(H,26,28)/b12-10+,16-13+,17-15+,18-9+/t19-,22+/m1/s1",C/C=C(\C)[C@H](O)[C@H](C)/C=C(C)/C=C/C/C(C)=C\Cc1nc(OC)c(OC)c(O)c1C
teicoplanin,"InChI=1S/C88H99Cl2N9O35/c1-33(2)9-6-4-5-7-12-58(108)94-67-75(116)72(113)56(31-101)131-87(67)134-79-51-10-8-11-52(79)128-50-18-14-36(22-47(50)90)78(133-86-66(93-34(3)103)74(115)71(112)55(30-100)130-86)68-84(123)97-64(85(124)125)44-26-40(105)27-54(129-88-77(118)76(117)73(114)57(32-102)132-88)60(44)45-21-38(23-49(107)69(45)110)63(82(121)99-68)95-59(109)29-92-81(120)62-37-19-39(104)25-42(20-37)127-53-24-35(13-17-48(53)106)61(91)80(119)98-65(83(122)96-62)70(111)43-16-15-41(126-51)28-46(43)89/h8,10-11,13-28,33,55-57,61-68,70-78,86-88,100-102,104-107,110-118H,4-7,9,12,29-32,91H2,1-3H3,(H,92,120)(H,93,103)(H,94,108)(H,95,109)(H,96,122)(H,97,123)(H,98,119)(H,99,121)(H,124,125)/t55-,56-,57-,61-,62+,63-,64?,65-,66-,67-,68+,70+,71-,72-,73-,74-,75-,76+,77+,78-,86+,87+,88+/m1/s1",CC(O)=N[C@H]1[C@H](O[C@@H]2c3ccc(c(Cl)c3)Oc3cccc(c3O[C@@H]3O[C@H](CO)[C@@H](O)[C@H](O)[C@H]3N=C(O)CCCCCCC(C)C)Oc3ccc(c(Cl)c3)[C@H](O)[C@H]3N=C(O)[C@H](N)c4ccc(O)c(c4)Oc4cc(O)cc(c4)[C@H](N=C3O)C(O)=NCC(O)=N[C@H]3C(O)=N[C@@H]2C(O)=NC(C(=O)O)c2cc(O)cc(O[C@H]4O[C@H](CO)[C@@H](O)[C@H](O)[C@@H]4O)c2-c2cc3cc(O)c2O)O[C@H](CO)[C@@H](O)[C@@H]1O
D-cycloserine phosphate,"InChI=1S/C3H7N2O5P/c4-2-1-9-5-3(2)10-11(6,7)8/h2H,1,4H2,(H2,6,7,8)/p-1/t2-/m1/s1",N[C@@H]1CON=C1OP(=O)([O-])O
clotrimazol,"InChI=1S/C22H17ClN2/c23-21-14-8-7-13-20(21)22(25-16-15-24-17-25,18-9-3-1-4-10-18)19-11-5-2-6-12-19/h1-17H",Clc1ccccc1C(c1ccccc1)(c1ccccc1)n1ccnc1
macarbomycin,"InChI=1S/C69H108N5O35P/c1-29(14-11-12-20-67(6,7)22-18-30(2)24-34-31(3)15-13-21-68(34,8)9)19-23-97-40(60(91)92)28-99-110(95,96)109-65-55(56(108-66(71)93)69(10,94)57(107-65)58(70)89)106-62-43(73-33(5)78)46(83)53(39(102-62)27-98-63-50(87)47(84)44(81)37(25-75)100-63)103-61-42(72-32(4)77)45(82)52(38(26-76)101-61)104-64-51(88)48(85)49(86)54(105-64)59(90)74-41-35(79)16-17-36(41)80/h12,19-20,34,37-40,42-57,61-65,75-76,79,81-88,94H,2-3,11,13-18,21-28H2,1,4-10H3,(H2,70,89)(H2,71,93)(H,72,77)(H,73,78)(H,74,90)(H,91,92)(H,95,96)/p-2/b20-12+,29-19+/t34?,37-,38-,39-,40-,42-,43-,44-,45-,46-,47+,48+,49-,50-,51-,52-,53-,54+,55-,56-,57-,61+,62+,63-,64-,65-,69+/m1/s1",C=C(CCC(C)(C)/C=C/CC/C(C)=C/CO[C@H](COP(=O)(O)O[C@H]1O[C@H](C(=N)O)[C@@](C)(O)[C@H](OC(=N)O)[C@H]1O[C@@H]1O[C@H](CO[C@@H]2O[C@H](CO)[C@@H](O)[C@H](O)[C@H]2O)[C@@H](O[C@@H]2O[C@H](CO)[C@@H](O[C@@H]3O[C@H](C(O)=NC4=C(O)CCC4=O)[C@H](O)[C@H](O)[C@H]3O)[C@H](O)[C@H]2N=C(C)[O-])[C@H](O)[C@H]1N=C(C)[O-])C(=O)O)CC1C(=C)CCCC1(C)C
crystal violet,"InChI=1S/C25H30N3/c1-26(2)22-13-7-19(8-14-22)25(20-9-15-23(16-10-20)27(3)4)21-11-17-24(18-12-21)28(5)6/h7-18H,1-6H3/q+1",CN(C)c1ccc(C(=C2C=CC(=[N+](C)C)C=C2)c2ccc(N(C)C)cc2)cc1
fusidate,"InChI=1S/C31H48O6/c1-17(2)9-8-10-20(28(35)36)26-22-15-24(34)27-29(5)13-12-23(33)18(3)21(29)11-14-30(27,6)31(22,7)16-25(26)37-19(4)32/h9,18,21-25,27,33-34H,8,10-16H2,1-7H3,(H,35,36)/p-1/b26-20-/t18-,21-,22-,23+,24+,25-,27-,29-,30-,31-/m0/s1",CC(=O)O[C@H]1C[C@@]2(C)[C@@H](C[C@@H](O)[C@H]3[C@@]4(C)CC[C@@H](O)[C@@H](C)[C@@H]4CC[C@@]32C)C1=C(CCC=C(C)C)C(=O)[O-]
showdomycin,"InChI=1S/C9H11NO6/c11-2-4-6(13)7(14)8(16-4)3-1-5(12)10-9(3)15/h1,4,6-8,11,13-14H,2H2,(H,10,12,15)/t4-,6-,7-,8+/m1/s1",O=C1N=C(O)C=C1[C@@H]1O[C@H](CO)[C@@H](O)[C@H]1O
amiclenomycin,"InChI=1S/C12H18O2/c1-9-3-6-11(7-4-9)8-5-10(2)12(13)14/h3-4,6-7,9-11H,5,8H2,1-2H3,(H,13,14)/p-1/t9-,10-,11+/m0/s1",C[C@@H](CC[C@H]1C=C[C@@H](C)C=C1)C(=O)[O-]
novobiocin,"InChI=1S/C31H36N2O11/c1-14(2)7-8-16-13-17(9-11-19(16)34)27(37)33-21-22(35)18-10-12-20(15(3)24(18)42-28(21)38)41-29-23(36)25(43-30(32)39)26(40-6)31(4,5)44-29/h7,9-13,23,25-26,29,34-36H,8H2,1-6H3,(H2,32,39)(H,33,37)/p-1/t23-,25+,26-,29-/m1/s1",CO[C@@H]1[C@@H](OC(=N)O)[C@@H](O)[C@H](Oc2ccc3c(O)c(NC(=O)c4ccc([O-])c(CC=C(C)C)c4)c(=O)oc3c2C)OC1(C)C
moenomycin,"InChI=1S/C69H107N4O35P/c1-30(2)15-14-17-31(3)18-19-33(5)22-25-68(9,10)24-13-12-16-32(4)23-26-96-41(60(88)89)29-98-109(94,95)108-66-56(57(107-67(70)92)69(11,93)58(106-66)61(90)91)105-63-44(72-36(8)76)47(81)54(40(101-63)28-97-64-51(85)48(82)45(79)39(27-74)100-64)103-62-43(71-35(7)75)46(80)53(34(6)99-62)102-65-52(86)49(83)50(84)55(104-65)59(87)73-42-37(77)20-21-38(42)78/h13,15,18,23-24,34,39-41,43-58,62-66,74,77,79-86,93H,5,12,14,16-17,19-22,25-29H2,1-4,6-11H3,(H2,70,92)(H,71,75)(H,72,76)(H,73,87)(H,88,89)(H,90,91)(H,94,95)/p-3/b24-13+,31-18+,32-23+/t34-,39-,40-,41-,43-,44-,45-,46-,47-,48+,49+,50-,51-,52-,53-,54-,55+,56-,57-,58-,62+,63+,64-,65-,66-,69+/m1/s1",C=C(C/C=C(/C)CCC=C(C)C)CCC(C)(C)/C=C/CC/C(C)=C\CO[C@H](COP(=O)(O)O[C@H]1O[C@H](C(=O)O)[C@@](C)(O)[C@H](OC(=N)O)[C@H]1O[C@@H]1O[C@H](CO[C@@H]2O[C@H](CO)[C@@H](O)[C@H](O)[C@H]2O)[C@@H](O[C@@H]2O[C@H](C)[C@@H](O[C@@H]3O[C@H](C(O)=NC4=C([O-])CCC4=O)[C@H](O)[C@H](O)[C@H]3O)[C@H](O)[C@H]2N=C(C)[O-])[C@H](O)[C@H]1N=C(C)[O-])C(=O)O
thiolactomycin,"InChI=1S/C11H14O2S/c1-5-7(2)6-11(4)9(12)8(3)10(13)14-11/h5-6,13H,1H2,2-4H3/b7-6+/t11-/m1/s1",C=C/C(C)=C\[C@@]1(C)SC(O)=C(C)C1=O
fosmidomycin,"InChI=1S/C4H10NO5P/c6-4-5(7)2-1-3-11(8,9)10/h4,7H,1-3H2,(H2,8,9,10)/p-1",O=CN(O)CCCP(=O)([O-])O
fosfomycin,"InChI=1S/C3H7O4P/c1-2-3(7-2)8(4,5)6/h2-3H,1H3,(H2,4,5,6)/p-1/t2-,3+/m0/s1",C[C@@H]1O[C@@H]1P(=O)([O-])O
chloramphenicol,"InChI=1S/C11H12Cl2N2O5/c12-10(13)11(18)14-8(5-16)9(17)6-1-3-7(4-2-6)15(19)20/h1-4,8-10,16-17H,5H2,(H,14,18)/t8-,9-/m1/s1",O=[N+]([O-])c1ccc([C@@H](O)[C@@H](CO)N=C(O)C(Cl)Cl)cc1
ristocetin,"InChI=1S/C95H110N8O44/c1-30-47(109)18-37-20-49(30)139-50-19-35(9-16-46(50)108)59(97)84(125)102-64-68(113)33-5-11-40(12-6-33)137-52-21-38-22-53(81(52)145-95-83(76(121)72(117)56(143-95)29-134-91-78(123)73(118)67(112)32(3)136-91)147-94-82(75(120)71(116)55(27-105)142-94)146-92-77(122)69(114)48(110)28-133-92)138-41-13-7-34(8-14-41)80(144-57-25-44(96)66(111)31(2)135-57)65-89(130)101-63(90(131)132-4)43-23-39(106)24-51(140-93-79(124)74(119)70(115)54(26-104)141-93)58(43)42-17-36(10-15-45(42)107)60(85(126)103-65)98-87(128)62(38)99-86(127)61(37)100-88(64)129/h5-24,31-32,44,48,54-57,59-80,82-83,91-95,104-124H,25-29,96-97H2,1-4H3,(H,98,128)(H,99,127)(H,100,129)(H,101,130)(H,102,125)(H,103,126)/p+2/t31-,32-,44+,48+,54+,55-,56+,57+,59+,60+,61-,62+,63-,64+,65-,66-,67-,68+,69+,70+,71-,72+,73+,74-,75+,76-,77-,78+,79-,80+,82+,83+,91?,92-,93+,94-,95-/m0/s1",COC(=O)[C@H]1N=C(O)[C@H]2N=C(O)[C@H](N=C(O)[C@@H]3N=C(O)[C@H]4N=C(O)[C@H](N=C(O)[C@H]([NH3+])c5ccc(O)c(c5)Oc5cc4cc(O)c5C)[C@H](O)c4ccc(cc4)Oc4cc3cc(c4O[C@@H]3O[C@H](COC4O[C@@H](C)[C@H](O)[C@@H](O)[C@H]4O)[C@@H](O)[C@H](O)[C@H]3O[C@@H]3O[C@@H](CO)[C@H](O)[C@@H](O)[C@H]3O[C@@H]3OC[C@@H](O)[C@@H](O)[C@@H]3O)Oc3ccc(cc3)[C@H]2O[C@@H]2C[C@@H]([NH3+])[C@@H](O)[C@H](C)O2)c2ccc(O)c(c2)-c2c(O[C@@H]3O[C@H](CO)[C@@H](O)[C@H](O)[C@@H]3O)cc(O)cc21
pseudomonate A,"InChI=1S/C26H44O9/c1-16(13-23(30)33-11-9-7-5-4-6-8-10-22(28)29)12-20-25(32)24(31)19(15-34-20)14-21-26(35-21)17(2)18(3)27/h13,17-21,24-27,31-32H,4-12,14-15H2,1-3H3,(H,28,29)/p-1/b16-13+/t17-,18-,19-,20-,21?,24+,25-,26?/m0/s1",C/C(=C\C(=O)OCCCCCCCCC(=O)[O-])C[C@@H]1OC[C@H](CC2OC2[C@@H](C)[C@H](C)O)[C@@H](O)[C@H]1O
deoxynybomycin,"InChI=1S/C16H14N2O3/c1-8-4-12(19)17(3)14-10(8)6-11-9(2)5-13(20)18-7-21-16(14)15(11)18/h4-6H,7H2,1-3H3",Cc1cc(=O)n(C)c2c3c4c(cc12)c(C)cc(=O)n4CO3
penem CGP31608,"InChI=1S/C9H12N2O4S/c1-3(12)5-7(13)11-6(9(14)15)4(2-10)16-8(5)11/h3,5,8,12H,2,10H2,1H3,(H,14,15)",CC(O)C1C(=O)N2C(C(=O)O)=C(CN)SC12
azinomycin B,"InChI=1S/C31H33N3O11/c1-14-7-6-8-18-19(14)9-17(42-5)10-20(18)30(41)45-27(31(4)13-43-31)29(40)33-23(28(39)32-21(12-35)15(2)36)24-26(44-16(3)37)25(38)22-11-34(22)24/h6-10,12,22,25-27,35,38H,11,13H2,1-5H3,(H,32,39)(H,33,40)/b21-12-,24-23+/t22-,25+,26+,27+,31-,34?/m0/s1",COc1cc(C(=O)O[C@H](C(O)=NC(C(O)=N/C(=C/O)C(C)=O)=C2[C@@H](OC(C)=O)[C@H](O)[C@@H]3CN23)[C@]2(C)CO2)c2cccc(C)c2c1
acetaldehyde,"InChI=1S/C2H4O/c1-2-3/h2H,1H3",CC=O
dicoumarol,"InChI=1S/C19H12O6/c20-16-10-5-1-3-7-14(10)24-18(22)12(16)9-13-17(21)11-6-2-4-8-15(11)25-19(13)23/h1-8,20-21H,9H2",O=c1oc2ccccc2c(O)c1Cc1c(O)c2ccccc2oc1=O
3-deoxy-D-arabino-heptulopyranuronate 7-phosphate,"InChI=1S/C7H13O10P/c8-3-1-7(12,6(10)11)17-4(5(3)9)2-16-18(13,14)15/h3-5,8-9,12H,1-2H2,(H,10,11)(H2,13,14,15)/p-3/t3-,4-,5+,7-/m1/s1",O=C([O-])[C@@]1(O)C[C@@H](O)[C@H](O)[C@@H](COP(=O)([O-])[O-])O1
2-<i>O</i>-methyl cyclic 3-deoxy-D-arabino-heptulosonate 7-phosphate,"InChI=1S/C8H15O10P/c1-16-8(7(11)12)2-4(9)6(10)5(18-8)3-17-19(13,14)15/h4-6,9-10H,2-3H2,1H3,(H,11,12)(H2,13,14,15)/p-3/t4-,5-,6+,8-/m1/s1",CO[C@]1(C(=O)[O-])C[C@@H](O)[C@H](O)[C@@H](COP(=O)([O-])[O-])O1
4-phospho-D-erythronate,"InChI=1S/C4H9O8P/c5-2(3(6)4(7)8)1-12-13(9,10)11/h2-3,5-6H,1H2,(H,7,8)(H2,9,10,11)/p-3/t2-,3-/m1/s1",O=C([O-])[C@H](O)[C@H](O)COP(=O)([O-])[O-]
D-erythrose 4-phosphate,"InChI=1S/C4H9O7P/c5-1-3(6)4(7)2-11-12(8,9)10/h1,3-4,6-7H,2H2,(H2,8,9,10)/p-2/t3-,4+/m0/s1",O=C[C@H](O)[C@H](O)COP(=O)([O-])[O-]
2-deoxy-D-glucose 6-phosphate,"InChI=1S/C6H13O8P/c7-3-1-5(8)14-4(6(3)9)2-13-15(10,11)12/h3-9H,1-2H2,(H2,10,11,12)/p-2/t3-,4-,5?,6+/m1/s1",O=P([O-])([O-])OC[C@H]1OC(O)C[C@@H](O)[C@@H]1O
5-phospho-&alpha;-D-ribose 1-diphosphate,"InChI=1S/C5H13O14P3/c6-3-2(1-16-20(8,9)10)17-5(4(3)7)18-22(14,15)19-21(11,12)13/h2-7H,1H2,(H,14,15)(H2,8,9,10)(H2,11,12,13)/p-5/t2-,3-,4-,5-/m1/s1",O=P([O-])([O-])OC[C@H]1O[C@H](OP(=O)([O-])OP(=O)([O-])[O-])[C@H](O)[C@@H]1O
glycerone phosphate,"InChI=1S/C3H7O6P/c4-1-3(5)2-9-10(6,7)8/h4H,1-2H2,(H2,6,7,8)/p-2",O=C(CO)COP(=O)([O-])[O-]
maltotetraose,"InChI=1S/C24H42O21/c25-1-5-9(29)10(30)15(35)22(40-5)44-19-7(3-27)42-24(17(37)12(19)32)45-20-8(4-28)41-23(16(36)13(20)33)43-18-6(2-26)39-21(38)14(34)11(18)31/h5-38H,1-4H2/t5-,6-,7-,8-,9-,10+,11-,12-,13-,14-,15-,16-,17-,18-,19-,20-,21?,22-,23-,24-/m1/s1",OC[C@H]1O[C@H](O[C@H]2[C@H](O)[C@@H](O)[C@@H](O[C@H]3[C@H](O)[C@@H](O)[C@@H](O[C@H]4[C@H](O)[C@@H](O)C(O)O[C@@H]4CO)O[C@@H]3CO)O[C@@H]2CO)[C@H](O)[C@@H](O)[C@@H]1O
acarbose,"InChI=1S/C25H43NO18/c1-6-11(26-8-2-7(3-27)12(30)15(33)13(8)31)14(32)19(37)24(40-6)43-22-10(5-29)42-25(20(38)17(22)35)44-21-9(4-28)41-23(39)18(36)16(21)34/h2,6,8-39H,3-5H2,1H3/t6-,8+,9-,10-,11-,12-,13+,14+,15+,16-,17-,18-,19-,20-,21-,22-,23?,24-,25-/m1/s1",C[C@H]1O[C@H](O[C@H]2[C@H](O)[C@@H](O)[C@@H](O[C@H]3[C@H](O)[C@@H](O)C(O)O[C@@H]3CO)O[C@@H]2CO)[C@H](O)[C@@H](O)[C@@H]1N[C@H]1C=C(CO)[C@@H](O)[C@H](O)[C@H]1O
"N,N',N'',N'''-tetraacetyl chitotetraose","InChI=1S/C32H54N4O21/c1-9(41)33-17-23(47)26(14(6-38)51-29(17)50)55-31-19(35-11(3)43)25(49)28(16(8-40)53-31)57-32-20(36-12(4)44)24(48)27(15(7-39)54-32)56-30-18(34-10(2)42)22(46)21(45)13(5-37)52-30/h13-32,37-40,45-50H,5-8H2,1-4H3,(H,33,41)(H,34,42)(H,35,43)(H,36,44)/t13-,14-,15-,16-,17-,18-,19-,20-,21-,22-,23-,24-,25-,26-,27-,28-,29?,30+,31+,32+/m1/s1",CC(O)=N[C@H]1[C@H](O[C@H]2[C@H](O)[C@@H](N=C(C)O)C(O)O[C@@H]2CO)O[C@H](CO)[C@@H](O[C@@H]2O[C@H](CO)[C@@H](O[C@@H]3O[C@H](CO)[C@@H](O)[C@H](O)[C@H]3N=C(C)O)[C@H](O)[C@H]2N=C(C)O)[C@@H]1O
cyclobis-(1&rarr;6)-&alpha;-nigerosyl,"InChI=1S/C24H40O20/c25-1-5-11(29)19-17(35)21(39-5)37-3-7-9(27)14(32)16(34)24(42-7)44-20-12(30)6(2-26)40-22(18(20)36)38-4-8-10(28)13(31)15(33)23(41-8)43-19/h5-36H,1-4H2/t5-,6-,7-,8-,9-,10-,11-,12-,13+,14+,15-,16-,17-,18-,19+,20+,21+,22+,23-,24-/m1/s1",OC[C@H]1O[C@@H]2OC[C@H]3O[C@H](O[C@@H]4[C@@H](O)[C@@H](OC[C@H]5O[C@H](O[C@H]([C@H]2O)[C@@H]1O)[C@H](O)[C@@H](O)[C@@H]5O)O[C@H](CO)[C@H]4O)[C@H](O)[C@@H](O)[C@@H]3O
stachyose,"InChI=1S/C24H42O21/c25-1-6-10(28)14(32)17(35)21(41-6)39-3-8-11(29)15(33)18(36)22(42-8)40-4-9-12(30)16(34)19(37)23(43-9)45-24(5-27)20(38)13(31)7(2-26)44-24/h6-23,25-38H,1-5H2/t6-,7-,8-,9-,10+,11+,12-,13-,14+,15+,16+,17-,18-,19-,20+,21+,22+,23-,24+/m1/s1",OC[C@H]1O[C@H](OC[C@H]2O[C@H](OC[C@H]3O[C@H](O[C@]4(CO)O[C@H](CO)[C@@H](O)[C@@H]4O)[C@H](O)[C@@H](O)[C@@H]3O)[C@H](O)[C@@H](O)[C@H]2O)[C@H](O)[C@@H](O)[C@H]1O
Und-PP-[&beta;-D-GlcNAc-(1&rarr;4)]-MurNAc-L-Ala-&gamma;-D-Glu-<i>meso</i>-DAP-D-Ala-D-Ala,"InChI=1S/C95H156N8O28P2/c1-58(2)30-19-31-59(3)32-20-33-60(4)34-21-35-61(5)36-22-37-62(6)38-23-39-63(7)40-24-41-64(8)42-25-43-65(9)44-26-45-66(10)46-27-47-67(11)48-28-49-68(12)54-55-125-132(121,122)131-133(123,124)130-95-82(101-74(18)107)86(85(79(57-105)128-95)129-94-81(100-73(17)106)84(110)83(109)78(56-104)127-94)126-72(16)89(113)97-70(14)88(112)103-77(93(119)120)52-53-80(108)102-76(51-29-50-75(96)92(117)118)90(114)98-69(13)87(111)99-71(15)91(115)116/h30,32,34,36,38,40,42,44,46,48,54,69-72,75-79,81-86,94-95,104-105,109-110H,19-29,31,33,35,37,39,41,43,45,47,49-53,55-57,96H2,1-18H3,(H,97,113)(H,98,114)(H,99,111)(H,100,106)(H,101,107)(H,102,108)(H,103,112)(H,115,116)(H,117,118)(H,119,120)(H,121,122)(H,123,124)/p-4/b59-32+,60-34+,61-36-,62-38-,63-40-,64-42-,65-44-,66-46-,67-48-,68-54-/t69-,70+,71-,72-,75-,76+,77-,78-,79-,81-,82-,83-,84-,85-,86-,94+,95-/m1/s1",CC(C)=CCC/C(C)=C\CC/C(C)=C\CC/C(C)=C/CC/C(C)=C/CC/C(C)=C/CC/C(C)=C/CC/C(C)=C/CC/C(C)=C/CC/C(C)=C/CC/C(C)=C/COP(=O)(O)OP(=O)(O)O[C@H]1O[C@H](CO)[C@@H](O[C@@H]2O[C@H](CO)[C@@H](O)[C@H](O)[C@H]2N=C(C)[O-])[C@H](O[C@H](C)C(O)=N[C@@H](C)C(O)=N[C@H](CCC([O-])=N[C@@H](CCC[C@@H](N)C(=O)O)C(O)=N[C@H](C)C([O-])=N[C@H](C)C(=O)O)C(=O)O)[C@H]1N=C(C)[O-]
Und-PP-[&beta;-D-GlcNAc-(1&rarr;4)]-MurNAc-L-Ala-&gamma;-D-Glu-(6-N-&beta;-D-Asp)-L-Lys-D-Ala-D-Ala,"InChI=1S/C98H161N9O29P2/c1-60(2)31-21-32-61(3)33-22-34-62(4)35-23-36-63(5)37-24-38-64(6)39-25-40-65(7)41-26-42-66(8)43-27-44-67(9)45-28-46-68(10)47-29-48-69(11)49-30-50-70(12)54-56-130-137(126,127)136-138(128,129)135-98-85(105-76(18)111)89(88(81(59-109)133-98)134-97-84(104-75(17)110)87(115)86(114)80(58-108)132-97)131-74(16)92(118)101-72(14)91(117)107-79(96(124)125)52-53-82(112)106-78(51-19-20-55-100-83(113)57-77(99)95(122)123)93(119)102-71(13)90(116)103-73(15)94(120)121/h31,33,35,37,39,41,43,45,47,49,54,71-74,77-81,84-89,97-98,108-109,114-115H,19-30,32,34,36,38,40,42,44,46,48,50-53,55-59,99H2,1-18H3,(H,100,113)(H,101,118)(H,102,119)(H,103,116)(H,104,110)(H,105,111)(H,106,112)(H,107,117)(H,120,121)(H,122,123)(H,124,125)(H,126,127)(H,128,129)/p-4/b61-33+,62-35+,63-37-,64-39-,65-41-,66-43-,67-45-,68-47-,69-49-,70-54-/t71-,72+,73-,74-,77-,78+,79-,80-,81-,84-,85-,86-,87-,88-,89-,97+,98-/m1/s1",CC(C)=CCC/C(C)=C\CC/C(C)=C\CC/C(C)=C/CC/C(C)=C/CC/C(C)=C/CC/C(C)=C/CC/C(C)=C/CC/C(C)=C/CC/C(C)=C/CC/C(C)=C/COP(=O)(O)OP(=O)(O)O[C@H]1O[C@H](CO)[C@@H](O[C@@H]2O[C@H](CO)[C@@H](O)[C@H](O)[C@H]2N=C(C)[O-])[C@H](O[C@H](C)C(O)=N[C@@H](C)C(O)=N[C@H](CCC([O-])=N[C@@H](CCCCN=C([O-])C[C@@H](N)C(=O)O)C(O)=N[C@H](C)C(O)=N[C@H](C)C(=O)O)C(=O)O)[C@H]1N=C(C)[O-]
triglycylspermidine,"InChI=1S/C13H28N6O3/c14-4-3-6-16-5-1-2-7-17-12(21)9-19-13(22)10-18-11(20)8-15/h16H,1-10,14-15H2,(H,17,21)(H,18,20)(H,19,22)/p+3",[NH3+]CCC[NH2+]CCCCN=C(O)CN=C(O)CN=C(O)C[NH3+]
methanethiol,"InChI=1S/CH4S/c1-2/h2H,1H3",CS
NADH,"InChI=1S/C21H29N7O14P2/c22-17-12-19(25-7-24-17)28(8-26-12)21-16(32)14(30)11(41-21)6-39-44(36,37)42-43(34,35)38-5-10-13(29)15(31)20(40-10)27-3-1-2-9(4-27)18(23)33/h1,3-4,7-8,10-11,13-16,20-21,29-32H,2,5-6H2,(H2,23,33)(H,34,35)(H,36,37)(H2,22,24,25)/p-2/t10-,11-,13-,14-,15-,16-,20-,21-/m1/s1",N=C([O-])C1=CN([C@@H]2O[C@H](COP(=O)([O-])OP(=O)(O)OC[C@H]3O[C@@H](n4cnc5c(N)ncnc54)[C@H](O)[C@@H]3O)[C@@H](O)[C@H]2O)C=CC1
NADPH,"InChI=1S/C21H30N7O17P3/c22-17-12-19(25-7-24-17)28(8-26-12)21-16(44-46(33,34)35)14(30)11(43-21)6-41-48(38,39)45-47(36,37)40-5-10-13(29)15(31)20(42-10)27-3-1-2-9(4-27)18(23)32/h1,3-4,7-8,10-11,13-16,20-21,29-31H,2,5-6H2,(H2,23,32)(H,36,37)(H,38,39)(H2,22,24,25)(H2,33,34,35)/p-4/t10-,11-,13-,14-,15-,16-,20-,21-/m1/s1",N=C([O-])C1=CN([C@@H]2O[C@H](COP(=O)([O-])OP(=O)(O)OC[C@H]3O[C@@H](n4cnc5c(N)ncnc54)[C@H](OP(=O)([O-])[O-])[C@@H]3O)[C@@H](O)[C@H]2O)C=CC1
nitric oxide,InChI=1S/NO/c1-2,N=O
&beta;-alanine,"InChI=1S/C3H7NO2/c4-2-1-3(5)6/h1-2,4H2,(H,5,6)",NCCC(=O)O
serotonin,"InChI=1S/C10H12N2O/c11-4-3-7-6-12-10-2-1-8(13)5-9(7)10/h1-2,5-6,12-13H,3-4,11H2/p+1",[NH3+]CCc1c[nH]c2ccc(O)cc12
acetyl-CoA,"InChI=1S/C23H38N7O17P3S/c1-12(31)51-7-6-25-14(32)4-5-26-21(35)18(34)23(2,3)9-44-50(41,42)47-49(39,40)43-8-13-17(46-48(36,37)38)16(33)22(45-13)30-11-29-15-19(24)27-10-28-20(15)30/h10-11,13,16-18,22,33-34H,4-9H2,1-3H3,(H,25,32)(H,26,35)(H,39,40)(H,41,42)(H2,24,27,28)(H2,36,37,38)/p-4/t13-,16-,17-,18+,22-/m1/s1",CC(=O)SCCN=C([O-])CCN=C([O-])[C@H](O)C(C)(C)COP(=O)(O)OP(=O)(O)OC[C@H]1O[C@@H](n2cnc3c(N)ncnc32)[C@H](O)[C@@H]1OP(=O)([O-])[O-]
guanosine 5'-monophosphomorpholidate,"InChI=1S/C14H21N6O8P/c15-14-17-11-8(12(23)18-14)16-6-20(11)13-10(22)9(21)7(28-13)5-27-29(24,25)19-1-3-26-4-2-19/h6-7,9-10,13,21-22H,1-5H2,(H,24,25)(H3,15,17,18,23)/p-1/t7-,9-,10-,13-/m1/s1",N=c1nc([O-])c2ncn([C@@H]3O[C@H](COP(=O)(O)N4CCOCC4)[C@@H](O)[C@H]3O)c2[nH]1
adenosine 5'-phosphoramidate,"InChI=1S/C10H15N6O6P/c11-8-5-9(14-2-13-8)16(3-15-5)10-7(18)6(17)4(22-10)1-21-23(12,19)20/h2-4,6-7,10,17-18H,1H2,(H2,11,13,14)(H3,12,19,20)/p-1/t4-,6-,7-,10-/m1/s1",Nc1ncnc2c1ncn2[C@@H]1O[C@H](COP(N)(=O)[O-])[C@@H](O)[C@H]1O
GMP-N-&epsilon;-(N-&alpha;-acetyl lysine methyl ester) 5'-phosphoramidate,"InChI=1S/C19H30N7O10P/c1-9(27)23-10(18(31)34-2)5-3-4-6-22-37(32,33)35-7-11-13(28)14(29)17(36-11)26-8-21-12-15(26)24-19(20)25-16(12)30/h8,10-11,13-14,17,28-29H,3-7H2,1-2H3,(H,23,27)(H2,22,32,33)(H3,20,24,25,30)/p-1/t10-,11+,13+,14+,17+/m0/s1",COC(=O)[C@H](CCCCNP(=O)(O)OC[C@H]1O[C@@H](n2cnc3c(O)nc(=N)[nH]c32)[C@H](O)[C@@H]1O)N=C(C)[O-]
AMP-N-&epsilon;-(N-&alpha;-acetyl lysine methyl ester) 5-phosphoramidate,"InChI=1S/C19H30N7O9P/c1-10(27)25-11(19(30)33-2)5-3-4-6-24-36(31,32)34-7-12-14(28)15(29)18(35-12)26-9-23-13-16(20)21-8-22-17(13)26/h8-9,11-12,14-15,18,28-29H,3-7H2,1-2H3,(H,25,27)(H2,20,21,22)(H2,24,31,32)/p-1/t11-,12+,14+,15+,18+/m0/s1",COC(=O)[C@H](CCCCNP(=O)(O)OC[C@H]1O[C@@H](n2cnc3c(N)ncnc32)[C@H](O)[C@@H]1O)N=C(C)[O-]
"adenosine 2',3'-cyclic monophosphate","InChI=1S/C10H12N5O6P/c11-8-5-9(13-2-12-8)15(3-14-5)10-7-6(4(1-16)19-10)20-22(17,18)21-7/h2-4,6-7,10,16H,1H2,(H,17,18)(H2,11,12,13)/p-1/t4-,6-,7-,10-/m1/s1",Nc1ncnc2c1ncn2[C@@H]1O[C@H](CO)[C@H]2OP(=O)([O-])O[C@H]21
"guanosine 2',3'-cyclic monophosphate","InChI=1S/C10H12N5O7P/c11-10-13-7-4(8(17)14-10)12-2-15(7)9-6-5(3(1-16)20-9)21-23(18,19)22-6/h2-3,5-6,9,16H,1H2,(H,18,19)(H3,11,13,14,17)/p-1/t3-,5-,6-,9-/m1/s1",N=c1nc([O-])c2ncn([C@@H]3O[C@H](CO)[C@H]4OP(=O)(O)O[C@H]43)c2[nH]1
5-bromo-2'-deoxyuridine,"InChI=1S/C9H11BrN2O5/c10-4-2-12(9(16)11-8(4)15)7-1-5(14)6(3-13)17-7/h2,5-7,13-14H,1,3H2,(H,11,15,16)/t5-,6+,7+/m0/s1",O=c1nc(O)c(Br)cn1[C@H]1C[C@H](O)[C@@H](CO)O1
5'-azido-5'-deoxyuridine,"InChI=1S/C9H11N5O5/c10-13-11-3-4-6(16)7(17)8(19-4)14-2-1-5(15)12-9(14)18/h1-2,4,6-8,16-17H,3H2,(H,12,15,18)/t4-,6-,7-,8-/m1/s1",[N-]=[N+]=NC[C@H]1O[C@@H](n2ccc(O)nc2=O)[C@H](O)[C@@H]1O
2-thiouridine,"InChI=1S/C9H12N2O5S/c12-3-4-6(14)7(15)8(16-4)11-2-1-5(13)10-9(11)17/h1-2,4,6-8,12,14-15H,3H2,(H,10,13,17)/t4-,6-,7-,8-/m1/s1",OC[C@H]1O[C@@H](n2ccc(O)nc2=S)[C@H](O)[C@@H]1O
5'-iodo-5'-deoxyuridine,"InChI=1S/C9H11IN2O5/c10-3-4-6(14)7(15)8(17-4)12-2-1-5(13)11-9(12)16/h1-2,4,6-8,14-15H,3H2,(H,11,13,16)/t4-,6-,7-,8-/m1/s1",O=c1nc(O)ccn1[C@@H]1O[C@H](CI)[C@@H](O)[C@H]1O
5'-amino-5'-deoxyuridine,"InChI=1S/C9H13N3O5/c10-3-4-6(14)7(15)8(17-4)12-2-1-5(13)11-9(12)16/h1-2,4,6-8,14-15H,3,10H2,(H,11,13,16)/p+1/t4-,6-,7-,8-/m1/s1",[NH3+]C[C@H]1O[C@@H](n2ccc(O)nc2=O)[C@H](O)[C@@H]1O
NAD<sup>+</sup>,"InChI=1S/C21H27N7O14P2/c22-17-12-19(25-7-24-17)28(8-26-12)21-16(32)14(30)11(41-21)6-39-44(36,37)42-43(34,35)38-5-10-13(29)15(31)20(40-10)27-3-1-2-9(4-27)18(23)33/h1-4,7-8,10-11,13-16,20-21,29-32H,5-6H2,(H5-,22,23,24,25,33,34,35,36,37)/p-1/t10-,11-,13-,14-,15-,16-,20-,21-/m1/s1",N=C([O-])c1ccc[n+]([C@@H]2O[C@H](COP(=O)(O)OP(=O)([O-])OC[C@H]3O[C@@H](n4cnc5c(N)ncnc54)[C@H](O)[C@@H]3O)[C@@H](O)[C@H]2O)c1
NADP<sup>+</sup>,"InChI=1S/C21H28N7O17P3/c22-17-12-19(25-7-24-17)28(8-26-12)21-16(44-46(33,34)35)14(30)11(43-21)6-41-48(38,39)45-47(36,37)40-5-10-13(29)15(31)20(42-10)27-3-1-2-9(4-27)18(23)32/h1-4,7-8,10-11,13-16,20-21,29-31H,5-6H2,(H7-,22,23,24,25,32,33,34,35,36,37,38,39)/p-3/t10-,11-,13-,14-,15-,16-,20-,21-/m1/s1",N=C([O-])c1ccc[n+]([C@@H]2O[C@H](COP(=O)(O)OP(=O)([O-])OC[C@H]3O[C@@H](n4cnc5c(N)ncnc54)[C@H](OP(=O)([O-])[O-])[C@@H]3O)[C@@H](O)[C@H]2O)c1
reduced &beta;-nicotinamide D-ribonucleotide,"InChI=1S/C11H17N2O8P/c12-10(16)6-2-1-3-13(4-6)11-9(15)8(14)7(21-11)5-20-22(17,18)19/h1,3-4,7-9,11,14-15H,2,5H2,(H2,12,16)(H2,17,18,19)/p-2/t7-,8-,9-,11-/m1/s1",N=C([O-])C1=CN([C@@H]2O[C@H](COP(=O)([O-])O)[C@@H](O)[C@H]2O)C=CC1
&beta;-nicotinamide D-ribonucleotide,"InChI=1S/C11H15N2O8P/c12-10(16)6-2-1-3-13(4-6)11-9(15)8(14)7(21-11)5-20-22(17,18)19/h1-4,7-9,11,14-15H,5H2,(H3-,12,16,17,18,19)/p-1/t7-,8-,9-,11-/m1/s1",N=C([O-])c1ccc[n+]([C@@H]2O[C@H](COP(=O)([O-])O)[C@@H](O)[C@H]2O)c1
"adenosine 3',5'-bisphosphate","InChI=1S/C10H15N5O10P2/c11-8-5-9(13-2-12-8)15(3-14-5)10-6(16)7(25-27(20,21)22)4(24-10)1-23-26(17,18)19/h2-4,6-7,10,16H,1H2,(H2,11,12,13)(H2,17,18,19)(H2,20,21,22)/p-4/t4-,6-,7-,10-/m1/s1",Nc1ncnc2c1ncn2[C@@H]1O[C@H](COP(=O)([O-])[O-])[C@@H](OP(=O)([O-])[O-])[C@H]1O
acetazolamide,"InChI=1S/C4H6N4O3S2/c1-2(9)6-3-7-8-4(12-3)13(5,10)11/h1H3,(H2,5,10,11)(H,6,7,9)",CC(O)=Nc1nnc(S(N)(=O)=O)s1
N6-benzoyladenine,"InChI=1S/C12H9N5O/c18-12(8-4-2-1-3-5-8)17-11-9-10(14-6-13-9)15-7-16-11/h1-7H,(H2,13,14,15,16,17,18)",OC(=Nc1ncnc2[nH]cnc12)c1ccccc1
2-aminopurine,"InChI=1S/C5H5N5/c6-5-7-1-3-4(10-5)9-2-8-3/h1-2H,(H3,6,7,8,9,10)",N=c1[nH]cc2ncnc-2[nH]1
"2,6-diaminopurine","InChI=1S/C5H6N6/c6-3-2-4(9-1-8-2)11-5(7)10-3/h1H,(H5,6,7,8,9,10,11)",N=c1[nH]c2ncnc-2c(N)[nH]1
L-alanyl-L-leucine,"InChI=1S/C9H18N2O3/c1-5(2)4-7(9(13)14)11-8(12)6(3)10/h5-7H,4,10H2,1-3H3,(H,11,12)(H,13,14)/t6-,7-/m0/s1",CC(C)C[C@H](N=C(O)[C@H](C)N)C(=O)O
5-fluoropyrimidin-2-one-ribonucleoside,"InChI=1S/C9H11FN2O5/c10-4-1-11-9(16)12(2-4)8-7(15)6(14)5(3-13)17-8/h1-2,5-8,13-15H,3H2/t5-,6-,7-,8-/m1/s1",O=c1ncc(F)cn1[C@@H]1O[C@H](CO)[C@@H](O)[C@H]1O
L-alanyl-L-glutamate,"InChI=1S/C8H14N2O5/c1-4(9)7(13)10-5(8(14)15)2-3-6(11)12/h4-5H,2-3,9H2,1H3,(H,10,13)(H,11,12)(H,14,15)/p-1/t4-,5-/m0/s1",C[C@H](N)C(O)=N[C@@H](CCC(=O)[O-])C(=O)O
7-methylinosine,"InChI=1S/C11H14N4O5/c1-14-4-15(9-6(14)10(19)13-3-12-9)11-8(18)7(17)5(2-16)20-11/h3-5,7-8,11,16-18H,2H2,1H3/p+1/t5-,7-,8-,11-/m1/s1",C[n+]1cn([C@@H]2O[C@H](CO)[C@@H](O)[C@H]2O)c2[nH]cnc(=O)c21
L-alanyl-L-histidine,"InChI=1S/C9H14N4O3/c1-5(10)8(14)13-7(9(15)16)2-6-3-11-4-12-6/h3-5,7H,2,10H2,1H3,(H,11,12)(H,13,14)(H,15,16)/t5-,7-/m0/s1",C[C@H](N)C(O)=N[C@@H](Cc1cnc[nH]1)C(=O)O
<i>N</i><sup>7</sup>-methylguanosine,"InChI=1S/C11H15N5O5/c1-15-3-16(8-5(15)9(20)14-11(12)13-8)10-7(19)6(18)4(2-17)21-10/h3-4,6-7,10,17-19H,2H2,1H3,(H2-,12,13,14,20)/p+1/t4-,6-,7-,10-/m1/s1",C[n+]1cn([C@@H]2O[C@H](CO)[C@@H](O)[C@H]2O)c2[nH]c(=N)nc(O)c21
L-alanyl-glycine,"InChI=1S/C5H10N2O3/c1-3(6)5(10)7-2-4(8)9/h3H,2,6H2,1H3,(H,7,10)(H,8,9)/t3-/m0/s1",C[C@H](N)C(O)=NCC(=O)O
5'-deoxyadenosine,"InChI=1S/C10H13N5O3/c1-4-6(16)7(17)10(18-4)15-3-14-5-8(11)12-2-13-9(5)15/h2-4,6-7,10,16-17H,1H3,(H2,11,12,13)/t4-,6-,7-,10-/m1/s1",C[C@H]1O[C@@H](n2cnc3c(N)ncnc32)[C@H](O)[C@@H]1O
L-alanyl-D-aspartate,"InChI=1S/C7H12N2O5/c1-3(8)6(12)9-4(7(13)14)2-5(10)11/h3-4H,2,8H2,1H3,(H,9,12)(H,10,11)(H,13,14)/p-1/t3-,4+/m0/s1",C[C@H](N)C(O)=N[C@H](CC(=O)[O-])C(=O)O
1-methylinosine,"InChI=1S/C11H14N4O5/c1-14-3-13-9-6(10(14)19)12-4-15(9)11-8(18)7(17)5(2-16)20-11/h3-5,7-8,11,16-18H,2H2,1H3/t5-,7-,8-,11-/m1/s1",Cn1cnc2c(ncn2[C@@H]2O[C@H](CO)[C@@H](O)[C@H]2O)c1=O
L-alanyl-L-glutamine,"InChI=1S/C8H15N3O4/c1-4(9)7(13)11-5(8(14)15)2-3-6(10)12/h4-5H,2-3,9H2,1H3,(H2,10,12)(H,11,13)(H,14,15)/t4-,5-/m0/s1",C[C@H](N)C(O)=N[C@@H](CCC(=N)O)C(=O)O
<i>S</i>-methyl-5-thio-&alpha;-D-ribose 1-phosphate,"InChI=1S/C6H13O7PS/c1-15-2-3-4(7)5(8)6(12-3)13-14(9,10)11/h3-8H,2H2,1H3,(H2,9,10,11)/p-2/t3-,4-,5-,6-/m1/s1",CSC[C@H]1O[C@H](OP(=O)([O-])[O-])[C@H](O)[C@@H]1O
L-alanyl-L-threonine,"InChI=1S/C7H14N2O4/c1-3(8)6(11)9-5(4(2)10)7(12)13/h3-5,10H,8H2,1-2H3,(H,9,11)(H,12,13)/t3-,4+,5-/m0/s1",C[C@H](N)C(O)=N[C@H](C(=O)O)[C@@H](C)O
<i>N</i><sup>4</sup>-acetylcytidine,"InChI=1S/C11H15N3O6/c1-5(16)12-7-2-3-14(11(19)13-7)10-9(18)8(17)6(4-15)20-10/h2-3,6,8-10,15,17-18H,4H2,1H3,(H,12,13,16,19)/t6-,8-,9-,10-/m1/s1",CC(O)=Nc1ccn([C@@H]2O[C@H](CO)[C@@H](O)[C@H]2O)c(=O)n1
L-alanyl-D-glutamate,"InChI=1S/C8H14N2O5/c1-4(9)7(13)10-5(8(14)15)2-3-6(11)12/h4-5H,2-3,9H2,1H3,(H,10,13)(H,11,12)(H,14,15)/p-1/t4-,5+/m0/s1",C[C@H](N)C(O)=N[C@H](CCC(=O)[O-])C(=O)O
1-methylguanosine,"InChI=1S/C11H15N5O5/c1-15-9(20)5-8(14-11(15)12)16(3-13-5)10-7(19)6(18)4(2-17)21-10/h3-4,6-7,10,17-19H,2H2,1H3,(H2,12,14)/t4-,6-,7-,10-/m1/s1",Cn1c(=N)[nH]c2c(ncn2[C@@H]2O[C@H](CO)[C@@H](O)[C@H]2O)c1=O
L-alanyl-L-aspartate,"InChI=1S/C7H12N2O5/c1-3(8)6(12)9-4(7(13)14)2-5(10)11/h3-4H,2,8H2,1H3,(H,9,12)(H,10,11)(H,13,14)/p-1/t3-,4-/m0/s1",C[C@H](N)C(O)=N[C@@H](CC(=O)[O-])C(=O)O
pseudouridine,"InChI=1S/C9H12N2O6/c12-2-4-5(13)6(14)7(17-4)3-1-10-9(16)11-8(3)15/h1,4-7,12-14H,2H2,(H2,10,11,15,16)/t4-,5-,6-,7+/m1/s1",OC[C@H]1O[C@@H](c2cnc(O)nc2O)[C@H](O)[C@@H]1O
"N&alpha;,N&epsilon;-diacetyl-lysyl-D-alanine","InChI=1S/C13H23N3O5/c1-8(13(20)21)15-12(19)11(16-10(3)18)6-4-5-7-14-9(2)17/h8,11H,4-7H2,1-3H3,(H,14,17)(H,15,19)(H,16,18)(H,20,21)/p-1/t8-,11+/m1/s1",CC([O-])=NCCCC[C@H](N=C(C)O)C(O)=N[C@H](C)C(=O)O
adenine arabinoside,"InChI=1S/C10H13N5O4/c11-8-5-9(13-2-12-8)15(3-14-5)10-7(18)6(17)4(1-16)19-10/h2-4,6-7,10,16-18H,1H2,(H2,11,12,13)/t4-,6-,7+,10-/m1/s1",Nc1ncnc2c1ncn2[C@@H]1O[C@H](CO)[C@@H](O)[C@@H]1O
L-lysyl-L-aminoxyalanine,"InChI=1S/C9H19N3O4/c1-6(9(14)15)16-12-8(13)7(11)4-2-3-5-10/h6-7H,2-5,10-11H2,1H3,(H,12,13)(H,14,15)/p+1/t6?,7-/m0/s1",CC(ON=C(O)[C@@H](N)CCCC[NH3+])C(=O)O
<i>S</i>-methyl-5'-thioadenosine,"InChI=1S/C11H15N5O3S/c1-20-2-5-7(17)8(18)11(19-5)16-4-15-6-9(12)13-3-14-10(6)16/h3-5,7-8,11,17-18H,2H2,1H3,(H2,12,13,14)/t5-,7-,8-,11-/m1/s1",CSC[C@H]1O[C@@H](n2cnc3c(N)ncnc32)[C@H](O)[C@@H]1O
1-deoxyxylonojirimycin,"InChI=1S/C5H11NO3/c7-3-1-6-2-4(8)5(3)9/h3-9H,1-2H2/p+1/t3-,4+,5+",O[C@H]1[C@H](O)C[NH2+]C[C@@H]1O
"1,5-dideoxy-1,5-imino-D-galactitol","InChI=1S/C6H13NO4/c8-2-3-5(10)6(11)4(9)1-7-3/h3-11H,1-2H2/p+1/t3-,4+,5+,6-/m1/s1",OC[C@H]1[NH2+]C[C@H](O)[C@@H](O)[C@H]1O
decoyinine,"InChI=1S/C11H13N5O4/c1-5-7(18)8(19)11(2-17,20-5)16-4-15-6-9(12)13-3-14-10(6)16/h3-4,7-8,17-19H,1-2H2,(H2,12,13,14)/t7-,8-,11-/m1/s1",C=C1O[C@@](CO)(n2cnc3c(N)ncnc32)[C@H](O)[C@@H]1O
3'-azido-3'-deoxythymidine,"InChI=1S/C10H13N5O4/c1-5-3-15(10(18)12-9(5)17)8-2-6(13-14-11)7(4-16)19-8/h3,6-8,16H,2,4H2,1H3,(H,12,17,18)/t6-,7+,8+/m0/s1",Cc1cn([C@H]2C[C@H](N=[N+]=[N-])[C@@H](CO)O2)c(=O)nc1O
5-azacytidine,"InChI=1S/C8H12N4O5/c9-7-10-2-12(8(16)11-7)6-5(15)4(14)3(1-13)17-6/h2-6,13-15H,1H2,(H2,9,11,16)/t3-,4-,5-,6-/m1/s1",N=c1ncn([C@@H]2O[C@H](CO)[C@@H](O)[C@H]2O)c(O)n1
efrapeptin F,"InChI=1S/C82H140N18O16/c1-23-82(22,73(114)86-54(44-49(2)3)48-97-40-31-39-96-38-30-35-62(96)97)93-65(106)56(46-51(6)7)87-63(104)52(8)85-69(110)76(10,11)90-67(108)58-33-26-29-43-100(58)75(116)81(20,21)95-71(112)78(14,15)89-61(103)47-84-60(102)36-37-83-64(105)55(45-50(4)5)88-70(111)77(12,13)94-72(113)79(16,17)91-68(109)59-34-25-28-42-99(59)74(115)80(18,19)92-66(107)57-32-24-27-41-98(57)53(9)101/h49-52,54-59H,23-48H2,1-22H3,(H12-,83,84,85,86,87,88,89,90,91,92,93,94,95,102,103,104,105,106,107,108,109,110,111,112,113,114)/p+1/t52-,54-,55-,56-,57-,58-,59-,82-/m0/s1",CC[C@](C)(N=C(O)[C@H](CC(C)C)N=C(O)[C@H](C)N=C(O)C(C)(C)N=C(O)[C@@H]1CCCCN1C(=O)C(C)(C)N=C(O)C(C)(C)N=C(O)CN=C(O)CCN=C(O)[C@H](CC(C)C)N=C(O)C(C)(C)N=C(O)C(C)(C)N=C(O)[C@@H]1CCCCN1C(=O)C(C)(C)N=C(O)[C@@H]1CCCCN1C(C)=O)C(O)=N[C@@H](CC(C)C)CN1CCC[N+]2=C1CCC2
gemcitabine,"InChI=1S/C9H11F2N3O4/c10-9(11)6(16)4(3-15)18-7(9)14-2-1-5(12)13-8(14)17/h1-2,4,6-7,15-16H,3H2,(H2,12,13,17)/t4-,6-,7-/m1/s1",N=c1ccn([C@@H]2O[C@H](CO)[C@@H](O)C2(F)F)c(O)n1
<i>N</i>-acetylmuramoyl-L-alanyl-D-isoglutamine,"InChI=1S/C19H32N4O11/c1-7(17(30)23-10(16(20)29)4-5-12(26)27)21-18(31)8(2)33-15-13(22-9(3)25)19(32)34-11(6-24)14(15)28/h7-8,10-11,13-15,19,24,28,32H,4-6H2,1-3H3,(H2,20,29)(H,21,31)(H,22,25)(H,23,30)(H,26,27)/t7-,8+,10+,11+,13+,14+,15+,19+/m0/s1",CC(O)=N[C@@H]1[C@@H](O[C@H](C)C(O)=N[C@@H](C)C(O)=N[C@H](CCC(=O)O)C(=N)O)[C@H](O)[C@@H](CO)O[C@H]1O
3'-azido-3'-deoxythymidine 5'-phosphate,"InChI=1S/C10H14N5O7P/c1-5-3-15(10(17)12-9(5)16)8-2-6(13-14-11)7(22-8)4-21-23(18,19)20/h3,6-8H,2,4H2,1H3,(H,12,16,17)(H2,18,19,20)/p-2/t6-,7+,8+/m0/s1",Cc1cn([C@H]2C[C@H](N=[N+]=[N-])[C@@H](COP(=O)([O-])O)O2)c(=O)nc1[O-]
coenzyme A,"InChI=1S/C21H36N7O16P3S/c1-21(2,16(31)19(32)24-4-3-12(29)23-5-6-48)8-41-47(38,39)44-46(36,37)40-7-11-15(43-45(33,34)35)14(30)20(42-11)28-10-27-13-17(22)25-9-26-18(13)28/h9-11,14-16,20,30-31,48H,3-8H2,1-2H3,(H,23,29)(H,24,32)(H,36,37)(H,38,39)(H2,22,25,26)(H2,33,34,35)/p-4/t11-,14-,15-,16+,20-/m1/s1",CC(C)(COP(=O)(O)OP(=O)(O)OC[C@H]1O[C@@H](n2cnc3c(N)ncnc32)[C@H](O)[C@@H]1OP(=O)([O-])[O-])[C@@H](O)C([O-])=NCCC([O-])=NCCS
albicidin,"InChI=1S/C44H38N6O12/c1-23(22-24-4-14-29(51)15-5-24)39(54)46-27-10-6-26(7-11-27)41(56)50-34(20-21-45)43(58)47-28-12-8-25(9-13-28)40(55)48-32-18-16-30(35(52)37(32)61-2)42(57)49-33-19-17-31(44(59)60)36(53)38(33)62-3/h4-19,22,34,51-53H,20H2,1-3H3,(H,46,54)(H,47,58)(H,48,55)(H,49,57)(H,50,56)(H,59,60)/p-1/b23-22+/t34-/m0/s1",COc1c(N=C(O)c2ccc(NC(=O)c3ccc(NC(=O)[C@H](CC#N)NC(=O)c4ccc(NC(=O)/C(C)=C/c5ccc([O-])cc5)cc4)cc3)c(OC)c2O)ccc(C(=O)O)c1O
(<i>R</i>)-NADHX,"InChI=1S/C21H31N7O15P2/c22-17-12-19(25-6-24-17)28(7-26-12)21-16(33)14(31)10(42-21)5-40-45(37,38)43-44(35,36)39-4-9-13(30)15(32)20(41-9)27-3-8(18(23)34)1-2-11(27)29/h3,6-7,9-11,13-16,20-21,29-33H,1-2,4-5H2,(H2,23,34)(H,35,36)(H,37,38)(H2,22,24,25)/p-2/t9-,10-,11-,13-,14-,15-,16-,20-,21-/m1/s1",N=C([O-])C1=CN([C@@H]2O[C@H](COP(=O)([O-])OP(=O)(O)OC[C@H]3O[C@@H](n4cnc5c(N)ncnc54)[C@H](O)[C@@H]3O)[C@@H](O)[C@H]2O)[C@H](O)CC1
(<i>S</i>)-NADHX,"InChI=1S/C21H31N7O15P2/c22-17-12-19(25-6-24-17)28(7-26-12)21-16(33)14(31)10(42-21)5-40-45(37,38)43-44(35,36)39-4-9-13(30)15(32)20(41-9)27-3-8(18(23)34)1-2-11(27)29/h3,6-7,9-11,13-16,20-21,29-33H,1-2,4-5H2,(H2,23,34)(H,35,36)(H,37,38)(H2,22,24,25)/p-2/t9-,10-,11+,13-,14-,15-,16-,20-,21-/m1/s1",N=C([O-])C1=CN([C@@H]2O[C@H](COP(=O)([O-])OP(=O)(O)OC[C@H]3O[C@@H](n4cnc5c(N)ncnc54)[C@H](O)[C@@H]3O)[C@@H](O)[C@H]2O)[C@@H](O)CC1
quercetin,"InChI=1S/C15H10O7/c16-7-4-10(19)12-11(5-7)22-15(14(21)13(12)20)6-1-2-8(17)9(18)3-6/h1-5,16-19,21H/p-1",O=c1c(O)c(-c2ccc(O)c(O)c2)oc2cc([O-])cc(O)c12
dimethylsulfoniopropanoate,"InChI=1S/C5H10O2S/c1-8(2)4-3-5(6)7/h3-4H2,1-2H3",C[S+](C)CCC(=O)[O-]
"&alpha;,&alpha;-trehalose","InChI=1S/C12H22O11/c13-1-3-5(15)7(17)9(19)11(21-3)23-12-10(20)8(18)6(16)4(2-14)22-12/h3-20H,1-2H2/t3-,4-,5-,6-,7+,8+,9-,10-,11-,12-/m1/s1",OC[C@H]1O[C@H](O[C@H]2O[C@H](CO)[C@@H](O)[C@H](O)[C@H]2O)[C@H](O)[C@@H](O)[C@@H]1O
dipyrromethane cofactor,,C2(\NC(/CC1(\NC(/CSC[C@@H](C(=O)[a hydroxymethylbilane synthase])N[a hydroxymethylbilane synthase])=C(CC([O-])=O)/C(\CCC(=O)[O-])=1))=C(CC([O-])=O)/C(\CCC(=O)[O-])=2)
reduced factor 430,"InChI=1S/C42H52N6O13.Ni/c1-40(16-30(43)50)22(5-9-33(54)55)27-15-42-41(2,17-31(51)48-42)23(6-10-34(56)57)26(47-42)13-24-20(11-35(58)59)19(4-8-32(52)53)39(45-24)37-28(49)7-3-18-21(12-36(60)61)25(46-38(18)37)14-29(40)44-27;/h13,18-23,25,27H,3-12,14-17H2,1-2H3,(H9,43,45,46,47,48,49,50,51,52,53,54,55,56,57,58,59,60,61);/q;+1/p-6/t18-,19-,20-,21-,22+,23+,25?,27-,40-,41-,42-;/m0./s1",C[C@@]12CC([O-])=N[C@]13C[C@@H]1N=C(CC4N=C5C(=C([O-])CC[C@H]5[C@@H]4CC(=O)O)C4=NC(=CC(=N3)[C@H]2CCC(=O)[O-])[C@@H](CC(=O)O)[C@@H]4CCC(=O)[O-])[C@@](C)(CC([NH-])=O)[C@@H]1CCC(=O)[O-].[Ni+]
&alpha;-D-fructopyranose,"InChI=1S/C6H12O6/c7-2-6(11)5(10)4(9)3(8)1-12-6/h3-5,7-11H,1-2H2/t3-,4-,5+,6+/m1/s1",OC[C@]1(O)OC[C@@H](O)[C@@H](O)[C@@H]1O
&beta;-D-fructopyranose,"InChI=1S/C6H12O6/c7-2-6(11)5(10)4(9)3(8)1-12-6/h3-5,7-11H,1-2H2/t3-,4-,5+,6-/m1/s1",OC[C@@]1(O)OC[C@@H](O)[C@@H](O)[C@@H]1O
"P<sup>1</sup>,P<sup>4</sup>-<i>bis</i>(5'-guanosyl) tetraphosphate","InChI=1S/C20H28N10O21P4/c21-19-25-13-7(15(35)27-19)23-3-29(13)17-11(33)9(31)5(47-17)1-45-52(37,38)49-54(41,42)51-55(43,44)50-53(39,40)46-2-6-10(32)12(34)18(48-6)30-4-24-8-14(30)26-20(22)28-16(8)36/h3-6,9-12,17-18,31-34H,1-2H2,(H,37,38)(H,39,40)(H,41,42)(H,43,44)(H3,21,25,27,35)(H3,22,26,28,36)/p-4/t5-,6-,9-,10-,11-,12-,17-,18-/m1/s1",N=c1nc([O-])c2ncn([C@@H]3O[C@H](COP(=O)([O-])OP(=O)(O)OP(=O)(O)OP(=O)([O-])OC[C@H]4O[C@@H](n5cnc6c([O-])nc(=N)[nH]c65)[C@H](O)[C@@H]4O)[C@@H](O)[C@H]3O)c2[nH]1
&beta;-D-galactofuranose,"InChI=1S/C6H12O6/c7-1-2(8)5-3(9)4(10)6(11)12-5/h2-11H,1H2/t2-,3-,4-,5+,6-/m1/s1",OC[C@@H](O)[C@@H]1O[C@@H](O)[C@H](O)[C@H]1O
&alpha;-D-galactofuranose,"InChI=1S/C6H12O6/c7-1-2(8)5-3(9)4(10)6(11)12-5/h2-11H,1H2/t2-,3-,4-,5+,6+/m1/s1",OC[C@@H](O)[C@@H]1O[C@H](O)[C@H](O)[C@H]1O
&beta;-D-rhamnopyranose,"InChI=1S/C6H12O5/c1-2-3(7)4(8)5(9)6(10)11-2/h2-10H,1H3/t2-,3-,4+,5+,6-/m1/s1",C[C@H]1O[C@@H](O)[C@@H](O)[C@@H](O)[C@@H]1O
&alpha;-D-rhamnopyranose,"InChI=1S/C6H12O5/c1-2-3(7)4(8)5(9)6(10)11-2/h2-10H,1H3/t2-,3-,4+,5+,6+/m1/s1",C[C@H]1O[C@H](O)[C@@H](O)[C@@H](O)[C@@H]1O
&alpha;-L-fucopyranose,"InChI=1S/C6H12O5/c1-2-3(7)4(8)5(9)6(10)11-2/h2-10H,1H3/t2-,3+,4+,5-,6+/m0/s1",C[C@@H]1O[C@@H](O)[C@@H](O)[C@H](O)[C@@H]1O
&beta;-L-fucopyranose,"InChI=1S/C6H12O5/c1-2-3(7)4(8)5(9)6(10)11-2/h2-10H,1H3/t2-,3+,4+,5-,6-/m0/s1",C[C@@H]1O[C@H](O)[C@@H](O)[C@H](O)[C@@H]1O
<i>aldehydo</i>-L-fucose,"InChI=1S/C6H12O5/c1-3(8)5(10)6(11)4(9)2-7/h2-6,8-11H,1H3/t3-,4+,5+,6-/m0/s1",C[C@H](O)[C@@H](O)[C@@H](O)[C@H](O)C=O
&beta;-L-rhamnopyranose,"InChI=1S/C6H12O5/c1-2-3(7)4(8)5(9)6(10)11-2/h2-10H,1H3/t2-,3-,4+,5+,6-/m0/s1",C[C@@H]1O[C@H](O)[C@H](O)[C@H](O)[C@H]1O
&alpha;-L-rhamnopyranose,"InChI=1S/C6H12O5/c1-2-3(7)4(8)5(9)6(10)11-2/h2-10H,1H3/t2-,3-,4+,5+,6+/m0/s1",C[C@@H]1O[C@@H](O)[C@H](O)[C@H](O)[C@H]1O
<i>trans</i>-resveratrol,"InChI=1S/C14H12O3/c15-12-5-3-10(4-6-12)1-2-11-7-13(16)9-14(17)8-11/h1-9,15-17H/b2-1+",Oc1ccc(/C=C/c2cc(O)cc(O)c2)cc1
"UDP-2-N,3-O-bis[(3R)-3-hydroxytetradecanoyl]-&alpha;-D-glucosamine","InChI=1S/C43H77N3O20P2/c1-3-5-7-9-11-13-15-17-19-21-29(48)25-34(51)44-36-40(64-35(52)26-30(49)22-20-18-16-14-12-10-8-6-4-2)38(54)31(27-47)63-42(36)65-68(59,60)66-67(57,58)61-28-32-37(53)39(55)41(62-32)46-24-23-33(50)45-43(46)56/h23-24,29-32,36-42,47-49,53-55H,3-22,25-28H2,1-2H3,(H,44,51)(H,57,58)(H,59,60)(H,45,50,56)/p-2/t29-,30-,31-,32-,36-,37-,38-,39-,40-,41-,42-/m1/s1",CCCCCCCCCCC[C@@H](O)CC(=O)O[C@H]1[C@H](O)[C@@H](CO)O[C@H](OP(=O)(O)OP(=O)(O)OC[C@H]2O[C@@H](n3ccc([O-])nc3=O)[C@H](O)[C@@H]2O)[C@@H]1N=C([O-])C[C@H](O)CCCCCCCCCCC
UDP-3-<i>O</i>-[(3<i>R</i>)-3-hydroxymyristoyl]-<i>N</i>-acetyl-&alpha;-D-glucosamine,"InChI=1S/C31H53N3O19P2/c1-3-4-5-6-7-8-9-10-11-12-19(37)15-23(39)51-28-24(32-18(2)36)30(50-20(16-35)26(28)41)52-55(46,47)53-54(44,45)48-17-21-25(40)27(42)29(49-21)34-14-13-22(38)33-31(34)43/h13-14,19-21,24-30,35,37,40-42H,3-12,15-17H2,1-2H3,(H,32,36)(H,44,45)(H,46,47)(H,33,38,43)/p-2/t19-,20-,21-,24-,25-,26-,27-,28-,29-,30-/m1/s1",CCCCCCCCCCC[C@@H](O)CC(=O)O[C@H]1[C@H](O)[C@@H](CO)O[C@H](OP(=O)(O)OP(=O)(O)OC[C@H]2O[C@@H](n3ccc([O-])nc3=O)[C@H](O)[C@@H]2O)[C@@H]1N=C(C)[O-]
UDP-MurNAc-L-Ala-&gamma;-D-Glu-<i>meso</i>-DAP,"InChI=1S/C35H55N7O26P2/c1-13(28(50)40-18(33(56)57)7-8-21(45)39-17(32(54)55)6-4-5-16(36)31(52)53)37-29(51)14(2)64-27-23(38-15(3)44)34(66-19(11-43)25(27)48)67-70(61,62)68-69(59,60)63-12-20-24(47)26(49)30(65-20)42-10-9-22(46)41-35(42)58/h9-10,13-14,16-20,23-27,30,34,43,47-49H,4-8,11-12,36H2,1-3H3,(H,37,51)(H,38,44)(H,39,45)(H,40,50)(H,52,53)(H,54,55)(H,56,57)(H,59,60)(H,61,62)(H,41,46,58)/p-4/t13-,14+,16+,17-,18+,19+,20+,23+,24+,25+,26+,27+,30+,34+/m0/s1",CC([O-])=N[C@H]1[C@@H](OP(=O)(O)OP(=O)(O)OC[C@H]2O[C@@H](n3ccc([O-])nc3=O)[C@H](O)[C@@H]2O)O[C@H](CO)[C@@H](O)[C@@H]1O[C@H](C)C(O)=N[C@@H](C)C([O-])=N[C@H](CCC([O-])=N[C@@H](CCC[C@@H](N)C(=O)O)C(=O)O)C(=O)O
harmaline,"InChI=1S/C13H14N2O/c1-8-13-11(5-6-14-8)10-4-3-9(16-2)7-12(10)15-13/h3-4,7,15H,5-6H2,1-2H3",COc1ccc2c3c([nH]c2c1)C(C)=NCC3
UDP-MurNAc-L-Ala-&gamma;-D-Glu-<i>meso</i>-DAP-D-Ala-D-Ala,"InChI=1S/C41H65N9O28P2/c1-15(32(58)45-17(3)37(62)63)44-35(61)21(8-6-7-20(42)38(64)65)47-25(53)10-9-22(39(66)67)48-33(59)16(2)43-34(60)18(4)74-31-27(46-19(5)52)40(76-23(13-51)29(31)56)77-80(71,72)78-79(69,70)73-14-24-28(55)30(57)36(75-24)50-12-11-26(54)49-41(50)68/h11-12,15-18,20-24,27-31,36,40,51,55-57H,6-10,13-14,42H2,1-5H3,(H,43,60)(H,44,61)(H,45,58)(H,46,52)(H,47,53)(H,48,59)(H,62,63)(H,64,65)(H,66,67)(H,69,70)(H,71,72)(H,49,54,68)/p-4/t15-,16+,17-,18-,20-,21+,22-,23-,24-,27-,28-,29-,30-,31-,36-,40-/m1/s1",CC([O-])=N[C@H]1[C@@H](OP(=O)(O)OP(=O)(O)OC[C@H]2O[C@@H](n3ccc([O-])nc3=O)[C@H](O)[C@@H]2O)O[C@H](CO)[C@@H](O)[C@@H]1O[C@H](C)C(O)=N[C@@H](C)C(O)=N[C@H](CCC([O-])=N[C@@H](CCC[C@@H](N)C(=O)O)C(O)=N[C@H](C)C([O-])=N[C@H](C)C(=O)O)C(=O)O
betalamate,"InChI=1S/C9H9NO5/c11-2-1-5-3-6(8(12)13)10-7(4-5)9(14)15/h1-3,7,10H,4H2,(H,12,13)(H,14,15)/p-2/b5-1-/t7-/m0/s1",O=C/C=C1\C=C(C(=O)[O-])N[C@H](C(=O)[O-])C1
UDP-<i>N</i>-acetyl-&alpha;-D-muramoyl-L-alanyl-&gamma;-D-glutamyl-L-lysyl-D-alanyl-D-alanine,"InChI=1S/C40H65N9O26P2/c1-16(32(57)44-18(3)37(61)62)43-35(60)21(8-6-7-12-41)46-25(52)10-9-22(38(63)64)47-33(58)17(2)42-34(59)19(4)71-31-27(45-20(5)51)39(73-23(14-50)29(31)55)74-77(68,69)75-76(66,67)70-15-24-28(54)30(56)36(72-24)49-13-11-26(53)48-40(49)65/h11,13,16-19,21-24,27-31,36,39,50,54-56H,6-10,12,14-15,41H2,1-5H3,(H,42,59)(H,43,60)(H,44,57)(H,45,51)(H,46,52)(H,47,58)(H,61,62)(H,63,64)(H,66,67)(H,68,69)(H,48,53,65)/p-3/t16-,17+,18-,19-,21+,22-,23-,24-,27-,28-,29-,30-,31-,36-,39-/m1/s1",CC([O-])=N[C@H]1[C@@H](OP(=O)(O)OP(=O)(O)OC[C@H]2O[C@@H](n3ccc([O-])nc3=O)[C@H](O)[C@@H]2O)O[C@H](CO)[C@@H](O)[C@@H]1O[C@H](C)C(O)=N[C@@H](C)C(O)=N[C@H](CCC([O-])=N[C@@H](CCCCN)C(O)=N[C@H](C)C(O)=N[C@H](C)C(=O)O)C(=O)O
portulacaxanthin II,"InChI=1S/C18H18N2O7/c21-12-3-1-10(2-4-12)7-13(16(22)23)19-6-5-11-8-14(17(24)25)20-15(9-11)18(26)27/h1-6,8,13,15,20-21H,7,9H2,(H,22,23)(H,24,25)(H,26,27)/p-3/b11-5-,19-6-/t13-,15-/m0/s1",O=C([O-])C1=C/C(=C/C=N\[C@@H](Cc2ccc([O-])cc2)C(=O)[O-])C[C@@H](C(=O)O)N1
"5,10-methenyltetrahydrofolate mono-L-glutamate","InChI=1S/C20H21N7O6/c21-20-24-16-15(18(31)25-20)27-9-26(8-12(27)7-22-16)11-3-1-10(2-4-11)17(30)23-13(19(32)33)5-6-14(28)29/h1-4,9,12-13H,5-8H2,(H6-,21,22,23,24,25,28,29,30,31,32,33)/p-1/t12-,13+/m1/s1",N=c1nc(O)c2c([nH]1)NC[C@H]1C[N+](c3ccc(C(O)=N[C@@H](CCC(=O)[O-])C(=O)[O-])cc3)=CN21
L-malic semialdehyde,"InChI=1S/C4H6O4/c5-2-3(6)1-4(7)8/h2-3,6H,1H2,(H,7,8)/p-1/t3-/m1/s1",O=C[C@H](O)CC(=O)[O-]
thymine,"InChI=1S/C5H6N2O2/c1-3-2-6-5(9)7-4(3)8/h2H,1H3,(H2,6,7,8,9)",Cc1cnc(O)nc1O
"6-carboxy-5,6,7,8-tetrahydropterin","InChI=1S/C7H9N5O3/c8-7-11-4-3(5(13)12-7)10-2(1-9-4)6(14)15/h2,10H,1H2,(H,14,15)(H4,8,9,11,12,13)/p-1",N=c1nc([O-])c2c([nH]1)NCC(C(=O)O)N2
"(6<i>R</i>)-6-pyruvoyl-5,6,7,8-tetrahydropterin","InChI=1S/C9H11N5O3/c1-3(15)6(16)4-2-11-7-5(12-4)8(17)14-9(10)13-7/h4,12H,2H2,1H3,(H4,10,11,13,14,17)/t4-/m1/s1",CC(=O)C(=O)[C@H]1CNc2[nH]c(=N)nc(O)c2N1
CDP-choline,"InChI=1S/C14H26N4O11P2/c1-18(2,3)6-7-26-30(22,23)29-31(24,25)27-8-9-11(19)12(20)13(28-9)17-5-4-10(15)16-14(17)21/h4-5,9,11-13,19-20H,6-8H2,1-3H3,(H3-,15,16,21,22,23,24,25)/p-1/t9-,11-,12-,13-/m1/s1",C[N+](C)(C)CCOP(=O)(O)OP(=O)([O-])OC[C@H]1O[C@@H](n2ccc(=N)nc2[O-])[C@H](O)[C@@H]1O
aquacob(II)inamide,"InChI=1S/C48H73N11O8.Co.H2O/c1-23(60)22-55-38(67)16-17-45(6)29(18-35(52)64)43-48(9)47(8,21-37(54)66)28(12-15-34(51)63)40(59-48)25(3)42-46(7,20-36(53)65)26(10-13-32(49)61)30(56-42)19-31-44(4,5)27(11-14-33(50)62)39(57-31)24(2)41(45)58-43;;/h19,23,26-29,43,60H,10-18,20-22H2,1-9H3,(H14,49,50,51,52,53,54,55,56,57,58,59,61,62,63,64,65,66,67);;1H2/q;+2;/p-1/t23-,26-,27-,28-,29+,43-,45-,46+,47+,48+;;/m1../s1",CC1=C2N=C(C=C3N=C(C(C)=C4N[C@@](C)([C@@H]5N=C1[C@](C)(CCC(O)=NC[C@@H](C)O)[C@H]5CC(=N)O)[C@@](C)(CC(=N)O)[C@@H]4CCC(=N)O)[C@@](C)(CC(=N)O)[C@@H]3CCC([NH-])=O)C(C)(C)[C@@H]2CCC(=N)O.O.[Co+2]
cob(I)inamide,"InChI=1S/C48H73N11O8.Co/c1-23(60)22-55-38(67)16-17-45(6)29(18-35(52)64)43-48(9)47(8,21-37(54)66)28(12-15-34(51)63)40(59-48)25(3)42-46(7,20-36(53)65)26(10-13-32(49)61)30(56-42)19-31-44(4,5)27(11-14-33(50)62)39(57-31)24(2)41(45)58-43;/h19,23,26-29,43,60H,10-18,20-22H2,1-9H3,(H14,49,50,51,52,53,54,55,56,57,58,59,61,62,63,64,65,66,67);/q;+1/p-1/t23-,26-,27-,28-,29+,43-,45-,46+,47+,48+;/m1./s1",CC1=C2N=C(C=C3N=C(C(C)=C4N[C@@](C)([C@@H]5N=C1[C@](C)(CCC(O)=NC[C@@H](C)O)[C@H]5CC(=N)O)[C@@](C)(CC(=N)O)[C@@H]4CCC(=N)O)[C@@](C)(CC(=N)O)[C@@H]3CCC([NH-])=O)C(C)(C)[C@@H]2CCC(=N)O.[Co+]
aquacyanocob(III)inamide,"InChI=1S/C48H73N11O8.CN.Co.H2O/c1-23(60)22-55-38(67)16-17-45(6)29(18-35(52)64)43-48(9)47(8,21-37(54)66)28(12-15-34(51)63)40(59-48)25(3)42-46(7,20-36(53)65)26(10-13-32(49)61)30(56-42)19-31-44(4,5)27(11-14-33(50)62)39(57-31)24(2)41(45)58-43;1-2;;/h19,23,26-29,43,60H,10-18,20-22H2,1-9H3,(H14,49,50,51,52,53,54,55,56,57,58,59,61,62,63,64,65,66,67);;;1H2/q;;+2;/p-1/t23-,26-,27-,28-,29+,43-,45-,46+,47+,48+;;;/m1.../s1",CC1=C2N=C(C=C3N=C(C(C)=C4N[C@@](C)([C@@H]5N=C1[C@](C)(CCC(O)=NC[C@@H](C)O)[C@H]5CC(=N)O)[C@@](C)(CC(=N)O)[C@@H]4CCC(=N)O)[C@@](C)(CC(=N)O)[C@@H]3CCC([NH-])=O)C(C)(C)[C@@H]2CCC(=N)O.O.[C]#N.[Co+2]
cob(II)inamide,"InChI=1S/C48H73N11O8.Co/c1-23(60)22-55-38(67)16-17-45(6)29(18-35(52)64)43-48(9)47(8,21-37(54)66)28(12-15-34(51)63)40(59-48)25(3)42-46(7,20-36(53)65)26(10-13-32(49)61)30(56-42)19-31-44(4,5)27(11-14-33(50)62)39(57-31)24(2)41(45)58-43;/h19,23,26-29,43,60H,10-18,20-22H2,1-9H3,(H14,49,50,51,52,53,54,55,56,57,58,59,61,62,63,64,65,66,67);/q;+2/p-1/t23-,26-,27-,28-,29+,43-,45-,46+,47+,48+;/m1./s1",CC1=C2N=C(C=C3N=C(C(C)=C4N[C@@](C)([C@@H]5N=C1[C@](C)(CCC(O)=NC[C@@H](C)O)[C@H]5CC(=N)O)[C@@](C)(CC(=N)O)[C@@H]4CCC(=N)O)[C@@](C)(CC(=N)O)[C@@H]3CCC([NH-])=O)C(C)(C)[C@@H]2CCC(=N)O.[Co+2]
cyanocob(II)inamide,"InChI=1S/C48H73N11O8.CN.Co/c1-23(60)22-55-38(67)16-17-45(6)29(18-35(52)64)43-48(9)47(8,21-37(54)66)28(12-15-34(51)63)40(59-48)25(3)42-46(7,20-36(53)65)26(10-13-32(49)61)30(56-42)19-31-44(4,5)27(11-14-33(50)62)39(57-31)24(2)41(45)58-43;1-2;/h19,23,26-29,43,60H,10-18,20-22H2,1-9H3,(H14,49,50,51,52,53,54,55,56,57,58,59,61,62,63,64,65,66,67);;/q;;+1/p-1/t23-,26-,27-,28-,29+,43-,45-,46+,47+,48+;;/m1../s1",CC1=C2N=C(C=C3N=C(C(C)=C4N[C@@](C)([C@@H]5N=C1[C@](C)(CCC(O)=NC[C@@H](C)O)[C@H]5CC(=N)O)[C@@](C)(CC(=N)O)[C@@H]4CCC(=N)O)[C@@](C)(CC(=N)O)[C@@H]3CCC([NH-])=O)C(C)(C)[C@@H]2CCC(=N)O.[C]#N.[Co+]
adenosylcobinamide,"InChI=1S/C48H73N11O8.C10H12N5O3.Co/c1-23(60)22-55-38(67)16-17-45(6)29(18-35(52)64)43-48(9)47(8,21-37(54)66)28(12-15-34(51)63)40(59-48)25(3)42-46(7,20-36(53)65)26(10-13-32(49)61)30(56-42)19-31-44(4,5)27(11-14-33(50)62)39(57-31)24(2)41(45)58-43;1-4-6(16)7(17)10(18-4)15-3-14-5-8(11)12-2-13-9(5)15;/h19,23,26-29,43,60H,10-18,20-22H2,1-9H3,(H14,49,50,51,52,53,54,55,56,57,58,59,61,62,63,64,65,66,67);2-4,6-7,10,16-17H,1H2,(H2,11,12,13);/q;;+2/p-1/t23-,26-,27-,28-,29+,43-,45-,46+,47+,48+;4-,6-,7-,10-;/m11./s1",CC1=C2N=C(C=C3N=C(C(C)=C4N[C@@](C)([C@@H]5N=C1[C@](C)(CCC(O)=NC[C@@H](C)O)[C@H]5CC(=N)O)[C@@](C)(CC(=N)O)[C@@H]4CCC(=N)O)[C@@](C)(CC(=N)O)[C@@H]3CCC([NH-])=O)C(C)(C)[C@@H]2CCC(=N)O.[CH2][C@H]1O[C@@H](n2cnc3c(N)ncnc32)[C@H](O)[C@@H]1O.[Co+2]
iron(III)-enterobactin complex,"InChI=1S/C30H27N3O15.Fe/c34-19-7-1-4-13(22(19)37)25(40)31-16-10-46-29(44)18(33-27(42)15-6-3-9-21(36)24(15)39)12-48-30(45)17(11-47-28(16)43)32-26(41)14-5-2-8-20(35)23(14)38;/h1-9,16-18,34-39H,10-12H2,(H,31,40)(H,32,41)(H,33,42);/q;+3/p-6/t16-,17-,18-;/m0./s1",O=C1OC[C@H](N=C(O)c2cccc([O-])c2[O-])C(=O)OC[C@H](N=C(O)c2cccc([O-])c2[O-])C(=O)OC[C@@H]1N=C(O)c1cccc([O-])c1[O-].[Fe+3]
4-(cytidine 5'-diphospho)-2-C-methyl-D-erythritol,"InChI=1S/C14H25N3O14P2/c1-14(23,6-18)8(19)5-29-33(26,27)31-32(24,25)28-4-7-10(20)11(21)12(30-7)17-3-2-9(15)16-13(17)22/h2-3,7-8,10-12,18-21,23H,4-6H2,1H3,(H,24,25)(H,26,27)(H2,15,16,22)/p-2/t7-,8-,10-,11-,12-,14+/m1/s1",C[C@](O)(CO)[C@H](O)COP(=O)(O)OP(=O)([O-])OC[C@H]1O[C@@H](n2ccc(=N)nc2[O-])[C@H](O)[C@@H]1O
"iron(III)-[(2,3-dihydroxybenzoylserine)<sub>2</sub>] complex","InChI=1S/C20H20N2O11.Fe/c23-7-11(21-17(28)9-3-1-5-13(24)15(9)26)20(32)33-8-12(19(30)31)22-18(29)10-4-2-6-14(25)16(10)27;/h1-6,11-12,23-27H,7-8H2,(H,21,28)(H,22,29)(H,30,31);/q;+3/p-5/t11-,12+;/m0./s1",O=C(OC[C@@H](N=C(O)c1cccc([O-])c1[O-])C(=O)O)[C@H](CO)N=C([O-])c1cccc([O-])c1[O-].[Fe+3]
L-methionine-(<i>S</i>)-<i>S</i>-oxide,"InChI=1S/C5H11NO3S/c1-10(9)3-2-4(6)5(7)8/h4H,2-3,6H2,1H3,(H,7,8)/t4-,10-/m0/s1",CS(=O)CC[C@H](N)C(=O)O
"iron(III)-[<i>N</i>-(2,3-dihydroxybenzoyl)-L-serine trimer] complex","InChI=1S/C30H29N3O16.Fe/c34-10-16(31-25(41)13-4-1-7-19(35)22(13)38)29(46)49-12-18(33-27(43)15-6-3-9-21(37)24(15)40)30(47)48-11-17(28(44)45)32-26(42)14-5-2-8-20(36)23(14)39;/h1-9,16-18,34-40H,10-12H2,(H,31,41)(H,32,42)(H,33,43)(H,44,45);/q;+3/p-7/t16-,17-,18-;/m0./s1",O=C(O)[C@H](COC(=O)[C@H](COC(=O)[C@H](CO)N=C([O-])c1cccc([O-])c1[O-])N=C(O)c1cccc([O-])c1[O-])N=C(O)c1cccc([O-])c1[O-].[Fe+3]
L-methionine-(<i>R</i>)-<i>S</i>-oxide,"InChI=1S/C5H11NO3S/c1-10(9)3-2-4(6)5(7)8/h4H,2-3,6H2,1H3,(H,7,8)/t4-,10+/m0/s1",CS(=O)CC[C@H](N)C(=O)O
"iron(III)-[<i>N</i>-(2,3-dihydroxybenzoyl)-L-serine] complex","InChI=1S/C10H11NO6.Fe/c12-4-6(10(16)17)11-9(15)5-2-1-3-7(13)8(5)14;/h1-3,6,12-14H,4H2,(H,11,15)(H,16,17);/q;+3/p-3/t6-;/m0./s1",O=C(O)[C@H](CO)N=C([O-])c1cccc([O-])c1[O-].[Fe+3]
1-decanesulfonate,"InChI=1S/C10H22O3S/c1-2-3-4-5-6-7-8-9-10-14(11,12)13/h2-10H2,1H3,(H,11,12,13)/p-1",CCCCCCCCCCS(=O)(=O)[O-]
iron(III) dicitrate,"InChI=1S/2C6H8O7.Fe/c2*7-3(8)1-6(13,5(11)12)2-4(9)10;/h2*3-5,13H,1-2H2;/q2*-6;+6",[Fe+6].[O-]C([O-])CC(O)(CC([O-])[O-])C([O-])[O-].[O-]C([O-])CC(O)(CC([O-])[O-])C([O-])[O-]
1-butanesulfonate,"InChI=1S/C4H10O3S/c1-2-3-4-8(5,6)7/h2-4H2,1H3,(H,5,6,7)/p-1",CCCCS(=O)(=O)[O-]
diferric dicitrate,,
1-octanesulfonate,"InChI=1S/C8H18O3S/c1-2-3-4-5-6-7-8-12(9,10)11/h2-8H2,1H3,(H,9,10,11)/p-1",CCCCCCCCS(=O)(=O)[O-]
1-hexanesulfonate,"InChI=1S/C6H14O3S/c1-2-3-4-5-6-10(7,8)9/h2-6H2,1H3,(H,7,8,9)/p-1",CCCCCCS(=O)(=O)[O-]
isethionate,"InChI=1S/C2H6O4S/c3-1-2-7(4,5)6/h3H,1-2H2,(H,4,5,6)/p-1",O=S(=O)([O-])CCO
ethanesulfonate,"InChI=1S/C2H6O3S/c1-2-6(3,4)5/h2H2,1H3,(H,3,4,5)/p-1",CCS(=O)(=O)[O-]
1-pentanesulfonate,"InChI=1S/C5H12O3S/c1-2-3-4-5-9(6,7)8/h2-5H2,1H3,(H,6,7,8)/p-1",CCCCCS(=O)(=O)[O-]
methanesulfonate,"InChI=1S/CH4O3S/c1-5(2,3)4/h1H3,(H,2,3,4)/p-1",CS(=O)(=O)[O-]
1-propanesulfonate,"InChI=1S/C3H8O3S/c1-2-3-7(4,5)6/h2-3H2,1H3,(H,4,5,6)/p-1",CCCS(=O)(=O)[O-]
5-fluoroanthranilate,"InChI=1S/C7H6FNO2/c8-4-1-2-6(9)5(3-4)7(10)11/h1-3H,9H2,(H,10,11)/p-1",Nc1ccc(F)cc1C(=O)[O-]
&beta;-D-arabinofuranose,"InChI=1S/C5H10O5/c6-1-2-3(7)4(8)5(9)10-2/h2-9H,1H2/t2-,3-,4+,5-/m1/s1",OC[C@H]1O[C@@H](O)[C@@H](O)[C@@H]1O
&alpha;-D-arabinofuranose,"InChI=1S/C5H10O5/c6-1-2-3(7)4(8)5(9)10-2/h2-9H,1H2/t2-,3-,4+,5+/m1/s1",OC[C@H]1O[C@H](O)[C@@H](O)[C@@H]1O
ferriheme <i>b</i>,"InChI=1S/C34H34N4O4.Fe/c1-7-21-17(3)25-13-26-19(5)23(9-11-33(39)40)31(37-26)16-32-24(10-12-34(41)42)20(6)28(38-32)15-30-22(8-2)18(4)27(36-30)14-29(21)35-25;/h7-8,13-16H,1-2,9-12H2,3-6H3,(H4,35,36,37,38,39,40,41,42);/q;+3/p-4/b25-13-,26-13-,27-14-,28-15-,29-14-,30-15-,31-16-,32-16-;",C=Cc1c(C)c2cc3[n-]c(cc4nc(cc5nc(cc1[n-]2)C(C)=C5CCC(=O)[O-])C(CCC(=O)[O-])=C4C)c(C)c3C=C.[Fe+3]
"D-<i>erythro</i>-7,8-dihydroneopterin","InChI=1S/C9H13N5O4/c10-9-13-7-5(8(18)14-9)12-3(1-11-7)6(17)4(16)2-15/h4,6,15-17H,1-2H2,(H4,10,11,13,14,18)/t4-,6+/m1/s1",N=c1nc(O)c2c([nH]1)NCC([C@H](O)[C@H](O)CO)=N2
"7,8-dihydromonapterin","InChI=1S/C9H13N5O4/c10-9-13-7-5(8(18)14-9)12-3(1-11-7)6(17)4(16)2-15/h4,6,15-17H,1-2H2,(H4,10,11,13,14,18)/t4-,6-/m0/s1",N=c1nc(O)c2c([nH]1)NCC([C@H](O)[C@@H](O)CO)=N2
&alpha;-L-arabinofuranose,"InChI=1S/C5H10O5/c6-1-2-3(7)4(8)5(9)10-2/h2-9H,1H2/t2-,3-,4+,5+/m0/s1",OC[C@@H]1O[C@@H](O)[C@H](O)[C@H]1O
&beta;-L-arabinofuranose,"InChI=1S/C5H10O5/c6-1-2-3(7)4(8)5(9)10-2/h2-9H,1H2/t2-,3-,4+,5-/m0/s1",OC[C@@H]1O[C@H](O)[C@H](O)[C@H]1O
<i>S</i>-ethyl-L-cysteine,"InChI=1S/C5H11NO2S/c1-2-9-3-4(6)5(7)8/h4H,2-3,6H2,1H3,(H,7,8)/t4-/m0/s1",CCSC[C@H](N)C(=O)O
5-methyltetrahydropteroyl mono-L-glutamate,"InChI=1S/C20H25N7O6/c1-27-12(9-23-16-15(27)18(31)26-20(21)25-16)8-22-11-4-2-10(3-5-11)17(30)24-13(19(32)33)6-7-14(28)29/h2-5,12-13,22H,6-9H2,1H3,(H,24,30)(H,28,29)(H,32,33)(H4,21,23,25,26,31)/p-2/t12-,13-/m0/s1",CN1c2c([O-])nc(=N)[nH]c2NC[C@@H]1CNc1ccc(C(=O)N[C@@H](CCC(=O)[O-])C(=O)O)cc1
2'-deoxyadenosine 3'-monophosphate,"InChI=1S/C10H14N5O6P/c11-9-8-10(13-3-12-9)15(4-14-8)7-1-5(6(2-16)20-7)21-22(17,18)19/h3-7,16H,1-2H2,(H2,11,12,13)(H2,17,18,19)/p-2/t5-,6+,7+/m0/s1",Nc1ncnc2c1ncn2[C@H]1C[C@H](OP(=O)([O-])[O-])[C@@H](CO)O1
5-methyltetrahydropteroyl tri-L-glutamate,"InChI=1S/C30H39N9O12/c1-39-16(13-33-24-23(39)26(45)38-30(31)37-24)12-32-15-4-2-14(3-5-15)25(44)36-19(29(50)51)7-10-21(41)34-17(27(46)47)6-9-20(40)35-18(28(48)49)8-11-22(42)43/h2-5,16-19,32H,6-13H2,1H3,(H,34,41)(H,35,40)(H,36,44)(H,42,43)(H,46,47)(H,48,49)(H,50,51)(H4,31,33,37,38,45)/p-4/t16-,17-,18-,19-/m0/s1",CN1c2c([O-])nc(=N)[nH]c2NC[C@@H]1CNc1ccc(C(=O)N[C@@H](CCC([O-])=N[C@@H](CCC([O-])=N[C@@H](CCC(=O)[O-])C(=O)O)C(=O)O)C(=O)O)cc1
2'-deoxycytidine 3'-monophosphate,"InChI=1S/C9H14N3O7P/c10-7-1-2-12(9(14)11-7)8-3-5(6(4-13)18-8)19-20(15,16)17/h1-2,5-6,8,13H,3-4H2,(H2,10,11,14)(H2,15,16,17)/p-2/t5-,6+,8+/m0/s1",N=c1ccn([C@H]2C[C@H](OP(=O)([O-])O)[C@@H](CO)O2)c([O-])n1
&alpha;-L-xylopyranose,"InChI=1S/C5H10O5/c6-2-1-10-5(9)4(8)3(2)7/h2-9H,1H2/t2-,3+,4-,5+/m0/s1",O[C@H]1[C@H](O)[C@@H](O)OC[C@@H]1O
2'-deoxyuridine 3'-monophosphate,"InChI=1S/C9H13N2O8P/c12-4-6-5(19-20(15,16)17)3-8(18-6)11-2-1-7(13)10-9(11)14/h1-2,5-6,8,12H,3-4H2,(H,10,13,14)(H2,15,16,17)/p-2/t5-,6+,8+/m0/s1",O=c1nc([O-])ccn1[C@H]1C[C@H](OP(=O)([O-])O)[C@@H](CO)O1
ubiquinone-<i>8</i>,"InChI=1S/C49H74O4/c1-36(2)20-13-21-37(3)22-14-23-38(4)24-15-25-39(5)26-16-27-40(6)28-17-29-41(7)30-18-31-42(8)32-19-33-43(9)34-35-45-44(10)46(50)48(52-11)49(53-12)47(45)51/h20,22,24,26,28,30,32,34H,13-19,21,23,25,27,29,31,33,35H2,1-12H3/b37-22+,38-24+,39-26+,40-28+,41-30+,42-32+,43-34+",COC1=C(OC)C(=O)C(C/C=C(/C)CC/C=C(/C)CC/C=C(/C)CC/C=C(/C)CC/C=C(/C)CC/C=C(/C)CC/C=C(/C)CCC=C(C)C)=C(C)C1=O
2'-deoxyguanosine 3'-monophosphate,"InChI=1S/C10H14N5O7P/c11-10-13-8-7(9(17)14-10)12-3-15(8)6-1-4(5(2-16)21-6)22-23(18,19)20/h3-6,16H,1-2H2,(H2,18,19,20)(H3,11,13,14,17)/p-2/t4-,5+,6+/m0/s1",N=c1nc([O-])c2ncn([C@H]3C[C@H](OP(=O)([O-])O)[C@@H](CO)O3)c2[nH]1
ubiquinone-<i>10</i>,"InChI=1S/C59H90O4/c1-44(2)24-15-25-45(3)26-16-27-46(4)28-17-29-47(5)30-18-31-48(6)32-19-33-49(7)34-20-35-50(8)36-21-37-51(9)38-22-39-52(10)40-23-41-53(11)42-43-55-54(12)56(60)58(62-13)59(63-14)57(55)61/h24,26,28,30,32,34,36,38,40,42H,15-23,25,27,29,31,33,35,37,39,41,43H2,1-14H3/b45-26+,46-28+,47-30+,48-32+,49-34+,50-36+,51-38+,52-40+,53-42+",COC1=C(OC)C(=O)C(C/C=C(/C)CC/C=C(/C)CC/C=C(/C)CC/C=C(/C)CC/C=C(/C)CC/C=C(/C)CC/C=C(/C)CC/C=C(/C)CC/C=C(/C)CCC=C(C)C)=C(C)C1=O
thymidine 3'-monophosphate,"InChI=1S/C10H15N2O8P/c1-5-3-12(10(15)11-9(5)14)8-2-6(7(4-13)19-8)20-21(16,17)18/h3,6-8,13H,2,4H2,1H3,(H,11,14,15)(H2,16,17,18)/p-2/t6-,7+,8+/m0/s1",Cc1cn([C@H]2C[C@H](OP(=O)([O-])O)[C@@H](CO)O2)c(=O)nc1[O-]
ubiquinone-2,"InChI=1S/C19H26O4/c1-12(2)8-7-9-13(3)10-11-15-14(4)16(20)18(22-5)19(23-6)17(15)21/h8,10H,7,9,11H2,1-6H3/b13-10+",COC1=C(OC)C(=O)C(C/C=C(/C)CCC=C(C)C)=C(C)C1=O
ubiquinone-1,"InChI=1S/C14H18O4/c1-8(2)6-7-10-9(3)11(15)13(17-4)14(18-5)12(10)16/h6H,7H2,1-5H3",COC1=C(OC)C(=O)C(CC=C(C)C)=C(C)C1=O
ubiquinone-<i>6</i>,"InChI=1S/C39H58O4/c1-28(2)16-11-17-29(3)18-12-19-30(4)20-13-21-31(5)22-14-23-32(6)24-15-25-33(7)26-27-35-34(8)36(40)38(42-9)39(43-10)37(35)41/h16,18,20,22,24,26H,11-15,17,19,21,23,25,27H2,1-10H3/b29-18+,30-20+,31-22+,32-24+,33-26+",COC1=C(OC)C(=O)C(C/C=C(/C)CC/C=C(/C)CC/C=C(/C)CC/C=C(/C)CC/C=C(/C)CCC=C(C)C)=C(C)C1=O
ubiquinone-0,"InChI=1S/C9H10O4/c1-5-4-6(10)8(12-2)9(13-3)7(5)11/h4H,1-3H3",COC1=C(OC)C(=O)C(C)=CC1=O
ubiquinol-<i>1</i>,"InChI=1S/C14H20O4/c1-8(2)6-7-10-9(3)11(15)13(17-4)14(18-5)12(10)16/h6,15-16H,7H2,1-5H3",COc1c(O)c(C)c(CC=C(C)C)c(O)c1OC
ubiquinol-<i>8</i>,"InChI=1S/C49H76O4/c1-36(2)20-13-21-37(3)22-14-23-38(4)24-15-25-39(5)26-16-27-40(6)28-17-29-41(7)30-18-31-42(8)32-19-33-43(9)34-35-45-44(10)46(50)48(52-11)49(53-12)47(45)51/h20,22,24,26,28,30,32,34,50-51H,13-19,21,23,25,27,29,31,33,35H2,1-12H3/b37-22+,38-24+,39-26+,40-28+,41-30+,42-32+,43-34+",COc1c(O)c(C)c(C/C=C(/C)CC/C=C(/C)CC/C=C(/C)CC/C=C(/C)CC/C=C(/C)CC/C=C(/C)CC/C=C(/C)CCC=C(C)C)c(O)c1OC
adenosyl-cobinamide phosphate,"InChI=1S/C48H74N11O11P.C10H12N5O3.Co/c1-23(70-71(67,68)69)22-55-38(66)16-17-45(6)29(18-35(52)63)43-48(9)47(8,21-37(54)65)28(12-15-34(51)62)40(59-48)25(3)42-46(7,20-36(53)64)26(10-13-32(49)60)30(56-42)19-31-44(4,5)27(11-14-33(50)61)39(57-31)24(2)41(45)58-43;1-4-6(16)7(17)10(18-4)15-3-14-5-8(11)12-2-13-9(5)15;/h19,23,26-29,43H,10-18,20-22H2,1-9H3,(H16,49,50,51,52,53,54,55,56,57,58,59,60,61,62,63,64,65,66,67,68,69);2-4,6-7,10,16-17H,1H2,(H2,11,12,13);/q;;+2/p-3/t23-,26-,27-,28-,29+,43-,45-,46+,47+,48+;4-,6-,7-,10-;/m11./s1",CC1=C2N=C(C=C3N=C(C(C)=C4N[C@@](C)([C@@H]5N=C1[C@](C)(CCC(O)=NC[C@@H](C)OP(=O)(O)O)[C@H]5CC(=N)O)[C@@](C)(CC(=N)O)[C@@H]4CCC(=N)[O-])[C@@](C)(CC(=N)O)[C@@H]3CCC([NH-])=O)C(C)(C)[C@@H]2CCC(=N)[O-].[CH2][C@H]1O[C@@H](n2cnc3c(N)ncnc32)[C@H](O)[C@@H]1O.[Co+2]
"dTDP-4-amino-4,6-dideoxy-&alpha;-D-galactose","InChI=1S/C16H27N3O14P2/c1-6-4-19(16(24)18-14(6)23)10-3-8(20)9(31-10)5-29-34(25,26)33-35(27,28)32-15-13(22)12(21)11(17)7(2)30-15/h4,7-13,15,20-22H,3,5,17H2,1-2H3,(H,25,26)(H,27,28)(H,18,23,24)/p-1/t7-,8+,9-,10-,11+,12+,13-,15-/m1/s1",Cc1cn([C@H]2C[C@H](O)[C@@H](COP(=O)(O)OP(=O)(O)O[C@H]3O[C@H](C)[C@H](N)[C@H](O)[C@H]3O)O2)c(=O)nc1[O-]
<i>S</i>-methylglutathione,"InChI=1S/C11H19N3O6S/c1-21-5-7(10(18)13-4-9(16)17)14-8(15)3-2-6(12)11(19)20/h6-7H,2-5,12H2,1H3,(H,13,18)(H,14,15)(H,16,17)(H,19,20)/p-1/t6-,7-/m0/s1",CSC[C@H](N=C([O-])CC[C@H](N)C(=O)O)C(O)=NCC(=O)O
<i>S</i>-hexylglutathione,"InChI=1S/C16H29N3O6S/c1-2-3-4-5-8-26-10-12(15(23)18-9-14(21)22)19-13(20)7-6-11(17)16(24)25/h11-12H,2-10,17H2,1H3,(H,18,23)(H,19,20)(H,21,22)(H,24,25)/p-1/t11-,12-/m0/s1",CCCCCCSC[C@H](N=C([O-])CC[C@H](N)C(=O)O)C(O)=NCC(=O)O
&alpha;-D-galactopyranose,"InChI=1S/C6H12O6/c7-1-2-3(8)4(9)5(10)6(11)12-2/h2-11H,1H2/t2-,3+,4+,5-,6+/m1/s1",OC[C@H]1O[C@H](O)[C@H](O)[C@@H](O)[C@H]1O
&beta;-D-galactopyranose,"InChI=1S/C6H12O6/c7-1-2-3(8)4(9)5(10)6(11)12-2/h2-11H,1H2/t2-,3+,4+,5-,6-/m1/s1",OC[C@H]1O[C@@H](O)[C@H](O)[C@@H](O)[C@H]1O
(2<i>S</i>)-3-sulfolactaldehyde,"InChI=1S/C3H6O5S/c4-1-3(5)2-9(6,7)8/h1,3,5H,2H2,(H,6,7,8)/p-1/t3-/m0/s1",O=C[C@H](O)CS(=O)(=O)[O-]
(2R)-3-sulfolactaldehyde,"InChI=1S/C3H6O5S/c4-1-3(5)2-9(6,7)8/h1,3,5H,2H2,(H,6,7,8)/p-1/t3-/m1/s1",O=C[C@@H](O)CS(=O)(=O)[O-]
2-(methylsulfanyl)-<i>N</i><sup>6</sup>-prenyladenosine<sup>37</sup> in tRNA,,CC(C)=CCNC1(\C2(\N=C/N(C(/N=C(/N=1)/SC)=2)[C@@H]3(O[C@H](COP(=O)([O-])O[a tRNA])[C@@H](OP(=O)(O[a tRNA])[O-])[C@@H](O)3)))
arsenic triglutathione,"InChI=1S/C30H48AsN9O18S3/c32-13(28(53)54)1-4-19(41)38-16(25(50)35-7-22(44)45)10-59-31(60-11-17(26(51)36-8-23(46)47)39-20(42)5-2-14(33)29(55)56)61-12-18(27(52)37-9-24(48)49)40-21(43)6-3-15(34)30(57)58/h13-18H,1-12,32-34H2,(H,35,50)(H,36,51)(H,37,52)(H,38,41)(H,39,42)(H,40,43)(H,44,45)(H,46,47)(H,48,49)(H,53,54)(H,55,56)(H,57,58)/p-3/t13-,14-,15-,16-,17-,18-/m0/s1",N[C@@H](CCC([O-])=N[C@@H](CS[As](SC[C@H](N=C([O-])CC[C@H](N)C(=O)O)C(O)=NCC(=O)O)SC[C@H](N=C([O-])CC[C@H](N)C(=O)O)C(O)=NCC(=O)O)C(O)=NCC(=O)O)C(=O)O
<i>N</i><sup>6</sup>-(3-methylbut-2-en-1-yl)-2-thioadenosine<sup>37</sup> in tRNA,,CC(C)=CCNC1(\C2(\N=C/N(C(/N=C(/N=1)/S)=2)[C@@H]3(O[C@H](COP(=O)([O-])O[a tRNA])[C@@H](OP(=O)(O[a tRNA])[O-])[C@@H](O)3)))
&beta;-L-galactopyranose,"InChI=1S/C6H12O6/c7-1-2-3(8)4(9)5(10)6(11)12-2/h2-11H,1H2/t2-,3+,4+,5-,6-/m0/s1",OC[C@@H]1O[C@H](O)[C@@H](O)[C@H](O)[C@@H]1O
&alpha;-L-galactopyranose,"InChI=1S/C6H12O6/c7-1-2-3(8)4(9)5(10)6(11)12-2/h2-11H,1H2/t2-,3+,4+,5-,6+/m0/s1",OC[C@@H]1O[C@@H](O)[C@@H](O)[C@H](O)[C@@H]1O
dodecyl sulfate,"InChI=1S/C12H26O4S/c1-2-3-4-5-6-7-8-9-10-11-12-16-17(13,14)15/h2-12H2,1H3,(H,13,14,15)/p-1",CCCCCCCCCCCCOS(=O)(=O)[O-]
5-(2-hydroxyethyl)-4-methylthiazole,"InChI=1S/C6H9NOS/c1-5-6(2-3-8)9-4-7-5/h4,8H,2-3H2,1H3",Cc1ncsc1CCO
"2-[(2<i>R</i>,5<i>Z</i>)-2-carboxy-4-methylthiazol-5(2<i>H</i>)-ylidene]ethyl phosphate","InChI=1S/C7H10NO6PS/c1-4-5(2-3-14-15(11,12)13)16-6(8-4)7(9)10/h2,6H,3H2,1H3,(H,9,10)(H2,11,12,13)/p-3/b5-2+/t6-/m1/s1",CC1=N[C@@H](C(=O)[O-])S/C1=C/COP(=O)([O-])[O-]
4-methyl-5-(2-phosphooxyethyl)thiazole,"InChI=1S/C6H10NO4PS/c1-5-6(13-4-7-5)2-3-11-12(8,9)10/h4H,2-3H2,1H3,(H2,8,9,10)/p-2",Cc1ncsc1CCOP(=O)([O-])[O-]
2-(2-carboxy-4-methylthiazol-5-yl)ethyl phosphate,"InChI=1S/C7H10NO6PS/c1-4-5(2-3-14-15(11,12)13)16-6(8-4)7(9)10/h2-3H2,1H3,(H,9,10)(H2,11,12,13)/p-3",Cc1nc(C(=O)[O-])sc1CCOP(=O)([O-])[O-]
UDP-4-amino-4-deoxy-&beta;-L-arabinopyranose,"InChI=1S/C14H23N3O15P2/c15-5-3-28-13(11(22)8(5)19)31-34(26,27)32-33(24,25)29-4-6-9(20)10(21)12(30-6)17-2-1-7(18)16-14(17)23/h1-2,5-6,8-13,19-22H,3-4,15H2,(H,24,25)(H,26,27)(H,16,18,23)/p-1/t5-,6+,8-,9+,10+,11+,12+,13+/m0/s1",N[C@H]1CO[C@H](OP(=O)(O)OP(=O)(O)OC[C@H]2O[C@@H](n3ccc([O-])nc3=O)[C@H](O)[C@@H]2O)[C@H](O)[C@H]1O
"<i>P</i><sup>1</sup>,<i>P</i><sup>5</sup>-<i>bis</i>(5'-adenosyl) pentaphosphate","InChI=1S/C20H29N10O22P5/c21-15-9-17(25-3-23-15)29(5-27-9)19-13(33)11(31)7(47-19)1-45-53(35,36)49-55(39,40)51-57(43,44)52-56(41,42)50-54(37,38)46-2-8-12(32)14(34)20(48-8)30-6-28-10-16(22)24-4-26-18(10)30/h3-8,11-14,19-20,31-34H,1-2H2,(H,35,36)(H,37,38)(H,39,40)(H,41,42)(H,43,44)(H2,21,23,25)(H2,22,24,26)/p-5/t7-,8-,11-,12-,13-,14-,19-,20-/m1/s1",Nc1ncnc2c1ncn2[C@@H]1O[C@H](COP(=O)([O-])OP(=O)([O-])OP(=O)([O-])OP(=O)([O-])OP(=O)([O-])OC[C@H]2O[C@@H](n3cnc4c(N)ncnc43)[C@H](O)[C@@H]2O)[C@@H](O)[C@H]1O
ferroheme <i>o</i>,"InChI=1S/C49H60N4O5.Fe/c1-10-35-31(6)40-26-45-49(46(54)19-13-18-30(5)17-12-16-29(4)15-11-14-28(2)3)34(9)41(53-45)24-38-32(7)36(20-22-47(55)56)43(51-38)27-44-37(21-23-48(57)58)33(8)39(52-44)25-42(35)50-40;/h10,14,16,18,24-27,46,54H,1,11-13,15,17,19-23H2,2-9H3,(H4,50,51,52,53,55,56,57,58);/q;+2/p-4/b29-16+,30-18+,38-24-,39-25-,40-26-,41-24-,42-25-,43-27-,44-27-,45-26-;/t46-;/m0./s1",C=CC1=C(C)c2cc3[n-]c(cc4[n-]c(cc5nc(cc1n2)C(C)=C5CCC(=O)[O-])c(CCC(=O)[O-])c4C)c(C)c3[C@@H](O)CC/C=C(\C)CC/C=C(\C)CCC=C(C)C.[Fe+2]
"P<sup>1</sup>,P<sup>3</sup>-<i>bis</i>(5'-adenosyl) triphosphate","InChI=1S/C20H27N10O16P3/c21-15-9-17(25-3-23-15)29(5-27-9)19-13(33)11(31)7(43-19)1-41-47(35,36)45-49(39,40)46-48(37,38)42-2-8-12(32)14(34)20(44-8)30-6-28-10-16(22)24-4-26-18(10)30/h3-8,11-14,19-20,31-34H,1-2H2,(H,35,36)(H,37,38)(H,39,40)(H2,21,23,25)(H2,22,24,26)/p-3/t7-,8-,11-,12-,13-,14-,19-,20-/m1/s1",Nc1ncnc2c1ncn2[C@@H]1O[C@H](COP(=O)([O-])OP(=O)([O-])OP(=O)([O-])OC[C@H]2O[C@@H](n3cnc4c(N)ncnc43)[C@H](O)[C@@H]2O)[C@@H](O)[C@H]1O
"P<sup>1</sup>,P<sup>4</sup>-<i>bis</i>(5'-adenosyl) tetraphosphate","InChI=1S/C20H28N10O19P4/c21-15-9-17(25-3-23-15)29(5-27-9)19-13(33)11(31)7(45-19)1-43-50(35,36)47-52(39,40)49-53(41,42)48-51(37,38)44-2-8-12(32)14(34)20(46-8)30-6-28-10-16(22)24-4-26-18(10)30/h3-8,11-14,19-20,31-34H,1-2H2,(H,35,36)(H,37,38)(H,39,40)(H,41,42)(H2,21,23,25)(H2,22,24,26)/p-4/t7-,8-,11-,12-,13-,14-,19-,20-/m1/s1",Nc1ncnc2c1ncn2[C@@H]1O[C@H](COP(=O)([O-])OP(=O)([O-])OP(=O)([O-])OP(=O)([O-])OC[C@H]2O[C@@H](n3cnc4c(N)ncnc43)[C@H](O)[C@@H]2O)[C@@H](O)[C@H]1O
"(6R)-L-<i>threo</i>-6,7-dihydrobiopterin","InChI=1S/C9H13N5O3/c1-3(15)6(16)4-2-11-7-5(12-4)8(17)14-9(10)13-7/h3-4,6,15-16H,2H2,1H3,(H3,10,11,13,14,17)/t3-,4+,6+/m0/s1",C[C@H](O)[C@@H](O)[C@H]1CN=c2[nH]c(=N)nc(O)c2=N1
<i>bis</i>(5'-adenosyl) diphosphate,"InChI=1S/C20H26N10O13P2/c21-15-9-17(25-3-23-15)29(5-27-9)19-13(33)11(31)7(41-19)1-39-44(35,36)43-45(37,38)40-2-8-12(32)14(34)20(42-8)30-6-28-10-16(22)24-4-26-18(10)30/h3-8,11-14,19-20,31-34H,1-2H2,(H,35,36)(H,37,38)(H2,21,23,25)(H2,22,24,26)/p-2/t7-,8-,11-,12-,13-,14-,19-,20-/m1/s1",Nc1ncnc2c1ncn2[C@@H]1O[C@H](COP(=O)([O-])OP(=O)([O-])OC[C@H]2O[C@@H](n3cnc4c(N)ncnc43)[C@H](O)[C@@H]2O)[C@@H](O)[C@H]1O
"(6R)-L-<i>erythro</i>-6,7-dihydrobiopterin","InChI=1S/C9H13N5O3/c1-3(15)6(16)4-2-11-7-5(12-4)8(17)14-9(10)13-7/h3-4,6,15-16H,2H2,1H3,(H3,10,11,13,14,17)/t3-,4+,6-/m0/s1",C[C@H](O)[C@H](O)[C@H]1CN=c2[nH]c(=N)nc(O)c2=N1
"<i>N</i><sup>10</sup>-formyl-7,8-dihydrofolate","InChI=1S/C20H21N7O7/c21-20-25-16-15(18(32)26-20)23-11(7-22-16)8-27(9-28)12-3-1-10(2-4-12)17(31)24-13(19(33)34)5-6-14(29)30/h1-4,9,13H,5-8H2,(H,24,31)(H,29,30)(H,33,34)(H4,21,22,25,26,32)/p-2/t13-/m0/s1",N=c1nc([O-])c2c([nH]1)NCC(CN(C=O)c1ccc(C(=O)N[C@@H](CCC(=O)[O-])C(=O)O)cc1)=N2
NiFe(CO)(CN)<sub>2</sub> cofactor,,C(#N)[Fe](C#[O+])C#N.S([a protein])[Ni](S[a protein])(S[a protein])S[a protein]
dTDP-&beta;-L-rhamnose,"InChI=1S/C16H26N2O15P2/c1-6-4-18(16(24)17-14(6)23)10-3-8(19)9(31-10)5-29-34(25,26)33-35(27,28)32-15-13(22)12(21)11(20)7(2)30-15/h4,7-13,15,19-22H,3,5H2,1-2H3,(H,25,26)(H,27,28)(H,17,23,24)/p-2/t7-,8-,9+,10+,11-,12+,13+,15+/m0/s1",Cc1cn([C@H]2C[C@H](O)[C@@H](COP(=O)([O-])OP(=O)(O)O[C@H]3O[C@@H](C)[C@H](O)[C@@H](O)[C@H]3O)O2)c(=O)nc1[O-]
dTDP-4-acetamido-&alpha;-D-fucose,"InChI=1S/C18H29N3O15P2/c1-7-5-21(18(27)20-16(7)26)12-4-10(23)11(34-12)6-32-37(28,29)36-38(30,31)35-17-15(25)14(24)13(8(2)33-17)19-9(3)22/h5,8,10-15,17,23-25H,4,6H2,1-3H3,(H,19,22)(H,28,29)(H,30,31)(H,20,26,27)/p-2/t8-,10+,11-,12-,13+,14+,15-,17-/m1/s1",CC([O-])=N[C@@H]1[C@H](O)[C@@H](O)[C@@H](OP(=O)(O)OP(=O)(O)OC[C@H]2O[C@@H](n3cc(C)c([O-])nc3=O)C[C@@H]2O)O[C@@H]1C
dTDP-4-dehydro-&beta;-L-rhamnose,"InChI=1S/C16H24N2O15P2/c1-6-4-18(16(24)17-14(6)23)10-3-8(19)9(31-10)5-29-34(25,26)33-35(27,28)32-15-13(22)12(21)11(20)7(2)30-15/h4,7-10,12-13,15,19,21-22H,3,5H2,1-2H3,(H,25,26)(H,27,28)(H,17,23,24)/p-2/t7-,8-,9+,10+,12+,13+,15+/m0/s1",Cc1cn([C@H]2C[C@H](O)[C@@H](COP(=O)([O-])OP(=O)(O)O[C@H]3O[C@@H](C)C(=O)[C@@H](O)[C@H]3O)O2)c(=O)nc1[O-]
dTDP-6-deoxy-&alpha;-D-glucose,"InChI=1S/C16H26N2O15P2/c1-6-4-18(16(24)17-14(6)23)10-3-8(19)9(31-10)5-29-34(25,26)33-35(27,28)32-15-13(22)12(21)11(20)7(2)30-15/h4,7-13,15,19-22H,3,5H2,1-2H3,(H,25,26)(H,27,28)(H,17,23,24)/p-2/t7-,8+,9-,10-,11-,12+,13-,15-/m1/s1",Cc1cn([C@H]2C[C@H](O)[C@@H](COP(=O)([O-])OP(=O)(O)O[C@H]3O[C@H](C)[C@@H](O)[C@H](O)[C@H]3O)O2)c(=O)nc1[O-]
(4-hydroxyphenyl)acetaldehyde,"InChI=1S/C8H8O2/c9-6-5-7-1-3-8(10)4-2-7/h1-4,6,10H,5H2",O=CCc1ccc(O)cc1
phenylacetaldehyde,"InChI=1S/C8H8O/c9-7-6-8-4-2-1-3-5-8/h1-5,7H,6H2",O=CCc1ccccc1
3-methylbenzaldehyde,"InChI=1S/C8H8O/c1-7-3-2-4-8(5-7)6-9/h2-6H,1H3",Cc1cccc(C=O)c1
benzaldehyde,InChI=1S/C7H6O/c8-6-7-4-2-1-3-5-7/h1-6H,O=Cc1ccccc1
(6<i>S</i>)-5-formyl-tetrahydrofolate mono-L-glutamate,"InChI=1S/C20H23N7O7/c21-20-25-16-15(18(32)26-20)27(9-28)12(8-23-16)7-22-11-3-1-10(2-4-11)17(31)24-13(19(33)34)5-6-14(29)30/h1-4,9,12-13,22H,5-8H2,(H,24,31)(H,29,30)(H,33,34)(H4,21,23,25,26,32)/p-2/t12-,13-/m0/s1",N=c1nc([O-])c2c([nH]1)NC[C@H](CNc1ccc(C(=O)N[C@@H](CCC(=O)[O-])C(=O)O)cc1)N2C=O
purine,"InChI=1S/C5H4N4/c1-4-5(8-2-6-1)9-3-7-4/h1-3H,(H,6,7,8,9)",c1ncc2nc[nH]c2n1
10-formyl-tetrahydrofolate mono-L-glutamate,"InChI=1S/C20H23N7O7/c21-20-25-16-15(18(32)26-20)23-11(7-22-16)8-27(9-28)12-3-1-10(2-4-12)17(31)24-13(19(33)34)5-6-14(29)30/h1-4,9,11,13,23H,5-8H2,(H,24,31)(H,29,30)(H,33,34)(H4,21,22,25,26,32)/p-2/t11-,13+/m1/s1",N=c1nc([O-])c2c([nH]1)NC[C@H](CN(C=O)c1ccc(C(=O)N[C@@H](CCC(=O)[O-])C(=O)O)cc1)N2
cacodylate,"InChI=1S/C2H7AsO2/c1-3(2,4)5/h1-2H3,(H,4,5)/p-1",C[As](C)(=O)[O-]
<i>aldehydo</i>-D-galactose,"InChI=1S/C6H12O6/c7-1-3(9)5(11)6(12)4(10)2-8/h1,3-6,8-12H,2H2/t3-,4+,5+,6-/m0/s1",O=C[C@H](O)[C@@H](O)[C@@H](O)[C@H](O)CO
Mo(O)<sub>2</sub>(S)-molybdopterin cofactor,"InChI=1S/C10H14N5O6PS2.Mo.2O.S/c11-10-14-7-4(8(16)15-10)12-3-6(24)5(23)2(21-9(3)13-7)1-20-22(17,18)19;;;;/h2-3,9,12,23-24H,1H2,(H2,17,18,19)(H4,11,13,14,15,16);;;;/q;+2;;-1;/p-4/t2-,3+,9-;;;;/m1..../s1",N=c1nc([O-])c2c([nH]1)N[C@@H]1O[C@H](COP(=O)([O-])[O-])C([S-])=C(S)[C@@H]1N2.[Mo+2].[O-].[O].[S]
MoO<sub>2</sub>-molybdopterin cofactor,"InChI=1S/C10H14N5O6PS2.Mo.2O/c11-10-14-7-4(8(16)15-10)12-3-6(24)5(23)2(21-9(3)13-7)1-20-22(17,18)19;;;/h2-3,9,12,23-24H,1H2,(H2,17,18,19)(H4,11,13,14,15,16);;;/q;+2;;/p-4/t2-,3+,9-;;;/m1.../s1",N=c1nc([O-])c2c([nH]1)N[C@@H]1O[C@H](COP(=O)([O-])[O-])C([S-])=C(S)[C@@H]1N2.[Mo+2].[O].[O]
<i>bis</i>(guanylyl tungstenpterin) cofactor,"InChI=1S/2C20H26N10O13P2S2.O.W/c2*21-19-26-13-7(15(33)28-19)24-6-12(47)11(46)5(41-17(6)25-13)2-40-45(37,38)43-44(35,36)39-1-4-9(31)10(32)18(42-4)30-3-23-8-14(30)27-20(22)29-16(8)34;;/h2*3-6,9-10,17-18,24,31-32,46-47H,1-2H2,(H,35,36)(H,37,38)(H3,22,27,29,34)(H4,21,25,26,28,33);;/q;;;+4/p-8/t2*4-,5-,6+,9-,10-,17-,18-;;/m11../s1",N=c1nc([O-])c2c([nH]1)N[C@@H]1O[C@H](COP(=O)(O)OP(=O)(O)OC[C@H]3O[C@@H](n4cnc5c([O-])nc(=N)[nH]c54)[C@H](O)[C@@H]3O)C(S)=C(S)[C@@H]1N2.N=c1nc([O-])c2c([nH]1)N[C@@H]1O[C@H](COP(=O)([O-])OP(=O)([O-])OC[C@H]3O[C@@H](n4cnc5c([O-])nc(=N)[nH]c54)[C@H](O)[C@@H]3O)C([S-])=C([S-])[C@@H]1N2.[O].[W+4]
<i>bis</i>(guanylyl molybdopterin) cofactor,"InChI=1S/2C20H26N10O13P2S2.Mo.O/c2*21-19-26-13-7(15(33)28-19)24-6-12(47)11(46)5(41-17(6)25-13)2-40-45(37,38)43-44(35,36)39-1-4-9(31)10(32)18(42-4)30-3-23-8-14(30)27-20(22)29-16(8)34;;/h2*3-6,9-10,17-18,24,31-32,46-47H,1-2H2,(H,35,36)(H,37,38)(H3,22,27,29,34)(H4,21,25,26,28,33);;/q;;+4;/p-8/t2*4-,5-,6+,9-,10-,17-,18-;;/m11../s1",N=c1nc([O-])c2c([nH]1)N[C@@H]1O[C@H](COP(=O)(O)OP(=O)(O)OC[C@H]3O[C@@H](n4cnc5c([O-])nc(=N)[nH]c54)[C@H](O)[C@@H]3O)C(S)=C(S)[C@@H]1N2.N=c1nc([O-])c2c([nH]1)N[C@@H]1O[C@H](COP(=O)([O-])OP(=O)([O-])OC[C@H]3O[C@@H](n4cnc5c([O-])nc(=N)[nH]c54)[C@H](O)[C@@H]3O)C([S-])=C([S-])[C@@H]1N2.[Mo+4].[O]
cytidylyl molybdenum cofactor (dioxo),"InChI=1S/C19H26N8O13P2S2.Mo.2O/c20-7-1-2-27(19(31)22-7)17-11(29)10(28)5(39-17)3-36-41(32,33)40-42(34,35)37-4-6-12(43)13(44)8-16(38-6)24-14-9(23-8)15(30)26-18(21)25-14;;;/h1-2,5-6,8,10-11,16-17,23,28-29,43-44H,3-4H2,(H,32,33)(H,34,35)(H2,20,22,31)(H4,21,24,25,26,30);;;/q;+2;;/p-4/t5-,6-,8+,10-,11-,16-,17-;;;/m1.../s1",N=c1ccn([C@@H]2O[C@H](COP(=O)([O-])OP(=O)([O-])OC[C@H]3O[C@H]4Nc5[nH]c(=N)nc([O-])c5N[C@H]4C(S)=C3S)[C@@H](O)[C@H]2O)c([O-])n1.[Mo+2].[O].[O]
sulfo-<i>bis</i>(guanylyl molybdopterin) cofactor,,C(OP([O-])(=O)OP([O-])(=O)OC[C@H]8(O[C@H]%10(NC%11(/N=C(N)\NC(=O)C(/N[C@@H](C9(\S[Mo]4([a bis(guanylyl molybdopterin) cofactor chaperone])(=S)(SC5(/[C@@H](COP([O-])(=O)OP(=O)([O-])OC[C@@H]1([C@@H](O)[C@@H](O)[C@@H](O1)N2(\C=N/C3(C(=O)NC(/N)=N/C2=3))))O[C@@H]6([C@H](C(\S4)=5)NC7(\C(=O)NC(/N)=N/C(\N6)=7))))SC\8=9))%10)=%11))))[C@@H]%12([C@@H](O)[C@@H](O)[C@@H](O%12)N%13(\C=N/C%14(C(=O)NC(/N)=N/C%13=%14)))
<i>bis</i>(molybdenum cofactor),"InChI=1S/2C10H14N5O6PS2.Mo.O/c2*11-10-14-7-4(8(16)15-10)12-3-6(24)5(23)2(21-9(3)13-7)1-20-22(17,18)19;;/h2*2-3,9,12,23-24H,1H2,(H2,17,18,19)(H4,11,13,14,15,16);;/q;;+4;/p-8/t2*2-,3+,9-;;/m11../s1",N=c1nc([O-])c2c([nH]1)N[C@@H]1O[C@H](COP(=O)([O-])[O-])C(S)=C(S)[C@@H]1N2.N=c1nc([O-])c2c([nH]1)N[C@@H]1O[C@H](COP(=O)([O-])[O-])C([S-])=C([S-])[C@@H]1N2.[Mo+4].[O]
guanylyl molybdenum cofactor,"InChI=1S/C20H26N10O13P2S2.Mo.2O/c21-19-26-13-7(15(33)28-19)24-6-12(47)11(46)5(41-17(6)25-13)2-40-45(37,38)43-44(35,36)39-1-4-9(31)10(32)18(42-4)30-3-23-8-14(30)27-20(22)29-16(8)34;;;/h3-6,9-10,17-18,24,31-32,46-47H,1-2H2,(H,35,36)(H,37,38)(H3,22,27,29,34)(H4,21,25,26,28,33);;;/q;+2;;/p-4/t4-,5-,6+,9-,10-,17-,18-;;;/m1.../s1",N=c1nc([O-])c2c([nH]1)N[C@@H]1O[C@H](COP(=O)([O-])OP(=O)([O-])OC[C@H]3O[C@@H](n4cnc5c([O-])nc(=N)[nH]c54)[C@H](O)[C@@H]3O)C(S)=C(S)[C@@H]1N2.[Mo+2].[O].[O]
molybdenum cofactor (within MsrP),,C(OP([O-])(=O)[O-])[C@@H]1(C4(\S[Mo](OC(N)C[C@@H](C(=O)[R4])N[R3])(O)(=O)(SC[C@H](N[R1])C([R2])=O)SC(/C2(\[C@@H](O1)NC3(/N=C(N)\NC(=O)C(/N=2)=3)))=4))
methylcob(III)alamin,"InChI=1S/C62H90N13O14P.CH3.Co/c1-29-20-39-40(21-30(29)2)75(28-70-39)57-52(84)53(41(27-76)87-57)89-90(85,86)88-31(3)26-69-49(83)18-19-59(8)37(22-46(66)80)56-62(11)61(10,25-48(68)82)36(14-17-45(65)79)51(74-62)33(5)55-60(9,24-47(67)81)34(12-15-43(63)77)38(71-55)23-42-58(6,7)35(13-16-44(64)78)50(72-42)32(4)54(59)73-56;;/h20-21,23,28,31,34-37,41,52-53,56-57,76,84H,12-19,22,24-27H2,1-11H3,(H15,63,64,65,66,67,68,69,71,72,73,74,77,78,79,80,81,82,83,85,86);1H3;/q;;+2/p-2/t31-,34-,35-,36-,37+,41-,52-,53-,56-,57+,59-,60+,61+,62+;;/m1../s1",CC1=C2N=C(C=C3N=C(C(C)=C4N[C@@](C)([C@@H]5N=C1[C@](C)(CCC(O)=NC[C@@H](C)OP(=O)(O)O[C@H]1[C@@H](O)[C@@H]([n+]6c[nH]c7cc(C)c(C)cc76)O[C@@H]1CO)[C@H]5CC(=N)O)[C@@](C)(CC(=N)O)[C@@H]4CCC(=N)[O-])[C@@](C)(CC(=N)O)[C@@H]3CCC(=N)[O-])C(C)(C)[C@@H]2CCC(=N)[O-].[CH3].[Co+2]
cyanocob(III)alamin,"InChI=1S/C62H90N13O14P.CN.Co/c1-29-20-39-40(21-30(29)2)75(28-70-39)57-52(84)53(41(27-76)87-57)89-90(85,86)88-31(3)26-69-49(83)18-19-59(8)37(22-46(66)80)56-62(11)61(10,25-48(68)82)36(14-17-45(65)79)51(74-62)33(5)55-60(9,24-47(67)81)34(12-15-43(63)77)38(71-55)23-42-58(6,7)35(13-16-44(64)78)50(72-42)32(4)54(59)73-56;1-2;/h20-21,23,28,31,34-37,41,52-53,56-57,76,84H,12-19,22,24-27H2,1-11H3,(H15,63,64,65,66,67,68,69,71,72,73,74,77,78,79,80,81,82,83,85,86);;/q;;+2/p-2/t31-,34-,35-,36-,37+,41-,52-,53-,56-,57+,59-,60+,61+,62+;;/m1../s1",CC1=C2N=C(C=C3N=C(C(C)=C4N[C@@](C)([C@@H]5N=C1[C@](C)(CCC(O)=NC[C@H](C)OP(=O)(O)O[C@H]1[C@@H](O)[C@@H]([n+]6c[nH]c7cc(C)c(C)cc76)O[C@@H]1CO)[C@H]5CC(=N)O)[C@@](C)(CC(=N)O)[C@@H]4CCC(=N)[O-])[C@@](C)(CC(=N)O)[C@@H]3CCC(=N)[O-])C(C)(C)[C@@H]2CCC(=N)[O-].[C]#N.[Co+2]
hydroxocobalamin,,CC1(\C(/C)=C/C2(/N3([C@@H]9(C(O)C(OP(=O)([O-])O[C@H](C)CNC(=O)CC[C@@]8(C)(C5(\N([Co-3](N(\C(/C=1)=2)=C/3)O)[C@@H]([C@]4(C)(\N=C([C@@H](CCC(N)=O)[C@@](CC(=O)N)(C)4)/C(\C)=C7([C@](CC(=O)N)(C)[C@H](CCC(=O)N)C(\C=C6([C@](C)(C)[C@H](CCC(=O)N)C(\C(/C)=5)=N6))=N7)))[C@H](CC(=O)N)8)))[C@H](CO)O9))))
FADH<SUB>2</SUB>,"InChI=1S/C27H35N9O15P2/c1-10-3-12-13(4-11(10)2)35(24-18(32-12)25(42)34-27(43)33-24)5-14(37)19(39)15(38)6-48-52(44,45)51-53(46,47)49-7-16-20(40)21(41)26(50-16)36-9-31-17-22(28)29-8-30-23(17)36/h3-4,8-9,14-16,19-21,26,32,37-41H,5-7H2,1-2H3,(H,44,45)(H,46,47)(H2,28,29,30)(H2,33,34,42,43)/p-2/t14-,15+,16+,19-,20+,21+,26+/m0/s1",Cc1cc2c(cc1C)N(C[C@H](O)[C@H](O)[C@H](O)COP(=O)(O)OP(=O)(O)OC[C@H]1O[C@@H](n3cnc4c(N)ncnc43)[C@H](O)[C@@H]1O)c1nc([O-])nc([O-])c1N2
reduced riboflavin,"InChI=1S/C17H22N4O6/c1-7-3-9-10(4-8(7)2)21(5-11(23)14(25)12(24)6-22)15-13(18-9)16(26)20-17(27)19-15/h3-4,11-14,18,22-25H,5-6H2,1-2H3,(H,20,26,27)/t11-,12+,13?,14-/m0/s1",Cc1cc2c(cc1C)N(C[C@H](O)[C@H](O)[C@H](O)CO)C1=NC(=O)N=C(O)C1N2
&beta;-D-altropyranose,"InChI=1S/C6H12O6/c7-1-2-3(8)4(9)5(10)6(11)12-2/h2-11H,1H2/t2-,3-,4-,5+,6-/m1/s1",OC[C@H]1O[C@@H](O)[C@@H](O)[C@H](O)[C@@H]1O
&alpha;-D-altropyranose,"InChI=1S/C6H12O6/c7-1-2-3(8)4(9)5(10)6(11)12-2/h2-11H,1H2/t2-,3-,4-,5+,6+/m1/s1",OC[C@H]1O[C@H](O)[C@@H](O)[C@H](O)[C@@H]1O
&alpha;-D-ribopyranose,"InChI=1S/C5H10O5/c6-2-1-10-5(9)4(8)3(2)7/h2-9H,1H2/t2-,3-,4-,5+/m1/s1",O[C@@H]1[C@H](O)[C@H](O)CO[C@@H]1O
&beta;-D-ribopyranose,"InChI=1S/C5H10O5/c6-2-1-10-5(9)4(8)3(2)7/h2-9H,1H2/t2-,3-,4-,5-/m1/s1",O[C@@H]1[C@H](O)[C@H](O)CO[C@H]1O
&alpha;-D-quinovopyranose,"InChI=1S/C6H12O5/c1-2-3(7)4(8)5(9)6(10)11-2/h2-10H,1H3/t2-,3-,4+,5-,6+/m1/s1",C[C@H]1O[C@H](O)[C@H](O)[C@@H](O)[C@@H]1O
UMP,"InChI=1S/C9H13N2O9P/c12-5-1-2-11(9(15)10-5)8-7(14)6(13)4(20-8)3-19-21(16,17)18/h1-2,4,6-8,13-14H,3H2,(H,10,12,15)(H2,16,17,18)/p-2/t4-,6-,7-,8-/m1/s1",O=c1nc([O-])ccn1[C@@H]1O[C@H](COP(=O)([O-])O)[C@@H](O)[C@H]1O
CMP,"InChI=1S/C9H14N3O8P/c10-5-1-2-12(9(15)11-5)8-7(14)6(13)4(20-8)3-19-21(16,17)18/h1-2,4,6-8,13-14H,3H2,(H2,10,11,15)(H2,16,17,18)/p-2/t4-,6-,7-,8-/m1/s1",N=c1ccn([C@@H]2O[C@H](COP(=O)([O-])O)[C@@H](O)[C@H]2O)c([O-])n1
5-fluorouridine 5'-monophosphate,"InChI=1S/C9H12FN2O9P/c10-3-1-12(9(16)11-7(3)15)8-6(14)5(13)4(21-8)2-20-22(17,18)19/h1,4-6,8,13-14H,2H2,(H,11,15,16)(H2,17,18,19)/p-2/t4-,5-,6-,8-/m1/s1",O=c1nc([O-])c(F)cn1[C@@H]1O[C@H](COP(=O)([O-])O)[C@@H](O)[C@H]1O
menaquinone-1,"InChI=1S/C16H16O2/c1-10(2)8-9-12-11(3)15(17)13-6-4-5-7-14(13)16(12)18/h4-8H,9H2,1-3H3",CC(C)=CCC1=C(C)C(=O)c2ccccc2C1=O
UDP-MurNAc-L-Ala-&gamma;-D-Glu-<i>meso</i>-DAP-D-Ala,"InChI=1S/C38H60N8O27P2/c1-14(30(54)44-20(36(61)62)8-9-23(49)43-19(7-5-6-18(39)35(59)60)32(56)41-15(2)34(57)58)40-31(55)16(3)69-29-25(42-17(4)48)37(71-21(12-47)27(29)52)72-75(66,67)73-74(64,65)68-13-22-26(51)28(53)33(70-22)46-11-10-24(50)45-38(46)63/h10-11,14-16,18-22,25-29,33,37,47,51-53H,5-9,12-13,39H2,1-4H3,(H,40,55)(H,41,56)(H,42,48)(H,43,49)(H,44,54)(H,57,58)(H,59,60)(H,61,62)(H,64,65)(H,66,67)(H,45,50,63)/p-4/t14-,15+,16+,18+,19-,20+,21+,22+,25+,26+,27+,28+,29+,33+,37+/m0/s1",CC([O-])=N[C@H]1[C@@H](OP(=O)(O)OP(=O)(O)OC[C@H]2O[C@@H](n3ccc([O-])nc3=O)[C@H](O)[C@@H]2O)O[C@H](CO)[C@@H](O)[C@@H]1O[C@H](C)C(O)=N[C@@H](C)C([O-])=N[C@H](CCC([O-])=N[C@@H](CCC[C@@H](N)C(=O)O)C(O)=N[C@H](C)C(=O)O)C(=O)O
D-erythrose,"InChI=1S/C4H8O4/c5-1-3(7)4(8)2-6/h1,3-4,6-8H,2H2/t3-,4+/m0/s1",O=C[C@H](O)[C@H](O)CO
2-methoxy-6-(<i>all-trans</i>-octaprenyl)phenol,"InChI=1S/C47H72O2/c1-37(2)19-11-20-38(3)21-12-22-39(4)23-13-24-40(5)25-14-26-41(6)27-15-28-42(7)29-16-30-43(8)31-17-32-44(9)35-36-45-33-18-34-46(49-10)47(45)48/h18-19,21,23,25,27,29,31,33-35,48H,11-17,20,22,24,26,28,30,32,36H2,1-10H3/b38-21+,39-23+,40-25+,41-27+,42-29+,43-31+,44-35+",COc1cccc(C/C=C(/C)CC/C=C(/C)CC/C=C(/C)CC/C=C(/C)CC/C=C(/C)CC/C=C(/C)CC/C=C(/C)CCC=C(C)C)c1O
(<i>E</i>)-3-penten-2-one,"InChI=1S/C5H8O/c1-3-4-5(2)6/h3-4H,1-2H3/b4-3+",C/C=C/C(C)=O
3-chloro-L-alanine,"InChI=1S/C3H6ClNO2/c4-1-2(5)3(6)7/h2H,1,5H2,(H,6,7)/t2-/m0/s1",N[C@@H](CCl)C(=O)O
3-chloro-D-alanine,"InChI=1S/C3H6ClNO2/c4-1-2(5)3(6)7/h2H,1,5H2,(H,6,7)/t2-/m1/s1",N[C@H](CCl)C(=O)O
5'-deoxyuridine,"InChI=1S/C9H12N2O5/c1-4-6(13)7(14)8(16-4)11-3-2-5(12)10-9(11)15/h2-4,6-8,13-14H,1H3,(H,10,12,15)/t4-,6-,7-,8-/m1/s1",C[C@H]1O[C@@H](n2ccc(O)nc2=O)[C@H](O)[C@@H]1O
&beta;-D-glucopyranose,"InChI=1S/C6H12O6/c7-1-2-3(8)4(9)5(10)6(11)12-2/h2-11H,1H2/t2-,3-,4+,5-,6-/m1/s1",OC[C@H]1O[C@@H](O)[C@H](O)[C@@H](O)[C@@H]1O
&alpha;-D-glucopyranose,"InChI=1S/C6H12O6/c7-1-2-3(8)4(9)5(10)6(11)12-2/h2-11H,1H2/t2-,3-,4+,5-,6+/m1/s1",OC[C@H]1O[C@H](O)[C@H](O)[C@@H](O)[C@@H]1O
<i>aldehydo</i>-D-glucose,"InChI=1S/C6H12O6/c7-1-3(9)5(11)6(12)4(10)2-8/h1,3-6,8-12H,2H2/t3-,4+,5+,6+/m0/s1",O=C[C@H](O)[C@@H](O)[C@H](O)[C@H](O)CO
precorrin-1,"InChI=1S/C41H46N4O16/c1-41(17-40(60)61)24(5-9-36(52)53)31-15-29-22(11-38(56)57)19(3-7-34(48)49)27(43-29)14-28-21(10-37(54)55)18(2-6-33(46)47)25(42-28)13-26-20(4-8-35(50)51)23(12-39(58)59)30(44-26)16-32(41)45-31/h16,24,42-44H,2-15,17H2,1H3,(H,46,47)(H,48,49)(H,50,51)(H,52,53)(H,54,55)(H,56,57)(H,58,59)(H,60,61)/p-8/b32-16-/t24-,41+/m1/s1",C[C@@]1(CC(=O)[O-])/C2=C/c3[nH]c(c(CCC(=O)[O-])c3CC(=O)[O-])Cc3[nH]c(c(CC(=O)[O-])c3CCC(=O)[O-])Cc3[nH]c(c(CC(=O)[O-])c3CCC(=O)[O-])CC(=N2)[C@H]1CCC(=O)[O-]
precorrin-2,"InChI=1S/C42H48N4O16/c1-41(17-39(59)60)23(5-9-35(51)52)29-14-27-21(11-37(55)56)19(3-7-33(47)48)25(43-27)13-26-20(4-8-34(49)50)22(12-38(57)58)28(44-26)15-31-42(2,18-40(61)62)24(6-10-36(53)54)30(46-31)16-32(41)45-29/h14-16,23-24,43-45H,3-13,17-18H2,1-2H3,(H,47,48)(H,49,50)(H,51,52)(H,53,54)(H,55,56)(H,57,58)(H,59,60)(H,61,62)/p-7/b29-14-,31-15-,32-16-/t23-,24-,41+,42+/m1/s1",C[C@@]1(CC(=O)O)/C2=C/c3[nH]c(c(CCC(=O)[O-])c3CC(=O)[O-])Cc3[nH]c(c(CC(=O)[O-])c3CCC(=O)[O-])/C=C3\N/C(=C\C(=N2)[C@H]1CCC(=O)[O-])[C@@](C)(CC(=O)[O-])[C@@H]3CCC(=O)[O-]
<i>aldehydo</i>-D-quinovose,"InChI=1S/C6H12O5/c1-3(8)5(10)6(11)4(9)2-7/h2-6,8-11H,1H3/t3-,4+,5-,6-/m1/s1",C[C@@H](O)[C@@H](O)[C@H](O)[C@@H](O)C=O
UDP-<i>N</i>-acetyl-&alpha;-D-mannosaminuronate,"InChI=1S/C17H25N3O18P2/c1-5(21)18-8-10(24)11(25)13(15(27)28)36-16(8)37-40(32,33)38-39(30,31)34-4-6-9(23)12(26)14(35-6)20-3-2-7(22)19-17(20)29/h2-3,6,8-14,16,23-26H,4H2,1H3,(H,18,21)(H,27,28)(H,30,31)(H,32,33)(H,19,22,29)/p-3/t6-,8+,9-,10-,11+,12-,13+,14-,16-/m1/s1",CC([O-])=N[C@@H]1[C@@H](OP(=O)(O)OP(=O)(O)OC[C@H]2O[C@@H](n3ccc([O-])nc3=O)[C@H](O)[C@@H]2O)O[C@H](C(=O)[O-])[C@@H](O)[C@@H]1O
"L-<i>erythro</i>-7,8-dihydrobiopterin","InChI=1S/C9H13N5O3/c1-3(15)6(16)4-2-11-7-5(12-4)8(17)14-9(10)13-7/h3,6,15-16H,2H2,1H3,(H4,10,11,13,14,17)/t3-,6-/m0/s1",C[C@H](O)[C@H](O)C1=Nc2c(O)nc(=N)[nH]c2NC1
"7,8-dihydroneopterin 3'-triphosphate","InChI=1S/C9H16N5O13P3/c10-9-13-7-5(8(17)14-9)12-3(1-11-7)6(16)4(15)2-25-29(21,22)27-30(23,24)26-28(18,19)20/h4,6,15-16H,1-2H2,(H,21,22)(H,23,24)(H2,18,19,20)(H4,10,11,13,14,17)/p-4/t4-,6+/m1/s1",N=c1nc([O-])c2c([nH]1)NCC([C@H](O)[C@H](O)COP(=O)([O-])OP(=O)(O)OP(=O)([O-])[O-])=N2
"(7,8-dihydropterin-6-yl)methyl diphosphate","InChI=1S/C7H11N5O8P2/c8-7-11-5-4(6(13)12-7)10-3(1-9-5)2-19-22(17,18)20-21(14,15)16/h1-2H2,(H,17,18)(H2,14,15,16)(H4,8,9,11,12,13)/p-3",N=c1nc([O-])c2c([nH]1)NCC(COP(=O)(O)OP(=O)([O-])[O-])=N2
"7,8-dihydromonapterin triphosphate","InChI=1S/C9H16N5O13P3/c10-9-13-7-5(8(17)14-9)12-3(1-11-7)6(16)4(15)2-25-29(21,22)27-30(23,24)26-28(18,19)20/h4,6,15-16H,1-2H2,(H,21,22)(H,23,24)(H2,18,19,20)(H4,10,11,13,14,17)/p-4/t4-,6-/m0/s1",N=c1nc([O-])c2c([nH]1)NCC([C@H](O)[C@@H](O)COP(=O)([O-])OP(=O)(O)OP(=O)([O-])[O-])=N2
"7,8-dihydroneopterin 3'-phosphate","InChI=1S/C9H14N5O7P/c10-9-13-7-5(8(17)14-9)12-3(1-11-7)6(16)4(15)2-21-22(18,19)20/h4,6,15-16H,1-2H2,(H2,18,19,20)(H4,10,11,13,14,17)/p-2/t4-,6+/m1/s1",N=c1nc([O-])c2c([nH]1)NCC([C@H](O)[C@H](O)COP(=O)([O-])O)=N2
"7,8-dihydropterin","InChI=1S/C6H7N5O/c7-6-10-4-3(5(12)11-6)8-1-2-9-4/h1H,2H2,(H4,7,9,10,11,12)",N=c1nc(O)c2c([nH]1)NCC=N2
3-methyl-2-butanone,"InChI=1S/C5H10O/c1-4(2)5(3)6/h4H,1-3H3",CC(=O)C(C)C
diacetyl,InChI=1S/C4H6O2/c1-3(5)4(2)6/h1-2H3,CC(=O)C(C)=O
(<i>E</i>)-hept-3-en-2-one,"InChI=1S/C7H12O/c1-3-4-5-6-7(2)8/h5-6H,3-4H2,1-2H3/b6-5+",CCC/C=C/C(C)=O
p-(bromoacetamido)phenyl uridyl pyrophosphate,"InChI=1S/C17H20BrN3O13P2/c18-7-13(23)19-9-1-3-10(4-2-9)33-36(29,30)34-35(27,28)31-8-11-14(24)15(25)16(32-11)21-6-5-12(22)20-17(21)26/h1-6,11,14-16,24-25H,7-8H2,(H,19,23)(H,27,28)(H,29,30)(H,20,22,26)/p-2/t11-,14-,15-,16-/m1/s1",O=C(CBr)Nc1ccc(OP(=O)(O)OP(=O)([O-])OC[C@H]2O[C@@H](n3ccc([O-])nc3=O)[C@H](O)[C@@H]2O)cc1
"N10-(bromoacetyl)-5,8-dideazafolate","InChI=1S/C23H22BrN5O7/c24-10-18(30)29(11-12-1-6-16-15(9-12)21(34)28-23(25)27-16)14-4-2-13(3-5-14)20(33)26-17(22(35)36)7-8-19(31)32/h1-6,9,17H,7-8,10-11H2,(H,26,33)(H,31,32)(H,35,36)(H3,25,27,28,34)/p-2/t17-/m0/s1",N=c1nc([O-])c2cc(CN(C(=O)CBr)c3ccc(C(=O)N[C@@H](CCC(=O)[O-])C(=O)O)cc3)ccc2[nH]1
"(4-bromo-1,3-phenylene)dimethanediol","InChI=1S/C8H9BrO4/c9-6-2-1-4(7(10)11)3-5(6)8(12)13/h1-3,7-8,10-13H",OC(O)c1ccc(Br)c(C(O)O)c1
monobromobimane,"InChI=1S/C10H11BrN2O2/c1-5-7(3)12-8(4-11)6(2)10(15)13(12)9(5)14/h4H2,1-3H3",Cc1c(C)n2c(CBr)c(C)c(=O)n2c1=O
N-bromosuccinimide,InChI=1S/C4H4BrNO2/c5-6-3(7)1-2-4(6)8/h1-2H2,O=C1CCC(=O)N1Br
bromosuccinate,"InChI=1S/C4H5BrO4/c5-2(4(8)9)1-3(6)7/h2H,1H2,(H,6,7)(H,8,9)/p-2",O=C([O-])CC(Br)C(=O)[O-]
(<i>S</i>)-2-bromopropanoate,"InChI=1S/C3H5BrO2/c1-2(4)3(5)6/h2H,1H3,(H,5,6)/p-1/t2-/m0/s1",C[C@H](Br)C(=O)[O-]
CTAB,,
ethene,InChI=1S/C2H4/c1-2/h1-2H2,C=C
bromohydrin of isopentenyl pyrophosphate,"InChI=1S/C5H13BrO8P2/c1-5(7,4-6)2-3-13-16(11,12)14-15(8,9)10/h7H,2-4H2,1H3,(H,11,12)(H2,8,9,10)/p-3",CC(O)(CBr)CCOP(=O)([O-])OP(=O)([O-])[O-]
bromoacetate,"InChI=1S/C2H3BrO2/c3-1-2(4)5/h1H2,(H,4,5)/p-1",O=C([O-])CBr
UDP-&beta;-L-threo-pentapyranos-4-ulose,"InChI=1S/C14H20N2O16P2/c17-5-3-28-13(11(22)8(5)19)31-34(26,27)32-33(24,25)29-4-6-9(20)10(21)12(30-6)16-2-1-7(18)15-14(16)23/h1-2,6,8-13,19-22H,3-4H2,(H,24,25)(H,26,27)(H,15,18,23)/p-2/t6-,8+,9-,10-,11-,12-,13-/m1/s1",O=C1CO[C@H](OP(=O)(O)OP(=O)([O-])OC[C@H]2O[C@@H](n3ccc([O-])nc3=O)[C@H](O)[C@@H]2O)[C@H](O)[C@H]1O
berberine,"InChI=1S/C20H18NO4/c1-22-17-4-3-12-7-16-14-9-19-18(24-11-25-19)8-13(14)5-6-21(16)10-15(12)20(17)23-2/h3-4,7-10H,5-6,11H2,1-2H3/q+1",COc1ccc2cc3[n+](cc2c1OC)CCc1cc2c(cc1-3)OCO2
methylglyoxal,"InChI=1S/C3H4O2/c1-3(5)2-4/h2H,1H3",CC(=O)C=O
(R)-adrenaline,"InChI=1S/C9H13NO3/c1-10-5-9(13)6-2-3-7(11)8(12)4-6/h2-4,9-13H,5H2,1H3/p+1/t9-/m0/s1",C[NH2+]C[C@H](O)c1ccc(O)c(O)c1
"7,8-dihydrofolate monoglutamate","InChI=1S/C19H21N7O6/c20-19-25-15-14(17(30)26-19)23-11(8-22-15)7-21-10-3-1-9(2-4-10)16(29)24-12(18(31)32)5-6-13(27)28/h1-4,12,21H,5-8H2,(H,24,29)(H,27,28)(H,31,32)(H4,20,22,25,26,30)/p-2/t12-/m0/s1",N=c1nc([O-])c2c([nH]1)NCC(CNc1ccc(C(=O)N[C@@H](CCC(=O)[O-])C(=O)O)cc1)=N2
&alpha;-D-fucopyranose,"InChI=1S/C6H12O5/c1-2-3(7)4(8)5(9)6(10)11-2/h2-10H,1H3/t2-,3+,4+,5-,6+/m1/s1",C[C@H]1O[C@H](O)[C@H](O)[C@@H](O)[C@H]1O
(E)-2-hexenal,"InChI=1S/C6H10O/c1-2-3-4-5-6-7/h4-6H,2-3H2,1H3/b5-4+",CCC/C=C/C=O
sulfur dioxide,InChI=1S/O2S/c1-3-2,O=S=O
triethanolamine,"InChI=1S/C6H15NO3/c8-4-1-7(2-5-9)3-6-10/h8-10H,1-6H2/p+1",OCC[NH+](CCO)CCO
EDTA,"InChI=1S/C10H16N2O8/c13-7(14)3-11(4-8(15)16)1-2-12(5-9(17)18)6-10(19)20/h1-6H2,(H,13,14)(H,15,16)(H,17,18)(H,19,20)/p-2",O=C([O-])CN(CCN(CC(=O)O)CC(=O)O)CC(=O)[O-]
adenosylcobalamin 5'-phosphate,"InChI=1S/C62H91N13O17P2.C10H12N5O3.Co/c1-29-20-39-40(21-30(29)2)75(28-70-39)57-52(83)53(41(90-57)27-89-93(84,85)86)92-94(87,88)91-31(3)26-69-49(82)18-19-59(8)37(22-46(66)79)56-62(11)61(10,25-48(68)81)36(14-17-45(65)78)51(74-62)33(5)55-60(9,24-47(67)80)34(12-15-43(63)76)38(71-55)23-42-58(6,7)35(13-16-44(64)77)50(72-42)32(4)54(59)73-56;1-4-6(16)7(17)10(18-4)15-3-14-5-8(11)12-2-13-9(5)15;/h20-21,23,28,31,34-37,41,52-53,56-57,83H,12-19,22,24-27H2,1-11H3,(H17,63,64,65,66,67,68,69,71,72,73,74,76,77,78,79,80,81,82,84,85,86,87,88);2-4,6-7,10,16-17H,1H2,(H2,11,12,13);/q;;+2/p-4/t31-,34-,35-,36-,37+,41-,52-,53-,56-,57+,59-,60+,61+,62+;4-,6-,7-,10-;/m11./s1",CC1=C2N=C(C=C3N=C(C(C)=C4N[C@@](C)([C@@H]5N=C1[C@](C)(CCC(O)=NC[C@@H](C)OP(=O)(O)O[C@H]1[C@@H](O)[C@@H]([n+]6c[nH]c7cc(C)c(C)cc76)O[C@@H]1COP(=O)(O)O)[C@H]5CC(=N)[O-])[C@@](C)(CC(=N)O)[C@@H]4CCC(=N)[O-])[C@@](C)(CC(=N)[O-])[C@@H]3CCC(=N)[O-])C(C)(C)[C@@H]2CCC(=N)[O-].[CH2][C@H]1O[C@@H](n2cnc3c(N)ncnc32)[C@H](O)[C@@H]1O.[Co+2]
adenosine tetraphosphate,"InChI=1S/C10H17N5O16P4/c11-8-5-9(13-2-12-8)15(3-14-5)10-7(17)6(16)4(28-10)1-27-33(21,22)30-35(25,26)31-34(23,24)29-32(18,19)20/h2-4,6-7,10,16-17H,1H2,(H,21,22)(H,23,24)(H,25,26)(H2,11,12,13)(H2,18,19,20)/p-5/t4-,6-,7-,10-/m1/s1",Nc1ncnc2c1ncn2[C@@H]1O[C@H](COP(=O)([O-])OP(=O)([O-])OP(=O)([O-])OP(=O)([O-])[O-])[C@@H](O)[C@H]1O
(<i>S</i>)-1-pyrroline-5-carboxylate,"InChI=1S/C5H7NO2/c7-5(8)4-2-1-3-6-4/h3-4H,1-2H2,(H,7,8)/p-1/t4-/m0/s1",O=C([O-])[C@@H]1CCC=N1
geranial,"InChI=1S/C10H16O/c1-9(2)5-4-6-10(3)7-8-11/h5,7-8H,4,6H2,1-3H3/b10-7+",CC(C)=CCC/C(C)=C\C=O
UDP-3-<i>O</i>-[(3<i>R</i>)-3-hydroxymyristoyl]-&alpha;-D-glucosamine,"InChI=1S/C29H51N3O18P2/c1-2-3-4-5-6-7-8-9-10-11-17(34)14-21(36)48-26-22(30)28(47-18(15-33)24(26)38)49-52(43,44)50-51(41,42)45-16-19-23(37)25(39)27(46-19)32-13-12-20(35)31-29(32)40/h12-13,17-19,22-28,33-34,37-39H,2-11,14-16,30H2,1H3,(H,41,42)(H,43,44)(H,31,35,40)/p-1/t17-,18-,19-,22-,23-,24-,25-,26-,27-,28-/m1/s1",CCCCCCCCCCC[C@@H](O)CC(=O)O[C@@H]1[C@@H](N)[C@@H](OP(=O)(O)OP(=O)(O)OC[C@H]2O[C@@H](n3ccc([O-])nc3=O)[C@H](O)[C@@H]2O)O[C@H](CO)[C@H]1O
UDP-<i>N</i>-acetyl-&alpha;-D-glucosamine,"InChI=1S/C17H27N3O17P2/c1-6(22)18-10-13(26)11(24)7(4-21)35-16(10)36-39(31,32)37-38(29,30)33-5-8-12(25)14(27)15(34-8)20-3-2-9(23)19-17(20)28/h2-3,7-8,10-16,21,24-27H,4-5H2,1H3,(H,18,22)(H,29,30)(H,31,32)(H,19,23,28)/p-2/t7-,8-,10-,11-,12-,13-,14-,15-,16-/m1/s1",CC([O-])=N[C@H]1[C@@H](OP(=O)(O)OP(=O)(O)OC[C@H]2O[C@@H](n3ccc([O-])nc3=O)[C@H](O)[C@@H]2O)O[C@H](CO)[C@@H](O)[C@@H]1O
UDP-&alpha;-D-glucosamine,"InChI=1S/C15H25N3O16P2/c16-8-11(23)9(21)5(3-19)32-14(8)33-36(28,29)34-35(26,27)30-4-6-10(22)12(24)13(31-6)18-2-1-7(20)17-15(18)25/h1-2,5-6,8-14,19,21-24H,3-4,16H2,(H,26,27)(H,28,29)(H,17,20,25)/p-1/t5-,6-,8-,9-,10-,11-,12-,13-,14-/m1/s1",N[C@H]1[C@@H](OP(=O)(O)OP(=O)(O)OC[C@H]2O[C@@H](n3ccc([O-])nc3=O)[C@H](O)[C@@H]2O)O[C@H](CO)[C@@H](O)[C@@H]1O
UDP-<i>N</i>-acetyl-&alpha;-D-muramoyl-L-alanyl-D-glutamate,"InChI=1S/C28H43N5O23P2/c1-10(23(42)31-13(26(44)45)4-5-17(37)38)29-24(43)11(2)52-22-18(30-12(3)35)27(54-14(8-34)20(22)40)55-58(49,50)56-57(47,48)51-9-15-19(39)21(41)25(53-15)33-7-6-16(36)32-28(33)46/h6-7,10-11,13-15,18-22,25,27,34,39-41H,4-5,8-9H2,1-3H3,(H,29,43)(H,30,35)(H,31,42)(H,37,38)(H,44,45)(H,47,48)(H,49,50)(H,32,36,46)/p-4/t10-,11+,13+,14+,15+,18+,19+,20+,21+,22+,25+,27+/m0/s1",CC([O-])=N[C@H]1[C@@H](OP(=O)(O)OP(=O)(O)OC[C@H]2O[C@@H](n3ccc([O-])nc3=O)[C@H](O)[C@@H]2O)O[C@H](CO)[C@@H](O)[C@@H]1O[C@H](C)C(O)=N[C@@H](C)C([O-])=N[C@H](CCC(=O)[O-])C(=O)O
UDP-<i>N</i>-acetyl-&alpha;-D-muramate,"InChI=1S/C20H31N3O19P2/c1-7(18(30)31)38-16-12(21-8(2)25)19(40-9(5-24)14(16)28)41-44(35,36)42-43(33,34)37-6-10-13(27)15(29)17(39-10)23-4-3-11(26)22-20(23)32/h3-4,7,9-10,12-17,19,24,27-29H,5-6H2,1-2H3,(H,21,25)(H,30,31)(H,33,34)(H,35,36)(H,22,26,32)/p-3/t7-,9-,10-,12-,13-,14-,15-,16-,17-,19-/m1/s1",CC([O-])=N[C@H]1[C@@H](OP(=O)(O)OP(=O)(O)OC[C@H]2O[C@@H](n3ccc([O-])nc3=O)[C@H](O)[C@@H]2O)O[C@H](CO)[C@@H](O)[C@@H]1O[C@H](C)C(=O)[O-]
UDP-&alpha;-D-glucuronate,"InChI=1S/C15H22N2O18P2/c18-5-1-2-17(15(26)16-5)12-9(22)6(19)4(32-12)3-31-36(27,28)35-37(29,30)34-14-10(23)7(20)8(21)11(33-14)13(24)25/h1-2,4,6-12,14,19-23H,3H2,(H,24,25)(H,27,28)(H,29,30)(H,16,18,26)/p-3/t4-,6-,7+,8+,9-,10-,11+,12-,14-/m1/s1",O=C([O-])[C@H]1O[C@H](OP(=O)(O)OP(=O)([O-])OC[C@H]2O[C@@H](n3ccc([O-])nc3=O)[C@H](O)[C@@H]2O)[C@H](O)[C@@H](O)[C@@H]1O
UDP-<i>N</i>-acetyl-&alpha;-D-glucosamine-enolpyruvate,"InChI=1S/C20H29N3O19P2/c1-7(18(30)31)38-16-12(21-8(2)25)19(40-9(5-24)14(16)28)41-44(35,36)42-43(33,34)37-6-10-13(27)15(29)17(39-10)23-4-3-11(26)22-20(23)32/h3-4,9-10,12-17,19,24,27-29H,1,5-6H2,2H3,(H,21,25)(H,30,31)(H,33,34)(H,35,36)(H,22,26,32)/p-3/t9-,10-,12-,13-,14-,15-,16-,17-,19-/m1/s1",C=C(O[C@H]1[C@H](O)[C@@H](CO)O[C@H](OP(=O)(O)OP(=O)(O)OC[C@H]2O[C@@H](n3ccc([O-])nc3=O)[C@H](O)[C@@H]2O)[C@@H]1N=C(C)[O-])C(=O)[O-]
UDP-<i>N</i>-acetyl-&alpha;-D-muramoyl-L-alanyl-&gamma;-D-glutamyl-L-lysine,"InChI=1S/C34H55N7O24P2/c1-14(28(49)39-18(32(53)54)7-8-21(44)38-17(31(51)52)6-4-5-10-35)36-29(50)15(2)61-27-23(37-16(3)43)33(63-19(12-42)25(27)47)64-67(58,59)65-66(56,57)60-13-20-24(46)26(48)30(62-20)41-11-9-22(45)40-34(41)55/h9,11,14-15,17-20,23-27,30,33,42,46-48H,4-8,10,12-13,35H2,1-3H3,(H,36,50)(H,37,43)(H,38,44)(H,39,49)(H,51,52)(H,53,54)(H,56,57)(H,58,59)(H,40,45,55)/p-3/t14-,15+,17-,18+,19+,20+,23+,24+,25+,26+,27+,30+,33+/m0/s1",CC([O-])=N[C@H]1[C@@H](OP(=O)(O)OP(=O)(O)OC[C@H]2O[C@@H](n3ccc([O-])nc3=O)[C@H](O)[C@@H]2O)O[C@H](CO)[C@@H](O)[C@@H]1O[C@H](C)C(O)=N[C@@H](C)C(O)=N[C@H](CCC([O-])=N[C@@H](CCCCN)C(=O)O)C(=O)O
UDP-<i>N</i>-acetyl-&alpha;-D-mannosamine,"InChI=1S/C17H27N3O17P2/c1-6(22)18-10-13(26)11(24)7(4-21)35-16(10)36-39(31,32)37-38(29,30)33-5-8-12(25)14(27)15(34-8)20-3-2-9(23)19-17(20)28/h2-3,7-8,10-16,21,24-27H,4-5H2,1H3,(H,18,22)(H,29,30)(H,31,32)(H,19,23,28)/p-2/t7-,8-,10+,11-,12-,13-,14-,15-,16-/m1/s1",CC([O-])=N[C@@H]1[C@@H](OP(=O)(O)OP(=O)(O)OC[C@H]2O[C@@H](n3ccc([O-])nc3=O)[C@H](O)[C@@H]2O)O[C@H](CO)[C@@H](O)[C@@H]1O
UDP-&alpha;-D-galactofuranose,"InChI=1S/C15H24N2O17P2/c18-3-5(19)12-9(22)11(24)14(32-12)33-36(28,29)34-35(26,27)30-4-6-8(21)10(23)13(31-6)17-2-1-7(20)16-15(17)25/h1-2,5-6,8-14,18-19,21-24H,3-4H2,(H,26,27)(H,28,29)(H,16,20,25)/p-2/t5-,6-,8-,9-,10-,11-,12+,13-,14-/m1/s1",O=c1nc([O-])ccn1[C@@H]1O[C@H](COP(=O)([O-])OP(=O)(O)O[C@H]2O[C@@H]([C@H](O)CO)[C@H](O)[C@H]2O)[C@@H](O)[C@H]1O
UDP-<i>N</i>-acetyl-&alpha;-D-muramoyl-L-alanine,"InChI=1S/C23H36N4O20P2/c1-8(21(35)36)24-19(34)9(2)43-18-14(25-10(3)29)22(45-11(6-28)16(18)32)46-49(40,41)47-48(38,39)42-7-12-15(31)17(33)20(44-12)27-5-4-13(30)26-23(27)37/h4-5,8-9,11-12,14-18,20,22,28,31-33H,6-7H2,1-3H3,(H,24,34)(H,25,29)(H,35,36)(H,38,39)(H,40,41)(H,26,30,37)/p-3/t8-,9+,11+,12+,14+,15+,16+,17+,18+,20+,22+/m0/s1",CC([O-])=N[C@H]1[C@@H](OP(=O)(O)OP(=O)(O)OC[C@H]2O[C@@H](n3ccc([O-])nc3=O)[C@H](O)[C@@H]2O)O[C@H](CO)[C@@H](O)[C@@H]1O[C@H](C)C([O-])=N[C@@H](C)C(=O)O
UDP-<i>N</i>-acetyl-&alpha;-D-glucosamine 3'-phosphate,"InChI=1S/C17H28N3O20P3/c1-6(22)18-10-14(38-41(28,29)30)12(25)7(4-21)37-16(10)39-43(33,34)40-42(31,32)35-5-8-11(24)13(26)15(36-8)20-3-2-9(23)19-17(20)27/h2-3,7-8,10-16,21,24-26H,4-5H2,1H3,(H,18,22)(H,31,32)(H,33,34)(H,19,23,27)(H2,28,29,30)/p-4/t7-,8-,10-,11-,12-,13-,14-,15-,16-/m1/s1",CC([O-])=N[C@H]1[C@@H](OP(=O)(O)OP(=O)(O)OC[C@H]2O[C@@H](n3ccc([O-])nc3=O)[C@H](O)[C@@H]2O)O[C@H](CO)[C@@H](O)[C@@H]1OP(=O)([O-])[O-]
6-sulfo-&alpha;-D-quinovose,"InChI=1S/C6H12O8S/c7-3-2(1-15(11,12)13)14-6(10)5(9)4(3)8/h2-10H,1H2,(H,11,12,13)/p-1/t2-,3-,4+,5-,6+/m1/s1",O=S(=O)([O-])C[C@H]1O[C@H](O)[C@H](O)[C@@H](O)[C@@H]1O
6-sulfo-&beta;-D-quinovose,"InChI=1S/C6H12O8S/c7-3-2(1-15(11,12)13)14-6(10)5(9)4(3)8/h2-10H,1H2,(H,11,12,13)/p-1/t2-,3-,4+,5-,6-/m1/s1",O=S(=O)([O-])C[C@H]1O[C@@H](O)[C@H](O)[C@@H](O)[C@@H]1O
capsaicin,"InChI=1S/C18H27NO3/c1-14(2)8-6-4-5-7-9-18(21)19-13-15-10-11-16(20)17(12-15)22-3/h6,8,10-12,14,20H,4-5,7,9,13H2,1-3H3,(H,19,21)/b8-6+",COc1cc(CN=C(O)CCCC/C=C/C(C)C)ccc1O
AMP,"InChI=1S/C10H14N5O7P/c11-8-5-9(13-2-12-8)15(3-14-5)10-7(17)6(16)4(22-10)1-21-23(18,19)20/h2-4,6-7,10,16-17H,1H2,(H2,11,12,13)(H2,18,19,20)/p-2/t4-,6-,7-,10-/m1/s1",Nc1ncnc2c1ncn2[C@@H]1O[C@H](COP(=O)([O-])[O-])[C@@H](O)[C@H]1O
&alpha;-D-ribofuranose,"InChI=1S/C5H10O5/c6-1-2-3(7)4(8)5(9)10-2/h2-9H,1H2/t2-,3-,4-,5+/m1/s1",OC[C@H]1O[C@H](O)[C@H](O)[C@@H]1O
&beta;-D-ribofuranose,"InChI=1S/C5H10O5/c6-1-2-3(7)4(8)5(9)10-2/h2-9H,1H2/t2-,3-,4-,5-/m1/s1",OC[C@H]1O[C@@H](O)[C@H](O)[C@@H]1O
"(2<i>S</i>)-2,3-dihydroxypropane-1-sulfonate","InChI=1S/C3H8O5S/c4-1-3(5)2-9(6,7)8/h3-5H,1-2H2,(H,6,7,8)/p-1/t3-/m0/s1",O=S(=O)([O-])C[C@@H](O)CO
3-(6-sulfo-&alpha;-D-quinovosyl)-<i>sn</i>-glycerol,"InChI=1S/C9H18O10S/c10-1-4(11)2-18-9-8(14)7(13)6(12)5(19-9)3-20(15,16)17/h4-14H,1-3H2,(H,15,16,17)/p-1/t4-,5-,6-,7+,8-,9+/m1/s1",O=S(=O)([O-])C[C@H]1O[C@H](OC[C@H](O)CO)[C@H](O)[C@@H](O)[C@@H]1O
sulfoacetate,"InChI=1S/C2H4O5S/c3-2(4)1-8(5,6)7/h1H2,(H,3,4)(H,5,6,7)/p-2",O=C([O-])CS(=O)(=O)[O-]
"cyclic di-3',5'-guanylate","InChI=1S/C20H24N10O14P2/c21-19-25-13-7(15(33)27-19)23-3-29(13)17-9(31)11-5(41-17)1-39-45(35,36)44-12-6(2-40-46(37,38)43-11)42-18(10(12)32)30-4-24-8-14(30)26-20(22)28-16(8)34/h3-6,9-12,17-18,31-32H,1-2H2,(H,35,36)(H,37,38)(H3,21,25,27,33)(H3,22,26,28,34)/p-2/t5-,6-,9-,10-,11-,12-,17-,18-/m1/s1",N=c1nc([O-])c2ncn([C@@H]3O[C@@H]4COP(=O)(O)O[C@H]5[C@@H](O)[C@H](n6cnc7c([O-])nc(=N)[nH]c76)O[C@@H]5COP(=O)(O)O[C@H]4[C@H]3O)c2[nH]1
homotaurine,"InChI=1S/C3H9NO3S/c4-2-1-3-8(5,6)7/h1-4H2,(H,5,6,7)",NCCCS(=O)(=O)O
cytidine,"InChI=1S/C9H13N3O5/c10-5-1-2-12(9(16)11-5)8-7(15)6(14)4(3-13)17-8/h1-2,4,6-8,13-15H,3H2,(H2,10,11,16)/t4-,6-,7-,8-/m1/s1",N=c1ccn([C@@H]2O[C@H](CO)[C@@H](O)[C@H]2O)c(O)n1
uridine,"InChI=1S/C9H12N2O6/c12-3-4-6(14)7(15)8(17-4)11-2-1-5(13)10-9(11)16/h1-2,4,6-8,12,14-15H,3H2,(H,10,13,16)/t4-,6-,7-,8-/m1/s1",O=c1nc(O)ccn1[C@@H]1O[C@H](CO)[C@@H](O)[C@H]1O
pyrimidin-2-one-ribonucleoside,"InChI=1S/C9H12N2O5/c12-4-5-6(13)7(14)8(16-5)11-3-1-2-10-9(11)15/h1-3,5-8,12-14H,4H2/t5-,6-,7-,8-/m1/s1",O=c1ncccn1[C@@H]1O[C@H](CO)[C@@H](O)[C@H]1O
<i>aldehydo</i>-D-ribose,"InChI=1S/C5H10O5/c6-1-3(8)5(10)4(9)2-7/h1,3-5,7-10H,2H2/t3-,4+,5-/m0/s1",O=C[C@H](O)[C@H](O)[C@H](O)CO
tetrahydrothiophene 1-oxide,InChI=1S/C4H8OS/c5-6-3-1-2-4-6/h1-4H2,O=S1CCCC1
dimethyl sulfoxide,InChI=1S/C2H6OS/c1-4(2)3/h1-2H3,CS(C)=O
methyl phenyl sulfoxide,"InChI=1S/C7H8OS/c1-9(8)7-5-3-2-4-6-7/h2-6H,1H3",CS(=O)c1ccccc1
molybdopterin,"InChI=1S/C10H14N5O6PS2/c11-10-14-7-4(8(16)15-10)12-3-6(24)5(23)2(21-9(3)13-7)1-20-22(17,18)19/h2-3,9,12,23-24H,1H2,(H2,17,18,19)(H4,11,13,14,15,16)/p-3/t2-,3+,9-/m1/s1",N=c1nc([O-])c2c([nH]1)N[C@@H]1O[C@H](COP(=O)([O-])[O-])C(S)=C(S)[C@@H]1N2
phenyl sulfoxide,InChI=1S/C12H10OS/c13-14(11-7-3-1-4-8-11)12-9-5-2-6-10-12/h1-10H,O=S(c1ccccc1)c1ccccc1
thiamine diphosphate,"InChI=1S/C12H18N4O7P2S/c1-8-11(3-4-22-25(20,21)23-24(17,18)19)26-7-16(8)6-10-5-14-9(2)15-12(10)13/h5,7H,3-4,6H2,1-2H3,(H4-,13,14,15,17,18,19,20,21)/p-2",Cc1ncc(C[n+]2csc(CCOP(=O)([O-])OP(=O)([O-])[O-])c2C)c(=N)[nH]1
<I>d</I>-biotin <I>d</I>-sulfoxide,"InChI=1S/C10H16N2O4S/c13-8(14)4-2-1-3-7-9-6(5-17(7)16)11-10(15)12-9/h6-7,9H,1-5H2,(H,13,14)(H2,11,12,15)/p-1/t6-,7-,9-,17?/m0/s1",O=C([O-])CCCC[C@H]1[C@H]2NC(O)=N[C@H]2CS1=O
pyridoxamine 5'-phosphate,"InChI=1S/C8H13N2O5P/c1-5-8(11)7(2-9)6(3-10-5)4-15-16(12,13)14/h3,11H,2,4,9H2,1H3,(H2,12,13,14)/p-1",Cc1ncc(COP(=O)(O)O)c(CN)c1[O-]
L-glyceraldehyde,"InChI=1S/C3H6O3/c4-1-3(6)2-5/h1,3,5-6H,2H2/t3-/m1/s1",O=C[C@@H](O)CO
pyrroloquinoline quinone,"InChI=1S/C14H6N2O8/c17-10-4-2-6(14(23)24)15-8(4)7-3(12(19)20)1-5(13(21)22)16-9(7)11(10)18/h1-2,15H,(H,19,20)(H,21,22)(H,23,24)/p-3",O=C([O-])c1cc(C(=O)[O-])c2c(n1)C(=O)C(=O)c1cc(C(=O)[O-])[nH]c1-2
glutathione,"InChI=1S/C10H17N3O6S/c11-5(10(18)19)1-2-7(14)13-6(4-20)9(17)12-3-8(15)16/h5-6,20H,1-4,11H2,(H,12,17)(H,13,14)(H,15,16)(H,18,19)/p-1/t5-,6-/m0/s1",N[C@@H](CCC([O-])=N[C@@H](CS)C(O)=NCC(=O)O)C(=O)O
FAD,"InChI=1S/C27H33N9O15P2/c1-10-3-12-13(4-11(10)2)35(24-18(32-12)25(42)34-27(43)33-24)5-14(37)19(39)15(38)6-48-52(44,45)51-53(46,47)49-7-16-20(40)21(41)26(50-16)36-9-31-17-22(28)29-8-30-23(17)36/h3-4,8-9,14-16,19-21,26,37-41H,5-7H2,1-2H3,(H5,28,29,30,34,42,43,44,45,46,47)/p-3/t14-,15+,16+,19-,20+,21+,26+/m0/s1",Cc1cc2nc3c([O-])nc(=O)nc-3n(C[C@H](O)[C@H](O)[C@H](O)COP(=O)([O-])OP(=O)([O-])OC[C@H]3O[C@@H]([n+]4c[nH]c5c(N)ncnc54)[C@H](O)[C@@H]3O)c2cc1C
prenylated FMNH<sub>2</sub>,"InChI=1S/C22H31N4O9P/c1-10-7-12-16-15(11(10)2)22(3,4)5-6-25(16)17-19(23-21(31)24-20(17)30)26(12)8-13(27)18(29)14(28)9-35-36(32,33)34/h7,13-14,18,27-29H,5-6,8-9H2,1-4H3,(H2,32,33,34)(H2,23,24,30,31)/p-2/t13-,14+,18-/m0/s1",Cc1cc2c3c(c1C)C(C)(C)CCN3c1c([O-])nc([O-])nc1N2C[C@H](O)[C@H](O)[C@H](O)COP(=O)(O)O
formaldehyde,InChI=1S/CH2O/c1-2/h1H2,C=O
riboflavin,"InChI=1S/C17H20N4O6/c1-7-3-9-10(4-8(7)2)21(5-11(23)14(25)12(24)6-22)15-13(18-9)16(26)20-17(27)19-15/h3-4,11-12,14,22-25H,5-6H2,1-2H3,(H,20,26,27)/p-1/t11-,12+,14-/m0/s1",Cc1cc2nc3c([O-])nc(=O)nc-3n(C[C@H](O)[C@H](O)[C@H](O)CO)c2cc1C
tetradecanal,"InChI=1S/C14H28O/c1-2-3-4-5-6-7-8-9-10-11-12-13-14-15/h14H,2-13H2,1H3",CCCCCCCCCCCCCC=O
adenosylcobalamin,"InChI=1S/C62H90N13O14P.C10H12N5O3.Co/c1-29-20-39-40(21-30(29)2)75(28-70-39)57-52(84)53(41(27-76)87-57)89-90(85,86)88-31(3)26-69-49(83)18-19-59(8)37(22-46(66)80)56-62(11)61(10,25-48(68)82)36(14-17-45(65)79)51(74-62)33(5)55-60(9,24-47(67)81)34(12-15-43(63)77)38(71-55)23-42-58(6,7)35(13-16-44(64)78)50(72-42)32(4)54(59)73-56;1-4-6(16)7(17)10(18-4)15-3-14-5-8(11)12-2-13-9(5)15;/h20-21,23,28,31,34-37,41,52-53,56-57,76,84H,12-19,22,24-27H2,1-11H3,(H15,63,64,65,66,67,68,69,71,72,73,74,77,78,79,80,81,82,83,85,86);2-4,6-7,10,16-17H,1H2,(H2,11,12,13);/q;;+2/p-2/t31-,34-,35-,36-,37+,41-,52-,53-,56-,57+,59+,60+,61+,62+;4-,6-,7-,10-;/m11./s1",CC1=C2N=C(C=C3N=C(C(C)=C4N[C@@](C)([C@@H]5N=C1[C@@](C)(CCC(O)=NC[C@@H](C)OP(=O)(O)O[C@H]1[C@@H](O)[C@@H]([n+]6c[nH]c7cc(C)c(C)cc76)O[C@@H]1CO)[C@H]5CC(=N)O)[C@@](C)(CC(=N)O)[C@@H]4CCC(=N)[O-])[C@@](C)(CC(=N)O)[C@@H]3CCC(=N)[O-])C(C)(C)[C@@H]2CCC(=N)[O-].[CH2][C@H]1O[C@@H](n2cnc3c(N)ncnc32)[C@H](O)[C@@H]1O.[Co+2]
isobutanal,"InChI=1S/C4H8O/c1-4(2)3-5/h3-4H,1-2H3",CC(C)C=O
protoheme,"InChI=1S/C34H34N4O4.Fe/c1-7-21-17(3)25-13-26-19(5)23(9-11-33(39)40)31(37-26)16-32-24(10-12-34(41)42)20(6)28(38-32)15-30-22(8-2)18(4)27(36-30)14-29(21)35-25;/h7-8,13-16H,1-2,9-12H2,3-6H3,(H4,35,36,37,38,39,40,41,42);/q;+2/p-4/b25-13-,26-13-,27-14-,28-15-,29-14-,30-15-,31-16-,32-16-;",C=Cc1c(C)c2cc3[n-]c(cc4nc(cc5nc(cc1[n-]2)C(C)=C5CCC(=O)[O-])C(CCC(=O)[O-])=C4C)c(C)c3C=C.[Fe+2]
1-octanal,"InChI=1S/C8H16O/c1-2-3-4-5-6-7-8-9/h8H,2-7H2,1H3",CCCCCCCC=O
(<i>R</i>)-lipoate,"InChI=1S/C8H14O2S2/c9-8(10)4-2-1-3-7-5-6-11-12-7/h7H,1-6H2,(H,9,10)/p-1/t7-/m1/s1",O=C([O-])CCCC[C@@H]1CCSS1
1-hexanal,"InChI=1S/C6H12O/c1-2-3-4-5-6-7/h6H,2-5H2,1H3",CCCCCC=O
FMN,"InChI=1S/C17H21N4O9P/c1-7-3-9-10(4-8(7)2)21(15-13(18-9)16(25)20-17(26)19-15)5-11(22)14(24)12(23)6-30-31(27,28)29/h3-4,11-12,14,22-24H,5-6H2,1-2H3,(H3,20,25,26,27,28,29)/p-3/t11-,12+,14-/m0/s1",Cc1cc2nc3c([O-])nc(=O)[nH]c3[n+](C[C@H](O)[C@H](O)[C@H](O)COP(=O)([O-])[O-])c2cc1C
decanal,"InChI=1S/C10H20O/c1-2-3-4-5-6-7-8-9-10-11/h10H,2-9H2,1H3",CCCCCCCCCC=O
FAD-N5-oxide,"InChI=1S/C27H33N9O16P2/c1-10-3-12-13(4-11(10)2)36(44)18-24(32-27(43)33-25(18)42)34(12)5-14(37)19(39)15(38)6-49-53(45,46)52-54(47,48)50-7-16-20(40)21(41)26(51-16)35-9-31-17-22(28)29-8-30-23(17)35/h3-4,8-9,14-16,19-21,26,37-41H,5-7H2,1-2H3,(H5-,28,29,30,32,33,42,43,44,45,46,47,48)/p-1/t14-,15+,16+,19-,20+,21+,26+/m0/s1",Cc1cc2c(cc1C)[n+](=O)c1c([O-])nc(O)nc1n2C[C@H](O)[C@H](O)[C@H](O)COP(=O)(O)OP(=O)([O-])OC[C@H]1O[C@@H](n2cnc3c(N)ncnc32)[C@H](O)[C@@H]1O
1-heptanal,"InChI=1S/C7H14O/c1-2-3-4-5-6-7-8/h7H,2-6H2,1H3",CCCCCCC=O
<i>S</i>-adenosyl-L-methionine,"InChI=1S/C15H22N6O5S/c1-27(3-2-7(16)15(24)25)4-8-10(22)11(23)14(26-8)21-6-20-9-12(17)18-5-19-13(9)21/h5-8,10-11,14,22-23H,2-4,16H2,1H3,(H2-,17,18,19,24,25)/p+1/t7-,8+,10+,11+,14+,27-/m0/s1",C[S+](CC[C@H](N)C(=O)O)C[C@H]1O[C@@H](n2cnc3c(N)ncnc32)[C@H](O)[C@@H]1O
octadecanal,"InChI=1S/C18H36O/c1-2-3-4-5-6-7-8-9-10-11-12-13-14-15-16-17-18-19/h18H,2-17H2,1H3",CCCCCCCCCCCCCCCCCC=O
pyridoxal 5'-phosphate,"InChI=1S/C8H10NO6P/c1-5-8(11)7(3-10)6(2-9-5)4-15-16(12,13)14/h2-3,11H,4H2,1H3,(H2,12,13,14)/p-2",Cc1ncc(COP(=O)([O-])O)c(C=O)c1[O-]
hexadecanal,"InChI=1S/C16H32O/c1-2-3-4-5-6-7-8-9-10-11-12-13-14-15-16-17/h16H,2-15H2,1H3",CCCCCCCCCCCCCCCC=O
4'-phosphopantetheine,"InChI=1S/C11H23N2O7PS/c1-11(2,7-20-21(17,18)19)9(15)10(16)13-4-3-8(14)12-5-6-22/h9,15,22H,3-7H2,1-2H3,(H,12,14)(H,13,16)(H2,17,18,19)/p-2/t9-/m0/s1",CC(C)(COP(=O)(O)O)[C@@H](O)C([O-])=NCCC([O-])=NCCS
1-pentanal,"InChI=1S/C5H10O/c1-2-3-4-5-6/h5H,2-4H2,1H3",CCCCC=O
FMNH<SUB>2</SUB>,"InChI=1S/C17H23N4O9P/c1-7-3-9-10(4-8(7)2)21(15-13(18-9)16(25)20-17(26)19-15)5-11(22)14(24)12(23)6-30-31(27,28)29/h3-4,11-12,14,18,22-24H,5-6H2,1-2H3,(H2,27,28,29)(H2,19,20,25,26)/p-2/t11-,12+,14-/m0/s1",Cc1cc2c(cc1C)N(C[C@H](O)[C@H](O)[C@H](O)COP(=O)(O)O)c1nc([O-])nc([O-])c1N2
dodecanal,"InChI=1S/C12H24O/c1-2-3-4-5-6-7-8-9-10-11-12-13/h12H,2-11H2,1H3",CCCCCCCCCCCC=O
1-propanal,"InChI=1S/C3H6O/c1-2-3-4/h3H,2H2,1H3",CCC=O
1-butanal,"InChI=1S/C4H8O/c1-2-3-4-5/h4H,2-3H2,1H3",CCCC=O
"6,7-dimethyl-8-(1-D-ribityl)lumazine","InChI=1S/C13H18N4O6/c1-5-6(2)17(3-7(19)10(21)8(20)4-18)11-9(14-5)12(22)16-13(23)15-11/h7-8,10,18-21H,3-4H2,1-2H3,(H,16,22,23)/p-1/t7-,8+,10-/m0/s1",Cc1nc2c([O-])nc(=O)nc-2n(C[C@H](O)[C@H](O)[C@H](O)CO)c1C
<i>Co</i>&alpha;-[&alpha;-(adenin-7-yl)]-<i>Co</i>&beta;-adenosylcobamide,"InChI=1S/C58H85N16O14P.C10H12N5O3.Co/c1-26(87-89(84,85)88-47-34(23-75)86-53(46(47)83)74-25-69-52-45(74)51(65)67-24-68-52)22-66-42(82)16-17-55(6)32(18-39(62)79)50-58(9)57(8,21-41(64)81)31(12-15-38(61)78)44(73-58)28(3)49-56(7,20-40(63)80)29(10-13-36(59)76)33(70-49)19-35-54(4,5)30(11-14-37(60)77)43(71-35)27(2)48(55)72-50;1-4-6(16)7(17)10(18-4)15-3-14-5-8(11)12-2-13-9(5)15;/h19,24-26,29-32,34,46-47,50,53,75,83H,10-18,20-23H2,1-9H3,(H17,59,60,61,62,63,64,65,66,67,68,70,71,72,73,76,77,78,79,80,81,82,84,85);2-4,6-7,10,16-17H,1H2,(H2,11,12,13);/q;;+2/p-2/t26-,29-,30-,31-,32+,34-,46-,47-,50-,53+,55+,56+,57+,58+;4-,6-,7-,10-;/m11./s1",CC1=C2N=C(C=C3N=C(C(C)=C4N[C@@](C)([C@@H]5N=C1[C@@](C)(CCC(O)=NC[C@@H](C)OP(=O)(O)O[C@H]1[C@@H](O)[C@@H]([n+]6c[nH]c7ncnc(N)c76)O[C@@H]1CO)[C@H]5CC(=N)O)[C@@](C)(CC(=N)O)[C@@H]4CCC(=N)[O-])[C@@](C)(CC(=N)O)[C@@H]3CCC(=N)[O-])C(C)(C)[C@@H]2CCC(=N)[O-].[CH2][C@H]1O[C@@H](n2cnc3c(N)ncnc32)[C@H](O)[C@@H]1O.[Co+2]
5-fluorouracil,"InChI=1S/C4H3FN2O2/c5-2-1-6-4(9)7-3(2)8/h1H,(H2,6,7,8,9)",Oc1ncc(F)c(O)n1
4-phenylbutane-1-sulfonate,"InChI=1S/C10H14O3S/c11-14(12,13)9-5-4-8-10-6-2-1-3-7-10/h1-3,6-7H,4-5,8-9H2,(H,11,12,13)/p-1",O=S(=O)([O-])CCCCc1ccccc1
&alpha;-D-lyxopyranose,"InChI=1S/C5H10O5/c6-2-1-10-5(9)4(8)3(2)7/h2-9H,1H2/t2-,3+,4+,5+/m1/s1",O[C@@H]1[C@H](O)[C@@H](O)OC[C@H]1O
<i>cis</i> heme <i>d</i>,"InChI=1S/C34H36N4O6.Fe/c1-7-20-17(3)23-13-27-21(8-2)18(4)25(37-27)15-29-33(6,43)34(44,12-11-32(41)42)30(38-29)16-28-22(9-10-31(39)40)19(5)24(36-28)14-26(20)35-23;/h7-8,13-16,43-44H,1-2,9-12H2,3-6H3,(H4,35,36,37,38,39,40,41,42);/q;+4/p-4/t33-,34+;/m0./s1",C=CC1=C(C)c2cc3nc(cc4[n-]c(cc5[n-]c(cc1n2)c(C)c5C=C)c(C)c4CCC(=O)[O-])[C@](O)(CCC(=O)[O-])[C@@]3(C)O.[Fe+4]
<i>trans</i> heme <i>d</i>,"InChI=1S/C34H36N4O6.Fe/c1-7-20-17(3)23-13-27-21(8-2)18(4)25(37-27)15-29-33(6,43)34(44,12-11-32(41)42)30(38-29)16-28-22(9-10-31(39)40)19(5)24(36-28)14-26(20)35-23;/h7-8,13-16,43-44H,1-2,9-12H2,3-6H3,(H4,35,36,37,38,39,40,41,42);/q;+4/p-4/t33-,34-;/m1./s1",C=CC1=C(C)c2cc3nc(cc4[n-]c(cc5[n-]c(cc1n2)c(C)c5C=C)c(C)c4CCC(=O)[O-])[C@](O)(CCC(=O)[O-])[C@]3(C)O.[Fe+4]
&beta;-D-arabinopyranose,"InChI=1S/C5H10O5/c6-2-1-10-5(9)4(8)3(2)7/h2-9H,1H2/t2-,3-,4+,5-/m1/s1",O[C@H]1[C@H](O)[C@H](O)OC[C@H]1O
&alpha;-D-arabinopyranose,"InChI=1S/C5H10O5/c6-2-1-10-5(9)4(8)3(2)7/h2-9H,1H2/t2-,3-,4+,5+/m1/s1",O[C@H]1[C@H](O)[C@@H](O)OC[C@H]1O
<i>aldehydo</i>-D-arabinose,"InChI=1S/C5H10O5/c6-1-3(8)5(10)4(9)2-7/h1,3-5,7-10H,2H2/t3-,4-,5+/m1/s1",O=C[C@@H](O)[C@H](O)[C@H](O)CO
2-deoxy-D-galactose,"InChI=1S/C6H12O5/c7-2-4-6(10)3(8)1-5(9)11-4/h3-10H,1-2H2/t3-,4-,5?,6-/m1/s1",OC[C@H]1OC(O)C[C@@H](O)[C@H]1O
sirohydrochlorin,"InChI=1S/C42H46N4O16/c1-41(17-39(59)60)23(5-9-35(51)52)29-14-27-21(11-37(55)56)19(3-7-33(47)48)25(43-27)13-26-20(4-8-34(49)50)22(12-38(57)58)28(44-26)15-31-42(2,18-40(61)62)24(6-10-36(53)54)30(46-31)16-32(41)45-29/h13-16,23-24,44-45H,3-12,17-18H2,1-2H3,(H,47,48)(H,49,50)(H,51,52)(H,53,54)(H,55,56)(H,57,58)(H,59,60)(H,61,62)/p-8/b25-13-,29-14-,31-15-,32-16-/t23-,24-,41+,42+/m1/s1",C[C@@]1(CC(=O)[O-])c2cc3[nH]c(cc4nc(cc5[nH]c(cc(n2)[C@H]1CCC(=O)[O-])[C@@](C)(CC(=O)[O-])[C@@H]5CCC(=O)[O-])C(CC(=O)[O-])=C4CCC(=O)[O-])c(CCC(=O)[O-])c3CC(=O)[O-]
5-((2-iodoacetamido)ethyl)-1-aminonapthalene sulfate,"InChI=1S/C14H15IN2O4S/c15-9-14(18)17-8-7-16-12-5-1-4-11-10(12)3-2-6-13(11)22(19,20)21/h1-6,16H,7-9H2,(H,17,18)(H,19,20,21)/p-1",O=S(=O)(O)c1cccc2c(NCCN=C([O-])CI)cccc12
5-iodo-dCTP,"InChI=1S/C9H15IN3O13P3/c10-4-2-13(9(15)12-8(4)11)7-1-5(14)6(24-7)3-23-28(19,20)26-29(21,22)25-27(16,17)18/h2,5-7,14H,1,3H2,(H,19,20)(H,21,22)(H2,11,12,15)(H2,16,17,18)/p-4/t5-,6+,7+/m0/s1",N=c1nc([O-])n([C@H]2C[C@H](O)[C@@H](COP(=O)([O-])OP(=O)(O)OP(=O)([O-])[O-])O2)cc1I
5-iodo-2'-dUMP,"InChI=1S/C9H12IN2O8P/c10-4-2-12(9(15)11-8(4)14)7-1-5(13)6(20-7)3-19-21(16,17)18/h2,5-7,13H,1,3H2,(H,11,14,15)(H2,16,17,18)/p-2/t5-,6+,7+/m0/s1",O=c1nc([O-])c(I)cn1[C@H]1C[C@H](O)[C@@H](COP(=O)([O-])O)O1
2-iodo-L-isoleucine-NHSO<sub>2</sub>-AMP,"InChI=1S/C16H24IN6O10PS/c1-3-7(2)9(17)15(26)22-35(29,30)33-34(27,28)31-4-8-11(24)12(25)16(32-8)23-6-21-10-13(18)19-5-20-14(10)23/h5-9,11-12,16,24-25H,3-4H2,1-2H3,(H,22,26)(H,27,28)(H2,18,19,20)/p-1/t7-,8+,9?,11+,12+,16+/m0/s1",CC[C@H](C)C(I)C([O-])=NS(=O)(=O)OP(=O)(O)OC[C@H]1O[C@@H](n2cnc3c(N)ncnc32)[C@H](O)[C@@H]1O
"4-(4-hydroxyphenoxy)-3,5-diiodophenyl acetate","InChI=1S/C14H10I2O4/c15-11-5-8(7-13(18)19)6-12(16)14(11)20-10-3-1-9(17)2-4-10/h1-6,17H,7H2,(H,18,19)/p-1",O=C(O)Cc1cc(I)c(Oc2ccc([O-])cc2)c(I)c1
&beta;-L-arabinopyranose,"InChI=1S/C5H10O5/c6-2-1-10-5(9)4(8)3(2)7/h2-9H,1H2/t2-,3-,4+,5-/m0/s1",O[C@@H]1[C@@H](O)[C@@H](O)OC[C@@H]1O
&alpha;-L-arabinopyranose,"InChI=1S/C5H10O5/c6-2-1-10-5(9)4(8)3(2)7/h2-9H,1H2/t2-,3-,4+,5+/m0/s1",O[C@@H]1[C@@H](O)[C@@H](O)CO[C@H]1O
<i>aldehydo</i>-L-arabinose,"InChI=1S/C5H10O5/c6-1-3(8)5(10)4(9)2-7/h1,3-5,7-10H,2H2/t3-,4-,5+/m0/s1",O=C[C@H](O)[C@@H](O)[C@@H](O)CO
&beta;-D-mannopyranose,"InChI=1S/C6H12O6/c7-1-2-3(8)4(9)5(10)6(11)12-2/h2-11H,1H2/t2-,3-,4+,5+,6-/m1/s1",OC[C@H]1O[C@@H](O)[C@@H](O)[C@@H](O)[C@@H]1O
&alpha;-D-mannopyranose,"InChI=1S/C6H12O6/c7-1-2-3(8)4(9)5(10)6(11)12-2/h2-11H,1H2/t2-,3-,4+,5+,6+/m1/s1",OC[C@H]1O[C@H](O)[C@@H](O)[C@@H](O)[C@@H]1O
<i>aldehydo</i>-D-mannose,"InChI=1S/C6H12O6/c7-1-3(9)5(11)6(12)4(10)2-8/h1,3-6,8-12H,2H2/t3-,4-,5-,6-/m1/s1",O=C[C@@H](O)[C@@H](O)[C@H](O)[C@H](O)CO
cinnamaldehyde,InChI=1S/C9H8O/c10-8-4-7-9-5-2-1-3-6-9/h1-8H/b7-4+,O=C/C=C/c1ccccc1
<i>trans</i>-2-octenal,"InChI=1S/C8H14O/c1-2-3-4-5-6-7-8-9/h6-8H,2-5H2,1H3/b7-6+",CCCCC/C=C/C=O
two adjacent 2'-deoxycytidines in DNA,,C1(\N(C(=O)/N=C(\C=1)/N)[C@@H]4(O[C@H](COP(O[C@H]3(C[C@H](N2(C(=O)/N=C(\C=C/2)/N))O[C@H](COP(=O)([O-])O[a deoxyribonucleic acid])3))([O-])=O)[C@@H](OP([O-])(O[a deoxyribonucleic acid])=O)C4))
two adjacent thymidines in DNA,,CC1(\C(=O)NC(N(\C=1)[C@@H]4(O[C@H](COP(O[C@H]3(C[C@H](N2(C(=O)NC(=O)C(/C)=C/2))O[C@H](COP(=O)([O-])O[a deoxyribonucleic acid])3))([O-])=O)[C@@H](OP([O-])(O[a deoxyribonucleic acid])=O)C4))=O)
sulfamate,"InChI=1S/H3NO3S/c1-5(2,3)4/h(H3,1,2,3,4)/p-1",NS(=O)(=O)[O-]
2-demethylmenaquinone-<i>8</i>,"InChI=1S/C50H70O2/c1-38(2)19-12-20-39(3)21-13-22-40(4)23-14-24-41(5)25-15-26-42(6)27-16-28-43(7)29-17-30-44(8)31-18-32-45(9)35-36-46-37-49(51)47-33-10-11-34-48(47)50(46)52/h10-11,19,21,23,25,27,29,31,33-35,37H,12-18,20,22,24,26,28,30,32,36H2,1-9H3/b39-21+,40-23+,41-25+,42-27+,43-29+,44-31+,45-35+",CC(C)=CCC/C(C)=C\CC/C(C)=C\CC/C(C)=C\CC/C(C)=C\CC/C(C)=C\CC/C(C)=C\CC/C(C)=C\CC1=CC(=O)c2ccccc2C1=O
6-decylubiquinone,"InChI=1S/C19H30O4/c1-5-6-7-8-9-10-11-12-13-15-14(2)16(20)18(22-3)19(23-4)17(15)21/h5-13H2,1-4H3",CCCCCCCCCCC1=C(C)C(=O)C(OC)=C(OC)C1=O
8-hydroxyquinoline-5-sulfonic acid,"InChI=1S/C9H7NO4S/c11-7-3-4-8(15(12,13)14)6-2-1-5-10-9(6)7/h1-5,11H,(H,12,13,14)/p-1",O=S(=O)(O)c1ccc([O-])c2ncccc12
"3,3',5,5'-tetramethoxydiphenoquinone","InChI=1S/C16H16O6/c1-19-11-5-9(6-12(20-2)15(11)17)10-7-13(21-3)16(18)14(8-10)22-4/h5-8H,1-4H3",COC1=CC(=C2C=C(OC)C(=O)C(OC)=C2)C=C(OC)C1=O
(<i>R</i>)-NADPHX,"InChI=1S/C21H32N7O18P3/c22-17-12-19(25-6-24-17)28(7-26-12)21-16(45-47(34,35)36)14(31)10(44-21)5-42-49(39,40)46-48(37,38)41-4-9-13(30)15(32)20(43-9)27-3-8(18(23)33)1-2-11(27)29/h3,6-7,9-11,13-16,20-21,29-32H,1-2,4-5H2,(H2,23,33)(H,37,38)(H,39,40)(H2,22,24,25)(H2,34,35,36)/p-4/t9-,10-,11-,13-,14-,15-,16-,20-,21-/m1/s1",N=C([O-])C1=CN([C@@H]2O[C@H](COP(=O)([O-])OP(=O)(O)OC[C@H]3O[C@@H](n4cnc5c(N)ncnc54)[C@H](OP(=O)([O-])[O-])[C@@H]3O)[C@@H](O)[C@H]2O)[C@H](O)CC1
(<i>S</i>)-NADPHX,"InChI=1S/C21H32N7O18P3/c22-17-12-19(25-6-24-17)28(7-26-12)21-16(45-47(34,35)36)14(31)10(44-21)5-42-49(39,40)46-48(37,38)41-4-9-13(30)15(32)20(43-9)27-3-8(18(23)33)1-2-11(27)29/h3,6-7,9-11,13-16,20-21,29-32H,1-2,4-5H2,(H2,23,33)(H,37,38)(H,39,40)(H2,22,24,25)(H2,34,35,36)/p-4/t9-,10-,11+,13-,14-,15-,16-,20-,21-/m1/s1",N=C([O-])C1=CN([C@@H]2O[C@H](COP(=O)([O-])OP(=O)(O)OC[C@H]3O[C@@H](n4cnc5c(N)ncnc54)[C@H](OP(=O)([O-])[O-])[C@@H]3O)[C@@H](O)[C@H]2O)[C@@H](O)CC1
5'-phosphoguanylyl(3'&rarr;5')guanosine,"InChI=1S/C20H26N10O15P2/c21-19-25-13-7(15(34)27-19)23-3-29(13)17-10(32)9(31)5(43-17)1-42-47(39,40)45-12-6(2-41-46(36,37)38)44-18(11(12)33)30-4-24-8-14(30)26-20(22)28-16(8)35/h3-6,9-12,17-18,31-33H,1-2H2,(H,39,40)(H2,36,37,38)(H3,21,25,27,34)(H3,22,26,28,35)/p-3/t5-,6-,9-,10-,11-,12-,17-,18-/m1/s1",N=c1nc([O-])c2ncn([C@@H]3O[C@H](COP(=O)(O)O[C@H]4[C@@H](O)[C@H](n5cnc6c([O-])nc(=N)[nH]c65)O[C@@H]4COP(=O)([O-])O)[C@@H](O)[C@H]3O)c2[nH]1
reduced 3-acetylpyridine adenine dinucleotide,"InChI=1S/C22H30N6O14P2/c1-10(29)11-3-2-4-27(5-11)21-17(32)15(30)12(40-21)6-38-43(34,35)42-44(36,37)39-7-13-16(31)18(33)22(41-13)28-9-26-14-19(23)24-8-25-20(14)28/h2,4-5,8-9,12-13,15-18,21-22,30-33H,3,6-7H2,1H3,(H,34,35)(H,36,37)(H2,23,24,25)/p-2/t12-,13-,15-,16-,17-,18-,21-,22-/m1/s1",CC(=O)C1=CN([C@@H]2O[C@H](COP(=O)([O-])OP(=O)([O-])OC[C@H]3O[C@@H](n4cnc5c(N)ncnc54)[C@H](O)[C@@H]3O)[C@@H](O)[C@H]2O)C=CC1
3-acetyl pyridine adenine dinucleotide,"InChI=1S/C22H28N6O14P2/c1-10(29)11-3-2-4-27(5-11)21-17(32)15(30)12(40-21)6-38-43(34,35)42-44(36,37)39-7-13-16(31)18(33)22(41-13)28-9-26-14-19(23)24-8-25-20(14)28/h2-5,8-9,12-13,15-18,21-22,30-33H,6-7H2,1H3,(H3-,23,24,25,34,35,36,37)/p-1/t12-,13-,15-,16-,17-,18-,21-,22-/m1/s1",CC(=O)c1ccc[n+]([C@@H]2O[C@H](COP(=O)([O-])OP(=O)([O-])OC[C@H]3O[C@@H](n4cnc5c(N)ncnc54)[C@H](O)[C@@H]3O)[C@@H](O)[C@H]2O)c1
3-acetyl-NADH,"InChI=1S/C23H31N7O15P2/c1-10(31)23(36)13(44-22(17(23)34)30-9-28-14-18(24)26-8-27-20(14)30)7-42-47(39,40)45-46(37,38)41-6-12-15(32)16(33)21(43-12)29-4-2-3-11(5-29)19(25)35/h2,4-5,8-9,12-13,15-17,21-22,32-34,36H,3,6-7H2,1H3,(H2,25,35)(H,37,38)(H,39,40)(H2,24,26,27)/p-2/t12-,13-,15-,16-,17+,21-,22-,23-/m1/s1",CC(=O)[C@@]1(O)[C@@H](COP(=O)(O)OP(=O)([O-])OC[C@H]2O[C@@H](N3C=CCC(C(=N)[O-])=C3)[C@H](O)[C@@H]2O)O[C@@H](n2cnc3c(N)ncnc32)[C@@H]1O
pyridine 3-aldehyde adenine dinucleotide,"InChI=1S/C22H26N6O15P2/c23-19-14-20(25-8-24-19)28(9-26-14)22-18(34)16(32)13(42-22)7-40-45(37,38)43-44(35,36)39-6-12-15(31)17(33)21(41-12)27-3-1-2-10(4-27)11(30)5-29/h1-5,8-9,12-13,15-18,21-22,31-34H,6-7H2,(H3-,23,24,25,35,36,37,38)/p-1/t12-,13-,15-,16-,17-,18-,21-,22-/m1/s1",Nc1ncnc2c1ncn2[C@@H]1O[C@H](COP(=O)([O-])OP(=O)([O-])OC[C@H]2O[C@@H]([n+]3cccc(C(=O)C=O)c3)[C@H](O)[C@@H]2O)[C@@H](O)[C@H]1O
[corrinoid adenosyltranferase]-cob(II)inamide,,C[C@@H](O)CNC(=O)CC[C@]1(C)([C@@H](CC(=O)N)[C@@H]8([C@@]6(C)([C@@](C)(CC(N)=O)[C@H](CCC(N)=O)C7(\C(/C)=C4([C@@](C)(CC(N)=O)[C@H](CCC(N)=O)C5(\C=C2(C(C)(C)[C@H](CCC(N)=O)C3(\C(/C)=C1/N([Co-2]([N+]\2=3)([N+]4=5)[N+]\6=7)8)))))))).[a [corrinoid adenosyltransferase]]
"1,2-dihydro-&beta;-NADP","InChI=1S/C21H30N7O17P3/c22-17-12-19(25-7-24-17)28(8-26-12)21-16(44-46(33,34)35)14(30)11(43-21)6-41-48(38,39)45-47(36,37)40-5-10-13(29)15(31)20(42-10)27-3-1-2-9(4-27)18(23)32/h1-3,7-8,10-11,13-16,20-21,29-31H,4-6H2,(H2,23,32)(H,36,37)(H,38,39)(H2,22,24,25)(H2,33,34,35)/p-4/t10-,11-,13-,14-,15-,16?,20-,21-/m1/s1",NC(=O)C1=CC=CN([C@@H]2O[C@H](COP(=O)([O-])OP(=O)([O-])OC[C@H]3O[C@@H](n4cnc5c(N)ncnc54)C(OP(=O)([O-])[O-])[C@@H]3O)[C@@H](O)[C@H]2O)C1
cob(I)alamin,"InChI=1S/C62H90N13O14P.Co/c1-29-20-39-40(21-30(29)2)75(28-70-39)57-52(84)53(41(27-76)87-57)89-90(85,86)88-31(3)26-69-49(83)18-19-59(8)37(22-46(66)80)56-62(11)61(10,25-48(68)82)36(14-17-45(65)79)51(74-62)33(5)55-60(9,24-47(67)81)34(12-15-43(63)77)38(71-55)23-42-58(6,7)35(13-16-44(64)78)50(72-42)32(4)54(59)73-56;/h20-21,23,28,31,34-37,41,52-53,56-57,76,84H,12-19,22,24-27H2,1-11H3,(H15,63,64,65,66,67,68,69,71,72,73,74,77,78,79,80,81,82,83,85,86);/q;+1/p-2/t31-,34-,35-,36-,37+,41-,52-,53-,56-,57+,59-,60+,61+,62+;/m1./s1",CC1=C2N=C(C=C3N=C(C(C)=C4N[C@@](C)([C@@H]5N=C1[C@](C)(CCC(O)=NC[C@@H](C)OP(=O)(O)O[C@H]1[C@@H](O)[C@@H]([n+]6c[nH]c7cc(C)c(C)cc76)O[C@@H]1CO)[C@H]5CC(=N)O)[C@@](C)(CC(=N)O)[C@@H]4CCC(=N)[O-])[C@@](C)(CC(=N)O)[C@@H]3CCC(=N)[O-])C(C)(C)[C@@H]2CCC(=N)[O-].[Co+]
nicotinate adenine dinucleotide,"InChI=1S/C21H26N6O15P2/c22-17-12-18(24-7-23-17)27(8-25-12)20-16(31)14(29)11(41-20)6-39-44(36,37)42-43(34,35)38-5-10-13(28)15(30)19(40-10)26-3-1-2-9(4-26)21(32)33/h1-4,7-8,10-11,13-16,19-20,28-31H,5-6H2,(H4-,22,23,24,32,33,34,35,36,37)/p-2/t10-,11-,13-,14-,15-,16-,19-,20-/m1/s1",Nc1ncnc2c1ncn2[C@@H]1O[C@H](COP(=O)([O-])OP(=O)([O-])OC[C@H]2O[C@@H]([n+]3cccc(C(=O)[O-])c3)[C@H](O)[C@@H]2O)[C@@H](O)[C@H]1O
[corrinoid adenosyltranferase]-cob(I)inamide,,C[C@@H](O)CNC(=O)CC[C@]1(C)([C@@H](CC(=O)N)[C@@H]8([C@@]6(C)([C@@](C)(CC(N)=O)[C@H](CCC(N)=O)C7(\C(/C)=C4([C@@](C)(CC(N)=O)[C@H](CCC(N)=O)C5(\C=C2(C(C)(C)[C@H](CCC(N)=O)C3(\C(/C)=C1/N([Co-3]([N+]\2=3)([N+]4=5)[N+]\6=7)8)))))))).[a [corrinoid adenosyltransferase]]
3-pyridinecarboxaldehyde adenine dinucleotide,"InChI=1S/C21H28N6O14P2/c22-18-13-19(24-8-23-18)27(9-25-13)21-17(32)15(30)12(40-21)7-38-43(35,36)41-42(33,34)37-6-11-14(29)16(31)20(39-11)26-3-1-2-10(4-26)5-28/h1,3-5,8-9,11-12,14-17,20-21,29-32H,2,6-7H2,(H,33,34)(H,35,36)(H2,22,23,24)/p-2/t11-,12-,14-,15-,16-,17-,20-,21-/m1/s1",Nc1ncnc2c1ncn2[C@@H]1O[C@H](COP(=O)([O-])OP(=O)([O-])OC[C@H]2O[C@@H](N3C=CCC(C=O)=C3)[C@H](O)[C@@H]2O)[C@@H](O)[C@H]1O
bis(L-histidinate)nickel(II),,N[C@@H](Cc1cnc[nH]1)C(=O)O.N[C@@H](Cc1cnc[nH]1)C(=O)O.[Ni+2]
nicotinamide hypoxanthine dinucleotide,"InChI=1S/C21H28N6O15P2/c22-17(32)9-2-1-3-26(4-9)20-15(30)13(28)10(40-20)5-38-43(34,35)42-44(36,37)39-6-11-14(29)16(31)21(41-11)27-8-25-12-18(27)23-7-24-19(12)33/h1,3-4,7-8,10-11,13-16,20-21,28-31H,2,5-6H2,(H2,22,32)(H,34,35)(H,36,37)(H,23,24,33)/p-2/t10-,11-,13-,14-,15-,16-,20-,21-/m1/s1",N=C([O-])C1=CN([C@@H]2O[C@H](COP(=O)(O)OP(=O)(O)OC[C@H]3O[C@@H](n4cnc5c([O-])ncnc54)[C@H](O)[C@@H]3O)[C@@H](O)[C@H]2O)C=CC1
cob(II)alamin,"InChI=1S/C62H90N13O14P.Co/c1-29-20-39-40(21-30(29)2)75(28-70-39)57-52(84)53(41(27-76)87-57)89-90(85,86)88-31(3)26-69-49(83)18-19-59(8)37(22-46(66)80)56-62(11)61(10,25-48(68)82)36(14-17-45(65)79)51(74-62)33(5)55-60(9,24-47(67)81)34(12-15-43(63)77)38(71-55)23-42-58(6,7)35(13-16-44(64)78)50(72-42)32(4)54(59)73-56;/h20-21,23,28,31,34-37,41,52-53,56-57,76,84H,12-19,22,24-27H2,1-11H3,(H15,63,64,65,66,67,68,69,71,72,73,74,77,78,79,80,81,82,83,85,86);/q;+2/p-2/t31-,34-,35-,36-,37+,41-,52-,53-,56-,57+,59-,60+,61+,62+;/m1./s1",CC1=C2N=C(C=C3N=C(C(C)=C4N[C@@](C)([C@@H]5N=C1[C@](C)(CCC(O)=NC[C@@H](C)OP(=O)(O)O[C@H]1[C@@H](O)[C@@H]([n+]6c[nH]c7cc(C)c(C)cc76)O[C@@H]1CO)[C@H]5CC(=N)O)[C@@](C)(CC(=N)O)[C@@H]4CCC(=N)[O-])[C@@](C)(CC(=N)O)[C@@H]3CCC(=N)[O-])C(C)(C)[C@@H]2CCC(=N)[O-].[Co+2]
adenosylcobinamide-GDP,"InChI=1S/C58H86N16O18P2.C10H12N5O3.Co/c1-25(91-94(87,88)92-93(85,86)89-23-33-45(82)46(83)52(90-33)74-24-67-44-50(74)71-53(65)72-51(44)84)22-66-41(81)16-17-55(6)31(18-38(62)78)49-58(9)57(8,21-40(64)80)30(12-15-37(61)77)43(73-58)27(3)48-56(7,20-39(63)79)28(10-13-35(59)75)32(68-48)19-34-54(4,5)29(11-14-36(60)76)42(69-34)26(2)47(55)70-49;1-4-6(16)7(17)10(18-4)15-3-14-5-8(11)12-2-13-9(5)15;/h19,24-25,28-31,33,45-46,49,52,82-83H,10-18,20-23H2,1-9H3,(H19,59,60,61,62,63,64,65,66,68,69,70,71,72,73,75,76,77,78,79,80,81,84,85,86,87,88);2-4,6-7,10,16-17H,1H2,(H2,11,12,13);/q;;+2/p-3/t25-,28-,29-,30-,31+,33-,45-,46-,49-,52-,55-,56+,57+,58+;4-,6-,7-,10-;/m11./s1",CC1=C2N=C(C=C3N=C(C(C)=C4N[C@@](C)([C@@H]5N=C1[C@](C)(CCC(O)=NC[C@@H](C)OP(=O)(O)OP(=O)(O)OC[C@H]1O[C@@H]([n+]6c[nH]c7c(O)nc(=N)[nH]c76)[C@H](O)[C@@H]1O)[C@H]5CC(=N)[O-])[C@@](C)(CC(=N)O)[C@@H]4CCC(=N)[O-])[C@@](C)(CC(=N)O)[C@@H]3CCC(=N)[O-])C(C)(C)[C@@H]2CCC(=N)[O-].[CH2][C@H]1O[C@@H](n2cnc3c(N)ncnc32)[C@H](O)[C@@H]1O.[Co+2]
1-(5-phospho-&beta;-D-ribosyl)-AMP,"InChI=1S/C15H23N5O14P2/c16-12-7-13(18-4-19(12)14-10(23)8(21)5(33-14)1-31-35(25,26)27)20(3-17-7)15-11(24)9(22)6(34-15)2-32-36(28,29)30/h3-6,8-11,14-16,21-24H,1-2H2,(H2,25,26,27)(H2,28,29,30)/p-4/t5-,6-,8-,9-,10-,11-,14-,15-/m1/s1",N=c1c2ncn([C@@H]3O[C@H](COP(=O)([O-])[O-])[C@@H](O)[C@H]3O)c2ncn1[C@@H]1O[C@H](COP(=O)([O-])[O-])[C@@H](O)[C@H]1O
iodoacetate,"InChI=1S/C2H3IO2/c3-1-2(4)5/h1H2,(H,4,5)/p-1",O=C([O-])CI
5-amino-6-(5-phospho-D-ribosylamino)uracil,"InChI=1S/C9H15N4O9P/c10-3-6(12-9(17)13-7(3)16)11-8-5(15)4(14)2(22-8)1-21-23(18,19)20/h2,4-5,8,14-15H,1,10H2,(H2,18,19,20)(H3,11,12,13,16,17)/p-2/t2-,4-,5-,8-/m1/s1",Nc1c([O-])nc([O-])nc1N[C@@H]1O[C@H](COP(=O)(O)O)[C@@H](O)[C@H]1O
5-iodopentaphosphonate,"InChI=1S/C4H10IO3P/c5-3-1-2-4-9(6,7)8/h1-4H2,(H2,6,7,8)/p-1",O=P([O-])(O)CCCCI
pppGpp,"InChI=1S/C10H18N5O20P5/c11-10-13-7-4(8(17)14-10)12-2-15(7)9-5(16)6(32-39(26,27)33-36(18,19)20)3(31-9)1-30-38(24,25)35-40(28,29)34-37(21,22)23/h2-3,5-6,9,16H,1H2,(H,24,25)(H,26,27)(H,28,29)(H2,18,19,20)(H2,21,22,23)(H3,11,13,14,17)/p-7/t3-,5-,6-,9-/m1/s1",N=c1nc([O-])c2ncn([C@@H]3O[C@H](COP(=O)([O-])OP(=O)(O)OP(=O)([O-])[O-])[C@@H](OP(=O)([O-])OP(=O)([O-])[O-])[C@H]3O)c2[nH]1
iodoacetamide,"InChI=1S/C2H4INO/c3-1-2(4)5/h1H2,(H2,4,5)",N=C(O)CI
5-hydroxy-CMP,"InChI=1S/C9H14N3O9P/c10-7-3(13)1-12(9(16)11-7)8-6(15)5(14)4(21-8)2-20-22(17,18)19/h1,4-6,8,13-15H,2H2,(H2,10,11,16)(H2,17,18,19)/p-2/t4-,5-,6-,8-/m1/s1",N=c1nc([O-])n([C@@H]2O[C@H](COP(=O)(O)O)[C@@H](O)[C@H]2O)cc1[O-]
gemcitabine 5'-triphosphate,"InChI=1S/C9H14F2N3O13P3/c10-9(11)6(15)4(25-7(9)14-2-1-5(12)13-8(14)16)3-24-29(20,21)27-30(22,23)26-28(17,18)19/h1-2,4,6-7,15H,3H2,(H,20,21)(H,22,23)(H2,12,13,16)(H2,17,18,19)/p-4/t4-,6-,7-/m1/s1",N=c1ccn([C@@H]2O[C@H](COP(=O)([O-])OP(=O)(O)OP(=O)([O-])[O-])[C@@H](O)C2(F)F)c([O-])n1
<i>aldehydo</i>-D-altrose,"InChI=1S/C6H12O6/c7-1-3(9)5(11)6(12)4(10)2-8/h1,3-6,8-12H,2H2/t3-,4-,5+,6-/m1/s1",O=C[C@@H](O)[C@H](O)[C@H](O)[C@H](O)CO
5-methyl-dCTP,"InChI=1S/C10H18N3O13P3/c1-5-3-13(10(15)12-9(5)11)8-2-6(14)7(24-8)4-23-28(19,20)26-29(21,22)25-27(16,17)18/h3,6-8,14H,2,4H2,1H3,(H,19,20)(H,21,22)(H2,11,12,15)(H2,16,17,18)/p-4/t6-,7+,8+/m0/s1",Cc1cn([C@H]2C[C@H](O)[C@@H](COP(=O)([O-])OP(=O)(O)OP(=O)([O-])[O-])O2)c([O-])nc1=N
pseudouridine 5'-triphosphate,"InChI=1S/C9H15N2O15P3/c12-5-4(2-23-28(19,20)26-29(21,22)25-27(16,17)18)24-7(6(5)13)3-1-10-9(15)11-8(3)14/h1,4-7,12-13H,2H2,(H,19,20)(H,21,22)(H2,16,17,18)(H2,10,11,14,15)/p-4/t4-,5-,6-,7+/m1/s1",O=P([O-])([O-])OP(=O)(O)OP(=O)(O)OC[C@H]1O[C@@H](c2cnc([O-])nc2[O-])[C@H](O)[C@@H]1O
&alpha;-D-xylopyranose,"InChI=1S/C5H10O5/c6-2-1-10-5(9)4(8)3(2)7/h2-9H,1H2/t2-,3+,4-,5+/m1/s1",O[C@@H]1[C@@H](O)[C@@H](O)OC[C@H]1O
8-oxo-dADP,"InChI=1S/C10H15N5O10P2/c11-8-7-9(13-3-12-8)15(10(17)14-7)6-1-4(16)5(24-6)2-23-27(21,22)25-26(18,19)20/h3-6,16H,1-2H2,(H,14,17)(H,21,22)(H2,11,12,13)(H2,18,19,20)/p-3/t4-,5+,6+/m0/s1",Nc1ncnc2c1nc([O-])n2[C@H]1C[C@H](O)[C@@H](COP(=O)(O)OP(=O)([O-])[O-])O1
&beta;-D-xylopyranose,"InChI=1S/C5H10O5/c6-2-1-10-5(9)4(8)3(2)7/h2-9H,1H2/t2-,3+,4-,5-/m1/s1",O[C@@H]1[C@@H](O)[C@H](O)OC[C@H]1O
5'-D-arabinosyladenine triphosphate,"InChI=1S/C10H16N5O13P3/c11-8-5-9(13-2-12-8)15(3-14-5)10-7(17)6(16)4(26-10)1-25-30(21,22)28-31(23,24)27-29(18,19)20/h2-4,6-7,10,16-17H,1H2,(H,21,22)(H,23,24)(H2,11,12,13)(H2,18,19,20)/p-4/t4-,6-,7+,10+/m1/s1",Nc1ncnc2c1ncn2[C@H]1O[C@H](COP(=O)([O-])OP(=O)([O-])OP(=O)([O-])[O-])[C@@H](O)[C@@H]1O
<i>aldehydo</i>-D-xylose,"InChI=1S/C5H10O5/c6-1-3(8)5(10)4(9)2-7/h1,3-5,7-10H,2H2/t3-,4+,5+/m0/s1",O=C[C@H](O)[C@@H](O)[C@H](O)CO
8-oxo-dGTP,"InChI=1S/C10H16N5O14P3/c11-9-13-7-6(8(17)14-9)12-10(18)15(7)5-1-3(16)4(27-5)2-26-31(22,23)29-32(24,25)28-30(19,20)21/h3-5,16H,1-2H2,(H,12,18)(H,22,23)(H,24,25)(H2,19,20,21)(H3,11,13,14,17)/p-4/t3-,4+,5+/m0/s1",N=c1nc([O-])c2nc([O-])n([C@H]3C[C@H](O)[C@@H](COP(=O)(O)OP(=O)(O)OP(=O)([O-])[O-])O3)c2[nH]1
8-hydroxy-dATP,"InChI=1S/C10H16N5O14P3/c11-7-4-8(13-2-12-7)15(10(18)14-4)9-6(17)5(16)3(27-9)1-26-31(22,23)29-32(24,25)28-30(19,20)21/h2-3,5-6,9,16-17H,1H2,(H,14,18)(H,22,23)(H,24,25)(H2,11,12,13)(H2,19,20,21)/p-4/t3-,5-,6-,9-/m1/s1",Nc1ncnc2c1nc([O-])n2[C@@H]1O[C@H](COP(=O)([O-])OP(=O)(O)OP(=O)([O-])[O-])[C@@H](O)[C@H]1O
ppGpp,"InChI=1S/C10H17N5O17P4/c11-10-13-7-4(8(17)14-10)12-2-15(7)9-5(16)6(30-36(26,27)32-34(21,22)23)3(29-9)1-28-35(24,25)31-33(18,19)20/h2-3,5-6,9,16H,1H2,(H,24,25)(H,26,27)(H2,18,19,20)(H2,21,22,23)(H3,11,13,14,17)/p-6/t3-,5-,6-,9-/m1/s1",N=c1nc([O-])c2ncn([C@@H]3O[C@H](COP(=O)([O-])OP(=O)([O-])[O-])[C@@H](OP(=O)(O)OP(=O)([O-])[O-])[C@H]3O)c2[nH]1
1-methyl-dAMP,"InChI=1S/C11H16N5O6P/c1-15-4-14-11-9(10(15)12)13-5-16(11)8-2-6(17)7(22-8)3-21-23(18,19)20/h4-8,12,17H,2-3H2,1H3,(H2,18,19,20)/p-2/t6-,7+,8+/m0/s1",Cn1cnc2c(ncn2[C@H]2C[C@H](O)[C@@H](COP(=O)([O-])[O-])O2)c1=N
2-hydroxy-dADP,"InChI=1S/C10H15N5O10P2/c11-8-7-9(14-10(17)13-8)15(3-12-7)6-1-4(16)5(24-6)2-23-27(21,22)25-26(18,19)20/h3-6,16H,1-2H2,(H,21,22)(H2,18,19,20)(H3,11,13,14,17)/p-3/t4-,5+,6+/m0/s1",Nc1nc([O-])nc2c1ncn2[C@H]1C[C@H](O)[C@@H](COP(=O)(O)OP(=O)([O-])[O-])O1
2-hydroxy-dATP,"InChI=1S/C10H16N5O13P3/c11-8-7-9(14-10(17)13-8)15(3-12-7)6-1-4(16)5(26-6)2-25-30(21,22)28-31(23,24)27-29(18,19)20/h3-6,16H,1-2H2,(H,21,22)(H,23,24)(H2,18,19,20)(H3,11,13,14,17)/p-4/t4-,5+,6+/m0/s1",Nc1nc([O-])nc2c1ncn2[C@H]1C[C@H](O)[C@@H](COP(=O)([O-])OP(=O)(O)OP(=O)([O-])[O-])O1
immucillin-A 5'-triphosphate,"InChI=1S/C10H17N6O12P3/c11-8-5-9(13-2-12-8)16(3-14-5)10-7(18)6(17)4(15-10)1-26-30(22,23)28-31(24,25)27-29(19,20)21/h2-4,6-7,10,15,17-18H,1H2,(H,22,23)(H,24,25)(H2,11,12,13)(H2,19,20,21)/p-3/t4-,6-,7-,10+/m1/s1",Nc1ncnc2c1ncn2[C@@H]1N[C@H](COP(=O)([O-])OP(=O)(O)OP(=O)([O-])[O-])[C@@H](O)[C@H]1O
adenylosuccinate,"InChI=1S/C14H18N5O11P/c20-7(21)1-5(14(24)25)18-11-8-12(16-3-15-11)19(4-17-8)13-10(23)9(22)6(30-13)2-29-31(26,27)28/h3-6,9-10,13,22-23H,1-2H2,(H,20,21)(H,24,25)(H,15,16,18)(H2,26,27,28)/p-4/t5-,6+,9+,10+,13+/m0/s1",O=C([O-])C[C@H](Nc1ncnc2c1ncn2[C@@H]1O[C@H](COP(=O)([O-])[O-])[C@@H](O)[C@H]1O)C(=O)[O-]
arabinouracil 5'-monophosphate,"InChI=1S/C9H13N2O9P/c12-5-1-2-11(9(15)10-5)8-7(14)6(13)4(20-8)3-19-21(16,17)18/h1-2,4,6-8,13-14H,3H2,(H,10,12,15)(H2,16,17,18)/p-2/t4-,6-,7-,8-/m0/s1",O=c1nc([O-])ccn1[C@H]1O[C@@H](COP(=O)([O-])O)[C@H](O)[C@@H]1O
8-hydroxy-dADP,"InChI=1S/C10H15N5O10P2/c11-8-7-9(13-3-12-8)15(10(17)14-7)6-1-4(16)5(24-6)2-23-27(21,22)25-26(18,19)20/h3-6,16H,1-2H2,(H,14,17)(H,21,22)(H2,11,12,13)(H2,18,19,20)/p-3/t4-,5+,6+/m0/s1",Nc1ncnc2c1nc([O-])n2[C@H]1C[C@H](O)[C@@H](COP(=O)(O)OP(=O)([O-])[O-])O1
pseudouridine 5'-phosphate,"InChI=1S/C9H13N2O9P/c12-5-4(2-19-21(16,17)18)20-7(6(5)13)3-1-10-9(15)11-8(3)14/h1,4-7,12-13H,2H2,(H2,16,17,18)(H2,10,11,14,15)/p-2/t4-,5-,6-,7+/m1/s1",O=P(O)(O)OC[C@H]1O[C@@H](c2cnc([O-])nc2[O-])[C@H](O)[C@@H]1O
tubercidine 5'-monophosphate,"InChI=1S/C11H15N4O7P/c12-9-5-1-2-15(10(5)14-4-13-9)11-8(17)7(16)6(22-11)3-21-23(18,19)20/h1-2,4,6-8,11,16-17H,3H2,(H2,12,13,14)(H2,18,19,20)/p-2/t6-,7-,8-,11-/m1/s1",Nc1ncnc2c1ccn2[C@@H]1O[C@H](COP(=O)([O-])[O-])[C@@H](O)[C@H]1O
6-deoxy-D-allose,"InChI=1S/C6H12O5/c1-2-3(7)4(8)5(9)6(10)11-2/h2-10H,1H3/t2-,3-,4-,5-,6?/m1/s1",C[C@H]1OC(O)[C@H](O)[C@H](O)[C@@H]1O
guanosine tetraphosphate,"InChI=1S/C10H17N5O17P4/c11-10-13-7-4(8(18)14-10)12-2-15(7)9-6(17)5(16)3(29-9)1-28-34(22,23)31-36(26,27)32-35(24,25)30-33(19,20)21/h2-3,5-6,9,16-17H,1H2,(H,22,23)(H,24,25)(H,26,27)(H2,19,20,21)(H3,11,13,14,18)/p-5/t3-,5-,6-,9-/m1/s1",N=c1nc([O-])c2ncn([C@@H]3O[C@H](COP(=O)([O-])OP(=O)(O)OP(=O)([O-])OP(=O)([O-])[O-])[C@@H](O)[C@H]3O)c2[nH]1
1-methyl-dATP,"InChI=1S/C11H18N5O12P3/c1-15-4-14-11-9(10(15)12)13-5-16(11)8-2-6(17)7(26-8)3-25-30(21,22)28-31(23,24)27-29(18,19)20/h4-8,12,17H,2-3H2,1H3,(H,21,22)(H,23,24)(H2,18,19,20)/p-4/t6-,7+,8+/m0/s1",Cn1cnc2c(ncn2[C@H]2C[C@H](O)[C@@H](COP(=O)([O-])OP(=O)([O-])OP(=O)([O-])[O-])O2)c1=N
2'-deoxy-5-hydroxymethylcytidine-5'-triphosphate,"InChI=1S/C10H18N3O14P3/c11-9-5(3-14)2-13(10(16)12-9)8-1-6(15)7(25-8)4-24-29(20,21)27-30(22,23)26-28(17,18)19/h2,6-8,14-15H,1,3-4H2,(H,20,21)(H,22,23)(H2,11,12,16)(H2,17,18,19)/p-4/t6-,7+,8+/m0/s1",N=c1nc([O-])n([C@H]2C[C@H](O)[C@@H](COP(=O)([O-])OP(=O)(O)OP(=O)([O-])[O-])O2)cc1CO
2-hydroxy-dAMP,"InChI=1S/C10H14N5O7P/c11-8-7-9(14-10(17)13-8)15(3-12-7)6-1-4(16)5(22-6)2-21-23(18,19)20/h3-6,16H,1-2H2,(H2,18,19,20)(H3,11,13,14,17)/p-2/t4-,5+,6+/m0/s1",Nc1nc([O-])nc2c1ncn2[C@H]1C[C@H](O)[C@@H](COP(=O)([O-])O)O1
pGp,"InChI=1S/C10H15N5O11P2/c11-10-13-7-4(8(17)14-10)12-2-15(7)9-5(16)6(26-28(21,22)23)3(25-9)1-24-27(18,19)20/h2-3,5-6,9,16H,1H2,(H2,18,19,20)(H2,21,22,23)(H3,11,13,14,17)/p-4/t3-,5-,6-,9-/m1/s1",N=c1nc([O-])c2ncn([C@@H]3O[C@H](COP(=O)([O-])[O-])[C@@H](OP(=O)([O-])O)[C@H]3O)c2[nH]1
5-methyl-CTP,"InChI=1S/C10H18N3O14P3/c1-4-2-13(10(16)12-8(4)11)9-7(15)6(14)5(25-9)3-24-29(20,21)27-30(22,23)26-28(17,18)19/h2,5-7,9,14-15H,3H2,1H3,(H,20,21)(H,22,23)(H2,11,12,16)(H2,17,18,19)/p-4/t5-,6-,7-,9-/m1/s1",Cc1cn([C@@H]2O[C@H](COP(=O)([O-])OP(=O)(O)OP(=O)([O-])[O-])[C@@H](O)[C@H]2O)c([O-])nc1=N
8-hydroxy-dGTP,"InChI=1S/C10H16N5O14P3/c11-9-13-7-6(8(17)14-9)12-10(18)15(7)5-1-3(16)4(27-5)2-26-31(22,23)29-32(24,25)28-30(19,20)21/h3-5,16H,1-2H2,(H,12,18)(H,22,23)(H,24,25)(H2,19,20,21)(H3,11,13,14,17)/p-4/t3-,4+,5+/m0/s1",N=c1nc([O-])c2nc([O-])n([C@H]3C[C@H](O)[C@@H](COP(=O)(O)OP(=O)(O)OP(=O)([O-])[O-])O3)c2[nH]1
vidarabine phosphate,"InChI=1S/C10H14N5O7P/c11-8-5-9(13-2-12-8)15(3-14-5)10-7(17)6(16)4(22-10)1-21-23(18,19)20/h2-4,6-7,10,16-17H,1H2,(H2,11,12,13)(H2,18,19,20)/p-2/t4-,6-,7+,10-/m1/s1",Nc1ncnc2c1ncn2[C@@H]1O[C@H](COP(=O)([O-])[O-])[C@@H](O)[C@@H]1O
5-hydroxy-CTP,"InChI=1S/C9H16N3O15P3/c10-7-3(13)1-12(9(16)11-7)8-6(15)5(14)4(25-8)2-24-29(20,21)27-30(22,23)26-28(17,18)19/h1,4-6,8,13-15H,2H2,(H,20,21)(H,22,23)(H2,10,11,16)(H2,17,18,19)/p-4/t4-,5-,6-,8-/m1/s1",N=c1nc([O-])n([C@@H]2O[C@H](COP(=O)(O)OP(=O)(O)OP(=O)([O-])[O-])[C@@H](O)[C@H]2O)cc1[O-]
&beta;-L-lyxopyranose,"InChI=1S/C5H10O5/c6-2-1-10-5(9)4(8)3(2)7/h2-9H,1H2/t2-,3+,4+,5-/m0/s1",O[C@@H]1[C@H](O)[C@@H](O)CO[C@@H]1O
<i>aldehydo</i>-L-lyxose,"InChI=1S/C5H10O5/c6-1-3(8)5(10)4(9)2-7/h1,3-5,7-10H,2H2/t3-,4-,5-/m0/s1",O=C[C@H](O)[C@H](O)[C@@H](O)CO
pentachlorophenol,InChI=1S/C6HCl5O/c7-1-2(8)4(10)6(12)5(11)3(1)9/h12H/p-1,[O-]c1c(Cl)c(Cl)c(Cl)c(Cl)c1Cl
monochlorobimane,"InChI=1S/C10H11ClN2O2/c1-5-7(3)12-8(4-11)6(2)10(15)13(12)9(5)14/h4H2,1-3H3",Cc1c(C)n2c(CCl)c(C)c(=O)n2c1=O
mechlorethamine,"InChI=1S/C5H11Cl2N/c1-8(4-2-6)5-3-7/h2-5H2,1H3",CN(CCCl)CCCl
(<i>S</i>)-camphor,"InChI=1S/C10H16O/c1-9(2)7-4-5-10(9,3)8(11)6-7/h7H,4-6H2,1-3H3/t7-,10+/m0/s1",CC1(C)[C@H]2CC[C@]1(C)C(=O)C2
FADH,"InChI=1S/C27H34N9O15P2/c1-10-3-12-13(4-11(10)2)35(24-18(32-12)25(42)34-27(43)33-24)5-14(37)19(39)15(38)6-48-52(44,45)51-53(46,47)49-7-16-20(40)21(41)26(50-16)36-9-31-17-22(28)29-8-30-23(17)36/h3-4,8-9,14-16,19-21,26,37-41H,5-7H2,1-2H3,(H,44,45)(H,46,47)(H2,28,29,30)(H2,33,34,42,43)/p-2/t14-,15+,16+,19-,20+,21+,26+/m0/s1",Cc1cc2c(cc1C)N(C[C@H](O)[C@H](O)[C@H](O)COP(=O)(O)OP(=O)(O)OC[C@H]1O[C@@H](n3cnc4c(N)ncnc43)[C@H](O)[C@@H]1O)c1nc([O-])nc([O-])c1N2
FMN-<i>N</i><sup>5</sup>-oxide,"InChI=1S/C17H21N4O10P/c1-7-3-9-10(4-8(7)2)21(27)13-15(18-17(26)19-16(13)25)20(9)5-11(22)14(24)12(23)6-31-32(28,29)30/h3-4,11-12,14,22-24H,5-6H2,1-2H3,(H3,19,25,26,28,29,30)/p-3/t11-,12+,14-/m0/s1",Cc1cc2c(cc1C)[n+](=O)c1c([O-])nc(=O)[nH]c1n2C[C@H](O)[C@H](O)[C@H](O)COP(=O)([O-])[O-]
FMN-<i>N</i><sup>5</sup>-peroxide,"InChI=1S/C17H23N4O11P/c1-7-3-9-10(4-8(7)2)21(32-27)13-15(18-17(26)19-16(13)25)20(9)5-11(22)14(24)12(23)6-31-33(28,29)30/h3-4,11-12,14,22-24H,5-6H2,1-2H3,(H5,18,19,25,26,27,28,29,30)/p-4/t11-,12+,14-/m0/s1",Cc1cc2c(cc1C)N(O[O-])c1c(nc([O-])[n-]c1=O)N2C[C@H](O)[C@H](O)[C@H](O)COP(=O)([O-])O
tetrahydropteroyl-&alpha;-glutamylglutamate,"InChI=1S/C24H31N9O8/c25-16(34)7-5-14(21(38)31-15(23(40)41)6-8-17(35)36)30-20(37)11-1-3-12(4-2-11)27-9-13-10-28-19-18(29-13)22(39)33-24(26)32-19/h1-4,13-15,27,29H,5-10H2,(H2,25,34)(H,30,37)(H,31,38)(H,35,36)(H,40,41)(H4,26,28,32,33,39)/p-2/t13-,14-,15-/m0/s1",N=C([O-])CC[C@H](NC(=O)c1ccc(NC[C@H]2CNc3[nH]c(=N)nc(O)c3N2)cc1)C(O)=N[C@@H](CCC(=O)[O-])C(=O)O
tetrahydropteroyl tri-L-glutamate,"InChI=1S/C29H37N9O12/c30-29-37-23-22(25(44)38-29)33-15(12-32-23)11-31-14-3-1-13(2-4-14)24(43)36-18(28(49)50)6-9-20(40)34-16(26(45)46)5-8-19(39)35-17(27(47)48)7-10-21(41)42/h1-4,15-18,31,33H,5-12H2,(H,34,40)(H,35,39)(H,36,43)(H,41,42)(H,45,46)(H,47,48)(H,49,50)(H4,30,32,37,38,44)/p-4/t15-,16-,17-,18-/m0/s1",N=c1nc([O-])c2c([nH]1)NC[C@H](CNc1ccc(C(=O)N[C@@H](CCC([O-])=N[C@@H](CCC([O-])=N[C@@H](CCC(=O)[O-])C(=O)O)C(=O)O)C(=O)O)cc1)N2
(<i>R</i>)-<i>S</i>-lactoylglutathione,"InChI=1S/C13H21N3O8S/c1-6(17)13(24)25-5-8(11(21)15-4-10(19)20)16-9(18)3-2-7(14)12(22)23/h6-8,17H,2-5,14H2,1H3,(H,15,21)(H,16,18)(H,19,20)(H,22,23)/p-1/t6-,7+,8+/m1/s1",C[C@@H](O)C(=O)SC[C@H](N=C([O-])CC[C@H](N)C(=O)O)C(O)=NCC(=O)O
<i>S</i>-(2-succinyl)-glutathione,"InChI=1S/C14H21N3O10S/c15-6(13(24)25)1-2-9(18)17-7(12(23)16-4-11(21)22)5-28-8(14(26)27)3-10(19)20/h6-8H,1-5,15H2,(H,16,23)(H,17,18)(H,19,20)(H,21,22)(H,24,25)(H,26,27)/p-3/t6-,7-,8?/m0/s1",N[C@@H](CCC([O-])=N[C@@H](CSC(CC(=O)[O-])C(=O)O)C(O)=NCC(=O)[O-])C(=O)O
allicin,"InChI=1S/C6H10OS2/c1-3-5-8-9(7)6-4-2/h3-4H,1-2,5-6H2",C=CCSS(=O)CC=C
(S)-acetoin,"InChI=1S/C4H8O2/c1-3(5)4(2)6/h3,5H,1-2H3/t3-/m0/s1",CC(=O)[C@H](C)O
ATP,"InChI=1S/C10H16N5O13P3/c11-8-5-9(13-2-12-8)15(3-14-5)10-7(17)6(16)4(26-10)1-25-30(21,22)28-31(23,24)27-29(18,19)20/h2-4,6-7,10,16-17H,1H2,(H,21,22)(H,23,24)(H2,11,12,13)(H2,18,19,20)/p-4/t4-,6-,7-,10-/m1/s1",Nc1ncnc2c1ncn2[C@@H]1O[C@H](COP(=O)([O-])OP(=O)([O-])OP(=O)([O-])[O-])[C@@H](O)[C@H]1O
tidin,,
"5,10-methylenetetrahydropteroyl tri-L-glutamate","InChI=1S/C30H37N9O12/c31-30-36-24-23(26(45)37-30)39-13-38(12-16(39)11-32-24)15-3-1-14(2-4-15)25(44)35-19(29(50)51)6-9-21(41)33-17(27(46)47)5-8-20(40)34-18(28(48)49)7-10-22(42)43/h1-4,16-19H,5-13H2,(H,33,41)(H,34,40)(H,35,44)(H,42,43)(H,46,47)(H,48,49)(H,50,51)(H4,31,32,36,37,45)/p-4/t16-,17+,18+,19+/m1/s1",N=c1nc([O-])c2c([nH]1)NC[C@@H]1CN(c3ccc(C(=O)N[C@@H](CCC([O-])=N[C@@H](CCC([O-])=N[C@@H](CCC(=O)[O-])C(=O)O)C(=O)O)C(=O)O)cc3)CN21
"5,10-methylenetetrahydropteroyl mono-L-glutamate","InChI=1S/C20H23N7O6/c21-20-24-16-15(18(31)25-20)27-9-26(8-12(27)7-22-16)11-3-1-10(2-4-11)17(30)23-13(19(32)33)5-6-14(28)29/h1-4,12-13H,5-9H2,(H,23,30)(H,28,29)(H,32,33)(H4,21,22,24,25,31)/p-2/t12-,13+/m1/s1",N=c1nc([O-])c2c([nH]1)NC[C@H]1CN(c3ccc(C(=O)N[C@@H](CCC(=O)[O-])C(=O)O)cc3)CN21
"10-methyl-5,6,7,8-tetrahydropteroylglutamate","InChI=1S/C20H25N7O6/c1-27(9-11-8-22-16-15(23-11)18(31)26-20(21)25-16)12-4-2-10(3-5-12)17(30)24-13(19(32)33)6-7-14(28)29/h2-5,11,13,23H,6-9H2,1H3,(H,24,30)(H,28,29)(H,32,33)(H4,21,22,25,26,31)/p-2/t11?,13-/m0/s1",CN(CC1CNc2[nH]c(=N)nc([O-])c2N1)c1ccc(C(=O)N[C@@H](CCC(=O)[O-])C(=O)O)cc1
(R)-lactaldehyde,"InChI=1S/C3H6O2/c1-3(5)2-4/h2-3,5H,1H3/t3-/m1/s1",C[C@@H](O)C=O
(<i>S</i>)-lactaldehyde,"InChI=1S/C3H6O2/c1-3(5)2-4/h2-3,5H,1H3/t3-/m0/s1",C[C@H](O)C=O
<i>aldehydo</i>-D-allose,"InChI=1S/C6H12O6/c7-1-3(9)5(11)6(12)4(10)2-8/h1,3-6,8-12H,2H2/t3-,4+,5-,6+/m0/s1",O=C[C@H](O)[C@H](O)[C@H](O)[C@H](O)CO
purine-6-thiol,"InChI=1S/C5H4N4S/c10-5-3-4(7-1-6-3)8-2-9-5/h1-2H,(H2,6,7,8,9,10)",Sc1ncnc2[nH]cnc12
thioguanine,"InChI=1S/C5H5N5S/c6-5-9-3-2(4(11)10-5)7-1-8-3/h1H,(H4,6,7,8,9,10,11)",N=c1nc(S)c2nc[nH]c2[nH]1
"GlcNAc-1,6-anhMurNAc-L-Ala-&gamma;-D-Glu-DAP-D-Ala-D-Ala",,
2-oxo-2'-deoxyadenosine,"InChI=1S/C10H13N5O4/c11-8-7-9(14-10(18)13-8)15(3-12-7)6-1-4(17)5(2-16)19-6/h3-6,16-17H,1-2H2,(H3,11,13,14,18)/t4-,5+,6+/m0/s1",Nc1nc(O)nc2c1ncn2[C@H]1C[C@H](O)[C@@H](CO)O1
2'-deoxyguanosine,"InChI=1S/C10H13N5O4/c11-10-13-8-7(9(18)14-10)12-3-15(8)6-1-4(17)5(2-16)19-6/h3-6,16-17H,1-2H2,(H3,11,13,14,18)/t4-,5+,6+/m0/s1",N=c1nc(O)c2ncn([C@H]3C[C@H](O)[C@@H](CO)O3)c2[nH]1
L-dithiothreitol,"InChI=1S/C4H10O2S2/c5-3(1-7)4(6)2-8/h3-8H,1-2H2/t3-,4-/m0/s1",O[C@@H](CS)[C@@H](O)CS
adenosine,"InChI=1S/C10H13N5O4/c11-8-5-9(13-2-12-8)15(3-14-5)10-7(18)6(17)4(1-16)19-10/h2-4,6-7,10,16-18H,1H2,(H2,11,12,13)/t4-,6-,7-,10-/m1/s1",Nc1ncnc2c1ncn2[C@@H]1O[C@H](CO)[C@@H](O)[C@H]1O
cysteamine,"InChI=1S/C2H7NS/c3-1-2-4/h4H,1-3H2/p+1",[NH3+]CCS
inosine,"InChI=1S/C10H12N4O5/c15-1-4-6(16)7(17)10(19-4)14-3-13-5-8(14)11-2-12-9(5)18/h2-4,6-7,10,15-17H,1H2,(H,11,12,18)/t4-,6-,7-,10-/m1/s1",OC[C@H]1O[C@@H](n2cnc3c(O)ncnc32)[C@H](O)[C@@H]1O
thiocyanate,InChI=1S/CHNS/c2-1-3/h3H/p-1,N#C[S-]
2'-deoxyinosine,"InChI=1S/C10H12N4O4/c15-2-6-5(16)1-7(18-6)14-4-13-8-9(14)11-3-12-10(8)17/h3-7,15-16H,1-2H2,(H,11,12,17)/t5-,6+,7+/m0/s1",OC[C@H]1O[C@@H](n2cnc3c(O)ncnc32)C[C@@H]1O
"(1/2,5,6)-2-(3-azibutylthio)-5,6-epoxy-3-cyclohexen-1-ol","InChI=1S/C10H14N2O2S/c1-10(11-12-10)4-5-15-7-3-2-6-9(14-6)8(7)13/h2-3,6-9,13H,4-5H2,1H3",CC1(CCSC2C=CC3OC3C2O)N=N1
2'-deoxyadenosine,"InChI=1S/C10H13N5O3/c11-9-8-10(13-3-12-9)15(4-14-8)7-1-5(17)6(2-16)18-7/h3-7,16-17H,1-2H2,(H2,11,12,13)/t5-,6+,7+/m0/s1",Nc1ncnc2c1ncn2[C@H]1C[C@H](O)[C@@H](CO)O1
thymidine,"InChI=1S/C10H14N2O5/c1-5-3-12(10(16)11-9(5)15)8-2-6(14)7(4-13)17-8/h3,6-8,13-14H,2,4H2,1H3,(H,11,15,16)/t6-,7+,8+/m0/s1",Cc1cn([C@H]2C[C@H](O)[C@@H](CO)O2)c(=O)nc1O
2'-deoxyuridine,"InChI=1S/C9H12N2O5/c12-4-6-5(13)3-8(16-6)11-2-1-7(14)10-9(11)15/h1-2,5-6,8,12-13H,3-4H2,(H,10,14,15)/t5-,6+,8+/m0/s1",O=c1nc(O)ccn1[C@H]1C[C@H](O)[C@@H](CO)O1
2'-deoxycytidine,"InChI=1S/C9H13N3O4/c10-7-1-2-12(9(15)11-7)8-3-5(14)6(4-13)16-8/h1-2,5-6,8,13-14H,3-4H2,(H2,10,11,15)/t5-,6+,8+/m0/s1",N=c1ccn([C@H]2C[C@H](O)[C@@H](CO)O2)c(O)n1
xanthosine,"InChI=1S/C10H12N4O6/c15-1-3-5(16)6(17)9(20-3)14-2-11-4-7(14)12-10(19)13-8(4)18/h2-3,5-6,9,15-17H,1H2,(H2,12,13,18,19)/t3-,5-,6-,9-/m1/s1",OC[C@H]1O[C@@H](n2cnc3c(O)nc(O)nc32)[C@H](O)[C@@H]1O
guanosine,"InChI=1S/C10H13N5O5/c11-10-13-7-4(8(19)14-10)12-2-15(7)9-6(18)5(17)3(1-16)20-9/h2-3,5-6,9,16-18H,1H2,(H3,11,13,14,19)/t3-,5-,6-,9-/m1/s1",N=c1nc(O)c2ncn([C@@H]3O[C@H](CO)[C@@H](O)[C@H]3O)c2[nH]1
D-glyceraldehyde,"InChI=1S/C3H6O3/c4-1-3(6)2-5/h1,3,5-6H,2H2/t3-/m0/s1",O=C[C@H](O)CO
folate,"InChI=1S/C19H19N7O6/c20-19-25-15-14(17(30)26-19)23-11(8-22-15)7-21-10-3-1-9(2-4-10)16(29)24-12(18(31)32)5-6-13(27)28/h1-4,8,12,21H,5-7H2,(H,24,29)(H,27,28)(H,31,32)(H3,20,22,25,26,30)/p-2/t12-/m0/s1",N=c1nc([O-])c2nc(CNc3ccc(C(=O)N[C@@H](CCC(=O)[O-])C(=O)O)cc3)cnc2[nH]1
dihydroisopteroate,"InChI=1S/C14H14N6O3/c15-14-19-11-10(12(21)20-14)18-9(6-17-11)16-5-7-1-3-8(4-2-7)13(22)23/h1-4H,5-6H2,(H,16,18)(H,22,23)(H4,15,17,19,20,21)/p-1",N=c1nc([O-])c2c([nH]1)NCC(=NCc1ccc(C(=O)O)cc1)N2
"7,8-dihydropteroate","InChI=1S/C14H14N6O3/c15-14-19-11-10(12(21)20-14)18-9(6-17-11)5-16-8-3-1-7(2-4-8)13(22)23/h1-4,16H,5-6H2,(H,22,23)(H4,15,17,19,20,21)/p-1",N=c1nc([O-])c2c([nH]1)NCC(CNc1ccc(C(=O)O)cc1)=N2
10-formyl-tetrahydropteroate,"InChI=1S/C15H16N6O4/c16-15-19-12-11(13(23)20-15)18-9(5-17-12)6-21(7-22)10-3-1-8(2-4-10)14(24)25/h1-4,7,9,18H,5-6H2,(H,24,25)(H4,16,17,19,20,23)/p-1/t9-/m1/s1",N=c1nc([O-])c2c([nH]1)NC[C@H](CN(C=O)c1ccc(C(=O)O)cc1)N2
4-(methylsulfanyl)-2-oxobutanoate,"InChI=1S/C5H8O3S/c1-9-3-2-4(6)5(7)8/h2-3H2,1H3,(H,7,8)/p-1",CSCCC(=O)C(=O)[O-]
dihydrohomopteroate,"InChI=1S/C15H16N6O3/c16-15-20-12-11(13(22)21-15)19-10(7-18-12)5-6-17-9-3-1-8(2-4-9)14(23)24/h1-4,17H,5-7H2,(H,23,24)(H4,16,18,20,21,22)/p-1",N=c1nc([O-])c2c([nH]1)NCC(CCNc1ccc(C(=O)O)cc1)=N2
dihydro-10-thiopteroate,"InChI=1S/C14H13N5O3S/c15-14-18-11-10(12(20)19-14)17-8(5-16-11)6-23-9-3-1-7(2-4-9)13(21)22/h1-4H,5-6H2,(H,21,22)(H4,15,16,18,19,20)/p-1",N=c1nc([O-])c2c([nH]1)NCC(CSc1ccc(C(=O)O)cc1)=N2
(4<i>S</i>)-4-hydroxy-2-oxoglutarate,"InChI=1S/C5H6O6/c6-2(4(8)9)1-3(7)5(10)11/h2,6H,1H2,(H,8,9)(H,10,11)/p-2/t2-/m0/s1",O=C([O-])C(=O)C[C@H](O)C(=O)[O-]
6-formylpterin,"InChI=1S/C7H5N5O2/c8-7-11-5-4(6(14)12-7)10-3(2-13)1-9-5/h1-2H,(H3,8,9,11,12,14)",N=c1nc(O)c2nc(C=O)cnc2[nH]1
(4<i>R</i>)-4-hydroxy-2-oxoglutarate,"InChI=1S/C5H6O6/c6-2(4(8)9)1-3(7)5(10)11/h2,6H,1H2,(H,8,9)(H,10,11)/p-2/t2-/m1/s1",O=C([O-])C(=O)C[C@@H](O)C(=O)[O-]
sepiapterin,"InChI=1S/C9H11N5O3/c1-3(15)6(16)4-2-11-7-5(12-4)8(17)14-9(10)13-7/h3,15H,2H2,1H3,(H4,10,11,13,14,17)/t3-/m0/s1",C[C@H](O)C(=O)C1=Nc2c(O)nc(=N)[nH]c2NC1
<i>(R)</i>-lactic acid,"InChI=1S/C3H6O3/c1-2(4)3(5)6/h2,4H,1H3,(H,5,6)/t2-/m1/s1",C[C@@H](O)C(=O)O
cyclic pyranopterin phosphate,"InChI=1S/C10H12N5O7P/c11-10-14-7-4(8(17)15-10)12-3-5(16)6-2(21-9(3)13-7)1-20-23(18,19)22-6/h2-3,6,9,12H,1H2,(H,18,19)(H4,11,13,14,15,17)/p-1/t2?,3-,6?,9+/m0/s1",N=c1nc([O-])c2c([nH]1)N[C@@H]1OC3COP(=O)(O)OC3C(=O)[C@@H]1N2
<i>(S)</i>-lactic acid,"InChI=1S/C3H6O3/c1-2(4)3(5)6/h2,4H,1H3,(H,5,6)/t2-/m0/s1",C[C@H](O)C(=O)O
molybdopterin adenine dinucleotide,"InChI=1S/C20H26N10O12P2S2/c21-14-8-16(24-3-23-14)30(4-25-8)19-11(32)10(31)5(41-19)1-38-43(34,35)42-44(36,37)39-2-6-12(45)13(46)7-18(40-6)27-15-9(26-7)17(33)29-20(22)28-15/h3-7,10-11,18-19,26,31-32,45-46H,1-2H2,(H,34,35)(H,36,37)(H2,21,23,24)(H4,22,27,28,29,33)/p-3/t5-,6-,7+,10-,11-,18-,19-/m1/s1",N=c1nc([O-])c2c([nH]1)N[C@@H]1O[C@H](COP(=O)([O-])OP(=O)([O-])OC[C@H]3O[C@@H](n4cnc5c(N)ncnc54)[C@H](O)[C@@H]3O)C(S)=C(S)[C@@H]1N2
dodecan-1-ol,"InChI=1S/C12H26O/c1-2-3-4-5-6-7-8-9-10-11-12-13/h13H,2-12H2,1H3",CCCCCCCCCCCCO
"6-(hydroxymethyl)-7,8-dihydropterin","InChI=1S/C7H9N5O2/c8-7-11-5-4(6(14)12-7)10-3(2-13)1-9-5/h13H,1-2H2,(H4,8,9,11,12,14)",N=c1nc(O)c2c([nH]1)NCC(CO)=N2
octan-1-ol,"InChI=1S/C8H18O/c1-2-3-4-5-6-7-8-9/h9H,2-8H2,1H3",CCCCCCCCO
propanoate,"InChI=1S/C3H6O2/c1-2-3(4)5/h2H2,1H3,(H,4,5)/p-1",CCC(=O)[O-]
(3<i>S</i>)-3-methyl-2-oxopentanoate,"InChI=1S/C6H10O3/c1-3-4(2)5(7)6(8)9/h4H,3H2,1-2H3,(H,8,9)/p-1/t4-/m0/s1",CC[C@H](C)C(=O)C(=O)[O-]
"phosphatidylethanolamine (1-myristoyl, 2-palmitoleoyl)","InChI=1S/C35H68NO8P/c1-3-5-7-9-11-13-15-16-18-20-22-24-26-28-35(38)44-33(32-43-45(39,40)42-30-29-36)31-41-34(37)27-25-23-21-19-17-14-12-10-8-6-4-2/h13,15,33H,3-12,14,16-32,36H2,1-2H3,(H,39,40)/b15-13-/t33-/m1/s1",CCCCCC/C=C\CCCCCCCC(=O)O[C@H](COC(=O)CCCCCCCCCCCCC)COP(=O)(O)OCCN
"phosphatidylglycerolphosphate (1-myristoyl, 2-palmitoleoyl)","InChI=1S/C36H70O13P2/c1-3-5-7-9-11-13-15-16-18-20-22-24-26-28-36(39)49-34(32-48-51(43,44)47-30-33(37)29-46-50(40,41)42)31-45-35(38)27-25-23-21-19-17-14-12-10-8-6-4-2/h13,15,33-34,37H,3-12,14,16-32H2,1-2H3,(H,43,44)(H2,40,41,42)/p-3/b15-13-/t33-,34+/m0/s1",CCCCCC/C=C\CCCCCCCC(=O)O[C@H](COC(=O)CCCCCCCCCCCCC)COP(=O)([O-])OC[C@@H](O)COP(=O)([O-])[O-]
"phosphatidylglycerol (1-palmitoyl, 2-palmitoleoyl)","InChI=1S/C38H73O10P/c1-3-5-7-9-11-13-15-17-19-21-23-25-27-29-37(41)45-33-36(34-47-49(43,44)46-32-35(40)31-39)48-38(42)30-28-26-24-22-20-18-16-14-12-10-8-6-4-2/h14,16,35-36,39-40H,3-13,15,17-34H2,1-2H3,(H,43,44)/p-1/b16-14-/t35-,36+/m0/s1",CCCCCC/C=C\CCCCCCCC(=O)O[C@H](COC(=O)CCCCCCCCCCCCCCC)COP(=O)([O-])OC[C@@H](O)CO
guaiacol,"InChI=1S/C7H8O2/c1-9-7-5-3-2-4-6(7)8/h2-5,8H,1H3",COc1ccccc1O
"phosphatidylglycerolphosphate (1,2-di-palmitoleoyl)","InChI=1S/C38H72O13P2/c1-3-5-7-9-11-13-15-17-19-21-23-25-27-29-37(40)47-33-36(34-50-53(45,46)49-32-35(39)31-48-52(42,43)44)51-38(41)30-28-26-24-22-20-18-16-14-12-10-8-6-4-2/h13-16,35-36,39H,3-12,17-34H2,1-2H3,(H,45,46)(H2,42,43,44)/p-3/b15-13-,16-14-/t35-,36+/m0/s1",CCCCCC/C=C\CCCCCCCC(=O)OC[C@H](COP(=O)([O-])OC[C@@H](O)COP(=O)([O-])[O-])OC(=O)CCCCCCC/C=C\CCCCCC
"2,6-dimethoxyphenol","InChI=1S/C8H10O3/c1-10-6-4-3-5-7(11-2)8(6)9/h3-5,9H,1-2H3",COc1cccc(OC)c1O
"phosphatidylglycerol (1-myristoyl, 2-palmitoleoyl)","InChI=1S/C36H69O10P/c1-3-5-7-9-11-13-15-16-18-20-22-24-26-28-36(40)46-34(32-45-47(41,42)44-30-33(38)29-37)31-43-35(39)27-25-23-21-19-17-14-12-10-8-6-4-2/h13,15,33-34,37-38H,3-12,14,16-32H2,1-2H3,(H,41,42)/p-1/b15-13-/t33-,34+/m0/s1",CCCCCC/C=C\CCCCCCCC(=O)O[C@H](COC(=O)CCCCCCCCCCCCC)COP(=O)([O-])OC[C@@H](O)CO
syringaldazine,"InChI=1S/C18H20N2O6/c1-23-13-5-11(6-14(24-2)17(13)21)9-19-20-10-12-7-15(25-3)18(22)16(8-12)26-4/h5-10,21-22H,1-4H3/b19-9+,20-10+",COc1cc(/C=N/N=C/c2cc(OC)c(O)c(OC)c2)cc(OC)c1O
"phosphatidylserine (1-myristoyl, 2-palmitoleoyl)","InChI=1S/C36H68NO10P/c1-3-5-7-9-11-13-15-16-18-20-22-24-26-28-35(39)47-32(30-45-48(42,43)46-31-33(37)36(40)41)29-44-34(38)27-25-23-21-19-17-14-12-10-8-6-4-2/h13,15,32-33H,3-12,14,16-31,37H2,1-2H3,(H,40,41)(H,42,43)/p-1/b15-13-/t32-,33+/m1/s1",CCCCCC/C=C\CCCCCCCC(=O)O[C@H](COC(=O)CCCCCCCCCCCCC)COP(=O)(O)OC[C@H](N)C(=O)[O-]
"phosphatidylethanolamine (1-palmitoyl, 2-palmitoleoyl)","InChI=1S/C37H72NO8P/c1-3-5-7-9-11-13-15-17-19-21-23-25-27-29-36(39)43-33-35(34-45-47(41,42)44-32-31-38)46-37(40)30-28-26-24-22-20-18-16-14-12-10-8-6-4-2/h14,16,35H,3-13,15,17-34,38H2,1-2H3,(H,41,42)/b16-14-/t35-/m1/s1",CCCCCC/C=C\CCCCCCCC(=O)O[C@H](COC(=O)CCCCCCCCCCCCCCC)COP(=O)(O)OCCN
tetramethoxy azobismethylene quinine,"InChI=1S/C18H18N2O6/c1-23-13-5-11(6-14(24-2)17(13)21)9-19-20-10-12-7-15(25-3)18(22)16(8-12)26-4/h5-10H,1-4H3/b20-19+",COC1=CC(=C/N=N/C=C2C=C(OC)C(=O)C(OC)=C2)C=C(OC)C1=O
"phosphatidylglycerolphosphate (1-palmitoyl, 2-palmitoleoyl)","InChI=1S/C38H74O13P2/c1-3-5-7-9-11-13-15-17-19-21-23-25-27-29-37(40)47-33-36(34-50-53(45,46)49-32-35(39)31-48-52(42,43)44)51-38(41)30-28-26-24-22-20-18-16-14-12-10-8-6-4-2/h14,16,35-36,39H,3-13,15,17-34H2,1-2H3,(H,45,46)(H2,42,43,44)/p-3/b16-14-/t35-,36+/m0/s1",CCCCCC/C=C\CCCCCCCC(=O)O[C@H](COC(=O)CCCCCCCCCCCCCCC)COP(=O)([O-])OC[C@@H](O)COP(=O)([O-])[O-]
vanillin,"InChI=1S/C8H8O3/c1-11-8-4-6(5-9)2-3-7(8)10/h2-5,10H,1H3",COc1cc(C=O)ccc1O
4-anisidine,"InChI=1S/C7H9NO/c1-9-7-4-2-6(8)3-5-7/h2-5H,8H2,1H3",COc1ccc(N)cc1
(<i>S</i>)-3-hydroxy-isobutanoate,"InChI=1S/C4H8O3/c1-3(2-5)4(6)7/h3,5H,2H2,1H3,(H,6,7)/p-1/t3-/m0/s1",C[C@@H](CO)C(=O)[O-]
diphenyl ether,InChI=1S/C12H10O/c1-3-7-11(8-4-1)13-12-9-5-2-6-10-12/h1-10H,c1ccc(Oc2ccccc2)cc1
(<i>R</i>)-3-hydroxy-isobutanoate,"InChI=1S/C4H8O3/c1-3(2-5)4(6)7/h3,5H,2H2,1H3,(H,6,7)/p-1/t3-/m1/s1",C[C@H](CO)C(=O)[O-]
"phosphatidylethanolamine (1-palmitoyl, 2-<i>cis</i>-vaccenoyl)","InChI=1S/C39H76NO8P/c1-3-5-7-9-11-13-15-17-18-20-22-24-26-28-30-32-39(42)48-37(36-47-49(43,44)46-34-33-40)35-45-38(41)31-29-27-25-23-21-19-16-14-12-10-8-6-4-2/h13,15,37H,3-12,14,16-36,40H2,1-2H3,(H,43,44)/b15-13-/t37-/m1/s1",CCCCCC/C=C\CCCCCCCCCC(=O)O[C@H](COC(=O)CCCCCCCCCCCCCCC)COP(=O)(O)OCCN
Brij 97,"InChI=1S/C38H76O11/c1-2-3-4-5-6-7-8-9-10-11-12-13-14-15-16-17-19-40-21-23-42-25-27-44-29-31-46-33-35-48-37-38-49-36-34-47-32-30-45-28-26-43-24-22-41-20-18-39/h9-10,39H,2-8,11-38H2,1H3/b10-9-",CCCCCCCC/C=C\CCCCCCCCOCCOCCOCCOCCOCCOCCOCCOCCOCCOCCO
"phosphatidylserine (1-palmitoyl, 2-cis-vaccenoyl)","InChI=1S/C40H76NO10P/c1-3-5-7-9-11-13-15-17-18-20-22-24-26-28-30-32-39(43)51-36(34-49-52(46,47)50-35-37(41)40(44)45)33-48-38(42)31-29-27-25-23-21-19-16-14-12-10-8-6-4-2/h13,15,36-37H,3-12,14,16-35,41H2,1-2H3,(H,44,45)(H,46,47)/p-1/b15-13-/t36-,37+/m1/s1",CCCCCC/C=C\CCCCCCCCCC(=O)O[C@H](COC(=O)CCCCCCCCCCCCCCC)COP(=O)(O)OC[C@H](N)C(=O)[O-]
"phosphatidylglycerolphosphate (1-palmitoyl, 2-<i>cis</i>-vaccenoyl)","InChI=1S/C40H78O13P2/c1-3-5-7-9-11-13-15-17-18-20-22-24-26-28-30-32-40(43)53-38(36-52-55(47,48)51-34-37(41)33-50-54(44,45)46)35-49-39(42)31-29-27-25-23-21-19-16-14-12-10-8-6-4-2/h13,15,37-38,41H,3-12,14,16-36H2,1-2H3,(H,47,48)(H2,44,45,46)/p-3/b15-13-/t37-,38+/m0/s1",CCCCCC/C=C\CCCCCCCCCC(=O)O[C@H](COC(=O)CCCCCCCCCCCCCCC)COP(=O)([O-])OC[C@@H](O)COP(=O)([O-])[O-]
1-cis-vaccenoyl-2-palmitoleoyl-<i>sn</i>-glycerol-3-phosphate,"InChI=1S/C37H69O8P/c1-3-5-7-9-11-13-15-17-18-20-21-23-25-27-29-31-36(38)43-33-35(34-44-46(40,41)42)45-37(39)32-30-28-26-24-22-19-16-14-12-10-8-6-4-2/h13-16,35H,3-12,17-34H2,1-2H3,(H2,40,41,42)/p-2/b15-13-,16-14-/t35-/m1/s1",CCCCCC/C=C\CCCCCCCCCC(=O)OC[C@H](COP(=O)([O-])[O-])OC(=O)CCCCCCC/C=C\CCCCCC
"phosphatidylglycerolphosphate (1-<i>cis</i>-vaccenoyl, 2-palmitoleoyl)","InChI=1S/C40H76O13P2/c1-3-5-7-9-11-13-15-17-18-20-21-23-25-27-29-31-39(42)49-35-38(36-52-55(47,48)51-34-37(41)33-50-54(44,45)46)53-40(43)32-30-28-26-24-22-19-16-14-12-10-8-6-4-2/h13-16,37-38,41H,3-12,17-36H2,1-2H3,(H,47,48)(H2,44,45,46)/p-3/b15-13-,16-14-/t37-,38+/m0/s1",CCCCCC/C=C\CCCCCCCCCC(=O)OC[C@H](COP(=O)([O-])OC[C@@H](O)COP(=O)([O-])[O-])OC(=O)CCCCCCC/C=C\CCCCCC
L-cysteate,"InChI=1S/C3H7NO5S/c4-2(3(5)6)1-10(7,8)9/h2H,1,4H2,(H,5,6)(H,7,8,9)/p-1/t2-/m0/s1",N[C@@H](CS(=O)(=O)O)C(=O)[O-]
"phosphatidylethanolamine (1,2-bis-<i>cis</i>-vaccenoyl)","InChI=1S/C41H78NO8P/c1-3-5-7-9-11-13-15-17-19-21-23-25-27-29-31-33-40(43)47-37-39(38-49-51(45,46)48-36-35-42)50-41(44)34-32-30-28-26-24-22-20-18-16-14-12-10-8-6-4-2/h13-16,39H,3-12,17-38,42H2,1-2H3,(H,45,46)/b15-13-,16-14-/t39-/m1/s1",CCCCCC/C=C\CCCCCCCCCC(=O)OC[C@H](COP(=O)(O)OCCN)OC(=O)CCCCCCCCC/C=C\CCCCCC
"2-(1,3-dioxoisoindolin-2-yl)ethanesulfonate","InChI=1S/C10H9NO5S/c12-9-7-3-1-2-4-8(7)10(13)11(9)5-6-17(14,15)16/h1-4H,5-6H2,(H,14,15,16)/p-1",O=C1c2ccccc2C(=O)N1CCS(=O)(=O)[O-]
"phosphatidylserine (1,2-bis-<i>cis</i>-vaccenoyl)","InChI=1S/C42H78NO10P/c1-3-5-7-9-11-13-15-17-19-21-23-25-27-29-31-33-40(44)50-35-38(36-51-54(48,49)52-37-39(43)42(46)47)53-41(45)34-32-30-28-26-24-22-20-18-16-14-12-10-8-6-4-2/h13-16,38-39H,3-12,17-37,43H2,1-2H3,(H,46,47)(H,48,49)/p-1/b15-13-,16-14-/t38-,39+/m1/s1",CCCCCC/C=C\CCCCCCCCCC(=O)OC[C@H](COP(=O)(O)OC[C@H](N)C(=O)[O-])OC(=O)CCCCCCCCC/C=C\CCCCCC
6-deoxy-6-sulfo-D-fructose,"InChI=1S/C6H12O8S/c7-2-6(10)5(9)4(8)3(14-6)1-15(11,12)13/h3-5,7-10H,1-2H2,(H,11,12,13)/p-1/t3-,4-,5+,6?/m1/s1",O=S(=O)([O-])C[C@H]1OC(O)(CO)[C@@H](O)[C@@H]1O
"phosphatidylglycerol (1-palmitoyl, 2-<i>cis</i>-vaccenoyl)","InChI=1S/C40H77O10P/c1-3-5-7-9-11-13-15-17-18-20-22-24-26-28-30-32-40(44)50-38(36-49-51(45,46)48-34-37(42)33-41)35-47-39(43)31-29-27-25-23-21-19-16-14-12-10-8-6-4-2/h13,15,37-38,41-42H,3-12,14,16-36H2,1-2H3,(H,45,46)/p-1/b15-13-/t37-,38+/m0/s1",CCCCCC/C=C\CCCCCCCCCC(=O)O[C@H](COC(=O)CCCCCCCCCCCCCCC)COP(=O)([O-])OC[C@@H](O)CO
L-homocysteate,"InChI=1S/C4H9NO5S/c5-3(4(6)7)1-2-11(8,9)10/h3H,1-2,5H2,(H,6,7)(H,8,9,10)/p-1",NC(CCS(=O)(=O)O)C(=O)[O-]
1-palmitoyl-2-<i>cis</i>-vaccenoyl phosphatidate,"InChI=1S/C37H71O8P/c1-3-5-7-9-11-13-15-17-18-20-22-24-26-28-30-32-37(39)45-35(34-44-46(40,41)42)33-43-36(38)31-29-27-25-23-21-19-16-14-12-10-8-6-4-2/h13,15,35H,3-12,14,16-34H2,1-2H3,(H2,40,41,42)/p-2/b15-13-/t35-/m1/s1",CCCCCC/C=C\CCCCCCCCCC(=O)O[C@H](COC(=O)CCCCCCCCCCCCCCC)COP(=O)([O-])[O-]
n-phenyltaurine,"InChI=1S/C8H11NO3S/c10-13(11,12)7-6-9-8-4-2-1-3-5-8/h1-5,9H,6-7H2,(H,10,11,12)/p-1",O=S(=O)([O-])CCNc1ccccc1
"phosphatidylglycerolphosphate (1,2-bis-<i>cis</i>-vaccenoyl)","InChI=1S/C42H80O13P2/c1-3-5-7-9-11-13-15-17-19-21-23-25-27-29-31-33-41(44)51-37-40(38-54-57(49,50)53-36-39(43)35-52-56(46,47)48)55-42(45)34-32-30-28-26-24-22-20-18-16-14-12-10-8-6-4-2/h13-16,39-40,43H,3-12,17-38H2,1-2H3,(H,49,50)(H2,46,47,48)/p-3/b15-13-,16-14-/t39-,40+/m0/s1",CCCCCC/C=C\CCCCCCCCCC(=O)OC[C@H](COP(=O)([O-])OC[C@@H](O)COP(=O)([O-])[O-])OC(=O)CCCCCCCCC/C=C\CCCCCC
taurine,"InChI=1S/C2H7NO3S/c3-1-2-7(4,5)6/h1-3H2,(H,4,5,6)",NCCS(=O)(=O)O
"phosphatidylglycerol (1-<i>cis</i>-vaccenoyl, 2-palmitoleoyl)","InChI=1S/C40H75O10P/c1-3-5-7-9-11-13-15-17-18-20-21-23-25-27-29-31-39(43)47-35-38(36-49-51(45,46)48-34-37(42)33-41)50-40(44)32-30-28-26-24-22-19-16-14-12-10-8-6-4-2/h13-16,37-38,41-42H,3-12,17-36H2,1-2H3,(H,45,46)/p-1/b15-13-,16-14-/t37-,38+/m0/s1",CCCCCC/C=C\CCCCCCCCCC(=O)OC[C@H](COP(=O)([O-])OC[C@@H](O)CO)OC(=O)CCCCCCC/C=C\CCCCCC
2-(4-pyridyl)ethanesulfonate,"InChI=1S/C7H9NO3S/c9-12(10,11)6-3-7-1-4-8-5-2-7/h1-2,4-5H,3,6H2,(H,9,10,11)/p-1",O=S(=O)([O-])CCc1ccncc1
"phosphatidylethanolamine (1-<i>cis</i>-vaccenoyl, 2-palmitoleoyl)","InChI=1S/C39H74NO8P/c1-3-5-7-9-11-13-15-17-18-20-21-23-25-27-29-31-38(41)45-35-37(36-47-49(43,44)46-34-33-40)48-39(42)32-30-28-26-24-22-19-16-14-12-10-8-6-4-2/h13-16,37H,3-12,17-36,40H2,1-2H3,(H,43,44)/b15-13-,16-14-/t37-/m1/s1",CCCCCC/C=C\CCCCCCCCCC(=O)OC[C@H](COP(=O)(O)OCCN)OC(=O)CCCCCCC/C=C\CCCCCC
methylmethanesulfonate,"InChI=1S/C2H6O3S/c1-5-6(2,3)4/h1-2H3",COS(C)(=O)=O
"phosphatidylserine (1-<i>cis</i>-vaccenoyl, 2-palmitoleoyl)","InChI=1S/C40H74NO10P/c1-3-5-7-9-11-13-15-17-18-20-21-23-25-27-29-31-38(42)48-33-36(34-49-52(46,47)50-35-37(41)40(44)45)51-39(43)32-30-28-26-24-22-19-16-14-12-10-8-6-4-2/h13-16,36-37H,3-12,17-35,41H2,1-2H3,(H,44,45)(H,46,47)/p-1/b15-13-,16-14-/t36-,37+/m1/s1",CCCCCC/C=C\CCCCCCCCCC(=O)OC[C@H](COP(=O)(O)OC[C@H](N)C(=O)[O-])OC(=O)CCCCCCC/C=C\CCCCCC
"1,2-bis-<i>cis</i>-vaccenoyl-phosphatidate","InChI=1S/C39H73O8P/c1-3-5-7-9-11-13-15-17-19-21-23-25-27-29-31-33-38(40)45-35-37(36-46-48(42,43)44)47-39(41)34-32-30-28-26-24-22-20-18-16-14-12-10-8-6-4-2/h13-16,37H,3-12,17-36H2,1-2H3,(H2,42,43,44)/p-2/b15-13-,16-14-/t37-/m1/s1",CCCCCC/C=C\CCCCCCCCCC(=O)OC[C@H](COP(=O)([O-])[O-])OC(=O)CCCCCCCCC/C=C\CCCCCC
2-octaprenylphenol,"InChI=1S/C46H70O/c1-37(2)19-12-20-38(3)21-13-22-39(4)23-14-24-40(5)25-15-26-41(6)27-16-28-42(7)29-17-30-43(8)31-18-32-44(9)35-36-45-33-10-11-34-46(45)47/h10-11,19,21,23,25,27,29,31,33-35,47H,12-18,20,22,24,26,28,30,32,36H2,1-9H3/b38-21+,39-23+,40-25+,41-27+,42-29+,43-31+,44-35+",CC(C)=CCC/C(C)=C\CC/C(C)=C\CC/C(C)=C\CC/C(C)=C\CC/C(C)=C\CC/C(C)=C\CC/C(C)=C\Cc1ccccc1O
(S)-2-hydroxybutanoate,"InChI=1S/C4H8O3/c1-2-3(5)4(6)7/h3,5H,2H2,1H3,(H,6,7)/p-1/t3-/m0/s1",CC[C@H](O)C(=O)[O-]
&beta;-L-ribofuranse,"InChI=1S/C5H10O5/c6-1-2-3(7)4(8)5(9)10-2/h2-9H,1H2/t2-,3-,4-,5-/m0/s1",OC[C@@H]1O[C@H](O)[C@@H](O)[C@H]1O
(<i>S</i>)-2-hydroxyglutarate,"InChI=1S/C5H8O5/c6-3(5(9)10)1-2-4(7)8/h3,6H,1-2H2,(H,7,8)(H,9,10)/p-2/t3-/m0/s1",O=C([O-])CC[C@H](O)C(=O)[O-]
"D-<i>myo</i>-inositol (2,5) bisphosphate","InChI=1S/C6H14O12P2/c7-1-2(8)6(18-20(14,15)16)4(10)3(9)5(1)17-19(11,12)13/h1-10H,(H2,11,12,13)(H2,14,15,16)/p-4/t1-,2-,3+,4+,5-,6+",O=P([O-])([O-])O[C@@H]1[C@H](O)[C@@H](O)[C@H](OP(=O)([O-])[O-])[C@@H](O)[C@H]1O
"D-<i>myo</i>-inositol (2,4,5) trisphosphate","InChI=1S/C6H15O15P3/c7-1-2(8)5(20-23(13,14)15)6(21-24(16,17)18)3(9)4(1)19-22(10,11)12/h1-9H,(H2,10,11,12)(H2,13,14,15)(H2,16,17,18)/p-6/t1-,2-,3-,4-,5+,6+/m0/s1",O=P([O-])([O-])O[C@H]1[C@H](O)[C@H](O)[C@@H](OP(=O)([O-])[O-])[C@H](OP(=O)([O-])[O-])[C@H]1O
"(<i>R</i>)-propane-1,2-diol","InChI=1S/C3H8O2/c1-3(5)2-4/h3-5H,2H2,1H3/t3-/m1/s1",C[C@@H](O)CO
"(<i>S</i>)-propane-1,2-diol","InChI=1S/C3H8O2/c1-3(5)2-4/h3-5H,2H2,1H3/t3-/m0/s1",C[C@H](O)CO
"(R,R)-2,3-butanediol","InChI=1S/C4H10O2/c1-3(5)4(2)6/h3-6H,1-2H3/t3-,4-/m1/s1",C[C@@H](O)[C@@H](C)O
glycolaldehyde,"InChI=1S/C2H4O2/c3-1-2-4/h1,4H,2H2",O=CCO
glycolaldehyde phosphate,"InChI=1S/C2H5O5P/c3-1-2-7-8(4,5)6/h1H,2H2,(H2,4,5,6)/p-2",O=CCOP(=O)([O-])[O-]
4-oxo-2-pentenal,"InChI=1S/C5H6O2/c1-5(7)3-2-4-6/h2-4H,1H3/b3-2+",CC(=O)/C=C/C=O
1-stearoyl-<i>sn</i>-glycerol 3-phosphate,"InChI=1S/C21H43O7P/c1-2-3-4-5-6-7-8-9-10-11-12-13-14-15-16-17-21(23)27-18-20(22)19-28-29(24,25)26/h20,22H,2-19H2,1H3,(H2,24,25,26)/p-2/t20-/m1/s1",CCCCCCCCCCCCCCCCCC(=O)OC[C@@H](O)COP(=O)([O-])[O-]
4-hydroxy-2-pentenal-5-phosphate,"InChI=1S/C5H9O6P/c6-3-1-2-5(7)4-11-12(8,9)10/h1-3,5,7H,4H2,(H2,8,9,10)/p-2/b2-1+",O=C/C=C/C(O)COP(=O)([O-])[O-]
(<i>R</i>)-2-hydroxybutanoate,"InChI=1S/C4H8O3/c1-2-3(5)4(6)7/h3,5H,2H2,1H3,(H,6,7)/p-1/t3-/m1/s1",CC[C@@H](O)C(=O)[O-]
3-(<i>N</i>-morpholino)propanal,"InChI=1S/C7H13NO2/c9-5-1-2-8-3-6-10-7-4-8/h5H,1-4,6-7H2",O=CCCN1CCOCC1
<i>cis</i>-vaccenate,"InChI=1S/C18H34O2/c1-2-3-4-5-6-7-8-9-10-11-12-13-14-15-16-17-18(19)20/h7-8H,2-6,9-17H2,1H3,(H,19,20)/p-1/b8-7-",CCCCCC/C=C\CCCCCCCCCC(=O)[O-]
1-(<i>sn</i>-glycero-3-phospho)-1D-myo-inositol,"InChI=1S/C9H19O11P/c10-1-3(11)2-19-21(17,18)20-9-7(15)5(13)4(12)6(14)8(9)16/h3-16H,1-2H2,(H,17,18)/p-1/t3-,4-,5-,6+,7-,8-,9-/m1/s1",O=P([O-])(OC[C@H](O)CO)O[C@@H]1[C@H](O)[C@H](O)[C@@H](O)[C@H](O)[C@H]1O
ethyl-acetoacetate,"InChI=1S/C6H10O3/c1-3-9-6(8)4-5(2)7/h3-4H2,1-2H3",CCOC(=O)CC(C)=O
(<i>S</i>)-2-acetolactate,"InChI=1S/C5H8O4/c1-3(6)5(2,9)4(7)8/h9H,1-2H3,(H,7,8)/p-1/t5-/m0/s1",CC(=O)[C@](C)(O)C(=O)[O-]
3-oxopropanoate,"InChI=1S/C3H4O3/c4-2-1-3(5)6/h2H,1H2,(H,5,6)/p-1",O=CCC(=O)[O-]
acetoacetate,"InChI=1S/C4H6O3/c1-3(5)2-4(6)7/h2H2,1H3,(H,6,7)/p-1",CC(=O)CC(=O)[O-]
acetylacetone,"InChI=1S/C5H8O2/c1-4(6)3-5(2)7/h3H2,1-2H3",CC(=O)CC(C)=O
"cyclohexane-1,2-dione",InChI=1S/C6H8O2/c7-5-3-1-2-4-6(5)8/h1-4H2,O=C1CCCCC1=O
norfuraneol,"InChI=1S/C5H6O3/c1-3-5(7)4(6)2-8-3/h7H,2H2,1H3",CC1=C(O)C(=O)CO1
4-hydroxy-5-methyl-2-methylene-3(2H)-furanone,"InChI=1S/C6H6O3/c1-3-5(7)6(8)4(2)9-3/h8H,1H2,2H3",C=C1OC(C)=C(O)C1=O
(2E)-2-ethylidene-4-hydroxy-5-methyl-3(2H)-furanone,"InChI=1S/C7H8O3/c1-3-5-7(9)6(8)4(2)10-5/h3,8H,1-2H3/b5-3+",CC=C1OC(C)=C(O)C1=O
(2E)-2-butylidene-4-hydroxy-5-methyl-3(2H)-furanone,"InChI=1S/C9H12O3/c1-3-4-5-7-9(11)8(10)6(2)12-7/h5,10H,3-4H2,1-2H3/b7-5+",CCCC=C1OC(C)=C(O)C1=O
alloxanthine,"InChI=1S/C5H4N4O2/c10-4-2-1-6-9-3(2)7-5(11)8-4/h1H,(H3,6,7,8,9,10,11)",O=c1nc2[nH][nH]cc-2c(O)n1
urate,"InChI=1S/C5H4N4O3/c10-3-1-2(7-4(11)6-1)8-5(12)9-3/h(H4,6,7,8,9,10,11,12)",Oc1nc(O)c2nc(O)[nH]c2n1
6-(glutathion-<i>S</i>-yl)-2-methylhydroquinone,"InChI=1S/C17H23N3O8S/c1-8-4-9(21)5-12(15(8)25)29-7-11(16(26)19-6-14(23)24)20-13(22)3-2-10(18)17(27)28/h4-5,10-11,21,25H,2-3,6-7,18H2,1H3,(H,19,26)(H,20,22)(H,23,24)(H,27,28)/p-1/t10-,11-/m0/s1",Cc1cc([O-])cc(SC[C@H](N=C(O)CC[C@H](N)C(=O)O)C(O)=NCC(=O)O)c1O
(glutathion-<i>S</i>-yl)-bimane,"InChI=1S/C20H27N5O8S/c1-9-11(3)24-14(10(2)19(31)25(24)18(9)30)8-34-7-13(17(29)22-6-16(27)28)23-15(26)5-4-12(21)20(32)33/h12-13H,4-8,21H2,1-3H3,(H,22,29)(H,23,26)(H,27,28)(H,32,33)/p-1/t12-,13-/m0/s1",Cc1c(C)n2c(CSC[C@H](N=C([O-])CC[C@H](N)C(=O)O)C(O)=NCC(=O)O)c(C)c(=O)n2c1=O
<i>S</i>-(hydroxymethyl)glutathione,"InChI=1S/C11H19N3O7S/c12-6(11(20)21)1-2-8(16)14-7(4-22-5-15)10(19)13-3-9(17)18/h6-7,15H,1-5,12H2,(H,13,19)(H,14,16)(H,17,18)(H,20,21)/p-1/t6-,7-/m0/s1",N[C@@H](CCC([O-])=N[C@@H](CSCO)C(O)=NCC(=O)O)C(=O)O
<i>S</i>-formylglutathione,"InChI=1S/C11H17N3O7S/c12-6(11(20)21)1-2-8(16)14-7(4-22-5-15)10(19)13-3-9(17)18/h5-7H,1-4,12H2,(H,13,19)(H,14,16)(H,17,18)(H,20,21)/p-1/t6-,7-/m0/s1",N[C@@H](CCC([O-])=N[C@@H](CSC=O)C(O)=NCC(=O)O)C(=O)O
<i>S</i>-sulfanylglutathione,"InChI=1S/C10H17N3O6S2/c11-5(10(18)19)1-2-7(14)13-6(4-21-20)9(17)12-3-8(15)16/h5-6,20H,1-4,11H2,(H,12,17)(H,13,14)(H,15,16)(H,18,19)/p-1/t5-,6-/m0/s1",N[C@@H](CCC([O-])=N[C@@H](CSS)C(O)=NCC(=O)O)C(=O)O
<i>S</i>-(acet-2-yl)-glutathione,"InChI=1S/C12H19N3O8S/c13-6(12(22)23)1-2-8(16)15-7(4-24-5-10(19)20)11(21)14-3-9(17)18/h6-7H,1-5,13H2,(H,14,21)(H,15,16)(H,17,18)(H,19,20)(H,22,23)/p-2/t6-,7-/m0/s1",N[C@@H](CCC([O-])=N[C@@H](CSCC(=O)O)C(O)=NCC(=O)[O-])C(=O)O
glutathionylspermidine,"InChI=1S/C17H34N6O5S/c18-6-3-8-20-7-1-2-9-21-15(25)10-22-16(26)13(11-29)23-14(24)5-4-12(19)17(27)28/h12-13,20,29H,1-11,18-19H2,(H,21,25)(H,22,26)(H,23,24)(H,27,28)/p+2/t12-,13-/m0/s1",[NH3+]CCCNCCCCN=C(O)CN=C(O)[C@H](CS)N=C(O)CC[C@H]([NH3+])C(=O)O
selenodiglutathione,"InChI=1S/C20H32N6O12S2Se/c21-9(19(35)36)1-3-13(27)25-11(17(33)23-5-15(29)30)7-39-41-40-8-12(18(34)24-6-16(31)32)26-14(28)4-2-10(22)20(37)38/h9-12H,1-8,21-22H2,(H,23,33)(H,24,34)(H,25,27)(H,26,28)(H,29,30)(H,31,32)(H,35,36)(H,37,38)/p-2/t9-,10-,11-,12-/m0/s1",N[C@@H](CCC([O-])=N[C@@H](CS[Se]SC[C@H](N=C([O-])CC[C@H](N)C(=O)O)C(O)=NCC(=O)O)C(O)=NCC(=O)O)C(=O)O
glutathione disulfide,"InChI=1S/C20H32N6O12S2/c21-9(19(35)36)1-3-13(27)25-11(17(33)23-5-15(29)30)7-39-40-8-12(18(34)24-6-16(31)32)26-14(28)4-2-10(22)20(37)38/h9-12H,1-8,21-22H2,(H,23,33)(H,24,34)(H,25,27)(H,26,28)(H,29,30)(H,31,32)(H,35,36)(H,37,38)/p-2/t9-,10-,11-,12-/m0/s1",N[C@@H](CCC([O-])=N[C@@H](CSSC[C@H](N=C([O-])CC[C@H](N)C(=O)O)C(O)=NCC(=O)O)C(O)=NCC(=O)O)C(=O)O
glutathionylspermidine disulfide,"InChI=1S/C34H66N12O10S2/c35-11-5-15-39-13-1-3-17-41-29(49)19-43-31(51)25(45-27(47)9-7-23(37)33(53)54)21-57-58-22-26(46-28(48)10-8-24(38)34(55)56)32(52)44-20-30(50)42-18-4-2-14-40-16-6-12-36/h23-26,39-40H,1-22,35-38H2,(H,41,49)(H,42,50)(H,43,51)(H,44,52)(H,45,47)(H,46,48)(H,53,54)(H,55,56)/p+4/t23-,24-,25-,26-/m0/s1",[NH3+]CCCNCCCCN=C(O)CN=C(O)[C@H](CSSC[C@H](N=C(O)CC[C@H]([NH3+])C(=O)O)C(O)=NCC(O)=NCCCCNCCC[NH3+])N=C(O)CC[C@H]([NH3+])C(=O)O
<i>meso</i>-lanthionine,"InChI=1S/C6H12N2O4S/c7-3(5(9)10)1-13-2-4(8)6(11)12/h3-4H,1-2,7-8H2,(H,9,10)(H,11,12)/t3-,4+",N[C@H](CSC[C@H](N)C(=O)O)C(=O)O
<i>S</i>-(2-aminoethyl)-L-cysteine,"InChI=1S/C5H12N2O2S/c6-1-2-10-3-4(7)5(8)9/h4H,1-3,6-7H2,(H,8,9)/p+1/t4-/m0/s1",N[C@@H](CSCC[NH3+])C(=O)O
<i>S</i>-sulfo-L-cysteine,"InChI=1S/C3H7NO5S2/c4-2(3(5)6)1-10-11(7,8)9/h2H,1,4H2,(H,5,6)(H,7,8,9)/p-1/t2-/m0/s1",N[C@@H](CSS(=O)(=O)O)C(=O)[O-]
L-djenkolate,"InChI=1S/C7H14N2O4S2/c8-4(6(10)11)1-14-3-15-2-5(9)7(12)13/h4-5H,1-3,8-9H2,(H,10,11)(H,12,13)/t4-,5-/m0/s1",N[C@@H](CSCSC[C@H](N)C(=O)O)C(=O)O
siroheme,"InChI=1S/C42H46N4O16.Fe/c1-41(17-39(59)60)23(5-9-35(51)52)29-14-27-21(11-37(55)56)19(3-7-33(47)48)25(43-27)13-26-20(4-8-34(49)50)22(12-38(57)58)28(44-26)15-31-42(2,18-40(61)62)24(6-10-36(53)54)30(46-31)16-32(41)45-29;/h13-16,23-24H,3-12,17-18H2,1-2H3,(H10,43,44,45,46,47,48,49,50,51,52,53,54,55,56,57,58,59,60,61,62);/q;+2/p-10/t23-,24-,41+,42+;/m1./s1",C[C@@]1(CC(=O)[O-])c2cc3nc(cc4[n-]c(cc5[n-]c(cc(n2)[C@H]1CCC(=O)[O-])c(CC(=O)[O-])c5CCC(=O)[O-])c(CCC(=O)[O-])c4CC(=O)[O-])[C@@](C)(CC(=O)[O-])[C@@H]3CCC(=O)[O-].[Fe+2]
hemin,,C=Cc1c(C)c2cc3[n-]c(cc4nc(cc5nc(cc1[n-]2)C(C)=C5CCC(=O)[O-])C(CCC(=O)[O-])=C4C)c(C)c3C=C.[Cl-].[Fe+6]
mesoheme,"InChI=1S/C34H38N4O4.Fe/c1-7-21-17(3)25-13-26-19(5)23(9-11-33(39)40)31(37-26)16-32-24(10-12-34(41)42)20(6)28(38-32)15-30-22(8-2)18(4)27(36-30)14-29(21)35-25;/h13-16H,7-12H2,1-6H3,(H4,35,36,37,38,39,40,41,42);/q;+2/p-4/b25-13-,26-13-,27-14-,28-15-,29-14-,30-15-,31-16-,32-16-;",CCc1c(C)c2cc3[n-]c(cc4nc(cc5nc(cc1[n-]2)C(C)=C5CCC(=O)[O-])C(CCC(=O)[O-])=C4C)c(C)c3CC.[Fe+2]
uroporphyrin III,"InChI=1S/C40H38N4O16/c45-33(46)5-1-17-21(9-37(53)54)29-14-27-19(3-7-35(49)50)22(10-38(55)56)30(43-27)15-28-20(4-8-36(51)52)24(12-40(59)60)32(44-28)16-31-23(11-39(57)58)18(2-6-34(47)48)26(42-31)13-25(17)41-29/h13-16,41,44H,1-12H2,(H,45,46)(H,47,48)(H,49,50)(H,51,52)(H,53,54)(H,55,56)(H,57,58)(H,59,60)/p-8/b25-13-,26-13-,27-14-,28-15-,29-14-,30-15-,31-16-,32-16-",O=C([O-])CCC1=C(CC(=O)[O-])c2cc3[nH]c(cc4nc(cc5[nH]c(cc1n2)c(CC(=O)[O-])c5CCC(=O)[O-])C(CCC(=O)[O-])=C4CC(=O)[O-])c(CC(=O)[O-])c3CCC(=O)[O-]
protoporphyrinogen IX,"InChI=1S/C34H40N4O4/c1-7-21-17(3)25-13-26-19(5)23(9-11-33(39)40)31(37-26)16-32-24(10-12-34(41)42)20(6)28(38-32)15-30-22(8-2)18(4)27(36-30)14-29(21)35-25/h7-8,35-38H,1-2,9-16H2,3-6H3,(H,39,40)(H,41,42)/p-2",C=Cc1c2[nH]c(c1C)Cc1[nH]c(c(CCC(=O)[O-])c1C)Cc1[nH]c(c(C)c1CCC(=O)[O-])Cc1[nH]c(c(C)c1C=C)C2
protoporphyrin IX,"InChI=1S/C34H34N4O4/c1-7-21-17(3)25-13-26-19(5)23(9-11-33(39)40)31(37-26)16-32-24(10-12-34(41)42)20(6)28(38-32)15-30-22(8-2)18(4)27(36-30)14-29(21)35-25/h7-8,13-16,35,38H,1-2,9-12H2,3-6H3,(H,39,40)(H,41,42)/p-2/b25-13-,26-13-,27-14-,28-15-,29-14-,30-15-,31-16-,32-16-",C=CC1=C(C)c2cc3[nH]c(cc4nc(cc5[nH]c(cc1n2)c(C)c5CCC(=O)[O-])C(CCC(=O)[O-])=C4C)c(C)c3C=C
coproporphyrin III,"InChI=1S/C36H38N4O8/c1-17-21(5-9-33(41)42)29-14-27-19(3)22(6-10-34(43)44)30(39-27)15-28-20(4)24(8-12-36(47)48)32(40-28)16-31-23(7-11-35(45)46)18(2)26(38-31)13-25(17)37-29/h13-16,37,40H,5-12H2,1-4H3,(H,41,42)(H,43,44)(H,45,46)(H,47,48)/p-4/b25-13-,26-13-,27-14-,28-15-,29-14-,30-15-,31-16-,32-16-",CC1=C(CCC(=O)[O-])c2cc3[nH]c(cc4nc(cc5[nH]c(cc1n2)c(CCC(=O)[O-])c5C)C(C)=C4CCC(=O)[O-])c(CCC(=O)[O-])c3C
uroporphyrinogen-III,"InChI=1S/C40H44N4O16/c45-33(46)5-1-17-21(9-37(53)54)29-14-27-19(3-7-35(49)50)22(10-38(55)56)30(43-27)15-28-20(4-8-36(51)52)24(12-40(59)60)32(44-28)16-31-23(11-39(57)58)18(2-6-34(47)48)26(42-31)13-25(17)41-29/h41-44H,1-16H2,(H,45,46)(H,47,48)(H,49,50)(H,51,52)(H,53,54)(H,55,56)(H,57,58)(H,59,60)/p-8",O=C([O-])CCc1c2[nH]c(c1CC(=O)[O-])Cc1[nH]c(c(CC(=O)[O-])c1CCC(=O)[O-])Cc1[nH]c(c(CC(=O)[O-])c1CCC(=O)[O-])Cc1[nH]c(c(CCC(=O)[O-])c1CC(=O)[O-])C2
uroporphyrinogen-I,"InChI=1S/C40H44N4O16/c45-33(46)5-1-17-21(9-37(53)54)29-14-26-19(3-7-35(49)50)23(11-39(57)58)31(43-26)16-28-20(4-8-36(51)52)24(12-40(59)60)32(44-28)15-27-18(2-6-34(47)48)22(10-38(55)56)30(42-27)13-25(17)41-29/h41-44H,1-16H2,(H,45,46)(H,47,48)(H,49,50)(H,51,52)(H,53,54)(H,55,56)(H,57,58)(H,59,60)/p-8",O=C([O-])CCc1c2[nH]c(c1CC(=O)[O-])Cc1[nH]c(c(CC(=O)[O-])c1CCC(=O)[O-])Cc1[nH]c(c(CC(=O)[O-])c1CCC(=O)[O-])Cc1[nH]c(c(CC(=O)[O-])c1CCC(=O)[O-])C2
(2<i>R</i>)-CDP-glycerol,"InChI=1S/C12H21N3O13P2/c13-8-1-2-15(12(20)14-8)11-10(19)9(18)7(27-11)5-26-30(23,24)28-29(21,22)25-4-6(17)3-16/h1-2,6-7,9-11,16-19H,3-5H2,(H,21,22)(H,23,24)(H2,13,14,20)/p-2/t6-,7-,9-,10-,11-/m1/s1",N=c1ccn([C@@H]2O[C@H](COP(=O)(O)OP(=O)([O-])OC[C@H](O)CO)[C@@H](O)[C@H]2O)c([O-])n1
preQ<sub>1</sub>,"InChI=1S/C7H9N5O/c8-1-3-2-10-5-4(3)6(13)12-7(9)11-5/h2H,1,8H2,(H4,9,10,11,12,13)/p+1",N=c1nc(O)c2c(C[NH3+])c[nH]c2[nH]1
"phosphatidylglycerol (1-palmitoyl, 2-lactobacilloyl)","InChI=1S/C41H79O10P/c1-3-5-7-9-10-11-12-13-14-15-18-21-25-29-40(44)48-34-39(35-50-52(46,47)49-33-38(43)32-42)51-41(45)30-26-22-19-16-17-20-24-28-37-31-36(37)27-23-8-6-4-2/h36-39,42-43H,3-35H2,1-2H3,(H,46,47)/p-1/t36-,37+,38-,39+/m0/s1",CCCCCCCCCCCCCCCC(=O)OC[C@H](COP(=O)([O-])OC[C@@H](O)CO)OC(=O)CCCCCCCCC[C@@H]1C[C@@H]1CCCCCC
"cardiolipin (1,3-palmitoyl, 2,4-cis-9,10-methylene hexadecanoyl)","InChI=1S/C75H142O17P2/c1-5-9-13-17-19-21-23-25-27-29-31-37-45-53-72(77)85-61-70(91-74(79)55-47-39-33-35-43-51-67-57-65(67)49-41-15-11-7-3)63-89-93(81,82)87-59-69(76)60-88-94(83,84)90-64-71(62-86-73(78)54-46-38-32-30-28-26-24-22-20-18-14-10-6-2)92-75(80)56-48-40-34-36-44-52-68-58-66(68)50-42-16-12-8-4/h65-71,76H,5-64H2,1-4H3,(H,81,82)(H,83,84)/p-2/t65-,66-,67+,68+,70+,71+/m0/s1",CCCCCCCCCCCCCCCC(=O)OC[C@H](COP(=O)([O-])OCC(O)COP(=O)([O-])OC[C@@H](COC(=O)CCCCCCCCCCCCCCC)OC(=O)CCCCCCC[C@@H]1C[C@@H]1CCCCCC)OC(=O)CCCCCCC[C@@H]1C[C@@H]1CCCCCC
"phosphatidylethanolamine (1-palmitoyl, 2-cis-9,10-methylene hexadecanoyl)","InChI=1S/C38H74NO8P/c1-3-5-7-9-10-11-12-13-14-15-16-19-23-27-37(40)44-32-36(33-46-48(42,43)45-30-29-39)47-38(41)28-24-20-17-18-22-26-35-31-34(35)25-21-8-6-4-2/h34-36H,3-33,39H2,1-2H3,(H,42,43)/t34-,35+,36+/m0/s1",CCCCCCCCCCCCCCCC(=O)OC[C@H](COP(=O)(O)OCCN)OC(=O)CCCCCCC[C@@H]1C[C@@H]1CCCCCC
"phosphatidylethanolamine (1-myristoyl, 2-cis-9,10-methylene hexadecanoyl)","InChI=1S/C36H70NO8P/c1-3-5-7-9-10-11-12-13-14-17-21-25-35(38)42-30-34(31-44-46(40,41)43-28-27-37)45-36(39)26-22-18-15-16-20-24-33-29-32(33)23-19-8-6-4-2/h32-34H,3-31,37H2,1-2H3,(H,40,41)/t32-,33+,34+/m0/s1",CCCCCCCCCCCCCC(=O)OC[C@H](COP(=O)(O)OCCN)OC(=O)CCCCCCC[C@@H]1C[C@@H]1CCCCCC
"phosphatidylethanolamine (1-palmitoyl, 2-lactobacilloyl)","InChI=1S/C40H78NO8P/c1-3-5-7-9-10-11-12-13-14-15-18-21-25-29-39(42)46-34-38(35-48-50(44,45)47-32-31-41)49-40(43)30-26-22-19-16-17-20-24-28-37-33-36(37)27-23-8-6-4-2/h36-38H,3-35,41H2,1-2H3,(H,44,45)/t36?,37?,38-/m1/s1",CCCCCCCCCCCCCCCC(=O)OC[C@H](COP(=O)(O)OCCN)OC(=O)CCCCCCCCCC1CC1CCCCCC
"phosphatidylglycerol (1-myristoyl, 2-cis-9,10-methylene hexadecanoyl)","InChI=1S/C37H71O10P/c1-3-5-7-9-10-11-12-13-14-17-21-25-36(40)44-30-35(31-46-48(42,43)45-29-34(39)28-38)47-37(41)26-22-18-15-16-20-24-33-27-32(33)23-19-8-6-4-2/h32-35,38-39H,3-31H2,1-2H3,(H,42,43)/p-1/t32-,33+,34-,35+/m0/s1",CCCCCCCCCCCCCC(=O)OC[C@H](COP(=O)([O-])OC[C@@H](O)CO)OC(=O)CCCCCCC[C@@H]1C[C@@H]1CCCCCC
"phosphatidylglycerol (1-palmitoyl, 2-cis-9,10-methylene hexadecanoyl)","InChI=1S/C39H75O10P/c1-3-5-7-9-10-11-12-13-14-15-16-19-23-27-38(42)46-32-37(33-48-50(44,45)47-31-36(41)30-40)49-39(43)28-24-20-17-18-22-26-35-29-34(35)25-21-8-6-4-2/h34-37,40-41H,3-33H2,1-2H3,(H,44,45)/p-1/t34-,35+,36-,37+/m0/s1",CCCCCCCCCCCCCCCC(=O)OC[C@H](COP(=O)([O-])OC[C@@H](O)CO)OC(=O)CCCCCCC[C@@H]1C[C@@H]1CCCCCC
ethylene glycol,"InChI=1S/C2H6O2/c3-1-2-4/h3-4H,1-2H2",OCCO
"(1S,2R)-3-methylcyclohexa-3,5-diene-1,2-diol","InChI=1S/C7H10O2/c1-5-3-2-4-6(8)7(5)9/h2-4,6-9H,1H3/t6-,7+/m0/s1",CC1=CC=C[C@H](O)[C@@H]1O
(octanoyl)adenylate,"InChI=1S/C18H28N5O8P/c1-2-3-4-5-6-7-12(24)31-32(27,28)29-8-11-14(25)15(26)18(30-11)23-10-22-13-16(19)20-9-21-17(13)23/h9-11,14-15,18,25-26H,2-8H2,1H3,(H,27,28)(H2,19,20,21)/p-1/t11-,14-,15-,18-/m1/s1",CCCCCCCC(=O)OP(=O)([O-])OC[C@H]1O[C@@H](n2cnc3c(N)ncnc32)[C@H](O)[C@@H]1O
"D-<i>myo</i>-inositol (2,3,4,5) tetrakisphosphate","InChI=1S/C6H16O18P4/c7-1-2(8)4(22-26(12,13)14)6(24-28(18,19)20)5(23-27(15,16)17)3(1)21-25(9,10)11/h1-8H,(H2,9,10,11)(H2,12,13,14)(H2,15,16,17)(H2,18,19,20)/p-8/t1-,2-,3-,4+,5-,6-/m0/s1",O=P([O-])([O-])O[C@@H]1[C@@H](OP(=O)([O-])[O-])[C@@H](OP(=O)([O-])[O-])[C@H](O)[C@H](O)[C@H]1OP(=O)([O-])[O-]
D-glycerate,"InChI=1S/C3H6O4/c4-1-2(5)3(6)7/h2,4-5H,1H2,(H,6,7)/p-1/t2-/m1/s1",O=C([O-])[C@H](O)CO
"phosphatidylglycerol (1,2-bis-<i>cis</i>-vaccenoyl)","InChI=1S/C42H79O10P/c1-3-5-7-9-11-13-15-17-19-21-23-25-27-29-31-33-41(45)49-37-40(38-51-53(47,48)50-36-39(44)35-43)52-42(46)34-32-30-28-26-24-22-20-18-16-14-12-10-8-6-4-2/h13-16,39-40,43-44H,3-12,17-38H2,1-2H3,(H,47,48)/p-1/b15-13-,16-14-/t39-,40+/m0/s1",CCCCCC/C=C\CCCCCCCCCC(=O)OC[C@H](COP(=O)([O-])OC[C@@H](O)CO)OC(=O)CCCCCCCCC/C=C\CCCCCC
7-methyladenine,"InChI=1S/C6H7N5/c1-11-3-10-6-4(11)5(7)8-2-9-6/h2-3H,1H3,(H2,7,8,9)",Cn1cnc2ncnc(N)c21
<i>N</i><sup>1</sup>-ethyladenine,"InChI=1S/C7H9N5/c1-2-12-4-11-7-5(6(12)8)9-3-10-7/h3-4H,2,8H2,1H3",CCn1cnc2ncnc-2c1N
<i>N</i><sup>7</sup>-methylguanine,"InChI=1S/C6H7N5O/c1-11-2-8-4-3(11)5(12)10-6(7)9-4/h2H,1H3,(H3,7,9,10,12)",Cn1cnc2[nH]c(=N)nc(O)c21
3-methyladenine,"InChI=1S/C6H7N5/c1-11-3-10-5(7)4-6(11)9-2-8-4/h2-3H,7H2,1H3",Cn1cnc(N)c2ncnc1-2
<i>N</i><sup>1</sup>-methyladenine,"InChI=1S/C6H7N5/c1-11-3-10-6-4(5(11)7)8-2-9-6/h2-3H,7H2,1H3",Cn1cnc2ncnc-2c1N
3-methylguanine,"InChI=1S/C6H7N5O/c1-11-4-3(8-2-9-4)5(12)10-6(11)7/h2H,1H3,(H,8,9)(H2,7,10,12)",Cn1c(=N)nc(O)c2nc[nH]c21
crotonate,"InChI=1S/C4H6O2/c1-2-3-4(5)6/h2-3H,1H3,(H,5,6)/p-1/b3-2+",C/C=C/C(=O)[O-]
"phosphatidylserine (1-palmitoyl, 2-palmitoleoyl)","InChI=1S/C38H72NO10P/c1-3-5-7-9-11-13-15-17-19-21-23-25-27-29-36(40)46-31-34(32-47-50(44,45)48-33-35(39)38(42)43)49-37(41)30-28-26-24-22-20-18-16-14-12-10-8-6-4-2/h14,16,34-35H,3-13,15,17-33,39H2,1-2H3,(H,42,43)(H,44,45)/p-1/b16-14-/t34-,35+/m1/s1",CCCCCC/C=C\CCCCCCCC(=O)O[C@H](COC(=O)CCCCCCCCCCCCCCC)COP(=O)(O)OC[C@H](N)C(=O)[O-]
"phosphatidylglycerolphosphate (1-palmitoyl, 2-oleoyl)","InChI=1S/C40H78O13P2/c1-3-5-7-9-11-13-15-17-18-20-22-24-26-28-30-32-40(43)53-38(36-52-55(47,48)51-34-37(41)33-50-54(44,45)46)35-49-39(42)31-29-27-25-23-21-19-16-14-12-10-8-6-4-2/h17-18,37-38,41H,3-16,19-36H2,1-2H3,(H,47,48)(H2,44,45,46)/p-3/b18-17-/t37?,38-/m1/s1",CCCCCCCC/C=C\CCCCCCCC(=O)O[C@H](COC(=O)CCCCCCCCCCCCCCC)COP(=O)([O-])OCC(O)COP(=O)([O-])[O-]
"phosphatidylglycerol (dihexadec-9-enoyl, n-C16:1)","InChI=1S/C38H71O10P/c1-3-5-7-9-11-13-15-17-19-21-23-25-27-29-37(41)45-33-36(34-47-49(43,44)46-32-35(40)31-39)48-38(42)30-28-26-24-22-20-18-16-14-12-10-8-6-4-2/h13-16,35-36,39-40H,3-12,17-34H2,1-2H3,(H,43,44)/p-1/b15-13+,16-14+/t35-,36+/m0/s1",CCCCCC/C=C/CCCCCCCC(=O)OC[C@H](COP(=O)([O-])OC[C@@H](O)CO)OC(=O)CCCCCCC/C=C/CCCCCC
"(2<i>S</i>,3<i>S</i>)-2-methylcitrate","InChI=1S/C7H10O7/c1-3(5(10)11)7(14,6(12)13)2-4(8)9/h3,14H,2H2,1H3,(H,8,9)(H,10,11)(H,12,13)/p-3/t3-,7+/m1/s1",C[C@H](C(=O)[O-])[C@@](O)(CC(=O)[O-])C(=O)[O-]
acetyl phosphate,"InChI=1S/C2H5O5P/c1-2(3)7-8(4,5)6/h1H3,(H2,4,5,6)/p-2",CC(=O)OP(=O)([O-])[O-]
(<i>S</i>)-3-hydroxybutanoate,"InChI=1S/C4H8O3/c1-3(5)2-4(6)7/h3,5H,2H2,1H3,(H,6,7)/p-1/t3-/m0/s1",C[C@H](O)CC(=O)[O-]
(<i>R</i>)-3-hydroxybutanoate,"InChI=1S/C4H8O3/c1-3(5)2-4(6)7/h3,5H,2H2,1H3,(H,6,7)/p-1/t3-/m1/s1",C[C@@H](O)CC(=O)[O-]
(<i>R</i>)-lactate,"InChI=1S/C3H6O3/c1-2(4)3(5)6/h2,4H,1H3,(H,5,6)/p-1/t2-/m1/s1",C[C@@H](O)C(=O)[O-]
(<i>S</i>)-lactate,"InChI=1S/C3H6O3/c1-2(4)3(5)6/h2,4H,1H3,(H,5,6)/p-1/t2-/m0/s1",C[C@H](O)C(=O)[O-]
propan-1-ol,"InChI=1S/C3H8O/c1-2-3-4/h4H,2-3H2,1H3",CCCO
butan-1-ol,"InChI=1S/C4H10O/c1-2-3-4-5/h5H,2-4H2,1H3",CCCCO
ethanol,"InChI=1S/C2H6O/c1-2-3/h3H,2H2,1H3",CCO
methanol,"InChI=1S/CH4O/c1-2/h2H,1H3",CO
(<i>S</i>)-malate,"InChI=1S/C4H6O5/c5-2(4(8)9)1-3(6)7/h2,5H,1H2,(H,6,7)(H,8,9)/p-2/t2-/m0/s1",O=C([O-])C[C@H](O)C(=O)[O-]
(R)-malate,"InChI=1S/C4H6O5/c5-2(4(8)9)1-3(6)7/h2,5H,1H2,(H,6,7)(H,8,9)/p-2/t2-/m1/s1",O=C([O-])C[C@@H](O)C(=O)[O-]
D-idarate,"InChI=1S/C6H10O8/c7-1(3(9)5(11)12)2(8)4(10)6(13)14/h1-4,7-10H,(H,11,12)(H,13,14)/p-2/t1-,2-,3+,4+/m1/s1",O=C([O-])[C@@H](O)[C@H](O)[C@@H](O)[C@H](O)C(=O)[O-]
pimelate,"InChI=1S/C7H12O4/c8-6(9)4-2-1-3-5-7(10)11/h1-5H2,(H,8,9)(H,10,11)/p-2",O=C([O-])CCCCCC(=O)[O-]
(<i>R</i>)-2-hydroxyglutarate,"InChI=1S/C5H8O5/c6-3(5(9)10)1-2-4(7)8/h3,6H,1-2H2,(H,7,8)(H,9,10)/p-2/t3-/m1/s1",O=C([O-])CC[C@@H](O)C(=O)[O-]
2-hydroxymalonate,"InChI=1S/C3H4O5/c4-1(2(5)6)3(7)8/h1,4H,(H,5,6)(H,7,8)/p-2",O=C([O-])C(O)C(=O)[O-]
suberate,"InChI=1S/C8H14O4/c9-7(10)5-3-1-2-4-6-8(11)12/h1-6H2,(H,9,10)(H,11,12)/p-2",O=C([O-])CCCCCCC(=O)[O-]
sebacate,"InChI=1S/C10H18O4/c11-9(12)7-5-3-1-2-4-6-8-10(13)14/h1-8H2,(H,11,12)(H,13,14)/p-2",O=C([O-])CCCCCCCCC(=O)[O-]
adipate,"InChI=1S/C6H10O4/c7-5(8)3-1-2-4-6(9)10/h1-4H2,(H,7,8)(H,9,10)/p-2",O=C([O-])CCCCC(=O)[O-]
itaconate,"InChI=1S/C5H6O4/c1-3(5(8)9)2-4(6)7/h1-2H2,(H,6,7)(H,8,9)/p-2",C=C(CC(=O)[O-])C(=O)[O-]
azelate,"InChI=1S/C9H16O4/c10-8(11)6-4-2-1-3-5-7-9(12)13/h1-7H2,(H,10,11)(H,12,13)/p-2",O=C([O-])CCCCCCCC(=O)[O-]
L-idarate,"InChI=1S/C6H10O8/c7-1(3(9)5(11)12)2(8)4(10)6(13)14/h1-4,7-10H,(H,11,12)(H,13,14)/p-2/t1-,2-,3+,4+/m0/s1",O=C([O-])[C@H](O)[C@@H](O)[C@H](O)[C@@H](O)C(=O)[O-]
aminomalonate,"InChI=1S/C3H5NO4/c4-1(2(5)6)3(7)8/h1H,4H2,(H,5,6)(H,7,8)/p-1",NC(C(=O)[O-])C(=O)O
malonate,"InChI=1S/C3H4O4/c4-2(5)1-3(6)7/h1H2,(H,4,5)(H,6,7)/p-2",O=C([O-])CC(=O)[O-]
glutarate,"InChI=1S/C5H8O4/c6-4(7)2-1-3-5(8)9/h1-3H2,(H,6,7)(H,8,9)/p-2",O=C([O-])CCCC(=O)[O-]
maleate,"InChI=1S/C4H4O4/c5-3(6)1-2-4(7)8/h1-2H,(H,5,6)(H,7,8)/p-2/b2-1-",O=C([O-])/C=C\C(=O)[O-]
enol-oxaloacetate,"InChI=1S/C4H4O5/c5-2(4(8)9)1-3(6)7/h1,5H,(H,6,7)(H,8,9)/p-2/b2-1-",O=C([O-])/C=C(\[O-])C(=O)O
oxaloacetate,"InChI=1S/C4H4O5/c5-2(4(8)9)1-3(6)7/h1H2,(H,6,7)(H,8,9)/p-2",O=C([O-])CC(=O)C(=O)[O-]
fumarate,"InChI=1S/C4H4O4/c5-3(6)1-2-4(7)8/h1-2H,(H,5,6)(H,7,8)/p-2/b2-1+",O=C([O-])/C=C/C(=O)[O-]
succinate,"InChI=1S/C4H6O4/c5-3(6)1-2-4(7)8/h1-2H2,(H,5,6)(H,7,8)/p-2",O=C([O-])CCC(=O)[O-]
"(2Z)-2-hydroxypenta-2,4-dienoate","InChI=1S/C5H6O3/c1-2-3-4(6)5(7)8/h2-3,6H,1H2,(H,7,8)/p-1/b4-3-",C=C/C=C(\[O-])C(=O)O
"1D-<i>myo</i>-inositol (1,2,3,4,6)-penta<i>kis</i>phosphate","InChI=1S/C6H17O21P5/c7-1-2(23-28(8,9)10)4(25-30(14,15)16)6(27-32(20,21)22)5(26-31(17,18)19)3(1)24-29(11,12)13/h1-7H,(H2,8,9,10)(H2,11,12,13)(H2,14,15,16)(H2,17,18,19)(H2,20,21,22)/p-10/t1-,2-,3+,4+,5-,6+",O=P([O-])([O-])O[C@H]1[C@@H](OP(=O)([O-])[O-])[C@H](OP(=O)([O-])[O-])[C@@H](O)[C@H](OP(=O)([O-])[O-])[C@H]1OP(=O)([O-])[O-]
"D-<i>myo</i>-inositol (1,2,3,4,5)-pentakisphosphate","InChI=1S/C6H17O21P5/c7-1-2(23-28(8,9)10)4(25-30(14,15)16)6(27-32(20,21)22)5(26-31(17,18)19)3(1)24-29(11,12)13/h1-7H,(H2,8,9,10)(H2,11,12,13)(H2,14,15,16)(H2,17,18,19)(H2,20,21,22)/p-10/t1-,2-,3+,4-,5-,6-/m0/s1",O=P([O-])([O-])O[C@@H]1[C@@H](OP(=O)([O-])[O-])[C@H](OP(=O)([O-])[O-])[C@@H](O)[C@H](OP(=O)([O-])[O-])[C@@H]1OP(=O)([O-])[O-]
"D-<i>myo</i>-inositol 1,3,4,5,6-pentakisphosphate","InChI=1S/C6H17O21P5/c7-1-2(23-28(8,9)10)4(25-30(14,15)16)6(27-32(20,21)22)5(26-31(17,18)19)3(1)24-29(11,12)13/h1-7H,(H2,8,9,10)(H2,11,12,13)(H2,14,15,16)(H2,17,18,19)(H2,20,21,22)/p-10/t1-,2+,3-,4-,5+,6+",O=P([O-])([O-])O[C@@H]1[C@@H](OP(=O)([O-])[O-])[C@H](OP(=O)([O-])[O-])[C@@H](O)[C@H](OP(=O)([O-])[O-])[C@H]1OP(=O)([O-])[O-]
"D-<i>myo</i>-inositol (1,2,4,5,6)-pentakisphosphate","InChI=1S/C6H17O21P5/c7-1-2(23-28(8,9)10)4(25-30(14,15)16)6(27-32(20,21)22)5(26-31(17,18)19)3(1)24-29(11,12)13/h1-7H,(H2,8,9,10)(H2,11,12,13)(H2,14,15,16)(H2,17,18,19)(H2,20,21,22)/p-10/t1-,2-,3-,4+,5-,6-/m1/s1",O=P([O-])([O-])O[C@@H]1[C@@H](OP(=O)([O-])[O-])[C@H](OP(=O)([O-])[O-])[C@H](O)[C@@H](OP(=O)([O-])[O-])[C@H]1OP(=O)([O-])[O-]
phytate,"InChI=1S/C6H18O24P6/c7-31(8,9)25-1-2(26-32(10,11)12)4(28-34(16,17)18)6(30-36(22,23)24)5(29-35(19,20)21)3(1)27-33(13,14)15/h1-6H,(H2,7,8,9)(H2,10,11,12)(H2,13,14,15)(H2,16,17,18)(H2,19,20,21)(H2,22,23,24)/p-12/t1-,2-,3-,4+,5-,6-",O=P([O-])([O-])O[C@H]1[C@H](OP(=O)([O-])[O-])[C@H](OP(=O)([O-])[O-])[C@@H](OP(=O)([O-])[O-])[C@H](OP(=O)([O-])[O-])[C@H]1OP(=O)([O-])[O-]
2-phospho-D-glycerate,"InChI=1S/C3H7O7P/c4-1-2(3(5)6)10-11(7,8)9/h2,4H,1H2,(H,5,6)(H2,7,8,9)/p-3/t2-/m1/s1",O=C([O-])[C@@H](CO)OP(=O)([O-])[O-]
3-phospho-D-glycerate,"InChI=1S/C3H7O7P/c4-2(3(5)6)1-10-11(7,8)9/h2,4H,1H2,(H,5,6)(H2,7,8,9)/p-3/t2-/m1/s1",O=C([O-])[C@H](O)COP(=O)([O-])[O-]
3-phenyl-2-oxopropanoate,"InChI=1S/C9H8O3/c10-8(9(11)12)6-7-4-2-1-3-5-7/h1-5H,6H2,(H,11,12)/p-1",O=C([O-])C(=O)Cc1ccccc1
(3R)-3-hydroxy-2-oxo-4 phosphooxybutanoate,"InChI=1S/C4H7O8P/c5-2(3(6)4(7)8)1-12-13(9,10)11/h2,5H,1H2,(H,7,8)(H2,9,10,11)/p-3/t2-/m1/s1",O=C([O-])C(=O)[C@H](O)COP(=O)([O-])[O-]
glyoxylate,"InChI=1S/C2H2O3/c3-1-2(4)5/h1H,(H,4,5)/p-1",O=CC(=O)[O-]
1-palmitoyl-2-palmitoleoyl-<i>sn</i>-glycerol 3-phosphate,"InChI=1S/C35H67O8P/c1-3-5-7-9-11-13-15-17-19-21-23-25-27-29-34(36)41-31-33(32-42-44(38,39)40)43-35(37)30-28-26-24-22-20-18-16-14-12-10-8-6-4-2/h14,16,33H,3-13,15,17-32H2,1-2H3,(H2,38,39,40)/p-2/b16-14-/t33-/m1/s1",CCCCCC/C=C\CCCCCCCC(=O)O[C@H](COC(=O)CCCCCCCCCCCCCCC)COP(=O)([O-])[O-]
(4S)-4-hydroxy-2-oxoheptanedioate,"InChI=1S/C7H10O6/c8-4(1-2-6(10)11)3-5(9)7(12)13/h4,8H,1-3H2,(H,10,11)(H,12,13)/p-2/t4-/m0/s1",O=C([O-])CC[C@H](O)CC(=O)C(=O)[O-]
1-myristoyl-2-palmitoleoyl-<i>sn</i>-glycerol 3-phosphate,"InChI=1S/C33H63O8P/c1-3-5-7-9-11-13-15-16-18-20-22-24-26-28-33(35)41-31(30-40-42(36,37)38)29-39-32(34)27-25-23-21-19-17-14-12-10-8-6-4-2/h13,15,31H,3-12,14,16-30H2,1-2H3,(H2,36,37,38)/p-2/b15-13-/t31-/m1/s1",CCCCCC/C=C\CCCCCCCC(=O)O[C@H](COC(=O)CCCCCCCCCCCCC)COP(=O)([O-])[O-]
3-methyl-2-oxobutanoate,"InChI=1S/C5H8O3/c1-3(2)4(6)5(7)8/h3H,1-2H3,(H,7,8)/p-1",CC(C)C(=O)C(=O)[O-]
<i>N</i>-acetyl-&alpha;-D-galactosamine 1-phosphate,"InChI=1S/C8H16NO9P/c1-3(11)9-5-7(13)6(12)4(2-10)17-8(5)18-19(14,15)16/h4-8,10,12-13H,2H2,1H3,(H,9,11)(H2,14,15,16)/p-2/t4-,5-,6+,7-,8-/m1/s1",CC([O-])=N[C@H]1[C@@H](OP(=O)([O-])O)O[C@H](CO)[C@H](O)[C@@H]1O
2-oxopimelate,"InChI=1S/C7H10O5/c8-5(7(11)12)3-1-2-4-6(9)10/h1-4H2,(H,9,10)(H,11,12)/p-2",O=C([O-])CCCCC(=O)C(=O)[O-]
<i>N</i>-acetyl-&alpha;-D-glucosamine 1-phosphate,"InChI=1S/C8H16NO9P/c1-3(11)9-5-7(13)6(12)4(2-10)17-8(5)18-19(14,15)16/h4-8,10,12-13H,2H2,1H3,(H,9,11)(H2,14,15,16)/p-2/t4-,5-,6-,7-,8-/m1/s1",CC([O-])=N[C@H]1[C@@H](OP(=O)([O-])O)O[C@H](CO)[C@@H](O)[C@@H]1O
2-dehydro-3-deoxy-D-gluconate,"InChI=1S/C6H10O6/c7-2-5(10)3(8)1-4(9)6(11)12/h3,5,7-8,10H,1-2H2,(H,11,12)/p-1/t3-,5+/m0/s1",O=C([O-])C(=O)C[C@H](O)[C@H](O)CO
<i>N</i>-acetyl-L-glutamate,"InChI=1S/C7H11NO5/c1-4(9)8-5(7(12)13)2-3-6(10)11/h5H,2-3H2,1H3,(H,8,9)(H,10,11)(H,12,13)/p-2/t5-/m0/s1",CC([O-])=N[C@@H](CCC(=O)[O-])C(=O)O
(<i>S</i>)-4-hydroxy-2-oxopentanoate,"InChI=1S/C5H8O4/c1-3(6)2-4(7)5(8)9/h3,6H,2H2,1H3,(H,8,9)/p-1/t3-/m0/s1",C[C@H](O)CC(=O)C(=O)[O-]
<i>N</i>-acetyl-L-cysteine,"InChI=1S/C5H9NO3S/c1-3(7)6-4(2-10)5(8)9/h4,10H,2H2,1H3,(H,6,7)(H,8,9)/p-1/t4-/m0/s1",CC([O-])=N[C@@H](CS)C(=O)O
2-oxopent-4-enoate,"InChI=1S/C5H6O3/c1-2-3-4(6)5(7)8/h2H,1,3H2,(H,7,8)/p-1",C=CCC(=O)C(=O)[O-]
3-bromopyruvate,"InChI=1S/C3H3BrO3/c4-1-2(5)3(6)7/h1H2,(H,6,7)/p-1",O=C([O-])C(=O)CBr
<i>N</i>-acetyl-L-histidine,"InChI=1S/C8H11N3O3/c1-5(12)11-7(8(13)14)2-6-3-9-4-10-6/h3-4,7H,2H2,1H3,(H,9,10)(H,11,12)(H,13,14)/p-1/t7-/m0/s1",CC([O-])=N[C@@H](Cc1cnc[nH]1)C(=O)O
2-dehydro-3-deoxy-L-gluconate,"InChI=1S/C6H10O6/c7-2-5(10)3(8)1-4(9)6(11)12/h3,5,7-8,10H,1-2H2,(H,11,12)/p-1/t3-,5+/m1/s1",O=C([O-])C(=O)C[C@@H](O)[C@@H](O)CO
<i>N</i>-acetyl-L-ornithine,"InChI=1S/C7H14N2O3/c1-5(10)9-6(7(11)12)3-2-4-8/h6H,2-4,8H2,1H3,(H,9,10)(H,11,12)/t6-/m0/s1",CC(O)=N[C@@H](CCCN)C(=O)O
2-oxoglutarate,"InChI=1S/C5H6O5/c6-3(5(9)10)1-2-4(7)8/h1-2H2,(H,7,8)(H,9,10)/p-2",O=C([O-])CCC(=O)C(=O)[O-]
2-oxovalerate,"InChI=1S/C5H8O3/c1-2-3-4(6)5(7)8/h2-3H2,1H3,(H,7,8)/p-1",CCCC(=O)C(=O)[O-]
<i>N</i>-acetyl-9-<i>O</i>-acetylneuraminate,"InChI=1S/C13H21NO10/c1-5(15)14-9-7(17)3-13(22,12(20)21)24-11(9)10(19)8(18)4-23-6(2)16/h7-11,17-19,22H,3-4H2,1-2H3,(H,14,15)(H,20,21)/p-1/t7-,8+,9+,10+,11+,13?/m0/s1",CC(=O)OC[C@@H](O)[C@@H](O)[C@@H]1OC(O)(C(=O)O)C[C@H](O)[C@H]1N=C(C)[O-]
2-dehydro-3-deoxy-D-pentonate,"InChI=1S/C5H8O5/c6-2-3(7)1-4(8)5(9)10/h3,6-7H,1-2H2,(H,9,10)/p-1/t3-/m0/s1",O=C([O-])C(=O)C[C@H](O)CO
(<i>S</i>)-(+)-allantoin,"InChI=1S/C4H6N4O3/c5-3(10)6-1-2(9)8-4(11)7-1/h1H,(H3,5,6,10)(H2,7,8,9,11)/t1-/m0/s1",N=C(O)N[C@H]1N=C(O)N=C1O
(2S)-2-amino-4-pentenoate,"InChI=1S/C5H9NO2/c1-2-3-4(6)5(7)8/h2,4H,1,3,6H2,(H,7,8)/t4-/m0/s1",C=CC[C@H](N)C(=O)O
(<i>R</i>)-(-)-allantoin,"InChI=1S/C4H6N4O3/c5-3(10)6-1-2(9)8-4(11)7-1/h1H,(H3,5,6,10)(H2,7,8,9,11)/t1-/m1/s1",N=C(O)N[C@@H]1N=C(O)N=C1O
S-adenosyl-4-methylsulfanyl-2-oxobutanoate,"InChI=1S/C15H19N5O6S/c1-27(3-2-7(21)15(24)25)4-8-10(22)11(23)14(26-8)20-6-19-9-12(16)17-5-18-13(9)20/h5-6,8,10-11,14,22-23H,2-4H2,1H3,(H2-,16,17,18,24,25)/t8-,10-,11-,14-,27+/m1/s1",C[S+](CCC(=O)C(=O)[O-])C[C@H]1O[C@@H](n2cnc3c(N)ncnc32)[C@H](O)[C@@H]1O
all-<i>trans</i>-octaprenyl diphosphate,"InChI=1S/C40H68O7P2/c1-33(2)17-10-18-34(3)19-11-20-35(4)21-12-22-36(5)23-13-24-37(6)25-14-26-38(7)27-15-28-39(8)29-16-30-40(9)31-32-46-49(44,45)47-48(41,42)43/h17,19,21,23,25,27,29,31H,10-16,18,20,22,24,26,28,30,32H2,1-9H3,(H,44,45)(H2,41,42,43)/p-3/b34-19+,35-21+,36-23+,37-25+,38-27+,39-29+,40-31+",CC(C)=CCC/C(C)=C\CC/C(C)=C\CC/C(C)=C\CC/C(C)=C\CC/C(C)=C\CC/C(C)=C\CC/C(C)=C\COP(=O)([O-])OP(=O)([O-])[O-]
2-keto-L-gulonate,"InChI=1S/C6H10O7/c7-1-2(8)3(9)4(10)5(11)6(12)13/h2-4,7-10H,1H2,(H,12,13)/p-1/t2-,3+,4-/m0/s1",O=C([O-])C(=O)[C@@H](O)[C@H](O)[C@@H](O)CO
<i>all-trans</i>-nonaprenyl diphosphate,"InChI=1S/C45H76O7P2/c1-37(2)19-11-20-38(3)21-12-22-39(4)23-13-24-40(5)25-14-26-41(6)27-15-28-42(7)29-16-30-43(8)31-17-32-44(9)33-18-34-45(10)35-36-51-54(49,50)52-53(46,47)48/h19,21,23,25,27,29,31,33,35H,11-18,20,22,24,26,28,30,32,34,36H2,1-10H3,(H,49,50)(H2,46,47,48)/p-3/b38-21+,39-23+,40-25+,41-27+,42-29+,43-31+,44-33+,45-35+",CC(C)=CCC/C(C)=C\CC/C(C)=C\CC/C(C)=C\CC/C(C)=C\CC/C(C)=C\CC/C(C)=C\CC/C(C)=C\CC/C(C)=C\COP(=O)([O-])OP(=O)([O-])[O-]
3-(4-hydroxyphenyl)pyruvate,"InChI=1S/C9H8O4/c10-7-3-1-6(2-4-7)5-8(11)9(12)13/h1-4,10H,5H2,(H,12,13)/p-1",O=C(O)C(=O)Cc1ccc([O-])cc1
all-<i>trans</i>-heptaprenyl diphosphate,"InChI=1S/C35H60O7P2/c1-29(2)15-9-16-30(3)17-10-18-31(4)19-11-20-32(5)21-12-22-33(6)23-13-24-34(7)25-14-26-35(8)27-28-41-44(39,40)42-43(36,37)38/h15,17,19,21,23,25,27H,9-14,16,18,20,22,24,26,28H2,1-8H3,(H,39,40)(H2,36,37,38)/p-3/b30-17+,31-19+,32-21+,33-23+,34-25+,35-27+",CC(C)=CCC/C(C)=C\CC/C(C)=C\CC/C(C)=C\CC/C(C)=C\CC/C(C)=C\CC/C(C)=C\COP(=O)([O-])OP(=O)([O-])[O-]
"3-(3,4-dihydroxyphenyl)pyruvate","InChI=1S/C9H8O5/c10-6-2-1-5(3-7(6)11)4-8(12)9(13)14/h1-3,10-11H,4H2,(H,13,14)/p-1",O=C(O)C(=O)Cc1ccc([O-])c(O)c1
all-<i>trans</i>-hexaprenyl diphosphate,"InChI=1S/C30H52O7P2/c1-25(2)13-8-14-26(3)15-9-16-27(4)17-10-18-28(5)19-11-20-29(6)21-12-22-30(7)23-24-36-39(34,35)37-38(31,32)33/h13,15,17,19,21,23H,8-12,14,16,18,20,22,24H2,1-7H3,(H,34,35)(H2,31,32,33)/p-3/b26-15+,27-17+,28-19+,29-21+,30-23+",CC(C)=CCC/C(C)=C\CC/C(C)=C\CC/C(C)=C\CC/C(C)=C\CC/C(C)=C\COP(=O)([O-])OP(=O)([O-])[O-]
2-dehydro-3-deoxy-L-rhamnonate,"InChI=1S/C6H10O5/c1-3(7)4(8)2-5(9)6(10)11/h3-4,7-8H,2H2,1H3,(H,10,11)/p-1/t3-,4+/m0/s1",C[C@H](O)[C@H](O)CC(=O)C(=O)[O-]
geranylgeranyl diphosphate,"InChI=1S/C20H36O7P2/c1-17(2)9-6-10-18(3)11-7-12-19(4)13-8-14-20(5)15-16-26-29(24,25)27-28(21,22)23/h9,11,13,15H,6-8,10,12,14,16H2,1-5H3,(H,24,25)(H2,21,22,23)/p-3/b18-11+,19-13+,20-15+",CC(C)=CCC/C(C)=C\CC/C(C)=C\CC/C(C)=C\COP(=O)([O-])OP(=O)([O-])[O-]
2-oxobutanoate,"InChI=1S/C4H6O3/c1-2-3(5)4(6)7/h2H2,1H3,(H,6,7)/p-1",CCC(=O)C(=O)[O-]
all-<i>trans</i>-pentaprenyl diphosphate,"InChI=1S/C25H44O7P2/c1-21(2)11-7-12-22(3)13-8-14-23(4)15-9-16-24(5)17-10-18-25(6)19-20-31-34(29,30)32-33(26,27)28/h11,13,15,17,19H,7-10,12,14,16,18,20H2,1-6H3,(H,29,30)(H2,26,27,28)/p-3/b22-13+,23-15+,24-17+,25-19+",CC(C)=CCC/C(C)=C\CC/C(C)=C\CC/C(C)=C\CC/C(C)=C\COP(=O)([O-])OP(=O)([O-])[O-]
2-keto-D-gluconate,"InChI=1S/C6H10O7/c7-1-2(8)3(9)4(10)5(11)6(12)13/h2-4,7-10H,1H2,(H,12,13)/p-1/t2-,3-,4+/m1/s1",O=C([O-])C(=O)[C@@H](O)[C@H](O)[C@H](O)CO
2-oxoglutaramate,"InChI=1S/C5H7NO4/c6-4(8)2-1-3(7)5(9)10/h1-2H2,(H2,6,8)(H,9,10)/p-1",N=C([O-])CCC(=O)C(=O)O
D-tyrosine,"InChI=1S/C9H11NO3/c10-8(9(12)13)5-6-1-3-7(11)4-2-6/h1-4,8,11H,5,10H2,(H,12,13)/t8-/m1/s1",N[C@H](Cc1ccc(O)cc1)C(=O)O
2-dehydro-3-deoxy-D-octonate,"InChI=1S/C8H14O8/c9-2-5(12)7(14)6(13)3(10)1-4(11)8(15)16/h3,5-7,9-10,12-14H,1-2H2,(H,15,16)/p-1/t3-,5-,6-,7-/m1/s1",O=C([O-])C(=O)C[C@@H](O)[C@@H](O)[C@H](O)[C@H](O)CO
D-histidine,"InChI=1S/C6H9N3O2/c7-5(6(10)11)1-4-2-8-3-9-4/h2-3,5H,1,7H2,(H,8,9)(H,10,11)/t5-/m1/s1",N[C@H](Cc1cnc[nH]1)C(=O)O
2-dehydro-3-deoxy-D-galactonate,"InChI=1S/C6H10O6/c7-2-5(10)3(8)1-4(9)6(11)12/h3,5,7-8,10H,1-2H2,(H,11,12)/p-1/t3-,5-/m1/s1",O=C([O-])C(=O)C[C@@H](O)[C@H](O)CO
D-phenylalanine,"InChI=1S/C9H11NO2/c10-8(9(11)12)6-7-4-2-1-3-5-7/h1-5,8H,6,10H2,(H,11,12)/t8-/m1/s1",N[C@H](Cc1ccccc1)C(=O)O
(3E)-2-oxopent-3-enoate,"InChI=1S/C5H6O3/c1-2-3-4(6)5(7)8/h2-3H,1H3,(H,7,8)/p-1/b3-2+",C/C=C/C(=O)C(=O)[O-]
D-tryptophan,"InChI=1S/C11H12N2O2/c12-9(11(14)15)5-7-6-13-10-4-2-1-3-8(7)10/h1-4,6,9,13H,5,12H2,(H,14,15)/t9-/m1/s1",N[C@H](Cc1c[nH]c2ccccc12)C(=O)O
<i>N</i>-acetyl-L-methionine,"InChI=1S/C7H13NO3S/c1-5(9)8-6(7(10)11)3-4-12-2/h6H,3-4H2,1-2H3,(H,8,9)(H,10,11)/p-1/t6-/m0/s1",CSCC[C@H](N=C(C)[O-])C(=O)O
"phosphatidylglycerolphosphate (1,2-di-stearoyl)","InChI=1S/C42H84O13P2/c1-3-5-7-9-11-13-15-17-19-21-23-25-27-29-31-33-41(44)51-37-40(38-54-57(49,50)53-36-39(43)35-52-56(46,47)48)55-42(45)34-32-30-28-26-24-22-20-18-16-14-12-10-8-6-4-2/h39-40,43H,3-38H2,1-2H3,(H,49,50)(H2,46,47,48)/p-3/t39-,40+/m0/s1",CCCCCCCCCCCCCCCCCC(=O)OC[C@H](COP(=O)([O-])OC[C@@H](O)COP(=O)([O-])[O-])OC(=O)CCCCCCCCCCCCCCCCC
"phosphatidylglycerolphosphate (1,2-di-palmitoyl)","InChI=1S/C38H76O13P2/c1-3-5-7-9-11-13-15-17-19-21-23-25-27-29-37(40)47-33-36(34-50-53(45,46)49-32-35(39)31-48-52(42,43)44)51-38(41)30-28-26-24-22-20-18-16-14-12-10-8-6-4-2/h35-36,39H,3-34H2,1-2H3,(H,45,46)(H2,42,43,44)/p-3/t35-,36+/m0/s1",CCCCCCCCCCCCCCCC(=O)OC[C@H](COP(=O)([O-])OC[C@@H](O)COP(=O)([O-])[O-])OC(=O)CCCCCCCCCCCCCCC
"phosphatidylglycerolphosphate (1-palmitoyl, 2-myristoyl)","InChI=1S/C36H72O13P2/c1-3-5-7-9-11-13-15-16-18-19-21-23-25-27-35(38)45-31-34(32-48-51(43,44)47-30-33(37)29-46-50(40,41)42)49-36(39)28-26-24-22-20-17-14-12-10-8-6-4-2/h33-34,37H,3-32H2,1-2H3,(H,43,44)(H2,40,41,42)/p-3/t33-,34+/m0/s1",CCCCCCCCCCCCCCCC(=O)OC[C@H](COP(=O)([O-])OC[C@@H](O)COP(=O)([O-])[O-])OC(=O)CCCCCCCCCCCCC
doripenem,"InChI=1S/C15H24N4O6S2/c1-6-11-10(7(2)20)14(21)19(11)12(15(22)23)13(6)26-9-3-8(17-5-9)4-18-27(16,24)25/h6-11,17-18,20H,3-5H2,1-2H3,(H,22,23)(H2,16,24,25)/t6-,7-,8+,9+,10-,11-/m1/s1",C[C@@H](O)[C@H]1C(=O)N2C(C(=O)O)=C(S[C@@H]3CN[C@H](CNS(N)(=O)=O)C3)[C@H](C)[C@H]12
meropenem,"InChI=1S/C17H25N3O5S/c1-7-12-11(8(2)21)16(23)20(12)13(17(24)25)14(7)26-9-5-10(18-6-9)15(22)19(3)4/h7-12,18,21H,5-6H2,1-4H3,(H,24,25)/t7-,8-,9+,10+,11-,12-/m1/s1",C[C@@H](O)[C@H]1C(=O)N2C(C(=O)O)=C(S[C@@H]3CN[C@H](C(=O)N(C)C)C3)[C@H](C)[C@@H]12
ertapenem,"InChI=1S/C22H25N3O7S/c1-9-16-15(10(2)26)20(28)25(16)17(22(31)32)18(9)33-13-7-14(23-8-13)19(27)24-12-5-3-4-11(6-12)21(29)30/h3-6,9-10,13-16,23,26H,7-8H2,1-2H3,(H,24,27)(H,29,30)(H,31,32)/t9-,10-,13+,14+,15-,16-/m1/s1",C[C@@H](O)[C@H]1C(=O)N2C(C(=O)O)=C(S[C@@H]3CN[C@H](C(O)=Nc4cccc(C(=O)O)c4)C3)[C@H](C)[C@H]12
imipenem,"InChI=1S/C12H17N3O4S/c1-6(16)9-7-4-8(20-3-2-14-5-13)10(12(18)19)15(7)11(9)17/h5-7,9,16H,2-4H2,1H3,(H2,13,14)(H,18,19)/p-1/t6-,7-,9-/m1/s1",C[C@@H](O)[C@H]1C(=O)N2C(C(=O)[O-])=C(SCCNC=N)C[C@H]12
L-pipecolate,"InChI=1S/C6H11NO2/c8-6(9)5-3-1-2-4-7-5/h5,7H,1-4H2,(H,8,9)/t5-/m0/s1",O=C(O)[C@@H]1CCCCN1
4-nitrophenyl-&alpha;-D-glucopyranoside,"InChI=1S/C12H15NO8/c14-5-8-9(15)10(16)11(17)12(21-8)20-7-3-1-6(2-4-7)13(18)19/h1-4,8-12,14-17H,5H2/t8-,9-,10+,11-,12+/m1/s1",O=[N+]([O-])c1ccc(O[C@H]2O[C@H](CO)[C@@H](O)[C@H](O)[C@H]2O)cc1
<i>p</i>-nitrophenyl-&beta;-glucoside 6-phosphate,"InChI=1S/C12H16NO11P/c14-9-8(5-22-25(19,20)21)24-12(11(16)10(9)15)23-7-3-1-6(2-4-7)13(17)18/h1-4,8-12,14-16H,5H2,(H2,19,20,21)/p-2/t8-,9-,10+,11-,12-/m1/s1",O=[N+]([O-])c1ccc(O[C@@H]2O[C@H](COP(=O)([O-])[O-])[C@@H](O)[C@H](O)[C@H]2O)cc1
<i>N</i>-acetyl-&alpha;-D-galactosamine,"InChI=1S/C8H15NO6/c1-3(11)9-5-7(13)6(12)4(2-10)15-8(5)14/h4-8,10,12-14H,2H2,1H3,(H,9,11)/t4-,5-,6+,7-,8+/m1/s1",CC(O)=N[C@@H]1[C@@H](O)[C@@H](O)[C@@H](CO)O[C@@H]1O
D-penicillamine,"InChI=1S/C5H11NO2S/c1-5(2,9)3(6)4(7)8/h3,9H,6H2,1-2H3,(H,7,8)/t3-/m0/s1",CC(C)(S)[C@@H](N)C(=O)O
L-penicillamine,"InChI=1S/C5H11NO2S/c1-5(2,9)3(6)4(7)8/h3,9H,6H2,1-2H3,(H,7,8)/t3-/m1/s1",CC(C)(S)[C@H](N)C(=O)O
"L-methionine-D,L-sulphoximine","InChI=1S/C5H12N2O3S/c1-11(7,10)3-2-4(6)5(8)9/h4,7H,2-3,6H2,1H3,(H,8,9)/t4-,11?/m0/s1",CS(=N)(=O)CC[C@H](N)C(=O)O
L-azaserine,"InChI=1S/C5H7N3O4/c6-3(5(10)11)2-12-4(9)1-8-7/h1,3H,2,6H2,(H,10,11)/t3-/m0/s1",[N-]=[N+]=CC(=O)OC[C@H](N)C(=O)O
palmitoleate,"InChI=1S/C16H30O2/c1-2-3-4-5-6-7-8-9-10-11-12-13-14-15-16(17)18/h7-8H,2-6,9-15H2,1H3,(H,17,18)/p-1/b8-7-",CCCCCC/C=C\CCCCCCCC(=O)[O-]
L-glutamate &gamma;-methyl ester,"InChI=1S/C6H11NO4/c1-11-5(8)3-2-4(7)6(9)10/h4H,2-3,7H2,1H3,(H,9,10)/t4-/m0/s1",COC(=O)CC[C@H](N)C(=O)O
trifluoroalanine,"InChI=1S/C3H4F3NO2/c4-3(5,6)1(7)2(8)9/h1H,7H2,(H,8,9)/p-1",NC(C(=O)[O-])C(F)(F)F
oleate,"InChI=1S/C18H34O2/c1-2-3-4-5-6-7-8-9-10-11-12-13-14-15-16-17-18(19)20/h9-10H,2-8,11-17H2,1H3,(H,19,20)/p-1/b10-9-",CCCCCCCC/C=C\CCCCCCCC(=O)[O-]
serine methyl ester,"InChI=1S/C4H9NO3/c1-8-4(7)3(5)2-6/h3,6H,2,5H2,1H3",COC(=O)C(N)CO
L-threonine amide,"InChI=1S/C4H10N2O2/c1-2(7)3(5)4(6)8/h2-3,7H,5H2,1H3,(H2,6,8)/p+1/t2-,3+/m1/s1",C[C@@H](O)[C@H]([NH3+])C(=N)O
"<i>N</i>3-(4-methoxyfumaroyl)-L-2,3-diaminopropanoate","InChI=1S/C8H12N2O5/c1-15-7(12)3-2-6(11)10-4-5(9)8(13)14/h2-3,5H,4,9H2,1H3,(H,10,11)(H,13,14)/b3-2+/t5-/m0/s1",COC(=O)/C=C/C(O)=NC[C@H](N)C(=O)O
<i>O</i>-acetyl-L-homoserine,"InChI=1S/C6H11NO4/c1-4(8)11-3-2-5(7)6(9)10/h5H,2-3,7H2,1H3,(H,9,10)/t5-/m0/s1",CC(=O)OCC[C@H](N)C(=O)O
(<i>R</i>)-S-adenosyl-L-methionine,"InChI=1S/C15H22N6O5S/c1-27(3-2-7(16)15(24)25)4-8-10(22)11(23)14(26-8)21-6-20-9-12(17)18-5-19-13(9)21/h5-8,10-11,14,22-23H,2-4,16H2,1H3,(H2-,17,18,19,24,25)/p+1/t7-,8+,10+,11+,14+,27+/m0/s1",C[S+](CC[C@H](N)C(=O)O)C[C@H]1O[C@@H](n2cnc3c(N)ncnc32)[C@H](O)[C@@H]1O
N-&alpha;-acetyl lysine methyl ester,"InChI=1S/C9H18N2O3/c1-7(12)11-8(9(13)14-2)5-3-4-6-10/h8H,3-6,10H2,1-2H3,(H,11,12)/p+1/t8-/m0/s1",COC(=O)[C@H](CCCC[NH3+])N=C(C)O
serinamide,"InChI=1S/C3H8N2O2/c4-2(1-6)3(5)7/h2,6H,1,4H2,(H2,5,7)/p+1",N=C(O)C([NH3+])CO
&beta;-fluoro-L-alanine,"InChI=1S/C3H6FNO2/c4-1-2(5)3(6)7/h2H,1,5H2,(H,6,7)/t2-/m0/s1",N[C@@H](CF)C(=O)O
4-fluoro-L-tryptophan,"InChI=1S/C11H11FN2O2/c12-7-2-1-3-9-10(7)6(5-14-9)4-8(13)11(15)16/h1-3,5,8,14H,4,13H2,(H,15,16)/t8-/m0/s1",N[C@@H](Cc1c[nH]c2cccc(F)c12)C(=O)O
2-chloro-L-alanine,"InChI=1S/C3H6ClNO2/c1-3(4,5)2(6)7/h5H2,1H3,(H,6,7)/p-1/t3-/m0/s1",C[C@@](N)(Cl)C(=O)[O-]
serine hydroxamate,"InChI=1S/C3H8N2O3/c4-2(1-6)3(7)5-8/h2,6,8H,1,4H2,(H,5,7)/p+1",[NH3+]C(CO)C(O)=NO
"(3<i>E</i>,5<i>Z</i>)-tetradeca-3,5-dienoate","InChI=1S/C14H24O2/c1-2-3-4-5-6-7-8-9-10-11-12-13-14(15)16/h9-12H,2-8,13H2,1H3,(H,15,16)/p-1/b10-9-,12-11+",CCCCCCCC/C=C\C=C\CC(=O)[O-]
<i>O</i>-phospho-L-serine,"InChI=1S/C3H8NO6P/c4-2(3(5)6)1-10-11(7,8)9/h2H,1,4H2,(H,5,6)(H2,7,8,9)/p-2/t2-/m0/s1",N[C@@H](COP(=O)([O-])O)C(=O)[O-]
O-phospho-D-serine,"InChI=1S/C3H8NO6P/c4-2(3(5)6)1-10-11(7,8)9/h2H,1,4H2,(H,5,6)(H2,7,8,9)/p-2/t2-/m1/s1",N[C@H](COP(=O)([O-])O)C(=O)[O-]
carbenicillin,"InChI=1S/C17H18N2O6S/c1-17(2)11(16(24)25)19-13(21)10(14(19)26-17)18-12(20)9(15(22)23)8-6-4-3-5-7-8/h3-7,9-11,14H,1-2H3,(H,18,20)(H,22,23)(H,24,25)/p-2/t9?,10-,11+,14-/m1/s1",CC1(C)S[C@@H]2[C@H](N=C([O-])C(C(=O)[O-])c3ccccc3)C(=O)N2[C@H]1C(=O)O
azlocillin,"InChI=1S/C20H23N5O6S/c1-20(2)13(17(28)29)25-15(27)12(16(25)32-20)22-14(26)11(10-6-4-3-5-7-10)23-19(31)24-9-8-21-18(24)30/h3-7,11-13,16H,8-9H2,1-2H3,(H,21,30)(H,22,26)(H,23,31)(H,28,29)/p-1/t11-,12-,13+,16-/m1/s1",CC1(C)S[C@@H]2[C@H](N=C([O-])[C@H](N=C(O)N3CCN=C3O)c3ccccc3)C(=O)N2[C@H]1C(=O)O
oxacillin,"InChI=1S/C19H19N3O5S/c1-9-11(12(21-27-9)10-7-5-4-6-8-10)15(23)20-13-16(24)22-14(18(25)26)19(2,3)28-17(13)22/h4-8,13-14,17H,1-3H3,(H,20,23)(H,25,26)/p-1/t13-,14+,17-/m1/s1",Cc1onc(-c2ccccc2)c1C([O-])=N[C@@H]1C(=O)N2[C@@H]1SC(C)(C)[C@@H]2C(=O)O
ampicillin,"InChI=1S/C16H19N3O4S/c1-16(2)11(15(22)23)19-13(21)10(14(19)24-16)18-12(20)9(17)8-6-4-3-5-7-8/h3-7,9-11,14H,17H2,1-2H3,(H,18,20)(H,22,23)/t9-,10-,11+,14-/m1/s1",CC1(C)S[C@@H]2[C@H](N=C(O)[C@H](N)c3ccccc3)C(=O)N2[C@H]1C(=O)O
penicillin G,"InChI=1S/C16H18N2O4S/c1-16(2)12(15(21)22)18-13(20)11(14(18)23-16)17-10(19)8-9-6-4-3-5-7-9/h3-7,11-12,14H,8H2,1-2H3,(H,17,19)(H,21,22)/p-1/t11-,12+,14-/m1/s1",CC1(C)S[C@@H]2[C@H](N=C([O-])Cc3ccccc3)C(=O)N2[C@H]1C(=O)O
penicillin V,"InChI=1S/C16H18N2O5S/c1-16(2)12(15(21)22)18-13(20)11(14(18)24-16)17-10(19)8-23-9-6-4-3-5-7-9/h3-7,11-12,14H,8H2,1-2H3,(H,17,19)(H,21,22)/p-1/t11-,12+,14-/m1/s1",CC1(C)S[C@@H]2[C@H](N=C([O-])COc3ccccc3)C(=O)N2[C@H]1C(=O)O
mezlocillin,"InChI=1S/C21H25N5O8S2/c1-21(2)14(18(29)30)26-16(28)13(17(26)35-21)22-15(27)12(11-7-5-4-6-8-11)23-19(31)24-9-10-25(20(24)32)36(3,33)34/h4-8,12-14,17H,9-10H2,1-3H3,(H,22,27)(H,23,31)(H,29,30)/p-1/t12-,13-,14+,17-/m1/s1",CC1(C)S[C@@H]2[C@H](N=C([O-])[C@H](N=C(O)N3CCN(S(C)(=O)=O)C3=O)c3ccccc3)C(=O)N2[C@H]1C(=O)O
nocardicin A,"InChI=1S/C23H24N4O9/c24-16(22(31)32)9-10-36-15-7-3-12(4-8-15)18(26-35)20(29)25-17-11-27(21(17)30)19(23(33)34)13-1-5-14(28)6-2-13/h1-8,16-17,19,28,35H,9-11,24H2,(H,25,29)(H,31,32)(H,33,34)/p-1/b26-18+/t16-,17+,19-/m1/s1",N[C@H](CCOc1ccc(/C(=N/O)C(O)=N[C@H]2CN([C@@H](C(=O)O)c3ccc([O-])cc3)C2=O)cc1)C(=O)O
&alpha;-D-glucosamine,"InChI=1S/C6H13NO5/c7-3-5(10)4(9)2(1-8)12-6(3)11/h2-6,8-11H,1,7H2/p+1/t2-,3-,4-,5-,6+/m1/s1",[NH3+][C@@H]1[C@@H](O)[C@H](O)[C@@H](CO)O[C@@H]1O
1D-<i>myo</i>-inositol 2-monophosphate,"InChI=1S/C6H13O9P/c7-1-2(8)4(10)6(5(11)3(1)9)15-16(12,13)14/h1-11H,(H2,12,13,14)/p-2/t1-,2-,3+,4+,5-,6+",O=P([O-])([O-])O[C@@H]1[C@H](O)[C@@H](O)[C@H](O)[C@@H](O)[C@@H]1O
&beta;-D-glucosamine,"InChI=1S/C6H13NO5/c7-3-5(10)4(9)2(1-8)12-6(3)11/h2-6,8-11H,1,7H2/p+1/t2-,3-,4-,5-,6-/m1/s1",[NH3+][C@@H]1[C@@H](O)[C@H](O)[C@@H](CO)O[C@H]1O
1D-<i>myo</i>-inositol 1-monophosphate,"InChI=1S/C6H13O9P/c7-1-2(8)4(10)6(5(11)3(1)9)15-16(12,13)14/h1-11H,(H2,12,13,14)/p-2/t1-,2-,3+,4-,5-,6-/m1/s1",O=P([O-])([O-])O[C@@H]1[C@H](O)[C@H](O)[C@H](O)[C@H](O)[C@H]1O
aceneuramate,"InChI=1S/C11H19NO9/c1-4(14)12-8(5(15)2-6(16)11(20)21)10(19)9(18)7(17)3-13/h5,7-10,13,15,17-19H,2-3H2,1H3,(H,12,14)(H,20,21)/p-1/t5-,7+,8+,9+,10+/m0/s1",CC([O-])=N[C@@H]([C@@H](O)[C@H](O)[C@H](O)CO)[C@@H](O)CC(=O)C(=O)O
<i>N</i>-acetyl-&alpha;-neuraminate,"InChI=1S/C11H19NO9/c1-4(14)12-7-5(15)2-11(20,10(18)19)21-9(7)8(17)6(16)3-13/h5-9,13,15-17,20H,2-3H2,1H3,(H,12,14)(H,18,19)/p-1/t5-,6+,7+,8+,9+,11+/m0/s1",CC([O-])=N[C@H]1[C@H]([C@H](O)[C@H](O)CO)O[C@@](O)(C(=O)O)C[C@@H]1O
<i>N</i>-acetyl-&beta;-neuraminate,"InChI=1S/C11H19NO9/c1-4(14)12-7-5(15)2-11(20,10(18)19)21-9(7)8(17)6(16)3-13/h5-9,13,15-17,20H,2-3H2,1H3,(H,12,14)(H,18,19)/p-1/t5-,6+,7+,8+,9+,11-/m0/s1",CC([O-])=N[C@H]1[C@H]([C@H](O)[C@H](O)CO)O[C@](O)(C(=O)O)C[C@@H]1O
<i>trans</i>-4-hydroxy-L-proline,"InChI=1S/C5H9NO3/c7-3-1-4(5(8)9)6-2-3/h3-4,6-7H,1-2H2,(H,8,9)/t3-,4+/m1/s1",O=C(O)[C@@H]1C[C@@H](O)CN1
"3-(<i>all-trans</i>-octaprenyl)benzene-1,2-diol","InChI=1S/C46H70O2/c1-36(2)18-10-19-37(3)20-11-21-38(4)22-12-23-39(5)24-13-25-40(6)26-14-27-41(7)28-15-29-42(8)30-16-31-43(9)34-35-44-32-17-33-45(47)46(44)48/h17-18,20,22,24,26,28,30,32-34,47-48H,10-16,19,21,23,25,27,29,31,35H2,1-9H3/b37-20+,38-22+,39-24+,40-26+,41-28+,42-30+,43-34+",CC(C)=CCC/C(C)=C\CC/C(C)=C\CC/C(C)=C\CC/C(C)=C\CC/C(C)=C\CC/C(C)=C\CC/C(C)=C\Cc1cccc(O)c1O
4-hydroxy-L-threonine,"InChI=1S/C4H9NO4/c5-3(4(8)9)2(7)1-6/h2-3,6-7H,1,5H2,(H,8,9)/t2-,3+/m1/s1",N[C@H](C(=O)O)[C@H](O)CO
an <i>N</i><sup>3</sup>-propylcytosine in DNA,,CCC[N+]1(/C(=O)N(\C=C/C(/N)=1)[C@@H]2(O[C@H](COP(=O)([O-])O[a deoxyribonucleic acid])[C@@H](OP(=O)(O[a deoxyribonucleic acid])[O-])C2))
4-hydroxy-L-<i>allo</i>-threonine,"InChI=1S/C4H9NO4/c5-3(4(8)9)2(7)1-6/h2-3,6-7H,1,5H2,(H,8,9)/t2-,3-/m0/s1",N[C@H](C(=O)O)[C@@H](O)CO
<i>all-trans</i>-retinal,"InChI=1S/C20H28O/c1-16(8-6-9-17(2)13-15-21)11-12-19-18(3)10-7-14-20(19,4)5/h6,8-9,11-13,15H,7,10,14H2,1-5H3/b9-6+,12-11+,16-8+,17-13+",CC(=CC=O)/C=C/C=C(C)/C=C/C1=C(C)CCCC1(C)C
D-allothreonine,"InChI=1S/C4H9NO3/c1-2(6)3(5)4(7)8/h2-3,6H,5H2,1H3,(H,7,8)/t2-,3-/m1/s1",C[C@@H](O)[C@@H](N)C(=O)O
L-<I>allo</I>-threonine,"InChI=1S/C4H9NO3/c1-2(6)3(5)4(7)8/h2-3,6H,5H2,1H3,(H,7,8)/t2-,3-/m0/s1",C[C@H](O)[C@H](N)C(=O)O
soyasapogenol B,"InChI=1S/C30H50O3/c1-25(2)16-20-19-8-9-22-27(4)12-11-23(32)28(5,18-31)21(27)10-13-30(22,7)29(19,6)15-14-26(20,3)24(33)17-25/h8,20-24,31-33H,9-18H2,1-7H3/t20?,21?,22?,23-,24+,26+,27-,28+,29+,30+/m0/s1",CC1(C)CC2C3=CCC4[C@@]5(C)CC[C@H](O)[C@](C)(CO)C5CC[C@@]4(C)[C@]3(C)CC[C@@]2(C)[C@H](O)C1
soyasapogenol E,"InChI=1S/C30H48O3/c1-25(2)16-20-19-8-9-22-27(4)12-11-23(32)28(5,18-31)21(27)10-13-30(22,7)29(19,6)15-14-26(20,3)24(33)17-25/h8,20-23,31-32H,9-18H2,1-7H3/t20-,21+,22+,23-,26+,27-,28+,29+,30+/m0/s1",CC1(C)CC(=O)[C@]2(C)CC[C@]3(C)C(=CC[C@@H]4[C@@]5(C)CC[C@H](O)[C@](C)(CO)[C@@H]5CC[C@]43C)[C@@H]2C1
<i>O</i>-acetyl-L-serine,"InChI=1S/C5H9NO4/c1-3(7)10-2-4(6)5(8)9/h4H,2,6H2,1H3,(H,8,9)/t4-/m0/s1",CC(=O)OC[C@H](N)C(=O)O
benzyl alcohol,"InChI=1S/C7H8O/c8-6-7-4-2-1-3-5-7/h1-5,8H,6H2",OCc1ccccc1
melilotate,"InChI=1S/C9H10O3/c10-8-4-2-1-3-7(8)5-6-9(11)12/h1-4,10H,5-6H2,(H,11,12)/p-1",O=C(O)CCc1ccccc1[O-]
dipalmitoyl phosphatidate,"InChI=1S/C35H69O8P/c1-3-5-7-9-11-13-15-17-19-21-23-25-27-29-34(36)41-31-33(32-42-44(38,39)40)43-35(37)30-28-26-24-22-20-18-16-14-12-10-8-6-4-2/h33H,3-32H2,1-2H3,(H2,38,39,40)/p-2/t33-/m1/s1",CCCCCCCCCCCCCCCC(=O)OC[C@H](COP(=O)([O-])[O-])OC(=O)CCCCCCCCCCCCCCC
benzene,InChI=1S/C6H6/c1-2-4-6-5-3-1/h1-6H,c1ccccc1
<i>N</i>-acetyl-&beta;-D-glucosamine,"InChI=1S/C8H15NO6/c1-3(11)9-5-7(13)6(12)4(2-10)15-8(5)14/h4-8,10,12-14H,2H2,1H3,(H,9,11)/t4-,5-,6-,7-,8-/m1/s1",CC(O)=N[C@@H]1[C@@H](O)[C@H](O)[C@@H](CO)O[C@H]1O
toluquinol,"InChI=1S/C7H8O2/c1-5-4-6(8)2-3-7(5)9/h2-4,8-9H,1H3",Cc1cc(O)ccc1O
"9H-purine-2,6,8-triol","InChI=1S/C5H4N4O3/c10-3-1-2(7-4(11)6-1)8-5(12)9-3/h(H4,6,7,8,9,10,11,12)",Oc1nc(O)c2nc(O)[nH]c2n1
cumene,"InChI=1S/C9H12/c1-8(2)9-6-4-3-5-7-9/h3-8H,1-2H3",CC(C)c1ccccc1
D-carnitine,"InChI=1S/C7H15NO3/c1-8(2,3)5-6(9)4-7(10)11/h6,9H,4-5H2,1-3H3/t6-/m0/s1",C[N+](C)(C)C[C@@H](O)CC(=O)[O-]
4-nitrobenzyl alcohol,"InChI=1S/C7H7NO3/c9-5-6-1-3-7(4-2-6)8(10)11/h1-4,9H,5H2",O=[N+]([O-])c1ccc(CO)cc1
"1,N<sup>2</sup>-ethenoguanine","InChI=1S/C7H5N5O/c13-6-4-5(10-3-9-4)11-7-8-1-2-12(6)7/h1-3H,(H,8,11)(H,9,10)",O=c1c2nc[nH]c2[nH]c2nccn12
phosphonocytosine,"InChI=1S/C3H5N2O3P/c6-3-4-1-2-9(7,8)5-3/h1-2H,(H3,4,5,6,7,8)/p-1",O=P1(O)C=CN=C([O-])N1
<i>N</i><sup>1</sup>-(1-deoxy-D-fructos-1-yl)-L-lysine,"InChI=1S/C12H24N2O7/c13-4-2-1-3-7(12(20)21)14-5-8(16)10(18)11(19)9(17)6-15/h7,9-11,14-15,17-19H,1-6,13H2,(H,20,21)/t7-,9+,10+,11+/m0/s1",NCCCC[C@H](NCC(=O)[C@@H](O)[C@H](O)[C@H](O)CO)C(=O)O
thymine glycol,"InChI=1S/C5H8N2O4/c1-5(11)2(8)6-4(10)7-3(5)9/h2,8,11H,1H3,(H2,6,7,9,10)",CC1(O)C(O)=NC(O)=NC1O
<i>N</i><sup>6</sup>-(1-deoxy-D-fructos-1-yl)-L-lysine,"InChI=1S/C12H24N2O7/c13-7(12(20)21)3-1-2-4-14-5-8(16)10(18)11(19)9(17)6-15/h7,9-11,14-15,17-19H,1-6,13H2,(H,20,21)/p+1/t7-,9+,10+,11+/m0/s1",[NH3+][C@@H](CCCCNCC(=O)[C@@H](O)[C@H](O)[C@H](O)CO)C(=O)O
"3,N<sup>4</sup>-ethenocytosine","InChI=1S/C6H5N3O/c10-6-8-2-1-5-7-3-4-9(5)6/h1-4H,(H,8,10)",Oc1nccc2nccn12
<i>N</i>-(1-deoxy-D-fructos-1-yl)-L-alanine,"InChI=1S/C9H17NO7/c1-4(9(16)17)10-2-5(12)7(14)8(15)6(13)3-11/h4,6-8,10-11,13-15H,2-3H2,1H3,(H,16,17)/t4-,6+,7+,8+/m0/s1",C[C@H](NCC(=O)[C@@H](O)[C@H](O)[C@H](O)CO)C(=O)O
7-carboxy-7-deazaguanine,"InChI=1S/C7H6N4O3/c8-7-10-4-3(5(12)11-7)2(1-9-4)6(13)14/h1H,(H,13,14)(H4,8,9,10,11,12)/p-1",N=c1nc([O-])c2c(C(=O)O)c[nH]c2[nH]1
<i>N</i>-(1-deoxy-D-fructos-1-yl)-L-leucine,"InChI=1S/C12H23NO7/c1-6(2)3-7(12(19)20)13-4-8(15)10(17)11(18)9(16)5-14/h6-7,9-11,13-14,16-18H,3-5H2,1-2H3,(H,19,20)/t7-,9+,10+,11+/m0/s1",CC(C)C[C@H](NCC(=O)[C@@H](O)[C@H](O)[C@H](O)CO)C(=O)O
"1,<i>N</i><sup>6</sup>-ethenoadenine","InChI=1S/C7H5N5/c1-2-12-4-11-6-5(7(12)8-1)9-3-10-6/h1-4H,(H,9,10)",c1cn2cnc3[nH]cnc3c2n1
<i>N</i>-(1-deoxy-D-fructos-1-yl)-L-asparagine,"InChI=1S/C10H18N2O8/c11-7(16)1-4(10(19)20)12-2-5(14)8(17)9(18)6(15)3-13/h4,6,8-9,12-13,15,17-18H,1-3H2,(H2,11,16)(H,19,20)/t4-,6+,8+,9+/m0/s1",N=C(O)C[C@H](NCC(=O)[C@@H](O)[C@H](O)[C@H](O)CO)C(=O)O
5-amino-6-(D-ribitylamino)uracil,"InChI=1S/C9H16N4O6/c10-5-7(12-9(19)13-8(5)18)11-1-3(15)6(17)4(16)2-14/h3-4,6,14-17H,1-2,10H2,(H3,11,12,13,18,19)/t3-,4+,6-/m0/s1",Nc1c(O)nc(O)nc1NC[C@H](O)[C@H](O)[C@H](O)CO
<i>N</i>-(1-deoxy-D-fructos-1-yl)-L-glutamine,"InChI=1S/C11H20N2O8/c12-8(17)2-1-5(11(20)21)13-3-6(15)9(18)10(19)7(16)4-14/h5,7,9-10,13-14,16,18-19H,1-4H2,(H2,12,17)(H,20,21)/t5-,7+,9+,10+/m0/s1",N=C(O)CC[C@H](NCC(=O)[C@@H](O)[C@H](O)[C@H](O)CO)C(=O)O
<i>N</i>-(1-deoxy-D-fructos-1-yl)-L-valine,"InChI=1S/C11H21NO7/c1-5(2)8(11(18)19)12-3-6(14)9(16)10(17)7(15)4-13/h5,7-10,12-13,15-17H,3-4H2,1-2H3,(H,18,19)/t7-,8+,9-,10-/m1/s1",CC(C)[C@H](NCC(=O)[C@@H](O)[C@H](O)[C@H](O)CO)C(=O)O
"3,4-dihydrocoumarin","InChI=1S/C9H8O2/c10-9-6-5-7-3-1-2-4-8(7)11-9/h1-4H,5-6H2",O=C1CCc2ccccc2O1
1-(5-phospho-&beta;-D-ribosyl)-ATP,"InChI=1S/C15H25N5O20P4/c16-12-7-13(18-4-19(12)14-10(23)8(21)5(37-14)1-35-41(25,26)27)20(3-17-7)15-11(24)9(22)6(38-15)2-36-43(31,32)40-44(33,34)39-42(28,29)30/h3-6,8-11,14-16,21-24H,1-2H2,(H,31,32)(H,33,34)(H2,25,26,27)(H2,28,29,30)/p-6/t5-,6-,8-,9-,10-,11-,14-,15-/m1/s1",N=c1c2ncn([C@@H]3O[C@H](COP(=O)([O-])OP(=O)([O-])OP(=O)([O-])[O-])[C@@H](O)[C@H]3O)c2ncn1[C@@H]1O[C@H](COP(=O)([O-])[O-])[C@@H](O)[C@H]1O
<i>N</i>-(1-deoxy-D-fructos-1-yl)glycine,"InChI=1S/C8H15NO7/c10-3-5(12)8(16)7(15)4(11)1-9-2-6(13)14/h5,7-10,12,15-16H,1-3H2,(H,13,14)/t5-,7-,8-/m1/s1",O=C(O)CNCC(=O)[C@@H](O)[C@H](O)[C@H](O)CO
5-hydroxyuracil,"InChI=1S/C4H4N2O3/c7-2-1-5-4(9)6-3(2)8/h1,7H,(H2,5,6,8,9)",Oc1ncc(O)c(O)n1
N<sup>6</sup>-(D-psicosyl)-L-lysine,"InChI=1S/C12H24N2O7/c13-7(12(20)21)3-1-2-4-14-5-8(16)10(18)11(19)9(17)6-15/h7,9-11,14-15,17-19H,1-6,13H2,(H,20,21)/p+1/t7-,9+,10-,11+/m0/s1",[NH3+][C@@H](CCCCNCC(=O)[C@H](O)[C@H](O)[C@H](O)CO)C(=O)O
uracil glycol,"InChI=1S/C4H6N2O4/c7-1-2(8)5-4(10)6-3(1)9/h1-2,7-8H,(H2,5,6,9,10)",OC1=NC(O)C(O)C(O)=N1
N<sup>6</sup>-(D-glucosyl)-L-lysine,"InChI=1S/C12H24N2O7/c13-6(11(18)19)3-1-2-4-14-8-10(17)9(16)7(5-15)21-12(8)20/h6-10,12,14-17,20H,1-5,13H2,(H,18,19)/p+1/t6-,7+,8+,9+,10+,12+/m0/s1",[NH3+][C@@H](CCCCN[C@@H]1[C@@H](O)[C@H](O)[C@@H](CO)O[C@H]1O)C(=O)O
1-methylguanine,"InChI=1S/C6H7N5O/c1-11-5(12)3-4(9-2-8-3)10-6(11)7/h2H,1H3,(H2,7,10)(H,8,9)",Cn1c(=N)[nH]c2[nH]cnc2c1=O
"2,4,6-trinitrotoluene","InChI=1S/C7H5N3O6/c1-4-6(9(13)14)2-5(8(11)12)3-7(4)10(15)16/h2-3H,1H3",Cc1c([N+](=O)[O-])cc([N+](=O)[O-])cc1[N+](=O)[O-]
2-amino-<i>N</i><sup>6</sup>-hydroxyadenine,"InChI=1S/C5H6N6O/c6-5-9-3-2(7-1-8-3)4(10-5)11-12/h1,12H,(H4,6,7,8,9,10,11)",N=c1nc(NO)c2nc[nH]c2[nH]1
p-toluidine,"InChI=1S/C7H9N/c1-6-2-4-7(8)5-3-6/h2-5H,8H2,1H3",Cc1ccc(N)cc1
3-ethylcytosine,"InChI=1S/C6H9N3O/c1-2-9-5(7)3-4-8-6(9)10/h3-4H,2,7H2,1H3",CCn1c(N)ccnc1=O
5-amino-6-(5-phospho-D-ribitylamino)uracil,"InChI=1S/C9H17N4O9P/c10-5-7(12-9(18)13-8(5)17)11-1-3(14)6(16)4(15)2-22-23(19,20)21/h3-4,6,14-16H,1-2,10H2,(H2,19,20,21)(H3,11,12,13,17,18)/p-2/t3-,4+,6-/m0/s1",Nc1c([O-])nc([O-])nc1NC[C@H](O)[C@H](O)[C@H](O)COP(=O)(O)O
"1,N<sup>6</sup>-ethanoadenine","InChI=1S/C7H7N5/c1-2-12-4-11-6-5(7(12)8-1)9-3-10-6/h3-4H,1-2H2,(H,9,10)",C1=Nc2[nH]cnc2C2=NCCN12
"5,6-dihydroxyuracil","InChI=1S/C4H4N2O4/c7-1-2(8)5-4(10)6-3(1)9/h7H,(H3,5,6,8,9,10)",Oc1nc(O)c(O)c(O)n1
"5,6-dihydrouracil","InChI=1S/C4H6N2O2/c7-3-1-2-5-4(8)6-3/h1-2H2,(H2,5,6,7,8)",OC1=NC(O)=NCC1
5-hydroxy-6-hydrothymine,"InChI=1S/C5H8N2O3/c1-5(10)2-6-4(9)7-3(5)8/h10H,2H2,1H3,(H2,6,7,8,9)",CC1(O)CN=C(O)N=C1O
5-methylcytosine,"InChI=1S/C5H7N3O/c1-3-2-7-5(9)8-4(3)6/h2H,1H3,(H3,6,7,8,9)",Cc1cnc(O)[nH]c1=N
<i>N</i><sup>6</sup>-Hydroxyadenine,"InChI=1S/C5H5N5O/c11-10-5-3-4(7-1-6-3)8-2-9-5/h1-2,11H,(H2,6,7,8,9,10)",ONc1ncnc2[nH]cnc12
<i>N</i><sup>3</sup>-methylthymine,"InChI=1S/C6H8N2O2/c1-4-3-7-6(10)8(2)5(4)9/h3H,1-2H3,(H,7,10)",Cc1cnc(O)n(C)c1=O
"7,8-dihydro-8-oxoguanine","InChI=1S/C5H5N5O2/c6-4-8-2-1(3(11)10-4)7-5(12)9-2/h(H5,6,7,8,9,10,11,12)",N=c1nc(O)c2nc(O)[nH]c2[nH]1
azaguanine,"InChI=1S/C4H4N6O/c5-4-6-2-1(3(11)7-4)8-10-9-2/h(H4,5,6,7,8,9,10,11)",N=c1nc(O)c2nn[nH]c2[nH]1
"5,6-dihydroxycytosine","InChI=1S/C4H5N3O3/c5-2-1(8)3(9)7-4(10)6-2/h8H,(H4,5,6,7,9,10)",Nc1nc(O)nc(O)c1O
5-hydroxycytosine,"InChI=1S/C4H5N3O2/c5-3-2(8)1-6-4(9)7-3/h1,8H,(H3,5,6,7,9)",N=c1[nH]c(O)ncc1O
4-methyl-2-oxopentanoate,"InChI=1S/C6H10O3/c1-4(2)3-5(7)6(8)9/h4H,3H2,1-2H3,(H,8,9)/p-1",CC(C)CC(=O)C(=O)[O-]
1-palmitoyl-2-myristoyl-<i>sn</i>-glycero-3-phosphocholine,"InChI=1S/C38H76NO8P/c1-6-8-10-12-14-16-18-19-21-22-24-26-28-30-37(40)44-34-36(35-46-48(42,43)45-33-32-39(3,4)5)47-38(41)31-29-27-25-23-20-17-15-13-11-9-7-2/h36H,6-35H2,1-5H3/t36-/m1/s1",CCCCCCCCCCCCCCCC(=O)OC[C@H](COP(=O)([O-])OCC[N+](C)(C)C)OC(=O)CCCCCCCCCCCCC
"(2S,3E)-2-amino-4-(2-aminoethoxy)but-3-enoate","InChI=1S/C6H12N2O3/c7-2-4-11-3-1-5(8)6(9)10/h1,3,5H,2,4,7-8H2,(H,9,10)/p+1/b3-1+/t5-/m0/s1",N[C@@H](/C=C/OCC[NH3+])C(=O)O
4-aminobutanal,"InChI=1S/C4H9NO/c5-3-1-2-4-6/h4H,1-3,5H2/p+1",[NH3+]CCCC=O
<I>myo</I>-inositol,"InChI=1S/C6H12O6/c7-1-2(8)4(10)6(12)5(11)3(1)9/h1-12H/t1-,2-,3-,4+,5-,6-",O[C@H]1[C@H](O)[C@H](O)[C@@H](O)[C@H](O)[C@H]1O
<i>N</i>-acetyl-&alpha;-D-glucosamine 6-phosphate,"InChI=1S/C8H16NO9P/c1-3(10)9-5-7(12)6(11)4(18-8(5)13)2-17-19(14,15)16/h4-8,11-13H,2H2,1H3,(H,9,10)(H2,14,15,16)/p-2/t4-,5-,6-,7-,8+/m1/s1",CC([O-])=N[C@@H]1[C@@H](O)[C@H](O)[C@@H](COP(=O)([O-])O)O[C@@H]1O
"2-<i>cis</i>,6-<i>trans</i>,10-<i>trans</i>-geranylgeranyl diphosphate","InChI=1S/C20H36O7P2/c1-17(2)9-6-10-18(3)11-7-12-19(4)13-8-14-20(5)15-16-26-29(24,25)27-28(21,22)23/h9,11,13,15H,6-8,10,12,14,16H2,1-5H3,(H,24,25)(H2,21,22,23)/p-3/b18-11+,19-13+,20-15-",CC(C)=CCC/C(C)=C\CC/C(C)=C\CC/C(C)=C/COP(=O)([O-])OP(=O)([O-])[O-]
"di-<i>trans</i>,poly-<i>cis</i>-heptaprenyl diphosphate","InChI=1S/C35H60O7P2/c1-29(2)15-9-16-30(3)17-10-18-31(4)19-11-20-32(5)21-12-22-33(6)23-13-24-34(7)25-14-26-35(8)27-28-41-44(39,40)42-43(36,37)38/h15,17,19,21,23,25,27H,9-14,16,18,20,22,24,26,28H2,1-8H3,(H,39,40)(H2,36,37,38)/p-3/b30-17+,31-19+,32-21-,33-23-,34-25-,35-27-",CC(C)=CCC/C(C)=C\CC/C(C)=C\CC/C(C)=C/CC/C(C)=C/CC/C(C)=C/CC/C(C)=C/COP(=O)([O-])OP(=O)([O-])[O-]
"di-<i>trans</i>,poly-<i>cis</i>-decaprenyl diphosphate","InChI=1S/C50H84O7P2/c1-41(2)21-12-22-42(3)23-13-24-43(4)25-14-26-44(5)27-15-28-45(6)29-16-30-46(7)31-17-32-47(8)33-18-34-48(9)35-19-36-49(10)37-20-38-50(11)39-40-56-59(54,55)57-58(51,52)53/h21,23,25,27,29,31,33,35,37,39H,12-20,22,24,26,28,30,32,34,36,38,40H2,1-11H3,(H,54,55)(H2,51,52,53)/p-3/b42-23+,43-25+,44-27-,45-29-,46-31-,47-33-,48-35-,49-37-,50-39-",CC(C)=CCC/C(C)=C\CC/C(C)=C\CC/C(C)=C/CC/C(C)=C/CC/C(C)=C/CC/C(C)=C/CC/C(C)=C/CC/C(C)=C/CC/C(C)=C/COP(=O)([O-])OP(=O)([O-])[O-]
sulfolane,InChI=1S/C4H8O2S/c5-7(6)3-1-2-4-7/h1-4H2,O=S1(=O)CCCC1
"<i>di-trans,octa-cis</i>-undecaprenyl diphosphate","InChI=1S/C55H92O7P2/c1-45(2)23-13-24-46(3)25-14-26-47(4)27-15-28-48(5)29-16-30-49(6)31-17-32-50(7)33-18-34-51(8)35-19-36-52(9)37-20-38-53(10)39-21-40-54(11)41-22-42-55(12)43-44-61-64(59,60)62-63(56,57)58/h23,25,27,29,31,33,35,37,39,41,43H,13-22,24,26,28,30,32,34,36,38,40,42,44H2,1-12H3,(H,59,60)(H2,56,57,58)/p-3/b46-25+,47-27+,48-29-,49-31-,50-33-,51-35-,52-37-,53-39-,54-41-,55-43-",CC(C)=CCC/C(C)=C\CC/C(C)=C\CC/C(C)=C/CC/C(C)=C/CC/C(C)=C/CC/C(C)=C/CC/C(C)=C/CC/C(C)=C/CC/C(C)=C/CC/C(C)=C/COP(=O)([O-])OP(=O)([O-])[O-]
"di-<i>trans</i>,poly-<i>cis</i>-hexaprenyl diphosphate","InChI=1S/C30H52O7P2/c1-25(2)13-8-14-26(3)15-9-16-27(4)17-10-18-28(5)19-11-20-29(6)21-12-22-30(7)23-24-36-39(34,35)37-38(31,32)33/h13,15,17,19,21,23H,8-12,14,16,18,20,22,24H2,1-7H3,(H,34,35)(H2,31,32,33)/p-3/b26-15+,27-17+,28-19-,29-21-,30-23-",CC(C)=CCC/C(C)=C\CC/C(C)=C\CC/C(C)=C/CC/C(C)=C/CC/C(C)=C/COP(=O)([O-])OP(=O)([O-])[O-]
"di-<i>trans</i>,poly-<i>cis</i>-nonaprenyl diphosphate","InChI=1S/C45H76O7P2/c1-37(2)19-11-20-38(3)21-12-22-39(4)23-13-24-40(5)25-14-26-41(6)27-15-28-42(7)29-16-30-43(8)31-17-32-44(9)33-18-34-45(10)35-36-51-54(49,50)52-53(46,47)48/h19,21,23,25,27,29,31,33,35H,11-18,20,22,24,26,28,30,32,34,36H2,1-10H3,(H,49,50)(H2,46,47,48)/p-3/b38-21+,39-23+,40-25-,41-27-,42-29-,43-31-,44-33-,45-35-",CC(C)=CCC/C(C)=C\CC/C(C)=C\CC/C(C)=C/CC/C(C)=C/CC/C(C)=C/CC/C(C)=C/CC/C(C)=C/CC/C(C)=C/COP(=O)([O-])OP(=O)([O-])[O-]
"di-<i>trans</i>,di-<i>cis</i>-pentaprenyl diphosphate","InChI=1S/C25H44O7P2/c1-21(2)11-7-12-22(3)13-8-14-23(4)15-9-16-24(5)17-10-18-25(6)19-20-31-34(29,30)32-33(26,27)28/h11,13,15,17,19H,7-10,12,14,16,18,20H2,1-6H3,(H,29,30)(H2,26,27,28)/p-3/b22-13+,23-15+,24-17-,25-19-",CC(C)=CCC/C(C)=C\CC/C(C)=C\CC/C(C)=C/CC/C(C)=C/COP(=O)([O-])OP(=O)([O-])[O-]
"di-<i>trans</i>,poly-<i>cis</i>-octaprenyl diphosphate","InChI=1S/C40H68O7P2/c1-33(2)17-10-18-34(3)19-11-20-35(4)21-12-22-36(5)23-13-24-37(6)25-14-26-38(7)27-15-28-39(8)29-16-30-40(9)31-32-46-49(44,45)47-48(41,42)43/h17,19,21,23,25,27,29,31H,10-16,18,20,22,24,26,28,30,32H2,1-9H3,(H,44,45)(H2,41,42,43)/p-3/b34-19+,35-21+,36-23-,37-25-,38-27-,39-29-,40-31-",CC(C)=CCC/C(C)=C\CC/C(C)=C\CC/C(C)=C/CC/C(C)=C/CC/C(C)=C/CC/C(C)=C/CC/C(C)=C/COP(=O)([O-])OP(=O)([O-])[O-]
C52-&alpha;-meroacyl-adenylate,"InChI=1S/C62H112N5O8P/c1-2-3-4-5-6-7-8-9-10-12-15-18-21-26-31-36-41-51-46-53(51)43-38-33-28-24-25-29-34-39-44-54-47-52(54)42-37-32-27-22-19-16-13-11-14-17-20-23-30-35-40-45-56(68)75-76(71,72)73-48-55-58(69)59(70)62(74-55)67-50-66-57-60(63)64-49-65-61(57)67/h49-55,58-59,62,69-70H,2-48H2,1H3,(H,71,72)(H2,63,64,65)/p-1/t51?,52?,53?,54?,55-,58-,59-,62-/m1/s1",CCCCCCCCCCCCCCCCCCC1CC1CCCCCCCCCCC1CC1CCCCCCCCCCCCCCCCCC(=O)OP(=O)([O-])OC[C@H]1O[C@@H](n2cnc3c(N)ncnc32)[C@H](O)[C@@H]1O
6-aminohexanoate,"InChI=1S/C6H13NO2/c7-5-3-1-2-4-6(8)9/h1-5,7H2,(H,8,9)",NCCCCCC(=O)O
5-aminopentanoate,"InChI=1S/C5H11NO2/c6-4-2-1-3-5(7)8/h1-4,6H2,(H,7,8)",NCCCCC(=O)O
O-methylserine,"InChI=1S/C4H9NO3/c1-8-2-3(5)4(6)7/h3H,2,5H2,1H3,(H,6,7)",COCC(N)C(=O)O
(R)-&beta;-lysine,"InChI=1S/C6H14N2O2/c7-3-1-2-5(8)4-6(9)10/h5H,1-4,7-8H2,(H,9,10)/p+1/t5-/m1/s1",N[C@H](CCC[NH3+])CC(=O)O
"(2,3-dihydroxybenzoyl)adenylate","InChI=1S/C17H18N5O10P/c18-14-10-15(20-5-19-14)22(6-21-10)16-13(26)12(25)9(31-16)4-30-33(28,29)32-17(27)7-2-1-3-8(23)11(7)24/h1-3,5-6,9,12-13,16,23-26H,4H2,(H,28,29)(H2,18,19,20)/p-1/t9-,12-,13-,16-/m1/s1",Nc1ncnc2c1ncn2[C@@H]1O[C@H](COP(=O)(O)OC(=O)c2cccc([O-])c2O)[C@@H](O)[C@H]1O
biotinyl-5'-adenylate,"InChI=1S/C20H28N7O9PS/c21-17-14-18(23-7-22-17)27(8-24-14)19-16(30)15(29)10(35-19)5-34-37(32,33)36-12(28)4-2-1-3-11-13-9(6-38-11)25-20(31)26-13/h7-11,13,15-16,19,29-30H,1-6H2,(H,32,33)(H2,21,22,23)(H2,25,26,31)/p-1/t9-,10+,11-,13-,15+,16+,19+/m0/s1",Nc1ncnc2c1ncn2[C@@H]1O[C@H](COP(=O)(O)OC(=O)CCCC[C@@H]2SC[C@@H]3N=C([O-])N[C@@H]32)[C@@H](O)[C@H]1O
[(<i>R</i>)-lipoyl]adenylate,"InChI=1S/C18H26N5O8PS2/c19-16-13-17(21-8-20-16)23(9-22-13)18-15(26)14(25)11(30-18)7-29-32(27,28)31-12(24)4-2-1-3-10-5-6-33-34-10/h8-11,14-15,18,25-26H,1-7H2,(H,27,28)(H2,19,20,21)/p-1/t10-,11-,14-,15-,18-/m1/s1",Nc1ncnc2c1ncn2[C@@H]1O[C@H](COP(=O)([O-])OC(=O)CCCC[C@@H]2CCSS2)[C@@H](O)[C@H]1O
(<i>O</i>-carbamoyl)adenylate,"InChI=1S/C11H15N6O8P/c12-8-5-9(15-2-14-8)17(3-16-5)10-7(19)6(18)4(24-10)1-23-26(21,22)25-11(13)20/h2-4,6-7,10,18-19H,1H2,(H2,13,20)(H,21,22)(H2,12,14,15)/p-1/t4-,6-,7-,10-/m1/s1",N=C([O-])OP(=O)(O)OC[C@H]1O[C@@H](n2cnc3c(N)ncnc32)[C@H](O)[C@@H]1O
(L-threonylcarbamoyl)adenylate,"InChI=1S/C15H21N6O11P/c1-5(22)7(14(25)26)20-15(27)32-33(28,29)30-2-6-9(23)10(24)13(31-6)21-4-19-8-11(16)17-3-18-12(8)21/h3-7,9-10,13,22-24H,2H2,1H3,(H,20,27)(H,25,26)(H,28,29)(H2,16,17,18)/p-2/t5-,6-,7+,9-,10-,13-/m1/s1",C[C@@H](O)[C@H](N=C([O-])OP(=O)(O)OC[C@H]1O[C@@H](n2cnc3c(N)ncnc32)[C@H](O)[C@@H]1O)C(=O)[O-]
"2,3-dihydroxybenzohydroxamoyl adenylate","InChI=1S/C17H19N6O10P/c18-14-10-15(20-5-19-14)23(6-21-10)17-13(27)12(26)9(32-17)4-31-34(29,30)33-22-16(28)7-2-1-3-8(24)11(7)25/h1-3,5-6,9,12-13,17,24-27H,4H2,(H,22,28)(H,29,30)(H2,18,19,20)/p-1/t9-,12-,13-,17-/m1/s1",Nc1ncnc2c1ncn2[C@@H]1O[C@H](COP(=O)(O)ON=C(O)c2cccc([O-])c2O)[C@@H](O)[C@H]1O
2-cyano-4-nitrophenol,"InChI=1S/C7H4N2O3/c8-4-5-3-6(9(11)12)1-2-7(5)10/h1-3,10H",N#Cc1cc([N+](=O)[O-])ccc1O
carbonylcyanide <i>m</i>-chlorophenylhydrazone,"InChI=1S/C9H5ClN4/c10-7-2-1-3-8(4-7)13-14-9(5-11)6-12/h1-4,13H",N#CC(C#N)=NNc1cccc(Cl)c1
chlorothalonil,InChI=1S/C8Cl4N2/c9-5-3(1-13)6(10)8(12)7(11)4(5)2-14,N#Cc1c(Cl)c(Cl)c(Cl)c(C#N)c1Cl
de(cyclohexane-1-carbonyl-D-alanyl)-thiazinotrienomycin E,"InChI=1S/C28H36N2O5S/c1-18-10-9-11-20-14-21(15-23-28(20)36-17-26(33)30-23)29-25(32)16-22(35-3)12-7-5-4-6-8-13-24(31)19(2)27(18)34/h4-8,10,12,14-15,19,22,24,27,31,34H,9,11,13,16-17H2,1-3H3,(H,29,32)(H,30,33)/b5-4+,8-6+,12-7+,18-10-/t19-,22-,24-,27-/m0/s1",CO[C@H]1/C=C/C=C/C=C/C[C@H](O)[C@H](C)[C@@H](O)/C(C)=C/CCc2cc(cc3c2SCC(O)=N3)N=C(O)C1
de(cyclohexane-1-carbonyl)-thiazinotrienomycin E,"InChI=1S/C31H41N3O6S/c1-19-11-10-12-22-15-23(16-25-30(22)41-18-28(36)34-25)33-27(35)17-24(39-4)13-8-6-5-7-9-14-26(20(2)29(19)37)40-31(38)21(3)32/h5-9,11,13,15-16,20-21,24,26,29,37H,10,12,14,17-18,32H2,1-4H3,(H,33,35)(H,34,36)/p+1/b6-5+,9-7+,13-8+,19-11-/t20-,21+,24-,26-,29-/m0/s1",CO[C@H]1/C=C/C=C/C=C/C[C@H](OC(=O)[C@@H](C)[NH3+])[C@H](C)[C@@H](O)/C(C)=C/CCc2cc(cc3c2SCC(O)=N3)N=C(O)C1
"(2S, 3S)-3-methylaspartate","InChI=1S/C5H9NO4/c1-2(4(7)8)3(6)5(9)10/h2-3H,6H2,1H3,(H,7,8)(H,9,10)/p-1/t2-,3-/m0/s1",C[C@H](C(=O)[O-])[C@H](N)C(=O)O
5-methyl-DL-tryptophan,"InChI=1S/C12H14N2O2/c1-7-2-3-11-9(4-7)8(6-14-11)5-10(13)12(15)16/h2-4,6,10,14H,5,13H2,1H3,(H,15,16)",Cc1ccc2[nH]cc(CC(N)C(=O)O)c2c1
7-methyl-L-tryptophan,"InChI=1S/C12H14N2O2/c1-7-3-2-4-9-8(6-14-11(7)9)5-10(13)12(15)16/h2-4,6,10,14H,5,13H2,1H3,(H,15,16)/t10-/m0/s1",Cc1cccc2c(C[C@H](N)C(=O)O)c[nH]c12
2-methylaspartate,"InChI=1S/C5H9NO4/c1-5(6,4(9)10)2-3(7)8/h2,6H2,1H3,(H,7,8)(H,9,10)/p-1",CC(N)(CC(=O)[O-])C(=O)O
<I>N</I>-methyl-L-tryptophan,"InChI=1S/C12H14N2O2/c1-13-11(12(15)16)6-8-7-14-10-5-3-2-4-9(8)10/h2-5,7,11,13-14H,6H2,1H3,(H,15,16)/t11-/m0/s1",CN[C@@H](Cc1c[nH]c2ccccc12)C(=O)O
<i>N</i>-methyl-L-alanine,"InChI=1S/C4H9NO2/c1-3(5-2)4(6)7/h3,5H,1-2H3,(H,6,7)/t3-/m0/s1",CN[C@@H](C)C(=O)O
<i>N</i>-methyl-L-glutamate,"InChI=1S/C6H11NO4/c1-7-4(6(10)11)2-3-5(8)9/h4,7H,2-3H2,1H3,(H,8,9)(H,10,11)/p-1/t4-/m0/s1",CN[C@@H](CCC(=O)[O-])C(=O)O
<i>N</i><sup>5</sup>-methyl-L-glutamine,"InChI=1S/C6H12N2O3/c1-8-5(9)3-2-4(7)6(10)11/h4H,2-3,7H2,1H3,(H,8,9)(H,10,11)/t4-/m0/s1",CN=C(O)CC[C@H](N)C(=O)O
"<i>N,N</i>-dimethylglycine","InChI=1S/C4H9NO2/c1-5(2)3-4(6)7/h3H2,1-2H3,(H,6,7)",CN(C)CC(=O)O
sarcosine,"InChI=1S/C3H7NO2/c1-4-2-3(5)6/h4H,2H2,1H3,(H,5,6)",CNCC(=O)O
<i>S</i>-methyl-D-cysteine,"InChI=1S/C4H9NO2S/c1-8-2-3(5)4(6)7/h3H,2,5H2,1H3,(H,6,7)/t3-/m1/s1",CSC[C@@H](N)C(=O)O
<i>S</i>-methyl-L-cysteine,"InChI=1S/C4H9NO2S/c1-8-2-3(5)4(6)7/h3H,2,5H2,1H3,(H,6,7)/t3-/m0/s1",CSC[C@H](N)C(=O)O
3-aminopiperidine-2-one,"InChI=1S/C5H10N2O/c6-4-2-1-3-7-5(4)8/h4H,1-3,6H2,(H,7,8)/p+1",[NH3+]C1CCCN=C1O
(D-tyrosyl)adenylate,"InChI=1S/C19H23N6O9P/c20-11(5-9-1-3-10(26)4-2-9)19(29)34-35(30,31)32-6-12-14(27)15(28)18(33-12)25-8-24-13-16(21)22-7-23-17(13)25/h1-4,7-8,11-12,14-15,18,26-28H,5-6,20H2,(H,30,31)(H2,21,22,23)/t11-,12-,14-,15-,18-/m1/s1",Nc1ncnc2c1ncn2[C@@H]1O[C@H](COP(=O)(O)OC(=O)[C@H](N)Cc2ccc(O)cc2)[C@@H](O)[C@H]1O
(D-aspartyl)adenylate,"InChI=1S/C14H19N6O10P/c15-5(1-7(21)22)14(25)30-31(26,27)28-2-6-9(23)10(24)13(29-6)20-4-19-8-11(16)17-3-18-12(8)20/h3-6,9-10,13,23-24H,1-2,15H2,(H,21,22)(H,26,27)(H2,16,17,18)/p-1/t5-,6-,9-,10-,13-/m1/s1",Nc1ncnc2c1ncn2[C@@H]1O[C@H](COP(=O)(O)OC(=O)[C@H](N)CC(=O)[O-])[C@@H](O)[C@H]1O
(D-tryptophanyl)adenylate,"InChI=1S/C21H24N7O8P/c22-12(5-10-6-24-13-4-2-1-3-11(10)13)21(31)36-37(32,33)34-7-14-16(29)17(30)20(35-14)28-9-27-15-18(23)25-8-26-19(15)28/h1-4,6,8-9,12,14,16-17,20,24,29-30H,5,7,22H2,(H,32,33)(H2,23,25,26)/t12-,14-,16-,17-,20-/m1/s1",Nc1ncnc2c1ncn2[C@@H]1O[C@H](COP(=O)(O)OC(=O)[C@H](N)Cc2c[nH]c3ccccc23)[C@@H](O)[C@H]1O
N-(phosphonacetyl)-L-aspartate,"InChI=1S/C6H10NO8P/c8-4(2-16(13,14)15)7-3(6(11)12)1-5(9)10/h3H,1-2H2,(H,7,8)(H,9,10)(H,11,12)(H2,13,14,15)/p-3/t3-/m0/s1",O=C([O-])C[C@H](N=C([O-])CP(=O)(O)O)C(=O)[O-]
<i>N</i>-formyl-L-methionine,"InChI=1S/C6H11NO3S/c1-11-3-2-5(6(9)10)7-4-8/h4-5H,2-3H2,1H3,(H,7,8)(H,9,10)/p-1/t5-/m0/s1",CSCC[C@H](N=C[O-])C(=O)O
D-<i>threo</i>-isocitrate,"InChI=1S/C6H8O7/c7-3(8)1-2(5(10)11)4(9)6(12)13/h2,4,9H,1H2,(H,7,8)(H,10,11)(H,12,13)/p-3/t2-,4+/m0/s1",O=C([O-])C[C@H](C(=O)[O-])[C@@H](O)C(=O)[O-]
4-hydroxy-3-octaprenylbenzoate,"InChI=1S/C47H70O3/c1-36(2)17-10-18-37(3)19-11-20-38(4)21-12-22-39(5)23-13-24-40(6)25-14-26-41(7)27-15-28-42(8)29-16-30-43(9)31-32-44-35-45(47(49)50)33-34-46(44)48/h17,19,21,23,25,27,29,31,33-35,48H,10-16,18,20,22,24,26,28,30,32H2,1-9H3,(H,49,50)/p-1/b37-19+,38-21+,39-23+,40-25+,41-27+,42-29+,43-31+",CC(C)=CCC/C(C)=C\CC/C(C)=C\CC/C(C)=C\CC/C(C)=C\CC/C(C)=C\CC/C(C)=C\CC/C(C)=C\Cc1cc(C(=O)O)ccc1[O-]
(L-tryrosyl)adenylate,"InChI=1S/C19H23N6O9P/c20-11(5-9-1-3-10(26)4-2-9)19(29)34-35(30,31)32-6-12-14(27)15(28)18(33-12)25-8-24-13-16(21)22-7-23-17(13)25/h1-4,7-8,11-12,14-15,18,26-28H,5-6,20H2,(H,30,31)(H2,21,22,23)/t11-,12+,14+,15+,18+/m0/s1",Nc1ncnc2c1ncn2[C@@H]1O[C@H](COP(=O)(O)OC(=O)[C@@H](N)Cc2ccc(O)cc2)[C@@H](O)[C@H]1O
(L-seryl)adenylate,"InChI=1S/C13H19N6O9P/c14-5(1-20)13(23)28-29(24,25)26-2-6-8(21)9(22)12(27-6)19-4-18-7-10(15)16-3-17-11(7)19/h3-6,8-9,12,20-22H,1-2,14H2,(H,24,25)(H2,15,16,17)/t5-,6+,8+,9+,12+/m0/s1",Nc1ncnc2c1ncn2[C@@H]1O[C@H](COP(=O)(O)OC(=O)[C@@H](N)CO)[C@@H](O)[C@H]1O
(L-asparaginyl)adenylate,"InChI=1S/C14H20N7O9P/c15-5(1-7(16)22)14(25)30-31(26,27)28-2-6-9(23)10(24)13(29-6)21-4-20-8-11(17)18-3-19-12(8)21/h3-6,9-10,13,23-24H,1-2,15H2,(H2,16,22)(H,26,27)(H2,17,18,19)/t5-,6+,9+,10+,13+/m0/s1",N=C(O)C[C@H](N)C(=O)OP(=O)(O)OC[C@H]1O[C@@H](n2cnc3c(N)ncnc32)[C@H](O)[C@@H]1O
(L-norvalyl)adenylate,"InChI=1S/C15H23N6O8P/c1-2-3-7(16)15(24)29-30(25,26)27-4-8-10(22)11(23)14(28-8)21-6-20-9-12(17)18-5-19-13(9)21/h5-8,10-11,14,22-23H,2-4,16H2,1H3,(H,25,26)(H2,17,18,19)/t7-,8+,10+,11+,14+/m0/s1",CCC[C@H](N)C(=O)OP(=O)(O)OC[C@H]1O[C@@H](n2cnc3c(N)ncnc32)[C@H](O)[C@@H]1O
(L-prolyl)adenylate,"InChI=1S/C15H21N6O8P/c16-12-9-13(19-5-18-12)21(6-20-9)14-11(23)10(22)8(28-14)4-27-30(25,26)29-15(24)7-2-1-3-17-7/h5-8,10-11,14,17,22-23H,1-4H2,(H,25,26)(H2,16,18,19)/t7-,8+,10+,11+,14+/m0/s1",Nc1ncnc2c1ncn2[C@@H]1O[C@H](COP(=O)(O)OC(=O)[C@@H]2CCCN2)[C@@H](O)[C@H]1O
(L-ornithyl)adenylate,"InChI=1S/C15H24N7O8P/c16-3-1-2-7(17)15(25)30-31(26,27)28-4-8-10(23)11(24)14(29-8)22-6-21-9-12(18)19-5-20-13(9)22/h5-8,10-11,14,23-24H,1-4,16-17H2,(H,26,27)(H2,18,19,20)/p+1/t7-,8+,10+,11+,14+/m0/s1",Nc1ncnc2c1ncn2[C@@H]1O[C@H](COP(=O)(O)OC(=O)[C@@H](N)CCC[NH3+])[C@@H](O)[C@H]1O
(L-cysteinyl)adenylate,"InChI=1S/C13H19N6O8PS/c14-5(2-29)13(22)27-28(23,24)25-1-6-8(20)9(21)12(26-6)19-4-18-7-10(15)16-3-17-11(7)19/h3-6,8-9,12,20-21,29H,1-2,14H2,(H,23,24)(H2,15,16,17)/t5-,6+,8+,9+,12+/m0/s1",Nc1ncnc2c1ncn2[C@@H]1O[C@H](COP(=O)(O)OC(=O)[C@@H](N)CS)[C@@H](O)[C@H]1O
(L-methionyl)adenylate,"InChI=1S/C15H23N6O8PS/c1-31-3-2-7(16)15(24)29-30(25,26)27-4-8-10(22)11(23)14(28-8)21-6-20-9-12(17)18-5-19-13(9)21/h5-8,10-11,14,22-23H,2-4,16H2,1H3,(H,25,26)(H2,17,18,19)/t7-,8+,10+,11+,14+/m0/s1",CSCC[C@H](N)C(=O)OP(=O)(O)OC[C@H]1O[C@@H](n2cnc3c(N)ncnc32)[C@H](O)[C@@H]1O
(L-histidyl)adenylate,"InChI=1S/C16H21N8O8P/c17-8(1-7-2-19-4-20-7)16(27)32-33(28,29)30-3-9-11(25)12(26)15(31-9)24-6-23-10-13(18)21-5-22-14(10)24/h2,4-6,8-9,11-12,15,25-26H,1,3,17H2,(H,19,20)(H,28,29)(H2,18,21,22)/t8-,9+,11+,12+,15+/m0/s1",Nc1ncnc2c1ncn2[C@@H]1O[C@H](COP(=O)(O)OC(=O)[C@@H](N)Cc2cnc[nH]2)[C@@H](O)[C@H]1O
(L-lysyl)adenylate,"InChI=1S/C16H26N7O8P/c17-4-2-1-3-8(18)16(26)31-32(27,28)29-5-9-11(24)12(25)15(30-9)23-7-22-10-13(19)20-6-21-14(10)23/h6-9,11-12,15,24-25H,1-5,17-18H2,(H,27,28)(H2,19,20,21)/p+1/t8-,9+,11+,12+,15+/m0/s1",Nc1ncnc2c1ncn2[C@@H]1O[C@H](COP(=O)(O)OC(=O)[C@@H](N)CCCC[NH3+])[C@@H](O)[C@H]1O
(L-threonyl)adenylate,"InChI=1S/C14H21N6O9P/c1-5(21)7(15)14(24)29-30(25,26)27-2-6-9(22)10(23)13(28-6)20-4-19-8-11(16)17-3-18-12(8)20/h3-7,9-10,13,21-23H,2,15H2,1H3,(H,25,26)(H2,16,17,18)/t5-,6-,7+,9-,10-,13-/m1/s1",C[C@@H](O)[C@H](N)C(=O)OP(=O)(O)OC[C@H]1O[C@@H](n2cnc3c(N)ncnc32)[C@H](O)[C@@H]1O
(L-tryptophanyl)adenylate,"InChI=1S/C21H24N7O8P/c22-12(5-10-6-24-13-4-2-1-3-11(10)13)21(31)36-37(32,33)34-7-14-16(29)17(30)20(35-14)28-9-27-15-18(23)25-8-26-19(15)28/h1-4,6,8-9,12,14,16-17,20,24,29-30H,5,7,22H2,(H,32,33)(H2,23,25,26)/t12-,14+,16+,17+,20+/m0/s1",Nc1ncnc2c1ncn2[C@@H]1O[C@H](COP(=O)(O)OC(=O)[C@@H](N)Cc2c[nH]c3ccccc23)[C@@H](O)[C@H]1O
(L-homocysteinyl)adenylate,"InChI=1S/C14H21N6O8PS/c15-6(1-2-30)14(23)28-29(24,25)26-3-7-9(21)10(22)13(27-7)20-5-19-8-11(16)17-4-18-12(8)20/h4-7,9-10,13,21-22,30H,1-3,15H2,(H,24,25)(H2,16,17,18)/t6-,7+,9+,10+,13+/m0/s1",Nc1ncnc2c1ncn2[C@@H]1O[C@H](COP(=O)(O)OC(=O)[C@@H](N)CCS)[C@@H](O)[C@H]1O
(L-alanyl)adenylate,"InChI=1S/C13H19N6O8P/c1-5(14)13(22)27-28(23,24)25-2-6-8(20)9(21)12(26-6)19-4-18-7-10(15)16-3-17-11(7)19/h3-6,8-9,12,20-21H,2,14H2,1H3,(H,23,24)(H2,15,16,17)/t5-,6+,8+,9+,12+/m0/s1",C[C@H](N)C(=O)OP(=O)(O)OC[C@H]1O[C@@H](n2cnc3c(N)ncnc32)[C@H](O)[C@@H]1O
(L-isoleucyl)adenylate,"InChI=1S/C16H25N6O8P/c1-3-7(2)9(17)16(25)30-31(26,27)28-4-8-11(23)12(24)15(29-8)22-6-21-10-13(18)19-5-20-14(10)22/h5-9,11-12,15,23-24H,3-4,17H2,1-2H3,(H,26,27)(H2,18,19,20)/t7-,8+,9-,11+,12+,15+/m0/s1",CC[C@H](C)[C@H](N)C(=O)OP(=O)(O)OC[C@H]1O[C@@H](n2cnc3c(N)ncnc32)[C@H](O)[C@@H]1O
(L-leucyl)adenylate,"InChI=1S/C16H25N6O8P/c1-7(2)3-8(17)16(25)30-31(26,27)28-4-9-11(23)12(24)15(29-9)22-6-21-10-13(18)19-5-20-14(10)22/h5-9,11-12,15,23-24H,3-4,17H2,1-2H3,(H,26,27)(H2,18,19,20)/t8-,9+,11+,12+,15+/m0/s1",CC(C)C[C@H](N)C(=O)OP(=O)(O)OC[C@H]1O[C@@H](n2cnc3c(N)ncnc32)[C@H](O)[C@@H]1O
(L-valyl)adenylate,"InChI=1S/C15H23N6O8P/c1-6(2)8(16)15(24)29-30(25,26)27-3-7-10(22)11(23)14(28-7)21-5-20-9-12(17)18-4-19-13(9)21/h4-8,10-11,14,22-23H,3,16H2,1-2H3,(H,25,26)(H2,17,18,19)/t7-,8+,10-,11-,14-/m1/s1",CC(C)[C@H](N)C(=O)OP(=O)(O)OC[C@H]1O[C@@H](n2cnc3c(N)ncnc32)[C@H](O)[C@@H]1O
(L-aspartyl)adenylate,"InChI=1S/C14H19N6O10P/c15-5(1-7(21)22)14(25)30-31(26,27)28-2-6-9(23)10(24)13(29-6)20-4-19-8-11(16)17-3-18-12(8)20/h3-6,9-10,13,23-24H,1-2,15H2,(H,21,22)(H,26,27)(H2,16,17,18)/p-1/t5-,6+,9+,10+,13+/m0/s1",Nc1ncnc2c1ncn2[C@@H]1O[C@H](COP(=O)(O)OC(=O)[C@@H](N)CC(=O)[O-])[C@@H](O)[C@H]1O
(L-arginyl)adenylate,"InChI=1S/C16H26N9O8P/c17-7(2-1-3-21-16(19)20)15(28)33-34(29,30)31-4-8-10(26)11(27)14(32-8)25-6-24-9-12(18)22-5-23-13(9)25/h5-8,10-11,14,26-27H,1-4,17H2,(H,29,30)(H2,18,22,23)(H4,19,20,21)/p+1/t7-,8+,10+,11+,14+/m0/s1",N=C(N)NCCC[C@H]([NH3+])C(=O)OP(=O)(O)OC[C@H]1O[C@@H](n2cnc3c(N)ncnc32)[C@H](O)[C@@H]1O
(L-homoseryl)adenylate,"InChI=1S/C14H21N6O9P/c15-6(1-2-21)14(24)29-30(25,26)27-3-7-9(22)10(23)13(28-7)20-5-19-8-11(16)17-4-18-12(8)20/h4-7,9-10,13,21-23H,1-3,15H2,(H,25,26)(H2,16,17,18)/t6-,7+,9+,10+,13+/m0/s1",Nc1ncnc2c1ncn2[C@@H]1O[C@H](COP(=O)(O)OC(=O)[C@@H](N)CCO)[C@@H](O)[C@H]1O
(L-glutamyl)adenylate,"InChI=1S/C15H21N6O10P/c16-6(1-2-8(22)23)15(26)31-32(27,28)29-3-7-10(24)11(25)14(30-7)21-5-20-9-12(17)18-4-19-13(9)21/h4-7,10-11,14,24-25H,1-3,16H2,(H,22,23)(H,27,28)(H2,17,18,19)/p-1/t6-,7+,10+,11+,14+/m0/s1",Nc1ncnc2c1ncn2[C@@H]1O[C@H](COP(=O)(O)OC(=O)[C@@H](N)CCC(=O)[O-])[C@@H](O)[C@H]1O
(L-glutaminyl)adenylate,"InChI=1S/C15H22N7O9P/c16-6(1-2-8(17)23)15(26)31-32(27,28)29-3-7-10(24)11(25)14(30-7)22-5-21-9-12(18)19-4-20-13(9)22/h4-7,10-11,14,24-25H,1-3,16H2,(H2,17,23)(H,27,28)(H2,18,19,20)/t6-,7+,10+,11+,14+/m0/s1",N=C(O)CC[C@H](N)C(=O)OP(=O)(O)OC[C@H]1O[C@@H](n2cnc3c(N)ncnc32)[C@H](O)[C@@H]1O
(L-phenylalanyl)adenylate,"InChI=1S/C19H23N6O8P/c20-11(6-10-4-2-1-3-5-10)19(28)33-34(29,30)31-7-12-14(26)15(27)18(32-12)25-9-24-13-16(21)22-8-23-17(13)25/h1-5,8-9,11-12,14-15,18,26-27H,6-7,20H2,(H,29,30)(H2,21,22,23)/t11-,12+,14+,15+,18+/m0/s1",Nc1ncnc2c1ncn2[C@@H]1O[C@H](COP(=O)(O)OC(=O)[C@@H](N)Cc2ccccc2)[C@@H](O)[C@H]1O
<i>N</i>-carbamoyl-L-aspartate,"InChI=1S/C5H8N2O5/c6-5(12)7-2(4(10)11)1-3(8)9/h2H,1H2,(H,8,9)(H,10,11)(H3,6,7,12)/p-2/t2-/m0/s1",N=C(O)N[C@@H](CC(=O)[O-])C(=O)[O-]
2-hydroxy-2-methylpropanenitrile,"InChI=1S/C4H7NO/c1-4(2,6)3-5/h6H,1-2H3",CC(C)(O)C#N
hydrogen cyanide,InChI=1S/CHN/c1-2/h1H,C#N
stearate,"InChI=1S/C18H36O2/c1-2-3-4-5-6-7-8-9-10-11-12-13-14-15-16-17-18(19)20/h2-17H2,1H3,(H,19,20)/p-1",CCCCCCCCCCCCCCCCCC(=O)[O-]
ferrocyanide,InChI=1S/6CN.Fe/c6*1-2;/q;;;;;;-4,[C]#N.[C]#N.[C]#N.[C]#N.[C]#N.[C]#N.[Fe-4]
laurate,"InChI=1S/C12H24O2/c1-2-3-4-5-6-7-8-9-10-11-12(13)14/h2-11H2,1H3,(H,13,14)/p-1",CCCCCCCCCCCC(=O)[O-]
preQ<sub>0</sub>,"InChI=1S/C7H5N5O/c8-1-3-2-10-5-4(3)6(13)12-7(9)11-5/h2H,(H4,9,10,11,12,13)",N#Cc1c[nH]c2[nH]c(=N)nc(O)c12
tridecanoate,"InChI=1S/C13H26O2/c1-2-3-4-5-6-7-8-9-10-11-12-13(14)15/h2-12H2,1H3,(H,14,15)/p-1",CCCCCCCCCCCCC(=O)[O-]
3-nitrilo-L-alanine,"InChI=1S/C3H4N2O2/c4-1-2(5)3(6)7/h2H,5H2,(H,6,7)/p-1/t2-/m0/s1",N#C[C@H](N)C(=O)[O-]
hexanoate,"InChI=1S/C6H12O2/c1-2-3-4-5-6(7)8/h2-5H2,1H3,(H,7,8)/p-1",CCCCCC(=O)[O-]
(R)-amygdalin,"InChI=1S/C20H27NO11/c21-6-10(9-4-2-1-3-5-9)30-20-18(28)16(26)14(24)12(32-20)8-29-19-17(27)15(25)13(23)11(7-22)31-19/h1-5,10-20,22-28H,7-8H2/t10-,11+,12+,13+,14+,15-,16-,17+,18+,19+,20+/m0/s1",N#C[C@H](O[C@@H]1O[C@H](CO[C@@H]2O[C@H](CO)[C@@H](O)[C@H](O)[C@H]2O)[C@@H](O)[C@H](O)[C@H]1O)c1ccccc1
decanoate,"InChI=1S/C10H20O2/c1-2-3-4-5-6-7-8-9-10(11)12/h2-9H2,1H3,(H,11,12)/p-1",CCCCCCCCCC(=O)[O-]
cyanoborohydride,InChI=1S/CH3BN/c2-1-3/h2H3/q-1,B=C=[N-]
butanoate,"InChI=1S/C4H8O2/c1-2-3-4(5)6/h2-3H2,1H3,(H,5,6)/p-1",CCCC(=O)[O-]
palmitate,"InChI=1S/C16H32O2/c1-2-3-4-5-6-7-8-9-10-11-12-13-14-15-16(17)18/h2-15H2,1H3,(H,17,18)/p-1",CCCCCCCCCCCCCCCC(=O)[O-]
tetradecanoate,"InChI=1S/C14H28O2/c1-2-3-4-5-6-7-8-9-10-11-12-13-14(15)16/h2-13H2,1H3,(H,15,16)/p-1",CCCCCCCCCCCCCC(=O)[O-]
octanoate,"InChI=1S/C8H16O2/c1-2-3-4-5-6-7-8(9)10/h2-7H2,1H3,(H,9,10)/p-1",CCCCCCCC(=O)[O-]
cefepime,"InChI=1S/C19H24N6O5S2/c1-25(5-3-4-6-25)7-10-8-31-17-13(16(27)24(17)14(10)18(28)29)22-15(26)12(23-30-2)11-9-32-19(20)21-11/h9,13,17H,3-8H2,1-2H3,(H3-,20,21,22,26,28,29)/b23-12-/t13-,17-/m1/s1",CO/N=C(/C(O)=N[C@@H]1C(=O)N2C(C(=O)[O-])=C(C[N+]3(C)CCCC3)CS[C@H]12)c1csc(=N)[nH]1
cephalosporin C,"InChI=1S/C16H21N3O8S/c1-7(20)27-5-8-6-28-14-11(13(22)19(14)12(8)16(25)26)18-10(21)4-2-3-9(17)15(23)24/h9,11,14H,2-6,17H2,1H3,(H,18,21)(H,23,24)(H,25,26)/p-1/t9-,11-,14-/m1/s1",CC(=O)OCC1=C(C(=O)O)N2C(=O)[C@@H](N=C([O-])CCC[C@@H](N)C(=O)O)[C@H]2SC1
cephapirin,"InChI=1S/C17H17N3O6S2/c1-9(21)26-6-10-7-28-16-13(15(23)20(16)14(10)17(24)25)19-12(22)8-27-11-2-4-18-5-3-11/h2-5,13,16H,6-8H2,1H3,(H,19,22)(H,24,25)/p-1/t13-,16-/m1/s1",CC(=O)OCC1=C(C(=O)O)N2C(=O)[C@@H](N=C([O-])CSc3ccncc3)[C@H]2SC1
cephalosporin 87/312,"InChI=1S/C21H16N4O8S2/c26-16(9-14-2-1-7-34-14)22-17-19(27)23-18(21(28)29)12(10-35-20(17)23)4-3-11-5-6-13(24(30)31)8-15(11)25(32)33/h1-8,17,20H,9-10H2,(H,22,26)(H,28,29)/p-1/b4-3+",O=C(O)C1=C(/C=C/c2ccc([N+](=O)[O-])cc2[N+](=O)[O-])CSC2C(N=C([O-])Cc3cccs3)C(=O)N12
cefaclor,"InChI=1S/C15H14ClN3O4S/c16-8-6-24-14-10(13(21)19(14)11(8)15(22)23)18-12(20)9(17)7-4-2-1-3-5-7/h1-5,9-10,14H,6,17H2,(H,18,20)(H,22,23)/t9-,10-,14-/m1/s1",N[C@@H](C(O)=N[C@@H]1C(=O)N2C(C(=O)O)=C(Cl)CS[C@H]12)c1ccccc1
ceftobiprole,"InChI=1S/C20H22N8O6S2/c21-20-24-14(26-36-20)11(25-34)15(29)23-12-17(31)28-13(19(32)33)9(7-35-18(12)28)5-8-2-4-27(16(8)30)10-1-3-22-6-10/h5,10,12,18,22,34H,1-4,6-7H2,(H,23,29)(H,32,33)(H2,21,24,26)/b8-5+,25-11-/t10-,12-,18-/m1/s1",N=c1nc(/C(=N\O)C(O)=N[C@@H]2C(=O)N3C(C(=O)O)=C(/C=C4/CCN([C@@H]5CCNC5)C4=O)CS[C@H]23)[nH]s1
cefazolin,"InChI=1S/C14H14N8O4S3/c1-6-17-18-14(29-6)28-4-7-3-27-12-9(11(24)22(12)10(7)13(25)26)16-8(23)2-21-5-15-19-20-21/h5,9,12H,2-4H2,1H3,(H,16,23)(H,25,26)/t9-,12-/m1/s1",Cc1nnc(SCC2=C(C(=O)O)N3C(=O)[C@@H](N=C(O)Cn4cnnn4)[C@H]3SC2)s1
cephalothin,"InChI=1S/C16H16N2O6S2/c1-8(19)24-6-9-7-26-15-12(14(21)18(15)13(9)16(22)23)17-11(20)5-10-3-2-4-25-10/h2-4,12,15H,5-7H2,1H3,(H,17,20)(H,22,23)/p-1/t12-,15-/m1/s1",CC(=O)OCC1=C(C(=O)O)N2C(=O)[C@@H](N=C([O-])Cc3cccs3)[C@H]2SC1
ceftriaxone,"InChI=1S/C18H18N8O7S3/c1-25-18(22-12(28)13(29)23-25)36-4-6-3-34-15-9(14(30)26(15)10(6)16(31)32)21-11(27)8(24-33-2)7-5-35-17(19)20-7/h5,9,15H,3-4H2,1-2H3,(H5,19,20,21,23,27,29,31,32)/p-2/b24-8-/t9-,15-/m1/s1",CO/N=C(/C([O-])=N[C@@H]1C(=O)N2C(C(=O)[O-])=C(CSc3[nH]c(=O)c([O-])n[n+]3C)CS[C@H]12)c1csc(=N)[nH]1
cephradine,"InChI=1S/C16H19N3O4S/c1-8-7-24-15-11(14(21)19(15)12(8)16(22)23)18-13(20)10(17)9-5-3-2-4-6-9/h2-3,6,10-11,15H,4-5,7,17H2,1H3,(H,18,20)(H,22,23)/t10-,11-,15-/m1/s1",CC1=C(C(=O)O)N2C(=O)[C@@H](N=C(O)[C@H](N)C3=CCC=CC3)[C@H]2SC1
cephalexin,"InChI=1S/C16H17N3O4S/c1-8-7-24-15-11(14(21)19(15)12(8)16(22)23)18-13(20)10(17)9-5-3-2-4-6-9/h2-6,10-11,15H,7,17H2,1H3,(H,18,20)(H,22,23)/t10-,11-,15-/m1/s1",CC1=C(C(=O)O)N2C(=O)[C@@H](N=C(O)[C@H](N)c3ccccc3)[C@H]2SC1
cephaloridine,"InChI=1S/C19H17N3O4S2/c23-14(9-13-5-4-8-27-13)20-15-17(24)22-16(19(25)26)12(11-28-18(15)22)10-21-6-2-1-3-7-21/h1-8,15,18H,9-11H2,(H-,20,23,25,26)/t15-,18-/m1/s1",O=C([O-])C1=C(C[n+]2ccccc2)CS[C@@H]2[C@H](N=C(O)Cc3cccs3)C(=O)N12
<i>N</i><sup>1</sup>-acetylspermine,"InChI=1S/C12H28N4O/c1-12(17)16-11-5-10-15-8-3-2-7-14-9-4-6-13/h14-15H,2-11,13H2,1H3,(H,16,17)/p+3",CC(O)=NCCC[NH2+]CCCC[NH2+]CCC[NH3+]
<i>N</i><SUP>8</SUP>-acetylspermidine,"InChI=1S/C9H21N3O/c1-9(13)12-8-3-2-6-11-7-4-5-10/h11H,2-8,10H2,1H3,(H,12,13)/p+2",CC(O)=NCCCC[NH2+]CCC[NH3+]
<i>N</i><SUP>1</SUP>-acetylspermidine,"InChI=1S/C9H21N3O/c1-9(13)12-8-4-7-11-6-3-2-5-10/h11H,2-8,10H2,1H3,(H,12,13)/p+2",CC(O)=NCCC[NH2+]CCCC[NH3+]
all-<i>trans</i>-undecaprenyl phosphate,"InChI=1S/C55H91O4P/c1-45(2)23-13-24-46(3)25-14-26-47(4)27-15-28-48(5)29-16-30-49(6)31-17-32-50(7)33-18-34-51(8)35-19-36-52(9)37-20-38-53(10)39-21-40-54(11)41-22-42-55(12)43-44-59-60(56,57)58/h23,25,27,29,31,33,35,37,39,41,43H,13-22,24,26,28,30,32,34,36,38,40,42,44H2,1-12H3,(H2,56,57,58)/p-2/b46-25+,47-27+,48-29+,49-31+,50-33+,51-35+,52-37+,53-39+,54-41+,55-43+",CC(C)=CCC/C(C)=C\CC/C(C)=C\CC/C(C)=C\CC/C(C)=C\CC/C(C)=C\CC/C(C)=C\CC/C(C)=C\CC/C(C)=C\CC/C(C)=C\CC/C(C)=C\COP(=O)([O-])[O-]
"(2<i>E</i>,6<i>E</i>)-farnesyl phosphate","InChI=1S/C15H27O4P/c1-13(2)7-5-8-14(3)9-6-10-15(4)11-12-19-20(16,17)18/h7,9,11H,5-6,8,10,12H2,1-4H3,(H2,16,17,18)/p-2/b14-9+,15-11+",CC(C)=CCC/C(C)=C\CC/C(C)=C\COP(=O)([O-])[O-]
"<i>di-trans,octa-cis</i>-undecaprenyl phosphate","InChI=1S/C55H91O4P/c1-45(2)23-13-24-46(3)25-14-26-47(4)27-15-28-48(5)29-16-30-49(6)31-17-32-50(7)33-18-34-51(8)35-19-36-52(9)37-20-38-53(10)39-21-40-54(11)41-22-42-55(12)43-44-59-60(56,57)58/h23,25,27,29,31,33,35,37,39,41,43H,13-22,24,26,28,30,32,34,36,38,40,42,44H2,1-12H3,(H2,56,57,58)/p-2/b46-25+,47-27+,48-29-,49-31-,50-33-,51-35-,52-37-,53-39-,54-41-,55-43-",CC(C)=CCC/C(C)=C\CC/C(C)=C\CC/C(C)=C/CC/C(C)=C/CC/C(C)=C/CC/C(C)=C/CC/C(C)=C/CC/C(C)=C/CC/C(C)=C/CC/C(C)=C/COP(=O)([O-])[O-]
spermine,"InChI=1S/C10H26N4/c11-5-3-9-13-7-1-2-8-14-10-4-6-12/h13-14H,1-12H2/p+4",[NH3+]CCC[NH2+]CCCC[NH2+]CCC[NH3+]
monofluoromethylputrescine,"InChI=1S/C4H11FN2/c5-1-4(2-6)3-7/h4H,1-3,6-7H2/p+2",[NH3+]CC(C[NH3+])CF
cadaverine,InChI=1S/C5H14N2/c6-4-2-1-3-5-7/h1-7H2/p+2,[NH3+]CCCCC[NH3+]
putrescine,InChI=1S/C4H12N2/c5-3-1-2-4-6/h1-6H2/p+2,[NH3+]CCCC[NH3+]
"propane-1,3-diamine",InChI=1S/C3H10N2/c4-2-1-3-5/h1-5H2/p+2,[NH3+]CCC[NH3+]
spermidine,"InChI=1S/C7H19N3/c8-4-1-2-6-10-7-3-5-9/h10H,1-9H2/p+3",[NH3+]CCCC[NH2+]CCC[NH3+]
aminopropylcadaverine,"InChI=1S/C8H21N3/c9-5-2-1-3-7-11-8-4-6-10/h11H,1-10H2/p+3",[NH3+]CCCCC[NH2+]CCC[NH3+]
"5,6-diaminouracil","InChI=1S/C4H6N4O2/c5-1-2(6)7-4(10)8-3(1)9/h5H2,(H4,6,7,8,9,10)",Nc1nc(O)nc(O)c1N
betulinate,"InChI=1S/C30H48O3/c1-18(2)19-10-15-30(25(32)33)17-16-28(6)20(24(19)30)8-9-22-27(5)13-12-23(31)26(3,4)21(27)11-14-29(22,28)7/h19-24,31H,1,8-17H2,2-7H3,(H,32,33)/p-1/t19-,20+,21-,22+,23-,24+,27-,28+,29+,30-/m0/s1",C=C(C)[C@@H]1CC[C@]2(C(=O)[O-])CC[C@]3(C)[C@H](CC[C@@H]4[C@@]5(C)CC[C@H](O)C(C)(C)[C@@H]5CC[C@]43C)[C@H]12
hederagenin,"InChI=1S/C30H48O4/c1-25(2)13-15-30(24(33)34)16-14-28(5)19(20(30)17-25)7-8-22-26(3)11-10-23(32)27(4,18-31)21(26)9-12-29(22,28)6/h7,20-23,31-32H,8-18H2,1-6H3,(H,33,34)/p-1/t20-,21+,22+,23-,26-,27-,28+,29+,30-/m0/s1",CC1(C)CC[C@]2(C(=O)[O-])CC[C@]3(C)C(=CC[C@@H]4[C@@]5(C)CC[C@H](O)[C@@](C)(CO)[C@@H]5CC[C@]43C)[C@@H]2C1
medicagenate,"InChI=1S/C30H46O6/c1-25(2)11-13-30(24(35)36)14-12-27(4)17(18(30)15-25)7-8-20-26(3)16-19(31)22(32)29(6,23(33)34)21(26)9-10-28(20,27)5/h7,18-22,31-32H,8-16H2,1-6H3,(H,33,34)(H,35,36)/p-2/t18-,19-,20+,21+,22-,26+,27+,28+,29-,30-/m0/s1",CC1(C)CC[C@]2(C(=O)[O-])CC[C@]3(C)C(=CC[C@@H]4[C@@]5(C)C[C@H](O)[C@H](O)[C@@](C)(C(=O)[O-])[C@@H]5CC[C@]43C)[C@@H]2C1
colanic acid (E. coli K12) repeat unit,"InChI=1S/C43H66O34/c1-9-16(48)28(24(56)39(64-9)71-26-10(2)65-40(25(57)32(26)66-11(3)46)72-29-17(49)13(6-44)68-36(60)23(29)55)73-41-34(67-12(4)47)30(18(50)14(7-45)69-41)74-38-22(54)20(52)31(33(76-38)35(58)59)75-37-21(53)19(51)27-15(70-37)8-63-43(5,77-27)42(61)62/h9-10,13-34,36-41,44-45,48-57,60H,6-8H2,1-5H3,(H,58,59)(H,61,62)/p-2/t9-,10-,13+,14+,15+,16+,17+,18-,19+,20+,21+,22+,23+,24-,25-,26+,27-,28+,29-,30-,31-,32-,33-,34+,36+,37+,38+,39-,40-,41+,43+/m0/s1",CC(=O)O[C@H]1[C@@H](O[C@H]2[C@H](O)[C@H](O[C@H]3[C@@H](OC(C)=O)[C@H](O)[C@H](O[C@@H]4[C@@H](O)[C@H](O)O[C@H](CO)[C@H]4O)O[C@H]3C)O[C@@H](C)[C@H]2O)O[C@H](CO)[C@H](O)[C@@H]1O[C@@H]1O[C@H](C(=O)[O-])[C@@H](O[C@H]2O[C@@H]3CO[C@@](C)(C(=O)[O-])O[C@@H]3[C@H](O)[C@H]2O)[C@H](O)[C@H]1O
aztreonam,"InChI=1S/C13H17N5O8S2/c1-5-7(10(20)18(5)28(23,24)25)16-9(19)8(6-4-27-12(14)15-6)17-26-13(2,3)11(21)22/h4-5,7H,1-3H3,(H2,14,15)(H,16,19)(H,21,22)(H,23,24,25)/p-1/b17-8-/t5-,7-/m0/s1",C[C@H]1[C@H](N=C([O-])/C(=N/OC(C)(C)C(=O)O)c2csc(=N)[nH]2)C(=O)N1S(=O)(=O)O
nafcillin,"InChI=1S/C21H22N2O5S/c1-4-28-13-10-9-11-7-5-6-8-12(11)14(13)17(24)22-15-18(25)23-16(20(26)27)21(2,3)29-19(15)23/h5-10,15-16,19H,4H2,1-3H3,(H,22,24)(H,26,27)/t15-,16+,19-/m1/s1",CCOc1ccc2ccccc2c1C(O)=N[C@@H]1C(=O)N2[C@@H]1SC(C)(C)[C@@H]2C(=O)O
6-aminopenicillanate,"InChI=1S/C8H12N2O3S/c1-8(2)4(7(12)13)10-5(11)3(9)6(10)14-8/h3-4,6H,9H2,1-2H3,(H,12,13)/t3-,4+,6-/m1/s1",CC1(C)S[C@@H]2[C@H](N)C(=O)N2[C@H]1C(=O)O
faropenem,"InChI=1S/C12H15NO5S/c1-5(14)7-10(15)13-8(12(16)17)9(19-11(7)13)6-3-2-4-18-6/h5-7,11,14H,2-4H2,1H3,(H,16,17)/p-1/t5-,6-,7+,11-/m1/s1",C[C@@H](O)[C@H]1C(=O)N2C(C(=O)[O-])=C([C@H]3CCCO3)S[C@H]12
piperacillin,"InChI=1S/C23H27N5O7S/c1-4-26-10-11-27(19(32)18(26)31)22(35)25-13(12-8-6-5-7-9-12)16(29)24-14-17(30)28-15(21(33)34)23(2,3)36-20(14)28/h5-9,13-15,20H,4,10-11H2,1-3H3,(H,24,29)(H,25,35)(H,33,34)/t13-,14-,15+,20-/m1/s1",CCN1CCN(C(O)=N[C@@H](C(O)=N[C@@H]2C(=O)N3[C@@H]2SC(C)(C)[C@@H]3C(=O)O)c2ccccc2)C(=O)C1=O
mecillinam,"InChI=1S/C15H23N3O3S/c1-15(2)11(14(20)21)18-12(19)10(13(18)22-15)16-9-17-7-5-3-4-6-8-17/h9-11,13H,3-8H2,1-2H3,(H,20,21)/p-1/b16-9+/t10-,11+,13-/m1/s1",CC1(C)S[C@@H]2[C@H](/N=C/N3CCCCCC3)C(=O)N2[C@H]1C(=O)[O-]
cefoperazone,"InChI=1S/C25H27N9O8S2/c1-3-32-8-9-33(21(39)20(32)38)24(42)27-15(12-4-6-14(35)7-5-12)18(36)26-16-19(37)34-17(23(40)41)13(10-43-22(16)34)11-44-25-28-29-30-31(25)2/h4-7,15-16,22,35H,3,8-11H2,1-2H3,(H,26,36)(H,27,42)(H,40,41)/t15-,16-,22-/m1/s1",CCN1CCN(C(O)=N[C@@H](C(O)=N[C@H]2C(=O)N3C(C(=O)O)=C(CSc4nnnn4C)CS[C@H]23)c2ccc(O)cc2)C(=O)C1=O
<i>N</i><sup>&omega;</sup>-phospho-L-arginine,"InChI=1S/C6H15N4O5P/c7-4(5(11)12)2-1-3-9-6(8)10-16(13,14)15/h4H,1-3,7H2,(H,11,12)(H5,8,9,10,13,14,15)/p-1/t4-/m0/s1",N=C(NCCC[C@H](N)C(=O)[O-])NP(=O)(O)O
L-threonine 3-O-phosphate,"InChI=1S/C4H10NO6P/c1-2(3(5)4(6)7)11-12(8,9)10/h2-3H,5H2,1H3,(H,6,7)(H2,8,9,10)/p-2/t2-,3+/m1/s1",C[C@@H](OP(=O)([O-])O)[C@H](N)C(=O)[O-]
O-phospho-L-tyrosine,"InChI=1S/C9H12NO6P/c10-8(9(11)12)5-6-1-3-7(4-2-6)16-17(13,14)15/h1-4,8H,5,10H2,(H,11,12)(H2,13,14,15)/p-2/t8-/m0/s1",N[C@@H](Cc1ccc(OP(=O)([O-])O)cc1)C(=O)[O-]
O-phospho-D-tyrosine,"InChI=1S/C9H12NO6P/c10-8(9(11)12)5-6-1-3-7(4-2-6)16-17(13,14)15/h1-4,8H,5,10H2,(H,11,12)(H2,13,14,15)/p-2/t8-/m1/s1",N[C@H](Cc1ccc(OP(=O)([O-])O)cc1)C(=O)[O-]
<i>N</i>-acetyl-&beta;-D-mannosamine,"InChI=1S/C8H15NO6/c1-3(11)9-5-7(13)6(12)4(2-10)15-8(5)14/h4-8,10,12-14H,2H2,1H3,(H,9,11)/t4-,5+,6-,7-,8-/m1/s1",CC(O)=N[C@H]1[C@@H](O)[C@H](O)[C@@H](CO)O[C@H]1O
acetamide,"InChI=1S/C2H5NO/c1-2(3)4/h1H3,(H2,3,4)",CC(=N)O
<i>N</i>-methylacetamide,"InChI=1S/C3H7NO/c1-3(5)4-2/h1-2H3,(H,4,5)",CN=C(C)O
urea,"InChI=1S/CH4N2O/c2-1(3)4/h(H4,2,3,4)",N=C(N)O
(glycyl)adenylate,"InChI=1S/C12H17N6O8P/c13-1-6(19)26-27(22,23)24-2-5-8(20)9(21)12(25-5)18-4-17-7-10(14)15-3-16-11(7)18/h3-5,8-9,12,20-21H,1-2,13H2,(H,22,23)(H2,14,15,16)/p-1/t5-,8-,9-,12-/m1/s1",NCC(=O)OP(=O)([O-])OC[C@H]1O[C@@H](n2cnc3c(N)ncnc32)[C@H](O)[C@@H]1O
<i>N</i>-benzylglycine,"InChI=1S/C9H11NO2/c11-9(12)7-10-6-8-4-2-1-3-5-8/h1-5,10H,6-7H2,(H,11,12)/p-1",O=C([O-])CNCc1ccccc1
&beta;-citryl-L-glutamate,"InChI=1S/C11H15NO10/c13-6(14)2-1-5(9(19)20)12-10(21)11(22,3-7(15)16)4-8(17)18/h5,22H,1-4H2,(H,12,21)(H,13,14)(H,15,16)(H,17,18)(H,19,20)/p-4/t5-/m0/s1",O=C([O-])CC[C@H](N=C(O)C(O)(CC(=O)[O-])CC(=O)[O-])C(=O)[O-]
<i>N</i>-propargylglycine,"InChI=1S/C5H7NO2/c1-3-6-4(2)5(7)8/h1,4,6H,2H3,(H,7,8)/p-1/t4-/m0/s1",C#CN[C@@H](C)C(=O)[O-]
D-lysopine,"InChI=1S/C9H18N2O4/c1-6(8(12)13)11-7(9(14)15)4-2-3-5-10/h6-7,11H,2-5,10H2,1H3,(H,12,13)(H,14,15)/t6-,7+/m1/s1",C[C@@H](N[C@@H](CCCCN)C(=O)O)C(=O)O
(2-acetamidoethyl)phosphonate,"InChI=1S/C4H10NO4P/c1-4(6)5-2-3-10(7,8)9/h2-3H2,1H3,(H,5,6)(H2,7,8,9)/p-2",CC([O-])=NCCP(=O)([O-])O
[(1S)-1-acetamidoethyl]phosphonate,"InChI=1S/C4H10NO4P/c1-3(6)5-4(2)10(7,8)9/h4H,1-2H3,(H,5,6)(H2,7,8,9)/p-2/t4-/m0/s1",CC([O-])=N[C@H](C)P(=O)([O-])O
(aminomethyl)phosphonate,"InChI=1S/CH6NO3P/c2-1-6(3,4)5/h1-2H2,(H2,3,4,5)/p-1",NCP(=O)([O-])O
[(<i>R</i>)-1-aminoethyl]phosphonate,"InChI=1S/C2H8NO3P/c1-2(3)7(4,5)6/h2H,3H2,1H3,(H2,4,5,6)/p-1/t2-/m1/s1",C[C@H](N)P(=O)([O-])O
[(<i>S</i>)-1-aminoethyl]phosphonate,"InChI=1S/C2H8NO3P/c1-2(3)7(4,5)6/h2H,3H2,1H3,(H2,4,5,6)/p-1/t2-/m0/s1",C[C@@H](N)P(=O)([O-])O
[(1R)-1-acetamidoethyl]phosphonate,"InChI=1S/C4H10NO4P/c1-3(6)5-4(2)10(7,8)9/h4H,1-2H3,(H,5,6)(H2,7,8,9)/p-2/t4-/m1/s1",CC([O-])=N[C@@H](C)P(=O)([O-])O
(2-aminoethyl)phosphonate,"InChI=1S/C2H8NO3P/c3-1-2-7(4,5)6/h1-3H2,(H2,4,5,6)",NCCP(=O)(O)O
carnosine,"InChI=1S/C9H14N4O3/c10-2-1-8(14)13-7(9(15)16)3-6-4-11-5-12-6/h4-5,7H,1-3,10H2,(H,11,12)(H,13,14)(H,15,16)/t7-/m0/s1",NCCC(O)=N[C@@H](Cc1cnc[nH]1)C(=O)O
testosterone,"InChI=1S/C19H28O2/c1-18-9-7-13(20)11-12(18)3-4-14-15-5-6-17(21)19(15,2)10-8-16(14)18/h11,14-17,21H,3-10H2,1-2H3/t14-,15-,16-,17-,18-,19-/m0/s1",C[C@]12CC[C@@H]3[C@@H](CCC4=CC(=O)CC[C@@]43C)[C@@H]1CC[C@@H]2O
(<i>S</i>)-nipecotate,"InChI=1S/C6H11NO2/c8-6(9)5-2-1-3-7-4-5/h5,7H,1-4H2,(H,8,9)/t5-/m0/s1",O=C(O)[C@H]1CCCNC1
geranyl diphosphate,"InChI=1S/C10H20O7P2/c1-9(2)5-4-6-10(3)7-8-16-19(14,15)17-18(11,12)13/h5,7H,4,6,8H2,1-3H3,(H,14,15)(H2,11,12,13)/p-3/b10-7+",CC(C)=CCC/C(C)=C\COP(=O)([O-])OP(=O)([O-])[O-]
prenyl diphosphate,"InChI=1S/C5H12O7P2/c1-5(2)3-4-11-14(9,10)12-13(6,7)8/h3H,4H2,1-2H3,(H,9,10)(H2,6,7,8)/p-3",CC(C)=CCOP(=O)([O-])OP(=O)([O-])[O-]
L-methionine sulfone,"InChI=1S/C4H9NO5S/c5-3(4(6)7)1-2-11(8,9)10/h3H,1-2,5H2,(H,6,7)(H,8,9,10)/p-1/t3-/m0/s1",N[C@@H](CCS(=O)(=O)O)C(=O)[O-]
"N&alpha;,N&epsilon;-diacetyl-L-lysyl-D-alanyl-D-lactate","InChI=1S/C16H27N3O7/c1-9(16(25)26-10(2)15(23)24)18-14(22)13(19-12(4)21)7-5-6-8-17-11(3)20/h9-10,13H,5-8H2,1-4H3,(H,17,20)(H,18,22)(H,19,21)(H,23,24)/p-1/t9-,10?,13+/m1/s1",CC([O-])=NCCCC[C@H](N=C(C)O)C(O)=N[C@H](C)C(=O)OC(C)C(=O)O
<i>S</i>-adenosyl-<i>S</i>-carboxymethyl-L-homocysteine,"InChI=1S/C16H22N6O7S/c17-7(16(27)28)1-2-30(4-9(23)24)3-8-11(25)12(26)15(29-8)22-6-21-10-13(18)19-5-20-14(10)22/h5-8,11-12,15,25-26H,1-4,17H2,(H3-,18,19,20,23,24,27,28)/t7-,8+,11+,12+,15+,30?/m0/s1",Nc1ncnc2c1ncn2[C@@H]1O[C@H](C[S+](CC[C@H](N)C(=O)[O-])CC(=O)O)[C@@H](O)[C@H]1O
3-sulfino-L-alanine,"InChI=1S/C3H7NO4S/c4-2(3(5)6)1-9(7)8/h2H,1,4H2,(H,5,6)(H,7,8)/p-1/t2-/m0/s1",N[C@@H](CS(=O)O)C(=O)[O-]
L-cystine,"InChI=1S/C6H12N2O4S2/c7-3(5(9)10)1-13-14-2-4(8)6(11)12/h3-4H,1-2,7-8H2,(H,9,10)(H,11,12)/t3-,4-/m0/s1",N[C@@H](CSSC[C@H](N)C(=O)O)C(=O)O
L-homoserine,"InChI=1S/C4H9NO3/c5-3(1-2-6)4(7)8/h3,6H,1-2,5H2,(H,7,8)/t3-/m0/s1",N[C@@H](CCO)C(=O)O
1-aminocyclopropane-1-carboxylate,"InChI=1S/C4H7NO2/c5-4(1-2-4)3(6)7/h1-2,5H2,(H,6,7)",NC1(C(=O)O)CC1
"L-alanyl-&gamma;-D-glutamyl-<I>meso</i>-2,6-diaminopimeloyl-D-alanyl-D-alanine","InChI=1S/C21H36N6O10/c1-9(22)16(29)27-14(21(36)37)7-8-15(28)26-13(6-4-5-12(23)20(34)35)18(31)24-10(2)17(30)25-11(3)19(32)33/h9-14H,4-8,22-23H2,1-3H3,(H,24,31)(H,25,30)(H,26,28)(H,27,29)(H,32,33)(H,34,35)(H,36,37)/p-1/t9-,10+,11+,12+,13-,14+/m0/s1",C[C@H](N)C(O)=N[C@H](CCC([O-])=N[C@@H](CCC[C@@H](N)C(=O)O)C(O)=N[C@H](C)C(O)=N[C@H](C)C(=O)O)C(=O)O
L-selenaproline,"InChI=1S/C4H7NO2Se/c6-4(7)3-1-8-2-5-3/h3,5H,1-2H2,(H,6,7)/t3-/m0/s1",O=C(O)[C@@H]1C[Se]CN1
L-alanyl-&gamma;-D-glutamyl-L-lysyl-D-alanyl-D-alanine,"InChI=1S/C20H36N6O8/c1-10(22)16(28)26-14(20(33)34)7-8-15(27)25-13(6-4-5-9-21)18(30)23-11(2)17(29)24-12(3)19(31)32/h10-14H,4-9,21-22H2,1-3H3,(H,23,30)(H,24,29)(H,25,27)(H,26,28)(H,31,32)(H,33,34)/t10-,11+,12+,13-,14-/m0/s1",C[C@H](N)C(O)=N[C@@H](CCC(O)=N[C@@H](CCCCN)C(O)=N[C@H](C)C(O)=N[C@H](C)C(=O)O)C(=O)O
O-phospho-L-homoserine,"InChI=1S/C4H10NO6P/c5-3(4(6)7)1-2-11-12(8,9)10/h3H,1-2,5H2,(H,6,7)(H2,8,9,10)/p-2/t3-/m0/s1",N[C@@H](CCOP(=O)([O-])O)C(=O)[O-]
L-canavanine,"InChI=1S/C5H12N4O3/c6-3(4(10)11)1-2-12-9-5(7)8/h3H,1-2,6H2,(H,10,11)(H4,7,8,9)/p+1/t3-/m0/s1",N=C(N)NOCC[C@H]([NH3+])C(=O)O
"L,L-homocystine","InChI=1S/C8H16N2O4S2/c9-5(7(11)12)1-3-15-16-4-2-6(10)8(13)14/h5-6H,1-4,9-10H2,(H,11,12)(H,13,14)/t5-,6-/m0/s1",N[C@@H](CCSSCC[C@H](N)C(=O)O)C(=O)O
alpha-aminopimelate,"InChI=1S/C7H13NO4/c8-5(7(11)12)3-1-2-4-6(9)10/h5H,1-4,8H2,(H,9,10)(H,11,12)/p-1",NC(CCCCC(=O)[O-])C(=O)O
lanthionine,"InChI=1S/C6H12N2O4S/c7-3(5(9)10)1-13-2-4(8)6(11)12/h3-4H,1-2,7-8H2,(H,9,10)(H,11,12)/t3-,4-/m0/s1",N[C@@H](CSC[C@H](N)C(=O)O)C(=O)O
O-succinyl-L-homoserine,"InChI=1S/C8H13NO6/c9-5(8(13)14)3-4-15-7(12)2-1-6(10)11/h5H,1-4,9H2,(H,10,11)(H,13,14)/p-1/t5-/m0/s1",N[C@@H](CCOC(=O)CCC(=O)[O-])C(=O)O
D-homoserine,"InChI=1S/C4H9NO3/c5-3(1-2-6)4(7)8/h3,6H,1-2,5H2,(H,7,8)/t3-/m1/s1",N[C@H](CCO)C(=O)O
L-glutamate 5-semialdehyde,"InChI=1S/C5H9NO3/c6-4(5(8)9)2-1-3-7/h3-4H,1-2,6H2,(H,8,9)/t4-/m0/s1",N[C@@H](CCC=O)C(=O)O
taurochenodeoxycholate,"InChI=1S/C26H45NO6S/c1-16(4-7-23(30)27-12-13-34(31,32)33)19-5-6-20-24-21(9-11-26(19,20)3)25(2)10-8-18(28)14-17(25)15-22(24)29/h16-22,24,28-29H,4-15H2,1-3H3,(H,27,30)(H,31,32,33)/p-1/t16-,17+,18-,19-,20+,21+,22-,24+,25+,26-/m1/s1",C[C@H](CCC([O-])=NCCS(=O)(=O)O)[C@H]1CC[C@H]2[C@@H]3[C@H](O)C[C@@H]4C[C@H](O)CC[C@]4(C)[C@H]3CC[C@]12C
L-aspartate 4-semialdehyde,"InChI=1S/C4H7NO3/c5-3(1-2-6)4(7)8/h2-3H,1,5H2,(H,7,8)/t3-/m0/s1",N[C@@H](CC=O)C(=O)O
taurocholate,"InChI=1S/C26H45NO7S/c1-15(4-7-23(31)27-10-11-35(32,33)34)18-5-6-19-24-20(14-22(30)26(18,19)3)25(2)9-8-17(28)12-16(25)13-21(24)29/h15-22,24,28-30H,4-14H2,1-3H3,(H,27,31)(H,32,33,34)/p-1/t15-,16+,17-,18-,19+,20+,21-,22+,24+,25+,26-/m1/s1",C[C@H](CCC([O-])=NCCS(=O)(=O)O)[C@H]1CC[C@H]2[C@@H]3[C@H](O)C[C@@H]4C[C@H](O)CC[C@]4(C)[C@H]3C[C@H](O)[C@]12C
D-cystine,"InChI=1S/C6H12N2O4S2/c7-3(5(9)10)1-13-14-2-4(8)6(11)12/h3-4H,1-2,7-8H2,(H,9,10)(H,11,12)/t3-,4-/m1/s1",N[C@H](CSSC[C@@H](N)C(=O)O)C(=O)O
17&beta;-estradiol,"InChI=1S/C18H24O2/c1-18-9-8-14-13-5-3-12(19)10-11(13)2-4-15(14)16(18)6-7-17(18)20/h3,5,10,14-17,19-20H,2,4,6-9H2,1H3/t14-,15-,16+,17+,18+/m1/s1",C[C@]12CC[C@@H]3c4ccc(O)cc4CC[C@@H]3[C@@H]1CC[C@@H]2O
L-methionyl-L-alanine dipeptide,"InChI=1S/C8H16N2O3S/c1-5(8(12)13)10-7(11)6(9)3-4-14-2/h5-6H,3-4,9H2,1-2H3,(H,10,11)(H,12,13)/t5-,6-/m0/s1",CSCC[C@H](N)C(O)=N[C@@H](C)C(=O)O
cortisol,"InChI=1S/C21H30O5/c1-19-7-5-13(23)9-12(19)3-4-14-15-6-8-21(26,17(25)11-22)20(15,2)10-16(24)18(14)19/h9,14-16,18,22,24,26H,3-8,10-11H2,1-2H3/t14-,15-,16-,18+,19-,20-,21-/m0/s1",C[C@]12CCC(=O)C=C1CC[C@@H]1[C@@H]2[C@@H](O)C[C@@]2(C)[C@H]1CC[C@]2(O)C(=O)CO
L-alanyl-&gamma;-D-glutamyl-L-lysyl-D-alanine,"InChI=1S/C17H31N5O7/c1-9(19)14(24)22-12(17(28)29)6-7-13(23)21-11(5-3-4-8-18)15(25)20-10(2)16(26)27/h9-12H,3-8,18-19H2,1-2H3,(H,20,25)(H,21,23)(H,22,24)(H,26,27)(H,28,29)/t9-,10+,11-,12-/m0/s1",C[C@H](N)C(O)=N[C@@H](CCC(O)=N[C@@H](CCCCN)C(O)=N[C@H](C)C(=O)O)C(=O)O
"L-alanyl-&gamma;-D-glutamyl-<i>meso</i>-2,6-diaminopimeloyl-D-alanine","InChI=1S/C18H31N5O9/c1-8(19)14(25)23-12(18(31)32)6-7-13(24)22-11(5-3-4-10(20)17(29)30)15(26)21-9(2)16(27)28/h8-12H,3-7,19-20H2,1-2H3,(H,21,26)(H,22,24)(H,23,25)(H,27,28)(H,29,30)(H,31,32)/p-1/t8-,9+,10+,11-,12+/m0/s1",C[C@H](N)C(O)=N[C@H](CCC([O-])=N[C@@H](CCC[C@@H](N)C(=O)O)C(O)=N[C@H](C)C(=O)O)C(=O)O
"1,2-dipalmitoyl-phosphatidylserine","InChI=1S/C38H74NO10P/c1-3-5-7-9-11-13-15-17-19-21-23-25-27-29-36(40)46-31-34(32-47-50(44,45)48-33-35(39)38(42)43)49-37(41)30-28-26-24-22-20-18-16-14-12-10-8-6-4-2/h34-35H,3-33,39H2,1-2H3,(H,42,43)(H,44,45)/p-1/t34-,35+/m1/s1",CCCCCCCCCCCCCCCC(=O)OC[C@H](COP(=O)(O)OC[C@H](N)C(=O)[O-])OC(=O)CCCCCCCCCCCCCCC
"phosphatidylserine (1,2-dimyristoyl)","InChI=1S/C34H66NO10P/c1-3-5-7-9-11-13-15-17-19-21-23-25-32(36)42-27-30(28-43-46(40,41)44-29-31(35)34(38)39)45-33(37)26-24-22-20-18-16-14-12-10-8-6-4-2/h30-31H,3-29,35H2,1-2H3,(H,38,39)(H,40,41)/p-1/t30-,31+/m1/s1",CCCCCCCCCCCCCC(=O)OC[C@H](COP(=O)(O)OC[C@H](N)C(=O)[O-])OC(=O)CCCCCCCCCCCCC
"phosphatidylserine (dioctadecanoyl, n-C18:0)","InChI=1S/C42H82NO10P/c1-3-5-7-9-11-13-15-17-19-21-23-25-27-29-31-33-40(44)50-35-38(36-51-54(48,49)52-37-39(43)42(46)47)53-41(45)34-32-30-28-26-24-22-20-18-16-14-12-10-8-6-4-2/h38-39H,3-37,43H2,1-2H3,(H,46,47)(H,48,49)/p-1/t38-,39+/m1/s1",CCCCCCCCCCCCCCCCCC(=O)OC[C@H](COP(=O)(O)OC[C@H](N)C(=O)[O-])OC(=O)CCCCCCCCCCCCCCCCC
L-methionyl-L-proline dipeptide,"InChI=1S/C10H18N2O3S/c1-16-6-4-7(11)9(13)12-5-2-3-8(12)10(14)15/h7-8H,2-6,11H2,1H3,(H,14,15)/t7-,8-/m0/s1",CSCC[C@H](N)C(=O)N1CCC[C@H]1C(=O)O
&gamma;-L-glutamyl-L-cysteine,"InChI=1S/C8H14N2O5S/c9-4(7(12)13)1-2-6(11)10-5(3-16)8(14)15/h4-5,16H,1-3,9H2,(H,10,11)(H,12,13)(H,14,15)/p-1/t4-,5-/m0/s1",N[C@@H](CCC([O-])=N[C@@H](CS)C(=O)O)C(=O)O
L-leucyl-glycine,"InChI=1S/C8H16N2O3/c1-5(2)3-6(9)8(13)10-4-7(11)12/h5-6H,3-4,9H2,1-2H3,(H,10,13)(H,11,12)/t6-/m0/s1",CC(C)C[C@H](N)C(O)=NCC(=O)O
L-cysteinylglycine,"InChI=1S/C5H10N2O3S/c6-3(2-11)5(10)7-1-4(8)9/h3,11H,1-2,6H2,(H,7,10)(H,8,9)/t3-/m0/s1",N[C@@H](CS)C(O)=NCC(=O)O
microcin B17,"InChI=1S/C118H156N48O45S4/c1-7-53(5)99(165-92(191)35-147-112(203)98(122)52(3)4)113(204)148-31-86(185)132-22-79(178)130-20-77(176)128-18-75(174)126-16-73(172)125-17-74(173)127-19-76(175)129-21-78(177)131-23-80(179)136-38-95-157-66(46-210-95)116-164-68(49-215-116)108(199)145-28-85(184)134-32-89(188)152-57(9-10-70(119)169)101(192)140-26-83(182)133-24-81(180)139-39-96-158-67(48-212-96)107(198)144-25-82(181)124-15-56-47-214-117(151-56)114(205)162-62(42-168)111(202)161-60(13-72(121)171)103(194)149-40-97-159-69(50-213-97)115-163-65(45-211-115)106(197)143-27-84(183)135-33-90(189)153-59(12-71(120)170)102(193)141-29-87(186)137-36-93-155-63(43-208-93)104(195)142-30-88(187)138-37-94-156-64(44-209-94)105(196)146-34-91(190)154-61(41-167)110(201)160-58(11-55-14-123-51-150-55)109(200)166-100(118(206)207)54(6)8-2/h14,43-54,57-62,98-100,167-168H,7-13,15-42,122H2,1-6H3,(H2,119,169)(H2,120,170)(H2,121,171)(H,123,150)(H,124,181)(H,125,172)(H,126,174)(H,127,173)(H,128,176)(H,129,175)(H,130,178)(H,131,177)(H,132,185)(H,133,182)(H,134,184)(H,135,183)(H,136,179)(H,137,186)(H,138,187)(H,139,180)(H,140,192)(H,141,193)(H,142,195)(H,143,197)(H,144,198)(H,145,199)(H,146,196)(H,147,203)(H,148,204)(H,149,194)(H,152,188)(H,153,189)(H,154,190)(H,160,201)(H,161,202)(H,162,205)(H,165,191)(H,166,200)(H,206,207)/t53-,54-,57-,58+,59-,60-,61-,62-,98-,99-,100+/m0/s1",CC[C@H](C)[C@H](N=C(O)CN=C(O)[C@@H](N)C(C)C)C(O)=NCC(O)=NCC(O)=NCC(O)=NCC(O)=NCC(O)=NCC(O)=NCC(O)=NCC(O)=NCC(O)=NCc1nc(-c2nc(C(O)=NCC(O)=NCC(O)=N[C@@H](CCC(=N)O)C(O)=NCC(O)=NCC(O)=NCc3nc(C(O)=NCC(O)=NCc4csc(C(=O)N[C@@H](CO)C(O)=N[C@@H](CC(=N)O)C(O)=NCc5nc(-c6nc(C(O)=NCC(O)=NCC(O)=N[C@@H](CC(=N)O)C(O)=NCC(O)=NCc7nc(C(O)=NCC(O)=NCc8nc(C(O)=NCC(O)=N[C@@H](CO)C(O)=N[C@H](Cc9cnc[nH]9)C(O)=N[C@@H](C(=O)O)[C@@H](C)CC)co8)co7)co6)cs5)n4)cs3)cs2)co1
microcin C,"InChI=1S/C42H69N18O18PS/c1-19(35(69)57-24(13-28(65)66)39(73)59-79(75,76-10-5-8-43)77-15-25-31(67)32(68)41(78-25)60-17-52-30-33(45)50-16-51-34(30)60)54-38(72)23(12-26(44)63)55-27(64)14-49-40(74)29(20(2)62)58-37(71)22(6-4-9-48-42(46)47)56-36(70)21(53-18-61)7-11-80-3/h16-25,29,31-32,41,62,67-68H,4-15,43H2,1-3H3,(H2,44,63)(H,49,74)(H,53,61)(H,54,72)(H,55,64)(H,56,70)(H,57,69)(H,58,71)(H,65,66)(H2,45,50,51)(H4,46,47,48)(H,59,73,75)/p+1/t19-,20+,21-,22-,23-,24-,25+,29-,31+,32+,41+,79?/m0/s1",CSCC[C@H](N=CO)C(O)=N[C@@H](CCCNC(=N)N)C(O)=N[C@H](C(O)=NCC(O)=N[C@@H](CC(=N)O)C(O)=N[C@@H](C)C(O)=N[C@@H](CC(=O)O)C(O)=NP(=O)(OCCC[NH3+])OC[C@H]1O[C@@H](n2cnc3c(N)ncnc32)[C@H](O)[C@@H]1O)[C@@H](C)O
microcin J25,,
cefoselis sulfate,"InChI=1S/C19H22N8O6S2.H2O4S/c1-33-24-12(10-8-35-19(21)22-10)15(29)23-13-16(30)27-14(18(31)32)9(7-34-17(13)27)6-25-3-2-11(20)26(25)4-5-28;1-5(2,3)4/h2-3,8,13,17,20,28H,4-7H2,1H3,(H2,21,22)(H,23,29)(H,31,32);(H2,1,2,3,4)/p-2/b20-11?,24-12-;/t13-,17-;/m1./s1",CO/N=C(\C([O-])=N[C@@H]1C(=O)N2C(C(=O)[O-])=C(Cn3ccc(=N)n3CCO)CS[C@H]12)c1csc(=N)[nH]1.O=S(=O)(O)O
triethanolamine HCI,,
geraniol,"InChI=1S/C10H18O/c1-9(2)5-4-6-10(3)7-8-11/h5,7,11H,4,6,8H2,1-3H3/b10-7+",CC(C)=CCC/C(C)=C\CO
MgATP<sup>2-</sup>,,
phosphoribulosylformimino-AICAR-phosphate,"InChI=1S/C15H25N5O15P2/c16-13(26)9-14(18-4-17-1-6(21)10(23)7(22)2-33-36(27,28)29)20(5-19-9)15-12(25)11(24)8(35-15)3-34-37(30,31)32/h4-5,7-8,10-12,15,22-25H,1-3H2,(H2,16,26)(H,17,18)(H2,27,28,29)(H2,30,31,32)/p-4/t7-,8-,10+,11-,12-,15-/m1/s1",NC(=O)c1ncn([C@@H]2O[C@H](COP(=O)([O-])[O-])[C@@H](O)[C@H]2O)c1NC=NCC(=O)[C@H](O)[C@H](O)COP(=O)([O-])[O-]
citric acid monohydrate,,
carboxin,"InChI=1S/C12H13NO2S/c1-9-11(16-8-7-15-9)12(14)13-10-5-3-2-4-6-10/h2-6H,7-8H2,1H3,(H,13,14)",CC1=C(C(O)=Nc2ccccc2)SCCO1
sodium pyruvate,,
5-amino-1-(5-phospho-D-ribosyl)imidazole-4-carboxamide,"InChI=1S/C9H15N4O8P/c10-7-4(8(11)16)12-2-13(7)9-6(15)5(14)3(21-9)1-20-22(17,18)19/h2-3,5-6,9,14-15H,1,10H2,(H2,11,16)(H2,17,18,19)/p-2/t3-,5-,6-,9-/m1/s1",N=C([O-])c1ncn([C@@H]2O[C@H](COP(=O)([O-])O)[C@@H](O)[C@H]2O)c1N
MgADP,,
pyrazinamide,"InChI=1S/C5H5N3O/c6-5(9)4-3-7-1-2-8-4/h1-3H,(H2,6,9)",N=C(O)c1cnccn1
sodium dodecyl sulfate,,
5-formamido-1-(5-phospho-D-ribosyl)-imidazole-4-carboxamide,"InChI=1S/C10H15N4O9P/c11-8(18)5-9(13-3-15)14(2-12-5)10-7(17)6(16)4(23-10)1-22-24(19,20)21/h2-4,6-7,10,16-17H,1H2,(H2,11,18)(H,13,15)(H2,19,20,21)/p-2/t4-,6-,7-,10-/m1/s1",NC(=O)c1ncn([C@@H]2O[C@H](COP(=O)([O-])O)[C@@H](O)[C@H]2O)c1N=C[O-]
calcium pantothenate,,
semicarbazide,"InChI=1S/CH5N3O/c2-1(5)4-3/h3H2,(H3,2,4,5)",N=C(O)NN
tetramethylammonium hydroxide,,
1-(5-phospho-&beta;-D-ribosyl)-5-[(5-phosphoribosylamino)methylideneamino]imidazole-4-carboxamide,"InChI=1S/C15H25N5O15P2/c16-12(25)7-13(17-3-18-14-10(23)8(21)5(34-14)1-32-36(26,27)28)20(4-19-7)15-11(24)9(22)6(35-15)2-33-37(29,30)31/h3-6,8-11,14-15,21-24H,1-2H2,(H2,16,25)(H,17,18)(H2,26,27,28)(H2,29,30,31)/p-4/t5-,6-,8-,9-,10-,11-,14-,15-/m1/s1",NC(=O)c1ncn([C@@H]2O[C@H](COP(=O)([O-])[O-])[C@@H](O)[C@H]2O)c1N=CN[C@@H]1O[C@H](COP(=O)([O-])[O-])[C@@H](O)[C@H]1O
potassium cyanide,,
"D,L-lactamide","InChI=1S/C3H7NO2/c1-2(5)3(4)6/h2,5H,1H3,(H2,4,6)",CC(O)C(=N)O
tris-hydrochloride,,
glycyl-L-methionine,"InChI=1S/C7H14N2O3S/c1-13-3-2-5(7(11)12)9-6(10)4-8/h5H,2-4,8H2,1H3,(H,9,10)(H,11,12)/t5-/m0/s1",CSCC[C@H](N=C(O)CN)C(=O)O
glycyl-L-glutamate,"InChI=1S/C7H12N2O5/c8-3-5(10)9-4(7(13)14)1-2-6(11)12/h4H,1-3,8H2,(H,9,10)(H,11,12)(H,13,14)/p-1/t4-/m0/s1",NCC([O-])=N[C@@H](CCC(=O)O)C(=O)O
glycyl-L-glutamine,"InChI=1S/C7H13N3O4/c8-3-6(12)10-4(7(13)14)1-2-5(9)11/h4H,1-3,8H2,(H2,9,11)(H,10,12)(H,13,14)/t4-/m0/s1",N=C(O)CC[C@H](N=C(O)CN)C(=O)O
glycyl-glycine,"InChI=1S/C4H8N2O3/c5-1-3(7)6-2-4(8)9/h1-2,5H2,(H,6,7)(H,8,9)",NCC(O)=NCC(=O)O
glycyl-L-asparagine,"InChI=1S/C6H11N3O4/c7-2-5(11)9-3(6(12)13)1-4(8)10/h3H,1-2,7H2,(H2,8,10)(H,9,11)(H,12,13)/t3-/m0/s1",N=C(O)C[C@H](N=C(O)CN)C(=O)O
glycyl-L-proline,"InChI=1S/C7H12N2O3/c8-4-6(10)9-3-1-2-5(9)7(11)12/h5H,1-4,8H2,(H,11,12)/t5-/m0/s1",NCC(=O)N1CCC[C@H]1C(=O)O
glycyl-L-aspartate,"InChI=1S/C6H10N2O5/c7-2-4(9)8-3(6(12)13)1-5(10)11/h3H,1-2,7H2,(H,8,9)(H,10,11)(H,12,13)/p-1/t3-/m0/s1",NCC([O-])=N[C@@H](CC(=O)O)C(=O)O
progesterone,"InChI=1S/C21H30O2/c1-13(22)17-6-7-18-16-5-4-14-12-15(23)8-10-20(14,2)19(16)9-11-21(17,18)3/h12,16-19H,4-11H2,1-3H3/t16-,17+,18-,19-,20-,21+/m0/s1",CC(=O)[C@H]1CC[C@H]2[C@@H]3CCC4=CC(=O)CC[C@]4(C)[C@H]3CC[C@]12C
4-aminophenol,"InChI=1S/C6H7NO/c7-5-1-3-6(8)4-2-5/h1-4,8H,7H2",Nc1ccc(O)cc1
3-hydroxybenzoate,"InChI=1S/C7H6O3/c8-6-3-1-2-5(4-6)7(9)10/h1-4,8H,(H,9,10)/p-1",O=C(O)c1cccc([O-])c1
curcumin,"InChI=1S/C21H20O6/c1-26-20-11-14(5-9-18(20)24)3-7-16(22)13-17(23)8-4-15-6-10-19(25)21(12-15)27-2/h3-13,22,24-25H,1-2H3/b7-3+,8-4+,16-13-",COc1cc(/C=C/C(=O)/C=C(O)/C=C/c2ccc(O)c(OC)c2)ccc1O
4-hydroxybenzyl alcohol,"InChI=1S/C7H8O2/c8-5-6-1-3-7(9)4-2-6/h1-4,8-9H,5H2",OCc1ccc(O)cc1
"2,4-dinitrophenol","InChI=1S/C6H4N2O5/c9-6-2-1-4(7(10)11)3-5(6)8(12)13/h1-3,9H/p-1",O=[N+]([O-])c1ccc([O-])c([N+](=O)[O-])c1
D-alanyl-D-alanine,"InChI=1S/C6H12N2O3/c1-3(7)5(9)8-4(2)6(10)11/h3-4H,7H2,1-2H3,(H,8,9)(H,10,11)/t3-,4-/m1/s1",C[C@@H](N)C(O)=N[C@H](C)C(=O)O
"(2E)-3,7-dimethylocta-2,6-diene-1-thiol","InChI=1S/C10H18S/c1-9(2)5-4-6-10(3)7-8-11/h5,7,11H,4,6,8H2,1-3H3/b10-7+",CC(C)=CCC/C(C)=C\CS
"mono-<i>trans</i>,octa-<i>cis</i>-decaprenyl diphosphate","InChI=1S/C50H84O7P2/c1-41(2)21-12-22-42(3)23-13-24-43(4)25-14-26-44(5)27-15-28-45(6)29-16-30-46(7)31-17-32-47(8)33-18-34-48(9)35-19-36-49(10)37-20-38-50(11)39-40-56-59(54,55)57-58(51,52)53/h21,23,25,27,29,31,33,35,37,39H,12-20,22,24,26,28,30,32,34,36,38,40H2,1-11H3,(H,54,55)(H2,51,52,53)/p-3/b42-23+,43-25-,44-27-,45-29-,46-31-,47-33-,48-35-,49-37-,50-39-",CC(C)=CCC/C(C)=C\CC/C(C)=C/CC/C(C)=C/CC/C(C)=C/CC/C(C)=C/CC/C(C)=C/CC/C(C)=C/CC/C(C)=C/CC/C(C)=C/COP(=O)([O-])OP(=O)([O-])[O-]
"(2<i>E</i>,6<i>E</i>)-farnesyl diphosphate","InChI=1S/C15H28O7P2/c1-13(2)7-5-8-14(3)9-6-10-15(4)11-12-21-24(19,20)22-23(16,17)18/h7,9,11H,5-6,8,10,12H2,1-4H3,(H,19,20)(H2,16,17,18)/p-3/b14-9+,15-11+",CC(C)=CCC/C(C)=C\CC/C(C)=C\COP(=O)([O-])OP(=O)([O-])[O-]
dUDP,"InChI=1S/C9H14N2O11P2/c12-5-3-8(11-2-1-7(13)10-9(11)14)21-6(5)4-20-24(18,19)22-23(15,16)17/h1-2,5-6,8,12H,3-4H2,(H,18,19)(H,10,13,14)(H2,15,16,17)/p-3/t5-,6+,8+/m0/s1",O=c1nc([O-])ccn1[C@H]1C[C@H](O)[C@@H](COP(=O)(O)OP(=O)([O-])[O-])O1
L-homocysteine,"InChI=1S/C4H9NO2S/c5-3(1-2-8)4(6)7/h3,8H,1-2,5H2,(H,6,7)/t3-/m0/s1",N[C@@H](CCS)C(=O)O
uridine-5'-diphosphate chloroacetol,"InChI=1S/C12H17ClN2O13P2/c13-3-6(16)4-25-29(21,22)28-30(23,24)26-5-7-9(18)10(19)11(27-7)15-2-1-8(17)14-12(15)20/h1-2,7,9-11,18-19H,3-5H2,(H,21,22)(H,23,24)(H,14,17,20)/p-2/t7-,9-,10-,11-/m1/s1",O=C(CCl)COP(=O)([O-])OP(=O)(O)OC[C@H]1O[C@@H](n2ccc([O-])nc2=O)[C@H](O)[C@@H]1O
selenolipoate,"InChI=1S/C8H14O2Se2/c9-8(10)4-2-1-3-7-5-6-11-12-7/h7H,1-6H2,(H,9,10)/p-1/t7-/m1/s1",O=C([O-])CCCC[C@@H]1CC[Se][Se]1
dCMP,"InChI=1S/C9H14N3O7P/c10-7-1-2-12(9(14)11-7)8-3-5(13)6(19-8)4-18-20(15,16)17/h1-2,5-6,8,13H,3-4H2,(H2,10,11,14)(H2,15,16,17)/p-2/t5-,6+,8+/m0/s1",N=c1ccn([C@H]2C[C@H](O)[C@@H](COP(=O)([O-])O)O2)c([O-])n1
selenalysine,"InChI=1S/C5H14N2O2Se/c6-1-2-10-3-4(7)5(8)9/h4-5,8-9H,1-3,6-7H2/p+2",[NH3+]CC[Se]CC([NH3+])C(O)O
cyclic-TMP,"InChI=1S/C10H13N2O7P/c1-5-3-12(10(14)11-9(5)13)8-2-6-7(18-8)4-17-20(15,16)19-6/h3,6-8H,2,4H2,1H3,(H,15,16)(H,11,13,14)/p-1/t6-,7+,8+/m0/s1",Cc1cn([C@H]2C[C@@H]3OP(=O)(O)OC[C@H]3O2)c(=O)nc1[O-]
6-seleno-octanoate,"InChI=1S/C8H16O2Se/c1-2-7(11)5-3-4-6-8(9)10/h7,11H,2-6H2,1H3,(H,9,10)/p-1",CCC([SeH])CCCCC(=O)[O-]
UTP,"InChI=1S/C9H15N2O15P3/c12-5-1-2-11(9(15)10-5)8-7(14)6(13)4(24-8)3-23-28(19,20)26-29(21,22)25-27(16,17)18/h1-2,4,6-8,13-14H,3H2,(H,19,20)(H,21,22)(H,10,12,15)(H2,16,17,18)/p-4/t4-,6-,7-,8-/m1/s1",O=c1nc([O-])ccn1[C@@H]1O[C@H](COP(=O)([O-])OP(=O)(O)OP(=O)([O-])[O-])[C@@H](O)[C@H]1O
8-seleno-octanoate,"InChI=1S/C8H16O2Se/c9-8(10)6-4-2-1-3-5-7-11/h11H,1-7H2,(H,9,10)/p-1",O=C([O-])CCCCCCC[SeH]
CTP,"InChI=1S/C9H16N3O14P3/c10-5-1-2-12(9(15)11-5)8-7(14)6(13)4(24-8)3-23-28(19,20)26-29(21,22)25-27(16,17)18/h1-2,4,6-8,13-14H,3H2,(H,19,20)(H,21,22)(H2,10,11,15)(H2,16,17,18)/p-4/t4-,6-,7-,8-/m1/s1",N=c1ccn([C@@H]2O[C@H](COP(=O)([O-])OP(=O)(O)OP(=O)([O-])[O-])[C@@H](O)[C@H]2O)c([O-])n1
uridine 3'-monophosphate,"InChI=1S/C9H13N2O9P/c12-3-4-7(20-21(16,17)18)6(14)8(19-4)11-2-1-5(13)10-9(11)15/h1-2,4,6-8,12,14H,3H2,(H,10,13,15)(H2,16,17,18)/p-2/t4-,6-,7-,8-/m1/s1",O=c1nc([O-])ccn1[C@@H]1O[C@H](CO)[C@@H](OP(=O)([O-])O)[C@H]1O
dTTP,"InChI=1S/C10H17N2O14P3/c1-5-3-12(10(15)11-9(5)14)8-2-6(13)7(24-8)4-23-28(19,20)26-29(21,22)25-27(16,17)18/h3,6-8,13H,2,4H2,1H3,(H,19,20)(H,21,22)(H,11,14,15)(H2,16,17,18)/p-4/t6-,7+,8+/m0/s1",Cc1cn([C@H]2C[C@H](O)[C@@H](COP(=O)([O-])OP(=O)(O)OP(=O)([O-])[O-])O2)c(=O)nc1[O-]
2'-azido-2'-deoxyuridine-5'-diphosphate,"InChI=1S/C9H13N5O12P2/c10-12-13-25-7-6(16)4(3-23-28(21,22)26-27(18,19)20)24-8(7)14-2-1-5(15)11-9(14)17/h1-2,4,6-8,16H,3H2,(H,21,22)(H,11,15,17)(H2,18,19,20)/p-3/t4-,6-,7?,8-/m1/s1",[N-]=[N+]=NOC1[C@H](n2ccc([O-])nc2=O)O[C@H](COP(=O)(O)OP(=O)([O-])[O-])[C@H]1O
"1,2-distearoyl-<i>sn</i>-glycero-3-phosphocholine","InChI=1S/C44H88NO8P/c1-6-8-10-12-14-16-18-20-22-24-26-28-30-32-34-36-43(46)50-40-42(41-52-54(48,49)51-39-38-45(3,4)5)53-44(47)37-35-33-31-29-27-25-23-21-19-17-15-13-11-9-7-2/h42H,6-41H2,1-5H3/t42-/m1/s1",CCCCCCCCCCCCCCCCCC(=O)OC[C@H](COP(=O)([O-])OCC[N+](C)(C)C)OC(=O)CCCCCCCCCCCCCCCCC
cytidine-3'-monophosphate,"InChI=1S/C9H14N3O8P/c10-5-1-2-12(9(15)11-5)8-6(14)7(4(3-13)19-8)20-21(16,17)18/h1-2,4,6-8,13-14H,3H2,(H2,10,11,15)(H2,16,17,18)/p-2/t4-,6-,7-,8-/m1/s1",N=c1ccn([C@@H]2O[C@H](CO)[C@@H](OP(=O)([O-])O)[C@H]2O)c([O-])n1
ophthalmate,"InChI=1S/C11H19N3O6/c1-2-7(10(18)13-5-9(16)17)14-8(15)4-3-6(12)11(19)20/h6-7H,2-5,12H2,1H3,(H,13,18)(H,14,15)(H,16,17)(H,19,20)/p-1/t6-,7-/m0/s1",CC[C@H](N=C([O-])CC[C@H](N)C(=O)O)C(O)=NCC(=O)O
pyrimidine,InChI=1S/C4H4N2/c1-2-5-4-6-3-1/h1-4H,c1cncnc1
L-alanyl-&gamma;-D-glutamyl-<i>meso</i>-diaminopimelate,"InChI=1S/C15H26N4O8/c1-7(16)12(21)19-10(15(26)27)5-6-11(20)18-9(14(24)25)4-2-3-8(17)13(22)23/h7-10H,2-6,16-17H2,1H3,(H,18,20)(H,19,21)(H,22,23)(H,24,25)(H,26,27)/p-1/t7-,8+,9-,10+/m0/s1",C[C@H](N)C(O)=N[C@H](CCC([O-])=N[C@@H](CCC[C@@H](N)C(=O)O)C(=O)O)C(=O)O
2'-fluoro-dCTP,"InChI=1S/C9H15FN3O13P3/c10-6-7(14)4(24-8(6)13-2-1-5(11)12-9(13)15)3-23-28(19,20)26-29(21,22)25-27(16,17)18/h1-2,4,6-8,14H,3H2,(H,19,20)(H,21,22)(H2,11,12,15)(H2,16,17,18)/p-4/t4-,6-,7-,8-/m1/s1",N=c1ccn([C@@H]2O[C@H](COP(=O)([O-])OP(=O)(O)OP(=O)([O-])[O-])[C@@H](O)[C@H]2F)c([O-])n1
L-methionyl-L-prolyl-L-alanine tripeptide,"InChI=1S/C13H23N3O4S/c1-8(13(19)20)15-11(17)10-4-3-6-16(10)12(18)9(14)5-7-21-2/h8-10H,3-7,14H2,1-2H3,(H,15,17)(H,19,20)/t8-,9-,10-/m0/s1",CSCC[C@H](N)C(=O)N1CCC[C@H]1C(O)=N[C@@H](C)C(=O)O
CDP-ethanolamine,"InChI=1S/C11H20N4O11P2/c12-2-4-23-27(19,20)26-28(21,22)24-5-6-8(16)9(17)10(25-6)15-3-1-7(13)14-11(15)18/h1,3,6,8-10,16-17H,2,4-5,12H2,(H,19,20)(H,21,22)(H2,13,14,18)/p-1/t6-,8-,9-,10-/m1/s1",N=c1ccn([C@@H]2O[C@H](COP(=O)(O)OP(=O)(O)OCCN)[C@@H](O)[C@H]2O)c([O-])n1
triglycine,"InChI=1S/C6H11N3O4/c7-1-4(10)8-2-5(11)9-3-6(12)13/h1-3,7H2,(H,8,10)(H,9,11)(H,12,13)",NCC(O)=NCC(O)=NCC(=O)O
dUMP,"InChI=1S/C9H13N2O8P/c12-5-3-8(11-2-1-7(13)10-9(11)14)19-6(5)4-18-20(15,16)17/h1-2,5-6,8,12H,3-4H2,(H,10,13,14)(H2,15,16,17)/p-2/t5-,6+,8+/m0/s1",O=c1nc([O-])ccn1[C@H]1C[C@H](O)[C@@H](COP(=O)([O-])O)O1
L-methionyl-L-alanyl-L-alanine tripeptide,"InChI=1S/C11H21N3O4S/c1-6(9(15)14-7(2)11(17)18)13-10(16)8(12)4-5-19-3/h6-8H,4-5,12H2,1-3H3,(H,13,16)(H,14,15)(H,17,18)/t6-,7-,8-/m0/s1",CSCC[C@H](N)C(O)=N[C@@H](C)C(O)=N[C@@H](C)C(=O)O
5-mercaptodeoxyuridine,"InChI=1S/C9H12N2O5S/c12-3-5-4(13)1-7(16-5)11-2-6(17)8(14)10-9(11)15/h2,4-5,7,12-13,17H,1,3H2,(H,10,14,15)/p-1/t4-,5+,7+/m0/s1",O=c1nc([O-])c(S)cn1[C@H]1C[C@H](O)[C@@H](CO)O1
"N&alpha;,N&epsilon;-diacetyl-lysyl-D-alanyl-D-alanine","InChI=1S/C16H28N4O6/c1-9(14(23)19-10(2)16(25)26)18-15(24)13(20-12(4)22)7-5-6-8-17-11(3)21/h9-10,13H,5-8H2,1-4H3,(H,17,21)(H,18,24)(H,19,23)(H,20,22)(H,25,26)/p-1/t9-,10-,13+/m1/s1",CC([O-])=NCCCC[C@H](N=C(C)O)C(O)=N[C@H](C)C(O)=N[C@H](C)C(=O)O
5-methylaminomethyl-2-selenouridine,"InChI=1S/C11H16N3O5Se/c1-12-2-5-3-14(11(20)13-9(5)18)10-8(17)7(16)6(4-15)19-10/h3,6-8,10,15-17H,2,4H2,1H3,(H,13,18,20)/q-1/t6-,7-,8-,10-/m1/s1",C[N-]Cc1cn([C@@H]2O[C@H](CO)[C@@H](O)[C@H]2O)c(=[Se])nc1O
norophthalmate,"InChI=1S/C10H17N3O6/c1-5(9(17)12-4-8(15)16)13-7(14)3-2-6(11)10(18)19/h5-6H,2-4,11H2,1H3,(H,12,17)(H,13,14)(H,15,16)(H,18,19)/p-1/t5-,6-/m0/s1",C[C@H](N=C([O-])CC[C@H](N)C(=O)O)C(O)=NCC(=O)O
dCTP,"InChI=1S/C9H16N3O13P3/c10-7-1-2-12(9(14)11-7)8-3-5(13)6(23-8)4-22-27(18,19)25-28(20,21)24-26(15,16)17/h1-2,5-6,8,13H,3-4H2,(H,18,19)(H,20,21)(H2,10,11,14)(H2,15,16,17)/p-4/t5-,6+,8+/m0/s1",N=c1ccn([C@H]2C[C@H](O)[C@@H](COP(=O)([O-])OP(=O)(O)OP(=O)([O-])[O-])O2)c([O-])n1
dipicolinate,"InChI=1S/C7H5NO4/c9-6(10)4-2-1-3-5(8-4)7(11)12/h1-3H,(H,9,10)(H,11,12)/p-2",O=C([O-])c1cccc(C(=O)[O-])n1
(11<i>S</i>)-HPODE,"InChI=1S/C18H32O4/c1-2-3-4-8-11-14-17(22-21)15-12-9-6-5-7-10-13-16-18(19)20/h11-12,14-15,17,21H,2-10,13,16H2,1H3,(H,19,20)/p-1/b14-11-,15-12-/t17-/m0/s1",CCCCC/C=C\[C@@H](/C=C\CCCCCCCC(=O)[O-])OO
cytosine,"InChI=1S/C4H5N3O/c5-3-1-2-6-4(8)7-3/h1-2H,(H3,5,6,7,8)",N=c1ccnc(O)[nH]1
uridine 2'3'-cyclic monophosphate,"InChI=1S/C9H11N2O8P/c12-3-4-6-7(19-20(15,16)18-6)8(17-4)11-2-1-5(13)10-9(11)14/h1-2,4,6-8,12H,3H2,(H,15,16)(H,10,13,14)/p-1/t4-,6-,7-,8-/m1/s1",O=c1nc([O-])ccn1[C@@H]1O[C@H](CO)[C@H]2OP(=O)(O)O[C@H]21
UDP,"InChI=1S/C9H14N2O12P2/c12-5-1-2-11(9(15)10-5)8-7(14)6(13)4(22-8)3-21-25(19,20)23-24(16,17)18/h1-2,4,6-8,13-14H,3H2,(H,19,20)(H,10,12,15)(H2,16,17,18)/p-3/t4-,6-,7-,8-/m1/s1",O=c1nc([O-])ccn1[C@@H]1O[C@H](COP(=O)(O)OP(=O)([O-])[O-])[C@@H](O)[C@H]1O
2'-chloro-2'-deoxyuridine-5'-diphosphate,"InChI=1S/C9H13ClN2O11P2/c10-6-7(14)4(3-21-25(19,20)23-24(16,17)18)22-8(6)12-2-1-5(13)11-9(12)15/h1-2,4,6-8,14H,3H2,(H,19,20)(H,11,13,15)(H2,16,17,18)/p-3/t4-,6?,7-,8-/m1/s1",O=c1nc([O-])ccn1[C@@H]1O[C@H](COP(=O)(O)OP(=O)([O-])[O-])[C@@H](O)C1Cl
"cytidine 2',3'-cyclic monophosphate","InChI=1S/C9H12N3O7P/c10-5-1-2-12(9(14)11-5)8-7-6(4(3-13)17-8)18-20(15,16)19-7/h1-2,4,6-8,13H,3H2,(H,15,16)(H2,10,11,14)/p-1/t4-,6-,7-,8-/m1/s1",N=c1ccn([C@@H]2O[C@H](CO)[C@H]3OP(=O)(O)O[C@H]32)c([O-])n1
<i>tert</i>-butyl hydroperoxide,"InChI=1S/C4H10O2/c1-4(2,3)6-5/h5H,1-3H3",CC(C)(C)OO
dTDP,"InChI=1S/C10H16N2O11P2/c1-5-3-12(10(15)11-9(5)14)8-2-6(13)7(22-8)4-21-25(19,20)23-24(16,17)18/h3,6-8,13H,2,4H2,1H3,(H,19,20)(H,11,14,15)(H2,16,17,18)/p-3/t6-,7+,8+/m0/s1",Cc1cn([C@H]2C[C@H](O)[C@@H](COP(=O)(O)OP(=O)([O-])[O-])O2)c(=O)nc1[O-]
cumene hydroperoxide,"InChI=1S/C9H12O2/c1-9(2,11-10)8-6-4-3-5-7-8/h3-7,10H,1-2H3",CC(C)(OO)c1ccccc1
2'-chloro-dCTP,"InChI=1S/C9H15ClN3O13P3/c10-6-7(14)4(24-8(6)13-2-1-5(11)12-9(13)15)3-23-28(19,20)26-29(21,22)25-27(16,17)18/h1-2,4,6-8,14H,3H2,(H,19,20)(H,21,22)(H2,11,12,15)(H2,16,17,18)/p-4/t4-,6-,7-,8-/m1/s1",N=c1ccn([C@@H]2O[C@H](COP(=O)([O-])OP(=O)(O)OP(=O)([O-])[O-])[C@@H](O)[C@H]2Cl)c([O-])n1
peroxynitrite,InChI=1S/HNO3/c2-1-4-3/h3H/p-1,O=NO[O-]
carmofur,"InChI=1S/C11H16FN3O3/c1-2-3-4-5-6-13-10(17)15-7-8(12)9(16)14-11(15)18/h7H,2-6H2,1H3,(H,13,17)(H,14,16,18)",CCCCCCN=C(O)n1cc(F)c(O)nc1=O
hydrogen peroxide,InChI=1S/H2O2/c1-2/h1-2H,OO
dUTP,"InChI=1S/C9H15N2O14P3/c12-5-3-8(11-2-1-7(13)10-9(11)14)23-6(5)4-22-27(18,19)25-28(20,21)24-26(15,16)17/h1-2,5-6,8,12H,3-4H2,(H,18,19)(H,20,21)(H,10,13,14)(H2,15,16,17)/p-4/t5-,6+,8+/m0/s1",O=c1nc([O-])ccn1[C@H]1C[C@H](O)[C@@H](COP(=O)([O-])OP(=O)(O)OP(=O)([O-])[O-])O1
5-bromo-dCTP,"InChI=1S/C9H15BrN3O13P3/c10-4-2-13(9(15)12-8(4)11)7-1-5(14)6(24-7)3-23-28(19,20)26-29(21,22)25-27(16,17)18/h2,5-7,14H,1,3H2,(H,19,20)(H,21,22)(H2,11,12,15)(H2,16,17,18)/p-4/t5-,6+,7+/m0/s1",N=c1nc([O-])n([C@H]2C[C@H](O)[C@@H](COP(=O)([O-])OP(=O)(O)OP(=O)([O-])[O-])O2)cc1Br
5-methylaminomethyl-2-thiouridine,"InChI=1S/C12H19N3O5S/c1-13-3-2-6-4-15(12(21)14-10(6)19)11-9(18)8(17)7(5-16)20-11/h4,7-9,11,13,16-18H,2-3,5H2,1H3,(H,14,19,21)/p+1/t7-,8-,9-,11-/m1/s1",C[NH2+]CCc1cn([C@@H]2O[C@H](CO)[C@@H](O)[C@H]2O)c(=S)nc1O
uridine-5'-diphosphate bromoacetol,"InChI=1S/C12H17BrN2O13P2/c13-3-6(16)4-25-29(21,22)28-30(23,24)26-5-7-9(18)10(19)11(27-7)15-2-1-8(17)14-12(15)20/h1-2,7,9-11,18-19H,3-5H2,(H,21,22)(H,23,24)(H,14,17,20)/p-2/t7-,9-,10-,11-/m1/s1",O=C(CBr)COP(=O)([O-])OP(=O)(O)OC[C@H]1O[C@@H](n2ccc([O-])nc2=O)[C@H](O)[C@@H]1O
dCDP,"InChI=1S/C9H15N3O10P2/c10-7-1-2-12(9(14)11-7)8-3-5(13)6(21-8)4-20-24(18,19)22-23(15,16)17/h1-2,5-6,8,13H,3-4H2,(H,18,19)(H2,10,11,14)(H2,15,16,17)/p-3/t5-,6+,8+/m0/s1",N=c1ccn([C@H]2C[C@H](O)[C@@H](COP(=O)(O)OP(=O)([O-])[O-])O2)c([O-])n1
microcin B17 precursor peptide containing azole residues,,CC[C@H](C)[C@@H](C(=O)NCC(=O)NCC(NCC(=O)NCC(NCC(=O)NCC(NCC(=O)NCC(NCC(=O)NCC9(\O\C=C(C8(\S\C=C(C(=O)NCC(=O)NCC(N[C@@H](CCC(=O)N)C(=O)NCC(=O)NCC(=O)NCC7(\S\C=C(C(=O)NCC(=O)NCC6(\N=C(C(N[C@@H](CO)C(=O)N[C@@H](CC(=O)N)C(NCC5(\S\C=C(C4(\O\C=C(C(NCC(=O)NCC(N[C@@H](CC(=O)N)C(=O)NCC(NCC3(\O\C=C(C(NCC(NCC2(\O\C=C(C(NCC(=O)N[C@@H](CO)C(N[C@H](CC1(\N=C/N\C=1))C(=O)N[C@H]([C@@H](C)CC)C(=O)[O-])=O)=O)/N=2))=O)=O)/N=3))=O)=O)=O)/N=4))/N=5))=O)=O)/S\C=6))/N=7))=O)/N=8))/N=9))=O)=O)=O)=O)NC(CNC(=O)[C@@H](NC([C@@H](N[a protein])[R])=O)C(C)C)=O
cyclic-UMP,"InChI=1S/C9H11N2O8P/c12-5-1-2-11(9(14)10-5)8-6(13)7-4(18-8)3-17-20(15,16)19-7/h1-2,4,6-8,13H,3H2,(H,15,16)(H,10,12,14)/p-1/t4-,6-,7-,8-/m1/s1",O=c1nc([O-])ccn1[C@@H]1O[C@@H]2COP(=O)(O)O[C@H]2[C@H]1O
(2R)-tartronate semialdehyde,"InChI=1S/C3H4O4/c4-1-2(5)3(6)7/h1-2,5H,(H,6,7)/p-1/t2-/m1/s1",O=C[C@@H](O)C(=O)[O-]
uracil,"InChI=1S/C4H4N2O2/c7-3-1-2-5-4(8)6-3/h1-2H,(H2,5,6,7,8)",Oc1ccnc(O)n1
1-palmitoyl-2-myristoyl phosphatidate,"InChI=1S/C33H65O8P/c1-3-5-7-9-11-13-15-16-18-19-21-23-25-27-32(34)39-29-31(30-40-42(36,37)38)41-33(35)28-26-24-22-20-17-14-12-10-8-6-4-2/h31H,3-30H2,1-2H3,(H2,36,37,38)/p-2/t31-/m1/s1",CCCCCCCCCCCCCCCC(=O)OC[C@H](COP(=O)([O-])[O-])OC(=O)CCCCCCCCCCCCC
trimethoprim,"InChI=1S/C14H18N4O3/c1-19-10-5-8(6-11(20-2)12(10)21-3)4-9-7-17-14(16)18-13(9)15/h5-7H,4H2,1-3H3,(H4,15,16,17,18)",COc1cc(Cc2c[nH]c(=N)[nH]c2=N)cc(OC)c1OC
1-stearoyl-2-stearoyl-<i>sn</i>-glycerol 3-phosphate,"InChI=1S/C39H77O8P/c1-3-5-7-9-11-13-15-17-19-21-23-25-27-29-31-33-38(40)45-35-37(36-46-48(42,43)44)47-39(41)34-32-30-28-26-24-22-20-18-16-14-12-10-8-6-4-2/h37H,3-36H2,1-2H3,(H2,42,43,44)/p-2/t37-/m1/s1",CCCCCCCCCCCCCCCCCC(=O)OC[C@H](COP(=O)([O-])[O-])OC(=O)CCCCCCCCCCCCCCCCC
uridine 2'-monophosphate,"InChI=1S/C9H13N2O9P/c12-3-4-6(14)7(20-21(16,17)18)8(19-4)11-2-1-5(13)10-9(11)15/h1-2,4,6-8,12,14H,3H2,(H,10,13,15)(H2,16,17,18)/p-2/t4-,6-,7-,8-/m1/s1",O=c1nc([O-])ccn1[C@@H]1O[C@H](CO)[C@@H](O)[C@H]1OP(=O)([O-])O
"1,2-dimyristoyl-<i>sn</i>-glycerol 3-phosphate","InChI=1S/C31H61O8P/c1-3-5-7-9-11-13-15-17-19-21-23-25-30(32)37-27-29(28-38-40(34,35)36)39-31(33)26-24-22-20-18-16-14-12-10-8-6-4-2/h29H,3-28H2,1-2H3,(H2,34,35,36)/p-2/t29-/m1/s1",CCCCCCCCCCCCCC(=O)OC[C@H](COP(=O)([O-])[O-])OC(=O)CCCCCCCCCCCCC
dTMP,"InChI=1S/C10H15N2O8P/c1-5-3-12(10(15)11-9(5)14)8-2-6(13)7(20-8)4-19-21(16,17)18/h3,6-8,13H,2,4H2,1H3,(H,11,14,15)(H2,16,17,18)/p-2/t6-,7+,8+/m0/s1",Cc1cn([C@H]2C[C@H](O)[C@@H](COP(=O)([O-])O)O2)c(=O)nc1[O-]
2'-azido-dCTP,"InChI=1S/C9H15N6O13P3/c10-5-1-2-15(9(17)12-5)8-6(13-14-11)7(16)4(26-8)3-25-30(21,22)28-31(23,24)27-29(18,19)20/h1-2,4,6-8,16H,3H2,(H,21,22)(H,23,24)(H2,10,12,17)(H2,18,19,20)/p-4/t4-,6-,7-,8-/m1/s1",[N-]=[N+]=N[C@@H]1[C@H](O)[C@@H](COP(=O)([O-])OP(=O)(O)OP(=O)([O-])[O-])O[C@H]1n1ccc(=N)nc1[O-]
cytidine 2'-monophosphate,"InChI=1S/C9H14N3O8P/c10-5-1-2-12(9(15)11-5)8-7(20-21(16,17)18)6(14)4(3-13)19-8/h1-2,4,6-8,13-14H,3H2,(H2,10,11,15)(H2,16,17,18)/p-2/t4-,6-,7-,8-/m1/s1",N=c1ccn([C@@H]2O[C@H](CO)[C@@H](O)[C@H]2OP(=O)([O-])O)c([O-])n1
hydroxymethyl-dCDP,"InChI=1S/C10H17N3O11P2/c11-9-5(3-14)2-13(10(16)12-9)8-1-6(15)7(23-8)4-22-26(20,21)24-25(17,18)19/h2,6-8,14-15H,1,3-4H2,(H,20,21)(H2,11,12,16)(H2,17,18,19)/p-3/t6-,7+,8+/m0/s1",N=c1nc([O-])n([C@H]2C[C@H](O)[C@@H](COP(=O)(O)OP(=O)([O-])[O-])O2)cc1CO
CDP,"InChI=1S/C9H15N3O11P2/c10-5-1-2-12(9(15)11-5)8-7(14)6(13)4(22-8)3-21-25(19,20)23-24(16,17)18/h1-2,4,6-8,13-14H,3H2,(H,19,20)(H2,10,11,15)(H2,16,17,18)/p-3/t4-,6-,7-,8-/m1/s1",N=c1ccn([C@@H]2O[C@H](COP(=O)(O)OP(=O)([O-])[O-])[C@@H](O)[C@H]2O)c([O-])n1
methylphosphonate,"InChI=1S/CH5O3P/c1-5(2,3)4/h1H3,(H2,2,3,4)/p-1",CP(=O)([O-])O
ethylphosphonate,"InChI=1S/C2H7O3P/c1-2-6(3,4)5/h2H2,1H3,(H2,3,4,5)/p-1",CCP(=O)([O-])O
propylphosphonate,"InChI=1S/C3H9O3P/c1-2-3-7(4,5)6/h2-3H2,1H3,(H2,4,5,6)/p-1",CCCP(=O)([O-])O
methylenediphosphonate,"InChI=1S/CH6O6P2/c2-8(3,4)1-9(5,6)7/h1H2,(H2,2,3,4)(H2,5,6,7)/p-2",O=P([O-])([O-])CP(=O)(O)O
phenylphosphonate,"InChI=1S/C6H7O3P/c7-10(8,9)6-4-2-1-3-5-6/h1-5H,(H2,7,8,9)/p-2",O=P([O-])([O-])c1ccccc1
phosphonoacetaldehyde,"InChI=1S/C2H5O4P/c3-1-2-7(4,5)6/h1H,2H2,(H2,4,5,6)/p-1",O=CCP(=O)([O-])O
aspartyl-phosphonate-adenosine,"InChI=1S/C15H21N6O9P/c16-6(1-9(23)24)7(22)3-31(27,28)29-2-8-11(25)12(26)15(30-8)21-5-20-10-13(17)18-4-19-14(10)21/h4-6,8,11-12,15,25-26H,1-3,16H2,(H,23,24)(H,27,28)(H2,17,18,19)/p-1/t6-,8+,11+,12+,15+/m0/s1",Nc1ncnc2c1ncn2[C@@H]1O[C@H](COP(=O)(O)CC(=O)[C@@H](N)CC(=O)[O-])[C@@H](O)[C@H]1O
<i>S</i>-nitrosoglutathione,"InChI=1S/C10H16N4O7S/c11-5(10(19)20)1-2-7(15)13-6(4-22-14-21)9(18)12-3-8(16)17/h5-6H,1-4,11H2,(H,12,18)(H,13,15)(H,16,17)(H,19,20)/p-1/t5-,6-/m0/s1",N[C@@H](CCC([O-])=N[C@@H](CSN=O)C(O)=NCC(=O)O)C(=O)O
glutamyl-&beta;-ketophosphonate-adenosine,"InChI=1S/C16H23N6O9P/c17-7(1-2-10(24)25)8(23)4-32(28,29)30-3-9-12(26)13(27)16(31-9)22-6-21-11-14(18)19-5-20-15(11)22/h5-7,9,12-13,16,26-27H,1-4,17H2,(H,24,25)(H,28,29)(H2,18,19,20)/p-1/t7-,9+,12+,13+,16+/m0/s1",Nc1ncnc2c1ncn2[C@@H]1O[C@H](COP(=O)(O)CC(=O)[C@@H](N)CCC(=O)[O-])[C@@H](O)[C@H]1O
L-alanosine,"InChI=1S/C3H7N3O4/c4-2(3(7)8)1-6(10)5-9/h2,10H,1,4H2,(H,7,8)/t2-/m0/s1",N[C@@H](CN(O)N=O)C(=O)O
glutaminyl-&beta;-ketophosphonate-adenosine,"InChI=1S/C16H24N7O8P/c17-7(1-2-10(18)25)8(24)4-32(28,29)30-3-9-12(26)13(27)16(31-9)23-6-22-11-14(19)20-5-21-15(11)23/h5-7,9,12-13,16,26-27H,1-4,17H2,(H2,18,25)(H,28,29)(H2,19,20,21)/t7-,9+,12+,13+,16+/m0/s1",N=C(O)CC[C@H](N)C(=O)CP(=O)(O)OC[C@H]1O[C@@H](n2cnc3c(N)ncnc32)[C@H](O)[C@@H]1O
<i>S</i>-(hydroxysulfenamide)glutathione,"InChI=1S/C10H18N4O7S/c11-5(10(19)20)1-2-7(15)13-6(4-22-14-21)9(18)12-3-8(16)17/h5-6,14,21H,1-4,11H2,(H,12,18)(H,13,15)(H,16,17)(H,19,20)/p-1/t5-,6-/m0/s1",N[C@@H](CCC([O-])=N[C@@H](CSNO)C(O)=NCC(=O)O)C(=O)O
phosphonoacetate,"InChI=1S/C2H5O5P/c3-2(4)1-8(5,6)7/h1H2,(H,3,4)(H2,5,6,7)/p-2",O=C([O-])CP(=O)([O-])O
ectoine,"InChI=1S/C6H10N2O2/c1-4-7-3-2-5(8-4)6(9)10/h5H,2-3H2,1H3,(H,7,8)(H,9,10)/t5-/m0/s1",CC1=NCC[C@@H](C(=O)O)N1
methyl-acetylphosphonate,"InChI=1S/C3H7O4P/c1-3(4)8(5,6)7-2/h1-2H3,(H,5,6)/p-1",COP(=O)([O-])C(C)=O
5-amino-1-(5-phospho-&beta;-D-ribosyl)imidazole,"InChI=1S/C8H14N3O7P/c9-5-1-10-3-11(5)8-7(13)6(12)4(18-8)2-17-19(14,15)16/h1,3-4,6-8,12-13H,2,9H2,(H2,14,15,16)/p-1/t4-,6-,7-,8-/m1/s1",Nc1cncn1[C@@H]1O[C@H](COP(=O)([O-])O)[C@@H](O)[C@H]1O
"3,4,-dihydroxybutylphosphonate","InChI=1S/C4H11O5P/c5-3-4(6)1-2-10(7,8)9/h4-6H,1-3H2,(H2,7,8,9)/p-1",O=P([O-])(O)CCC(O)CO
1<i>H</i>-imidazole,"InChI=1S/C3H4N2/c1-2-5-3-4-1/h1-3H,(H,4,5)",c1c[nH]cn1
&alpha;-D-glucose 1-methylene-phosphonate,"InChI=1S/C7H15O9P/c8-1-3-4(9)5(10)6(11)7(16-3)15-2-17(12,13)14/h3-11H,1-2H2,(H2,12,13,14)/p-1/t3-,4-,5+,6-,7+/m1/s1",O=P([O-])(O)CO[C@H]1O[C@H](CO)[C@@H](O)[C@H](O)[C@H]1O
4<i>H</i>-imidazole,"InChI=1S/C3H4N2/c1-2-5-3-4-1/h1,3H,2H2",C1=NC=NC1
ornidazole,"InChI=1S/C7H10ClN3O3/c1-5-9-3-7(11(13)14)10(5)4-6(12)2-8/h3,6,12H,2,4H2,1H3",Cc1ncc([N+](=O)[O-])n1CC(O)CCl
chlorhexidine,"InChI=1S/C22H30Cl2N10/c23-15-5-9-17(10-6-15)31-21(27)33-19(25)29-13-3-1-2-4-14-30-20(26)34-22(28)32-18-11-7-16(24)8-12-18/h5-12H,1-4,13-14H2,(H5,25,27,29,31,33)(H5,26,28,30,32,34)",N=C(NCCCCCCNC(=N)NC(=N)Nc1ccc(Cl)cc1)NC(=N)Nc1ccc(Cl)cc1
biotin,"InChI=1S/C10H16N2O3S/c13-8(14)4-2-1-3-7-9-6(5-16-7)11-10(15)12-9/h6-7,9H,1-5H2,(H,13,14)(H2,11,12,15)/p-1/t6-,7-,9-/m0/s1",O=C([O-])CCCC[C@@H]1SC[C@@H]2N=C(O)N[C@@H]21
dequalinium,"InChI=1S/C30H38N4/c1-23-21-27(31)25-15-9-11-17-29(25)33(23)19-13-7-5-3-4-6-8-14-20-34-24(2)22-28(32)26-16-10-12-18-30(26)34/h9-12,15-18,21-22,31-32H,3-8,13-14,19-20H2,1-2H3/p+2",Cc1cc(=[NH2+])c2ccccc2n1CCCCCCCCCCn1c(C)cc(=[NH2+])c2ccccc21
3-methylbut-2-enal,"InChI=1S/C5H8O/c1-5(2)3-4-6/h3-4H,1-2H3",CC(C)=CC=O
&alpha;-Kdo-(2->4)-&alpha;-Kdo-(2->6)-lipid IV<SUB>A</SUB> (E. coli),"InChI=1S/C84H154N2O37P2/c1-5-9-13-17-21-25-29-33-37-41-55(89)45-65(96)85-69-77(117-67(98)47-57(91)43-39-35-31-27-23-19-15-11-7-3)73(102)63(115-80(69)123-125(110,111)112)53-113-79-70(86-66(97)46-56(90)42-38-34-30-26-22-18-14-10-6-2)78(118-68(99)48-58(92)44-40-36-32-28-24-20-16-12-8-4)76(122-124(107,108)109)64(116-79)54-114-83(81(103)104)50-62(72(101)75(120-83)61(95)52-88)119-84(82(105)106)49-59(93)71(100)74(121-84)60(94)51-87/h55-64,69-80,87-95,100-102H,5-54H2,1-4H3,(H,85,96)(H,86,97)(H,103,104)(H,105,106)(H2,107,108,109)(H2,110,111,112)/p-6/t55-,56-,57-,58-,59-,60-,61-,62-,63-,64-,69-,70-,71-,72-,73-,74-,75-,76-,77-,78-,79-,80-,83-,84-/m1/s1",CCCCCCCCCCC[C@@H](O)CC(=O)O[C@@H]1[C@@H](N=C([O-])C[C@H](O)CCCCCCCCCCC)[C@H](OC[C@H]2O[C@H](OP(=O)(O)O)[C@H](N=C([O-])C[C@H](O)CCCCCCCCCCC)[C@@H](OC(=O)C[C@H](O)CCCCCCCCCCC)[C@@H]2O)O[C@H](CO[C@]2(C(=O)[O-])C[C@@H](O[C@]3(C(=O)[O-])C[C@@H](O)[C@@H](O)[C@@H]([C@H](O)CO)O3)[C@@H](O)[C@@H]([C@H](O)CO)O2)[C@H]1OP(=O)([O-])[O-]
b-dgro-dgal-NON-2:6|1:a|2:keto|3:d,,
pyridine,InChI=1S/C5H5N/c1-2-4-6-5-3-1/h1-5H,c1ccncc1
x-dgro-dgal-NON-2:6|1:a|2:keto|3:d,,
a-dgro-dgal-NON-2:6|1:a|2:keto|3:d,,
Al<SUP>3+</SUP>,InChI=1S/Al/q+3,[Al+3]
Pb<sup>2+</sup>,InChI=1S/Pb/q+2,[Pb+2]
Sn<SUP>2+</SUP>,InChI=1S/Sn/q+2,[Sn+2]
Zn<SUP>2+</SUP>,InChI=1S/Zn/q+2,[Zn+2]
Cd<SUP>2+</SUP>,InChI=1S/Cd/q+2,[Cd+2]
ITP,"InChI=1S/C10H15N4O14P3/c15-6-4(1-25-30(21,22)28-31(23,24)27-29(18,19)20)26-10(7(6)16)14-3-13-5-8(14)11-2-12-9(5)17/h2-4,6-7,10,15-16H,1H2,(H,21,22)(H,23,24)(H,11,12,17)(H2,18,19,20)/p-4/t4-,6-,7-,10-/m1/s1",O=P([O-])([O-])OP(=O)(O)OP(=O)([O-])OC[C@H]1O[C@@H](n2cnc3c([O-])ncnc32)[C@H](O)[C@@H]1O
Hg<SUP>2+</SUP>,InChI=1S/Hg/q+2,[Hg+2]
isoguanine,"InChI=1S/C5H5N5O/c6-3-2-4(8-1-7-2)10-5(11)9-3/h1H,(H4,6,7,8,9,10,11)",Nc1nc(O)[nH]c2ncnc1-2
&alpha;-D-Kdo-(2&rarr;4)-&alpha;-D-Kdo-(2&rarr;6)-lipid A (<i>E. coli</i>),"InChI=1S/C110H202N2O39P2/c1-7-13-19-25-31-37-38-44-50-56-62-68-92(123)142-82(66-60-54-48-42-35-29-23-17-11-5)72-94(125)146-104-96(112-90(121)71-81(65-59-53-47-41-34-28-22-16-10-4)141-91(122)67-61-55-49-43-36-30-24-18-12-6)105(144-88(102(104)150-152(133,134)135)78-140-109(107(129)130)74-86(98(127)101(148-109)85(119)76-114)147-110(108(131)132)73-83(117)97(126)100(149-110)84(118)75-113)139-77-87-99(128)103(145-93(124)70-80(116)64-58-52-46-40-33-27-21-15-9-3)95(106(143-87)151-153(136,137)138)111-89(120)69-79(115)63-57-51-45-39-32-26-20-14-8-2/h79-88,95-106,113-119,126-128H,7-78H2,1-6H3,(H,111,120)(H,112,121)(H,129,130)(H,131,132)(H2,133,134,135)(H2,136,137,138)/p-6/t79-,80-,81-,82-,83-,84-,85-,86-,87-,88-,95-,96-,97-,98-,99-,100-,101-,102-,103-,104-,105-,106-,109-,110-/m1/s1",CCCCCCCCCCCCCC(=O)O[C@H](CCCCCCCCCCC)CC(=O)O[C@@H]1[C@@H](N=C([O-])C[C@@H](CCCCCCCCCCC)OC(=O)CCCCCCCCCCC)[C@H](OC[C@H]2O[C@H](OP(=O)(O)O)[C@H](N=C([O-])C[C@H](O)CCCCCCCCCCC)[C@@H](OC(=O)C[C@H](O)CCCCCCCCCCC)[C@@H]2O)O[C@H](CO[C@]2(C(=O)[O-])C[C@@H](O[C@]3(C(=O)[O-])C[C@@H](O)[C@@H](O)[C@@H]([C@H](O)CO)O3)[C@@H](O)[C@@H]([C@H](O)CO)O2)[C@H]1OP(=O)([O-])[O-]
hypoxanthine,"InChI=1S/C5H4N4O/c10-5-3-4(7-1-6-3)8-2-9-5/h1-2H,(H2,6,7,8,9,10)",Oc1ncnc2[nH]cnc12
"(Kdo)<SUB>2</SUB>-lipid A, cold adapted","InChI=1S/C114H208N2O39P2/c1-7-13-19-25-31-37-39-40-42-48-54-59-65-71-95(126)145-85(69-63-57-51-45-35-29-23-17-11-5)75-94(125)116-100-108(150-98(129)76-86(70-64-58-52-46-36-30-24-18-12-6)146-96(127)72-66-60-53-47-41-38-32-26-20-14-8-2)106(154-156(137,138)139)92(82-144-113(111(133)134)78-90(102(131)105(152-113)89(123)80-118)151-114(112(135)136)77-87(121)101(130)104(153-114)88(122)79-117)148-109(100)143-81-91-103(132)107(149-97(128)74-84(120)68-62-56-50-44-34-28-22-16-10-4)99(110(147-91)155-157(140,141)142)115-93(124)73-83(119)67-61-55-49-43-33-27-21-15-9-3/h37,39,83-92,99-110,117-123,130-132H,7-36,38,40-82H2,1-6H3,(H,115,124)(H,116,125)(H,133,134)(H,135,136)(H2,137,138,139)(H2,140,141,142)/p-6/b39-37-/t83-,84-,85-,86-,87-,88-,89-,90-,91-,92-,99-,100-,101-,102-,103-,104-,105-,106-,107-,108-,109-,110-,113-,114-/m1/s1",CCCCCC/C=C\CCCCCCCC(=O)O[C@H](CCCCCCCCCCC)CC([O-])=N[C@H]1[C@H](OC[C@H]2O[C@H](OP(=O)(O)O)[C@H](N=C([O-])C[C@H](O)CCCCCCCCCCC)[C@@H](OC(=O)C[C@H](O)CCCCCCCCCCC)[C@@H]2O)O[C@H](CO[C@]2(C(=O)[O-])C[C@@H](O[C@]3(C(=O)[O-])C[C@@H](O)[C@@H](O)[C@@H]([C@H](O)CO)O3)[C@@H](O)[C@@H]([C@H](O)CO)O2)[C@@H](OP(=O)([O-])[O-])[C@@H]1OC(=O)C[C@@H](CCCCCCCCCCC)OC(=O)CCCCCCCCCCCCC
pGpp,"InChI=1S/C10H16N5O14P3/c11-10-13-7-4(8(17)14-10)12-2-15(7)9-5(16)6(3(27-9)1-26-30(18,19)20)28-32(24,25)29-31(21,22)23/h2-3,5-6,9,16H,1H2,(H,24,25)(H2,18,19,20)(H2,21,22,23)(H3,11,13,14,17)/p-5/t3-,5-,6-,9-/m1/s1",N=c1nc([O-])c2ncn([C@@H]3O[C@H](COP(=O)([O-])[O-])[C@@H](OP(=O)(O)OP(=O)([O-])[O-])[C@H]3O)c2[nH]1
methane,InChI=1S/CH4/h1H4,C
8-oxo-dGMP,"InChI=1S/C10H14N5O8P/c11-9-13-7-6(8(17)14-9)12-10(18)15(7)5-1-3(16)4(23-5)2-22-24(19,20)21/h3-5,16H,1-2H2,(H,12,18)(H2,19,20,21)(H3,11,13,14,17)/p-2/t3-,4+,5+/m0/s1",N=c1nc([O-])c2nc([O-])n([C@H]3C[C@H](O)[C@@H](COP(=O)(O)O)O3)c2[nH]1
galactitol,"InChI=1S/C6H14O6/c7-1-3(9)5(11)6(12)4(10)2-8/h3-12H,1-2H2/t3-,4+,5+,6-",OC[C@@H](O)[C@H](O)[C@H](O)[C@@H](O)CO
GDP,"InChI=1S/C10H15N5O11P2/c11-10-13-7-4(8(18)14-10)12-2-15(7)9-6(17)5(16)3(25-9)1-24-28(22,23)26-27(19,20)21/h2-3,5-6,9,16-17H,1H2,(H,22,23)(H2,19,20,21)(H3,11,13,14,18)/p-3/t3-,5-,6-,9-/m1/s1",N=c1nc([O-])c2ncn([C@@H]3O[C@H](COP(=O)(O)OP(=O)([O-])[O-])[C@@H](O)[C@H]3O)c2[nH]1
L-iditol,"InChI=1S/C6H14O6/c7-1-3(9)5(11)6(12)4(10)2-8/h3-12H,1-2H2/t3-,4-,5+,6+/m0/s1",OC[C@H](O)[C@@H](O)[C@H](O)[C@@H](O)CO
adenosine 3'-monophosphate,"InChI=1S/C10H14N5O7P/c11-8-5-9(13-2-12-8)15(3-14-5)10-6(17)7(4(1-16)21-10)22-23(18,19)20/h2-4,6-7,10,16-17H,1H2,(H2,11,12,13)(H2,18,19,20)/p-2/t4-,6-,7-,10-/m1/s1",Nc1ncnc2c1ncn2[C@@H]1O[C@H](CO)[C@@H](OP(=O)([O-])[O-])[C@H]1O
2-iminobutanoate,"InChI=1S/C4H7NO2/c1-2-3(5)4(6)7/h5H,2H2,1H3,(H,6,7)",CCC(=N)C(=O)O
ADP,"InChI=1S/C10H15N5O10P2/c11-8-5-9(13-2-12-8)15(3-14-5)10-7(17)6(16)4(24-10)1-23-27(21,22)25-26(18,19)20/h2-4,6-7,10,16-17H,1H2,(H,21,22)(H2,11,12,13)(H2,18,19,20)/p-3/t4-,6-,7-,10-/m1/s1",Nc1ncnc2c1ncn2[C@@H]1O[C@H](COP(=O)([O-])OP(=O)([O-])[O-])[C@@H](O)[C@H]1O
2-iminosuccinate,"InChI=1S/C4H5NO4/c5-2(4(8)9)1-3(6)7/h5H,1H2,(H,6,7)(H,8,9)/p-2",N=C(CC(=O)[O-])C(=O)[O-]
"5,6-dihydrothymine","InChI=1S/C5H8N2O2/c1-3-2-6-5(9)7-4(3)8/h3H,2H2,1H3,(H2,6,7,8,9)",CC1CN=C(O)N=C1O
&alpha;-Kdo-(2->4)-&alpha;-Kdo-(2->6)-(lauroyl)-lipid IV<SUB>A</SUB> (E. coli),"InChI=1S/C96H176N2O38P2/c1-6-11-16-21-26-31-36-41-46-51-66(101)56-76(107)97-81-89(130-79(110)57-67(102)52-47-42-37-32-27-22-17-12-7-2)85(114)74(128-92(81)136-138(122,123)124)64-125-91-82(98-77(108)59-69(54-49-44-39-34-29-24-19-14-9-4)127-78(109)55-50-45-40-35-30-25-20-15-10-5)90(131-80(111)58-68(103)53-48-43-38-33-28-23-18-13-8-3)88(135-137(119,120)121)75(129-91)65-126-95(93(115)116)61-73(84(113)87(133-95)72(106)63-100)132-96(94(117)118)60-70(104)83(112)86(134-96)71(105)62-99/h66-75,81-92,99-106,112-114H,6-65H2,1-5H3,(H,97,107)(H,98,108)(H,115,116)(H,117,118)(H2,119,120,121)(H2,122,123,124)/p-6/t66-,67-,68-,69-,70-,71-,72-,73-,74-,75-,81-,82-,83-,84-,85-,86-,87-,88-,89-,90-,91-,92-,95-,96-/m1/s1",CCCCCCCCCCCC(=O)O[C@H](CCCCCCCCCCC)CC([O-])=N[C@H]1[C@H](OC[C@H]2O[C@H](OP(=O)(O)O)[C@H](N=C([O-])C[C@H](O)CCCCCCCCCCC)[C@@H](OC(=O)C[C@H](O)CCCCCCCCCCC)[C@@H]2O)O[C@H](CO[C@]2(C(=O)[O-])C[C@@H](O[C@]3(C(=O)[O-])C[C@@H](O)[C@@H](O)[C@@H]([C@H](O)CO)O3)[C@@H](O)[C@@H]([C@H](O)CO)O2)[C@@H](OP(=O)([O-])[O-])[C@@H]1OC(=O)C[C@H](O)CCCCCCCCCCC
8-oxo-dGDP,"InChI=1S/C10H15N5O11P2/c11-9-13-7-6(8(17)14-9)12-10(18)15(7)5-1-3(16)4(25-5)2-24-28(22,23)26-27(19,20)21/h3-5,16H,1-2H2,(H,12,18)(H,22,23)(H2,19,20,21)(H3,11,13,14,17)/p-3/t3-,4+,5+/m0/s1",N=c1nc([O-])c2nc([O-])n([C@H]3C[C@H](O)[C@@H](COP(=O)(O)OP(=O)([O-])O)O3)c2[nH]1
2-palmitoleoyl-<i>sn</i>-glycero-3-phosphoethanolamine,"InChI=1S/C21H42NO7P/c1-2-3-4-5-6-7-8-9-10-11-12-13-14-15-21(24)29-20(18-23)19-28-30(25,26)27-17-16-22/h7-8,20,23H,2-6,9-19,22H2,1H3,(H,25,26)/b8-7-/t20-/m1/s1",CCCCCC/C=C\CCCCCCCC(=O)O[C@H](CO)COP(=O)(O)OCCN
dGDP,"InChI=1S/C10H15N5O10P2/c11-10-13-8-7(9(17)14-10)12-3-15(8)6-1-4(16)5(24-6)2-23-27(21,22)25-26(18,19)20/h3-6,16H,1-2H2,(H,21,22)(H2,18,19,20)(H3,11,13,14,17)/p-3/t4-,5+,6+/m0/s1",N=c1nc([O-])c2ncn([C@H]3C[C@H](O)[C@@H](COP(=O)(O)OP(=O)([O-])[O-])O3)c2[nH]1
2-myristoleoyl-<i>sn</i>-glycero-3-phosphoethanolamine,"InChI=1S/C19H38NO7P/c1-2-3-4-5-6-7-8-9-10-11-12-13-19(22)27-18(16-21)17-26-28(23,24)25-15-14-20/h5-6,18,21H,2-4,7-17,20H2,1H3,(H,23,24)/b6-5-/t18-/m1/s1",CCCC/C=C\CCCCCCCC(=O)O[C@H](CO)COP(=O)(O)OCCN
XMP,"InChI=1S/C10H13N4O9P/c15-5-3(1-22-24(19,20)21)23-9(6(5)16)14-2-11-4-7(14)12-10(18)13-8(4)17/h2-3,5-6,9,15-16H,1H2,(H2,19,20,21)(H2,12,13,17,18)/p-2/t3-,5-,6-,9-/m1/s1",O=P(O)(O)OC[C@H]1O[C@@H](n2cnc3c([O-])nc([O-])nc32)[C@H](O)[C@@H]1O
2-oleoyl-<i>sn</i>-glycero-3-phosphoethanolamine,"InChI=1S/C23H46NO7P/c1-2-3-4-5-6-7-8-9-10-11-12-13-14-15-16-17-23(26)31-22(20-25)21-30-32(27,28)29-19-18-24/h9-10,22,25H,2-8,11-21,24H2,1H3,(H,27,28)/b10-9-/t22-/m1/s1",CCCCCCCC/C=C\CCCCCCCC(=O)O[C@H](CO)COP(=O)(O)OCCN
dADP,"InChI=1S/C10H15N5O9P2/c11-9-8-10(13-3-12-9)15(4-14-8)7-1-5(16)6(23-7)2-22-26(20,21)24-25(17,18)19/h3-7,16H,1-2H2,(H,20,21)(H2,11,12,13)(H2,17,18,19)/p-3/t5-,6+,7+/m0/s1",Nc1ncnc2c1ncn2[C@H]1C[C@H](O)[C@@H](COP(=O)([O-])OP(=O)([O-])[O-])O1
&alpha;-Hep-(1&rarr;3)-4-<i>O</i>-phospho-&alpha;-Hep-(1&rarr;5)-[&alpha;-Kdo-(2&rarr;4)]-&alpha;-Kdo-(2&rarr;6)-lipid A (<i>E. coli</i>),"InChI=1S/C124H227N2O54P3/c1-7-13-19-25-31-37-38-44-50-56-62-68-96(141)166-84(66-60-54-48-42-35-29-23-17-11-5)72-98(143)170-114-100(126-94(139)71-83(65-59-53-47-41-34-28-22-16-10-4)165-95(140)67-61-55-49-43-36-30-24-18-12-6)117(163-79-91-102(145)113(169-97(142)70-82(132)64-58-52-46-40-33-27-21-15-9-3)99(118(167-91)180-183(160,161)162)125-93(138)69-81(131)63-57-51-45-39-32-26-20-14-8-2)168-92(112(114)178-181(154,155)156)80-164-123(121(150)151)74-90(175-124(122(152)153)73-85(133)101(144)108(176-124)87(135)76-128)111(110(177-123)89(137)78-130)173-120-106(149)115(116(179-182(157,158)159)109(172-120)88(136)77-129)174-119-105(148)103(146)104(147)107(171-119)86(134)75-127/h81-92,99-120,127-137,144-149H,7-80H2,1-6H3,(H,125,138)(H,126,139)(H,150,151)(H,152,153)(H2,154,155,156)(H2,157,158,159)(H2,160,161,162)/p-8/t81-,82-,83-,84-,85-,86-,87-,88+,89-,90-,91-,92-,99-,100-,101-,102-,103+,104+,105+,106+,107-,108-,109-,110-,111-,112-,113-,114-,115-,116-,117-,118-,119-,120-,123-,124-/m1/s1",CCCCCCCCCCCCCC(=O)O[C@H](CCCCCCCCCCC)CC(=O)O[C@@H]1[C@@H](N=C([O-])C[C@@H](CCCCCCCCCCC)OC(=O)CCCCCCCCCCC)[C@H](OC[C@H]2O[C@H](OP(=O)(O)O)[C@H](N=C([O-])C[C@H](O)CCCCCCCCCCC)[C@@H](OC(=O)C[C@H](O)CCCCCCCCCCC)[C@@H]2O)O[C@H](CO[C@]2(C(=O)[O-])C[C@@H](O[C@]3(C(=O)[O-])C[C@@H](O)[C@@H](O)[C@@H]([C@H](O)CO)O3)[C@@H](O[C@H]3O[C@H]([C@@H](O)CO)[C@@H](OP(=O)([O-])[O-])[C@H](O[C@H]4O[C@H]([C@H](O)CO)[C@@H](O)[C@H](O)[C@@H]4O)[C@@H]3O)[C@@H]([C@H](O)CO)O2)[C@H]1OP(=O)([O-])[O-]
IDP,"InChI=1S/C10H14N4O11P2/c15-6-4(1-23-27(21,22)25-26(18,19)20)24-10(7(6)16)14-3-13-5-8(14)11-2-12-9(5)17/h2-4,6-7,10,15-16H,1H2,(H,21,22)(H,11,12,17)(H2,18,19,20)/p-3/t4-,6-,7-,10-/m1/s1",O=P([O-])([O-])OP(=O)(O)OC[C@H]1O[C@@H](n2cnc3c([O-])ncnc32)[C@H](O)[C@@H]1O
hexane,"InChI=1S/C6H14/c1-3-5-6-4-2/h3-6H2,1-2H3",CCCCCC
3'-deoxyadenosine 5'-monophosphate,"InChI=1S/C10H14N5O6P/c11-8-7-9(13-3-12-8)15(4-14-7)10-6(16)1-5(21-10)2-20-22(17,18)19/h3-6,10,16H,1-2H2,(H2,11,12,13)(H2,17,18,19)/p-2/t5-,6+,10+/m0/s1",Nc1ncnc2c1ncn2[C@@H]1O[C@H](COP(=O)([O-])[O-])C[C@H]1O
octane,"InChI=1S/C8H18/c1-3-5-7-8-6-4-2/h3-8H2,1-2H3",CCCCCCCC
8-oxo-GTP,"InChI=1S/C10H16N5O15P3/c11-9-13-6-3(7(18)14-9)12-10(19)15(6)8-5(17)4(16)2(28-8)1-27-32(23,24)30-33(25,26)29-31(20,21)22/h2,4-5,8,16-17H,1H2,(H,12,19)(H,23,24)(H,25,26)(H2,20,21,22)(H3,11,13,14,18)/p-4/t2-,4-,5-,8-/m1/s1",N=c1nc([O-])c2nc([O-])n([C@@H]3O[C@H](COP(=O)(O)OP(=O)(O)OP(=O)([O-])[O-])[C@@H](O)[C@H]3O)c2[nH]1
heptane,"InChI=1S/C7H16/c1-3-5-7-6-4-2/h3-7H2,1-2H3",CCCCCCC
GMP,"InChI=1S/C10H14N5O8P/c11-10-13-7-4(8(18)14-10)12-2-15(7)9-6(17)5(16)3(23-9)1-22-24(19,20)21/h2-3,5-6,9,16-17H,1H2,(H2,19,20,21)(H3,11,13,14,18)/p-2/t3-,5-,6-,9-/m1/s1",N=c1nc([O-])c2ncn([C@@H]3O[C@H](COP(=O)([O-])O)[C@@H](O)[C@H]3O)c2[nH]1
all-<i>trans</i>-undecaprenyl group,,C/C=C(\C)CC/C=C(\C)CC/C=C(\C)CC/C=C(\C)CC/C=C(\C)CC/C=C(\C)CC/C=C(\C)CC/C=C(\C)CC/C=C(\C)CC/C=C(\C)CCC=C(C)C
guanosine 3'-monophosphate,"InChI=1S/C10H14N5O8P/c11-10-13-7-4(8(18)14-10)12-2-15(7)9-5(17)6(3(1-16)22-9)23-24(19,20)21/h2-3,5-6,9,16-17H,1H2,(H2,19,20,21)(H3,11,13,14,18)/p-2/t3-,5-,6-,9-/m1/s1",N=c1nc([O-])c2ncn([C@@H]3O[C@H](CO)[C@@H](OP(=O)([O-])O)[C@H]3O)c2[nH]1
dolichol-group,,CC[C@@H](C)CC/C=C(/C)CC/C=C(/C)CC/C=C(/C)CC/C=C(/C)CC/C=C(/C)CC/C=C(/C)CC/C=C(/C)CC/C=C(/C)CC/C=C(/C)CC/C=C(/C)CC/C=C(/C)CC/C=C(/C)CC/C=C(\C)CC/C=C(\C)CCC=C(C)C
cyclic-AMP,"InChI=1S/C10H12N5O6P/c11-8-5-9(13-2-12-8)15(3-14-5)10-6(16)7-4(20-10)1-19-22(17,18)21-7/h2-4,6-7,10,16H,1H2,(H,17,18)(H2,11,12,13)/p-1/t4-,6-,7-,10-/m1/s1",Nc1ncnc2c1ncn2[C@@H]1O[C@@H]2COP(=O)([O-])O[C@H]2[C@H]1O
"mono-<i>trans</i>, poly-<i>cis</i>-decaprenyl group",,C/C=C(/C)CC/C=C(/C)CC/C=C(/C)CC/C=C(/C)CC/C=C(/C)CC/C=C(/C)CC/C=C(/C)CC/C=C(/C)CC/C=C(\C)CCC=C(C)C
dIMP,"InChI=1S/C10H13N4O7P/c15-5-1-7(21-6(5)2-20-22(17,18)19)14-4-13-8-9(14)11-3-12-10(8)16/h3-7,15H,1-2H2,(H,11,12,16)(H2,17,18,19)/p-2/t5-,6+,7+/m0/s1",O=P([O-])(O)OC[C@H]1O[C@@H](n2cnc3c([O-])ncnc32)C[C@@H]1O
"<i>di-trans,octa-cis</i>-undecaprenyl group",,C/C=C(/C)CC/C=C(/C)CC/C=C(/C)CC/C=C(/C)CC/C=C(/C)CC/C=C(/C)CC/C=C(/C)CC/C=C(/C)CC/C=C(\C)CC/C=C(\C)CCC=C(C)C
8-oxo-GDP,"InChI=1S/C10H15N5O12P2/c11-9-13-6-3(7(18)14-9)12-10(19)15(6)8-5(17)4(16)2(26-8)1-25-29(23,24)27-28(20,21)22/h2,4-5,8,16-17H,1H2,(H,12,19)(H,23,24)(H2,20,21,22)(H3,11,13,14,18)/p-3/t2-,4-,5-,8-/m1/s1",N=c1nc([O-])c2nc([O-])n([C@@H]3O[C@H](COP(=O)(O)OP(=O)([O-])O)[C@@H](O)[C@H]3O)c2[nH]1
4-hydroxybutanoate,"InChI=1S/C4H8O3/c5-3-1-2-4(6)7/h5H,1-3H2,(H,6,7)/p-1",O=C([O-])CCCO
5'-ethylthioadenosine,"InChI=1S/C12H17N5O3S/c1-2-21-3-6-8(18)9(19)12(20-6)17-5-16-7-10(13)14-4-15-11(7)17/h4-6,8-9,12,18-19H,2-3H2,1H3,(H2,13,14,15)/t6-,8-,9-,12-/m1/s1",CCSC[C@H]1O[C@@H](n2cnc3c(N)ncnc32)[C@H](O)[C@@H]1O
hepta-acylated Kdo<sub>2</sub> lipid A (<i>E. coli</i>),"InChI=1S/C126H232N2O40P2/c1-8-15-22-29-36-43-45-46-48-55-62-68-75-82-106(137)157-95(78-71-64-57-50-39-32-25-18-11-4)85-104(135)127-111-119(162-109(140)84-94(131)77-70-63-56-49-38-31-24-17-10-3)115(144)102(160-122(111)168-170(152,153)154)92-155-121-112(128-105(136)86-96(79-72-65-58-51-40-33-26-19-12-5)158-107(138)81-74-67-60-53-42-35-28-21-14-7)120(163-110(141)87-97(80-73-66-59-52-41-34-27-20-13-6)159-108(139)83-76-69-61-54-47-44-37-30-23-16-9-2)118(167-169(149,150)151)103(161-121)93-156-125(123(145)146)89-101(114(143)117(165-125)100(134)91-130)164-126(124(147)148)88-98(132)113(142)116(166-126)99(133)90-129/h94-103,111-122,129-134,142-144H,8-93H2,1-7H3,(H,127,135)(H,128,136)(H,145,146)(H,147,148)(H2,149,150,151)(H2,152,153,154)/p-6/t94-,95-,96-,97-,98-,99-,100-,101-,102-,103-,111-,112-,113-,114-,115-,116-,117-,118-,119-,120-,121-,122-,125-,126-/m1/s1",CCCCCCCCCCCCCCCC(=O)O[C@H](CCCCCCCCCCC)CC([O-])=N[C@H]1[C@@H](OP(=O)(O)O)O[C@H](CO[C@@H]2O[C@H](CO[C@]3(C(=O)[O-])C[C@@H](O[C@]4(C(=O)[O-])C[C@@H](O)[C@@H](O)[C@@H]([C@H](O)CO)O4)[C@@H](O)[C@@H]([C@H](O)CO)O3)[C@@H](OP(=O)([O-])[O-])[C@H](OC(=O)C[C@@H](CCCCCCCCCCC)OC(=O)CCCCCCCCCCCCC)[C@H]2N=C([O-])C[C@@H](CCCCCCCCCCC)OC(=O)CCCCCCCCCCC)[C@@H](O)[C@@H]1OC(=O)C[C@H](O)CCCCCCCCCCC
dGMP,"InChI=1S/C10H14N5O7P/c11-10-13-8-7(9(17)14-10)12-3-15(8)6-1-4(16)5(22-6)2-21-23(18,19)20/h3-6,16H,1-2H2,(H2,18,19,20)(H3,11,13,14,17)/p-2/t4-,5+,6+/m0/s1",N=c1nc([O-])c2ncn([C@H]3C[C@H](O)[C@@H](COP(=O)([O-])O)O3)c2[nH]1
Ca<SUP>2+</SUP>,InChI=1S/Ca/q+2,[Ca+2]
XDP,"InChI=1S/C10H14N4O12P2/c15-5-3(1-24-28(22,23)26-27(19,20)21)25-9(6(5)16)14-2-11-4-7(14)12-10(18)13-8(4)17/h2-3,5-6,9,15-16H,1H2,(H,22,23)(H2,19,20,21)(H2,12,13,17,18)/p-3/t3-,5-,6-,9-/m1/s1",O=P([O-])(O)OP(=O)(O)OC[C@H]1O[C@@H](n2cnc3c([O-])nc([O-])nc32)[C@H](O)[C@@H]1O
Be<SUP>2+</SUP>,InChI=1S/Be/q+2,[Be+2]
dAMP,"InChI=1S/C10H14N5O6P/c11-9-8-10(13-3-12-9)15(4-14-8)7-1-5(16)6(21-7)2-20-22(17,18)19/h3-7,16H,1-2H2,(H2,11,12,13)(H2,17,18,19)/p-2/t5-,6+,7+/m0/s1",Nc1ncnc2c1ncn2[C@H]1C[C@H](O)[C@@H](COP(=O)([O-])[O-])O1
Mg<SUP>2+</SUP>,InChI=1S/Mg/q+2,[Mg+2]
IMP,"InChI=1S/C10H13N4O8P/c15-6-4(1-21-23(18,19)20)22-10(7(6)16)14-3-13-5-8(14)11-2-12-9(5)17/h2-4,6-7,10,15-16H,1H2,(H,11,12,17)(H2,18,19,20)/p-2/t4-,6-,7-,10-/m1/s1",O=P([O-])(O)OC[C@H]1O[C@@H](n2cnc3c([O-])ncnc32)[C@H](O)[C@@H]1O
Ba<SUP>2+</SUP>,InChI=1S/Ba/q+2,[Ba+2]
dIDP,"InChI=1S/C10H14N4O10P2/c15-5-1-7(14-4-13-8-9(14)11-3-12-10(8)16)23-6(5)2-22-26(20,21)24-25(17,18)19/h3-7,15H,1-2H2,(H,20,21)(H,11,12,16)(H2,17,18,19)/p-3/t5-,6+,7+/m0/s1",O=P([O-])([O-])OP(=O)(O)OC[C@H]1O[C@@H](n2cnc3c([O-])ncnc32)C[C@@H]1O
b-dman-HEX-1:5|6:d,,
8-oxo-GMP,"InChI=1S/C10H14N5O9P/c11-9-13-6-3(7(18)14-9)12-10(19)15(6)8-5(17)4(16)2(24-8)1-23-25(20,21)22/h2,4-5,8,16-17H,1H2,(H,12,19)(H2,20,21,22)(H3,11,13,14,18)/p-2/t2-,4-,5-,8-/m1/s1",N=c1nc([O-])c2nc([O-])n([C@@H]3O[C@H](COP(=O)(O)O)[C@@H](O)[C@H]3O)c2[nH]1
a-lman-HEX-1:5|6:d,,
GTP,"InChI=1S/C10H16N5O14P3/c11-10-13-7-4(8(18)14-10)12-2-15(7)9-6(17)5(16)3(27-9)1-26-31(22,23)29-32(24,25)28-30(19,20)21/h2-3,5-6,9,16-17H,1H2,(H,22,23)(H,24,25)(H2,19,20,21)(H3,11,13,14,18)/p-4/t3-,5-,6-,9-/m1/s1",N=c1nc([O-])c2ncn([C@@H]3O[C@H](COP(=O)([O-])OP(=O)(O)OP(=O)([O-])[O-])[C@@H](O)[C@H]3O)c2[nH]1
a-dman-HEX-1:5,,
pppApp,"InChI=1S/C10H18N5O19P5/c11-8-5-9(13-2-12-8)15(3-14-5)10-7(31-38(25,26)32-35(17,18)19)6(16)4(30-10)1-29-37(23,24)34-39(27,28)33-36(20,21)22/h2-4,6-7,10,16H,1H2,(H,23,24)(H,25,26)(H,27,28)(H2,11,12,13)(H2,17,18,19)(H2,20,21,22)/p-7/t4-,6-,7-,10-/m1/s1",Nc1ncnc2c1ncn2[C@@H]1O[C@H](COP(=O)([O-])OP(=O)([O-])OP(=O)([O-])[O-])[C@@H](O)[C@H]1OP(=O)([O-])OP(=O)([O-])[O-]
x-dman-HEX-x:x,,
"3',5'-cyclic GMP","InChI=1S/C10H12N5O7P/c11-10-13-7-4(8(17)14-10)12-2-15(7)9-5(16)6-3(21-9)1-20-23(18,19)22-6/h2-3,5-6,9,16H,1H2,(H,18,19)(H3,11,13,14,17)/p-1/t3-,5-,6-,9-/m1/s1",N=c1nc([O-])c2ncn([C@@H]3O[C@@H]4COP(=O)(O)O[C@H]4[C@H]3O)c2[nH]1
b-lman-HEX-1:5|6:d,,
dITP,"InChI=1S/C10H15N4O13P3/c15-5-1-7(14-4-13-8-9(14)11-3-12-10(8)16)25-6(5)2-24-29(20,21)27-30(22,23)26-28(17,18)19/h3-7,15H,1-2H2,(H,20,21)(H,22,23)(H,11,12,16)(H2,17,18,19)/p-4/t5-,6+,7+/m0/s1",O=P([O-])([O-])OP(=O)(O)OP(=O)([O-])OC[C@H]1O[C@@H](n2cnc3c([O-])ncnc32)C[C@@H]1O
b-dman-HEX-1:5,,
adenosine 2'-monophosphate,"InChI=1S/C10H14N5O7P/c11-8-5-9(13-2-12-8)15(3-14-5)10-7(22-23(18,19)20)6(17)4(1-16)21-10/h2-4,6-7,10,16-17H,1H2,(H2,11,12,13)(H2,18,19,20)/p-2/t4-,6-,7-,10-/m1/s1",Nc1ncnc2c1ncn2[C@@H]1O[C@H](CO)[C@@H](O)[C@H]1OP(=O)([O-])[O-]
a-dman-HEX-1:5|6:a,,
5'-n-propylthioadenosine,"InChI=1S/C13H19N5O3S/c1-2-3-22-4-7-9(19)10(20)13(21-7)18-6-17-8-11(14)15-5-16-12(8)18/h5-7,9-10,13,19-20H,2-4H2,1H3,(H2,14,15,16)/t7-,9-,10-,13-/m1/s1",CCCSC[C@H]1O[C@@H](n2cnc3c(N)ncnc32)[C@H](O)[C@@H]1O
x-lman-HEX-1:5|6:d,,
dGTP,"InChI=1S/C10H16N5O13P3/c11-10-13-8-7(9(17)14-10)12-3-15(8)6-1-4(16)5(26-6)2-25-30(21,22)28-31(23,24)27-29(18,19)20/h3-6,16H,1-2H2,(H,21,22)(H,23,24)(H2,18,19,20)(H3,11,13,14,17)/p-4/t4-,5+,6+/m0/s1",N=c1nc([O-])c2ncn([C@H]3C[C@H](O)[C@@H](COP(=O)([O-])OP(=O)(O)OP(=O)([O-])[O-])O3)c2[nH]1
x-dman-HEX-1:4,,
guanosine 2'-monophosphate,"InChI=1S/C10H14N5O8P/c11-10-13-7-4(8(18)14-10)12-2-15(7)9-6(23-24(19,20)21)5(17)3(1-16)22-9/h2-3,5-6,9,16-17H,1H2,(H2,19,20,21)(H3,11,13,14,18)/p-2/t3-,5-,6-,9-/m1/s1",N=c1nc([O-])c2ncn([C@@H]3O[C@H](CO)[C@@H](O)[C@H]3OP(=O)([O-])O)c2[nH]1
b-dman-HEX-1:5|6:a,,
XTP,"InChI=1S/C10H15N4O15P3/c15-5-3(1-26-31(22,23)29-32(24,25)28-30(19,20)21)27-9(6(5)16)14-2-11-4-7(14)12-10(18)13-8(4)17/h2-3,5-6,9,15-16H,1H2,(H,22,23)(H,24,25)(H2,19,20,21)(H2,12,13,17,18)/p-4/t3-,5-,6-,9-/m1/s1",O=P([O-])([O-])OP(=O)(O)OP(=O)(O)OC[C@H]1O[C@@H](n2cnc3c([O-])nc([O-])nc32)[C@H](O)[C@@H]1O
a-dman-HEX-1:5|6:d,,
dATP,"InChI=1S/C10H16N5O12P3/c11-9-8-10(13-3-12-9)15(4-14-8)7-1-5(16)6(25-7)2-24-29(20,21)27-30(22,23)26-28(17,18)19/h3-7,16H,1-2H2,(H,20,21)(H,22,23)(H2,11,12,13)(H2,17,18,19)/p-4/t5-,6+,7+/m0/s1",Nc1ncnc2c1ncn2[C@H]1C[C@H](O)[C@@H](COP(=O)([O-])OP(=O)([O-])OP(=O)([O-])[O-])O1
x-dman-HEX-1:5,,
enterobacterial common antigen,,CC(C)=CCCC(\C)=C/CCC(\C)=C/CCC(/C)=C/CCC(/C)=C/CCC(/C)=C/CCC(/C)=C/CCC(/C)=C/CCC(/C)=C/CCC(/C)=C/CCC(/C)=C/COP(=O)([O-])OP(=O)([O-])O[C@H]9(O[C@H](CO)[C@@H](O[C@@H]8(O[C@H](C(=O)[O-])[C@@H](O[C@H]7(O[C@H](C)[C@H](NC(C)=O)[C@H](O[C@H]6(O[C@H](CO)[C@@H](O[C@@H]5(O[C@H](C(=O)[O-])[C@@H](O[C@H]4(O[C@H](C)[C@H](NC(C)=O)[C@H](O[C@H]3(O[C@H](CO)[C@@H](O[C@@H]2(O[C@H](C(=O)[O-])[C@@H](O[C@H]1(O[C@H](C)[C@H](NC(C)=O)[C@H](O[R])[C@@H](O)1))[C@H](O)[C@H](NC(C)=O)2))[C@H](O)[C@@H](NC(C)=O)3))[C@@H](O)4))[C@H](O)[C@H](NC(C)=O)5))[C@H](O)[C@@H](NC(C)=O)6))[C@@H](O)7))[C@H](O)[C@H](NC(C)=O)8))[C@H](O)[C@@H](NC(C)=O)9)
chloride,InChI=1S/ClH/h1H/p-1,[Cl-]
iodide,InChI=1S/HI/h1H/p-1,[I-]
fluoride,InChI=1S/FH/h1H/p-1,[F-]
bromide,InChI=1S/BrH/h1H/p-1,[Br-]
a-dman-OCT-2:6|1:a|2:keto|3:d,,
b-dman-OCT-2:6|1:a|2:keto|3:d,,
1-stearoyl-<i>sn</i>-glycerol,"InChI=1S/C21H42O4/c1-2-3-4-5-6-7-8-9-10-11-12-13-14-15-16-17-21(24)25-19-20(23)18-22/h20,22-23H,2-19H2,1H3/t20-/m0/s1",CCCCCCCCCCCCCCCCCC(=O)OC[C@@H](O)CO
Und-PP-MurNAc-L-Ala-&gamma;-D-Glu-<i>meso</i>-DAP-D-Ala-D-Ala,"InChI=1S/C87H143N7O23P2/c1-56(2)29-18-30-57(3)31-19-32-58(4)33-20-34-59(5)35-21-36-60(6)37-22-38-61(7)39-23-40-62(8)41-24-42-63(9)43-25-44-64(10)45-26-46-65(11)47-27-48-66(12)53-54-113-118(109,110)117-119(111,112)116-87-77(92-71(17)96)79(78(98)75(55-95)115-87)114-70(16)82(101)89-68(14)81(100)94-74(86(107)108)51-52-76(97)93-73(50-28-49-72(88)85(105)106)83(102)90-67(13)80(99)91-69(15)84(103)104/h29,31,33,35,37,39,41,43,45,47,53,67-70,72-75,77-79,87,95,98H,18-28,30,32,34,36,38,40,42,44,46,48-52,54-55,88H2,1-17H3,(H,89,101)(H,90,102)(H,91,99)(H,92,96)(H,93,97)(H,94,100)(H,103,104)(H,105,106)(H,107,108)(H,109,110)(H,111,112)/p-4/b57-31+,58-33+,59-35-,60-37-,61-39-,62-41-,63-43-,64-45-,65-47-,66-53-/t67-,68+,69-,70-,72-,73+,74-,75-,77-,78-,79-,87-/m1/s1",CC(C)=CCC/C(C)=C\CC/C(C)=C\CC/C(C)=C/CC/C(C)=C/CC/C(C)=C/CC/C(C)=C/CC/C(C)=C/CC/C(C)=C/CC/C(C)=C/CC/C(C)=C/COP(=O)(O)OP(=O)(O)O[C@H]1O[C@H](CO)[C@@H](O)[C@H](O[C@H](C)C(O)=N[C@@H](C)C([O-])=N[C@H](CCC([O-])=N[C@@H](CCC[C@@H](N)C(=O)O)C(O)=N[C@H](C)C([O-])=N[C@H](C)C(=O)O)C(=O)O)[C@H]1N=C(C)[O-]
Und-PP-MurNAc-L-Ala-&gamma;-D-Glu-L-Lys-D-Ala-D-Ala,"InChI=1S/C86H143N7O21P2/c1-57(2)30-20-31-58(3)32-21-33-59(4)34-22-35-60(5)36-23-37-61(6)38-24-39-62(7)40-25-41-63(8)42-26-43-64(9)44-27-45-65(10)46-28-47-66(11)48-29-49-67(12)53-55-110-115(106,107)114-116(108,109)113-86-77(91-72(17)95)79(78(97)75(56-94)112-86)111-71(16)82(100)88-69(14)81(99)93-74(85(104)105)51-52-76(96)92-73(50-18-19-54-87)83(101)89-68(13)80(98)90-70(15)84(102)103/h30,32,34,36,38,40,42,44,46,48,53,68-71,73-75,77-79,86,94,97H,18-29,31,33,35,37,39,41,43,45,47,49-52,54-56,87H2,1-17H3,(H,88,100)(H,89,101)(H,90,98)(H,91,95)(H,92,96)(H,93,99)(H,102,103)(H,104,105)(H,106,107)(H,108,109)/p-3/b58-32+,59-34+,60-36-,61-38-,62-40-,63-42-,64-44-,65-46-,66-48-,67-53-/t68-,69+,70-,71-,73+,74-,75-,77-,78-,79-,86-/m1/s1",CC(C)=CCC/C(C)=C\CC/C(C)=C\CC/C(C)=C/CC/C(C)=C/CC/C(C)=C/CC/C(C)=C/CC/C(C)=C/CC/C(C)=C/CC/C(C)=C/CC/C(C)=C/COP(=O)(O)OP(=O)(O)O[C@H]1O[C@H](CO)[C@@H](O)[C@H](O[C@H](C)C(O)=N[C@@H](C)C(O)=N[C@H](CCC([O-])=N[C@@H](CCCCN)C(O)=N[C@H](C)C([O-])=N[C@H](C)C(=O)O)C(=O)O)[C@H]1N=C(C)[O-]
4-mercuriphenylsulfonate,"InChI=1S/C6H5O3S.Hg/c7-10(8,9)6-4-2-1-3-5-6;/h2-5H,(H,7,8,9);/p-1",O=S(=O)([O-])C1=CC=C=C[CH]1.[Hg]
Fe<SUP>3+</SUP>,InChI=1S/Fe/q+3,[Fe+3]
phenyl-thiazolylurea-sulfonamides,"InChI=1S/C10H10N4O3S2/c11-9(15)13-19(16,17)14(10-12-6-7-18-10)8-4-2-1-3-5-8/h1-7H,(H3,11,13,15)/p-1",N=C([O-])NS(=O)(=O)N(c1ccccc1)c1nccs1
Fe<sup>2+</sup>,InChI=1S/Fe/q+2,[Fe+2]
3-sulfanylpropanoate,"InChI=1S/C3H6O2S/c4-3(5)1-2-6/h6H,1-2H2,(H,4,5)/p-1",O=C([O-])CCS
[FeO(OH)] monomer,InChI=1S/Fe.H2O.O/h;1H2;/q+1;;/p-1,[Fe+].[OH-].[O]
tetrahydrothiamine diphosphate,"InChI=1S/C12H22N4O7P2S/c1-8-11(3-4-22-25(20,21)23-24(17,18)19)26-7-16(8)6-10-5-14-9(2)15-12(10)13/h5,8,11H,3-4,6-7H2,1-2H3,(H,20,21)(H2,13,14,15)(H2,17,18,19)/p-3",Cc1ncc(CN2CSC(CCOP(=O)([O-])OP(=O)([O-])[O-])C2C)c(=N)[nH]1
dimethyl sulfide,InChI=1S/C2H6S/c1-3-2/h1-2H3,CSC
mersalyl acid,"InChI=1S/C13H16NO5.Hg/c1-9(18-2)7-14-13(17)10-5-3-4-6-11(10)19-8-12(15)16;/h3-6,9H,1,7-8H2,2H3,(H,14,17)(H,15,16);/p-1",[CH2]C(CN=C(O)c1ccccc1OCC(=O)[O-])OC.[Hg]
x-dara-HEX-2:5|2:keto,,
isothiocyanate,InChI=1S/CNS/c2-1-3/q-1,[N-]=C=S
a-lara-PEN-1:4,,
5-bromo-4-chloro-3-indoxyl phosphate,"InChI=1S/C8H6BrClNO3P/c9-4-1-2-5-7(8(4)10)6(3-11-5)15(12,13)14/h1-3,11H,(H2,12,13,14)/p-2",O=P([O-])([O-])c1c[nH]c2ccc(Br)c(Cl)c12
x-dara-PEN-1:4,,
H<SUP>+</SUP>,InChI=1S/p+1,[H+]
a + L,,
b-dara-HEX-2:5|2:keto,,
ammonium,InChI=1S/H3N/h1H3/p+1,[NH4+]
a-dara-HEX-2:5|2:keto,,
Cu<SUP>+</SUP>,InChI=1S/Cu/q+1,[Cu+]
x-lara-PEN-1:4,,
Tl<sup>+</sup>,InChI=1S/Tl/q+1,[Tl+]
b-lara-PEN-1:4,,
a-dara-PEN-1:4,,
cyanide,InChI=1S/CN/c1-2/q-1,[C-]#N
sulfanilamide,"InChI=1S/C6H8N2O2S/c7-5-1-3-6(4-2-5)11(8,9)10/h1-4H,7H2,(H2,8,9,10)",Nc1ccc(S(N)(=O)=O)cc1
potassium chloride,,
sulfamethazine,"InChI=1S/C12H14N4O2S/c1-8-7-9(2)15-12(14-8)16-19(17,18)11-5-3-10(13)4-6-11/h3-7H,13H2,1-2H3,(H,14,15,16)",Cc1cc(C)nc(NS(=O)(=O)c2ccc(N)cc2)n1
calcium nitrate tetrahydrate,,
sulfamethoxazole,"InChI=1S/C10H11N3O3S/c1-7-6-10(12-16-7)13-17(14,15)9-4-2-8(11)3-5-9/h2-6H,11H2,1H3,(H,12,13)",Cc1cc(NS(=O)(=O)c2ccc(N)cc2)no1
barium chloride,,
sulfadiazine,"InChI=1S/C10H10N4O2S/c11-8-2-4-9(5-3-8)17(15,16)14-10-12-6-1-7-13-10/h1-7H,11H2,(H,12,13,14)",Nc1ccc(S(=O)(=O)Nc2ncccn2)cc1
ammonium sodium hydrogenphosphate tetrahydrate,,
sulfamonomethoxine,"InChI=1S/C11H12N4O3S/c1-18-11-6-10(13-7-14-11)15-19(16,17)9-4-2-8(12)3-5-9/h2-7H,12H2,1H3,(H,13,14,15)",COc1cc(NS(=O)(=O)c2ccc(N)cc2)ncn1
ammonium molybdate,,
sulfachloropyridazine,"InChI=1S/C10H9ClN4O2S/c11-9-5-6-10(14-13-9)15-18(16,17)8-3-1-7(12)2-4-8/h1-6H,12H2,(H,14,15)",Nc1ccc(S(=O)(=O)Nc2ccc(Cl)nn2)cc1
dichlorocadmium,,
&alpha;-Kdo-(2&rarr;6)-lipid IV<sub>A</sub> (E. coli),"InChI=1S/C76H142N2O30P2/c1-5-9-13-17-21-25-29-33-37-41-53(80)45-61(86)77-65-71(104-63(88)47-55(82)43-39-35-31-27-23-19-15-11-7-3)68(91)59(102-74(65)108-110(97,98)99)51-100-73-66(78-62(87)46-54(81)42-38-34-30-26-22-18-14-10-6-2)72(105-64(89)48-56(83)44-40-36-32-28-24-20-16-12-8-4)70(107-109(94,95)96)60(103-73)52-101-76(75(92)93)49-57(84)67(90)69(106-76)58(85)50-79/h53-60,65-74,79-85,90-91H,5-52H2,1-4H3,(H,77,86)(H,78,87)(H,92,93)(H2,94,95,96)(H2,97,98,99)/p-5/t53-,54-,55-,56-,57-,58-,59-,60-,65-,66-,67-,68-,69-,70-,71-,72-,73-,74-,76-/m1/s1",CCCCCCCCCCC[C@@H](O)CC(=O)O[C@@H]1[C@@H](N=C([O-])C[C@H](O)CCCCCCCCCCC)[C@H](OC[C@H]2O[C@H](OP(=O)(O)O)[C@H](N=C([O-])C[C@H](O)CCCCCCCCCCC)[C@@H](OC(=O)C[C@H](O)CCCCCCCCCCC)[C@@H]2O)O[C@H](CO[C@]2(C(=O)[O-])C[C@@H](O)[C@@H](O)[C@@H]([C@H](O)CO)O2)[C@H]1OP(=O)([O-])[O-]
sodium tetraborate decahydrate,,
lipid A-core oligosaccharide phosphoethanolamine (KdoII),"InChI=1S/C164H298N3O92P5/c1-7-13-19-25-31-37-38-44-50-56-62-68-110(186)234-92(66-60-54-48-42-35-29-23-17-11-5)74-112(188)242-144-114(167-108(184)73-91(65-59-53-47-41-34-28-22-16-10-4)233-109(185)67-61-55-49-43-36-30-24-18-12-6)151(228-86-104-119(193)143(241-111(187)72-90(176)64-58-52-46-40-33-27-21-15-9-3)113(152(237-104)259-263(222,223)224)166-107(183)71-89(175)63-57-51-45-39-32-26-20-14-8-2)240-106(142(144)256-260(213,214)215)88-231-163(161(209)210)76-99(252-164(162(211)212)75-93(177)115(189)140(254-164)102(83-174)255-264(225,226)232-70-69-165)141(139(253-163)97(181)80-171)247-158-133(207)146(149(257-261(216,217)218)137(245-158)96(180)79-170)250-159-134(208)147(150(258-262(219,220)221)138(246-159)98(182)84-227-154-129(203)123(197)126(200)135(243-154)94(178)77-168)249-157-132(206)145(120(194)105(239-157)87-229-153-128(202)121(195)116(190)100(81-172)235-153)248-160-148(125(199)117(191)101(82-173)236-160)251-156-131(205)122(196)118(192)103(238-156)85-230-155-130(204)124(198)127(201)136(244-155)95(179)78-169/h89-106,113-160,168-182,189-208H,7-88,165H2,1-6H3,(H,166,183)(H,167,184)(H,209,210)(H,211,212)(H,225,226)(H2,213,214,215)(H2,216,217,218)(H2,219,220,221)(H2,222,223,224)/p-10/t89-,90-,91-,92-,93-,94+,95+,96+,97-,98-,99-,100-,101-,102-,103-,104-,105-,106-,113-,114-,115-,116+,117-,118-,119-,120-,121+,122+,123+,124+,125+,126+,127+,128-,129+,130+,131-,132-,133+,134+,135-,136-,137-,138-,139-,140-,141-,142-,143-,144-,145+,146+,147-,148-,149-,150-,151-,152-,153+,154+,155+,156-,157-,158+,159+,160-,163-,164-/m1/s1",CCCCCCCCCCCCCC(=O)O[C@H](CCCCCCCCCCC)CC(=O)O[C@@H]1[C@@H](N=C([O-])C[C@@H](CCCCCCCCCCC)OC(=O)CCCCCCCCCCC)[C@H](OC[C@H]2O[C@H](OP(=O)(O)O)[C@H](N=C([O-])C[C@H](O)CCCCCCCCCCC)[C@@H](OC(=O)C[C@H](O)CCCCCCCCCCC)[C@@H]2O)O[C@H](CO[C@]2(C(=O)[O-])C[C@@H](O[C@]3(C(=O)[O-])C[C@@H](O)[C@@H](O)[C@@H]([C@@H](CO)OP(=O)(O)OCCN)O3)[C@@H](O[C@@H]3O[C@H]([C@@H](O)CO)[C@@H](OP(=O)([O-])[O-])[C@@H](O[C@@H]4O[C@H]([C@H](O)CO[C@H]5O[C@H]([C@@H](O)CO)[C@@H](O)[C@H](O)[C@@H]5O)[C@@H](OP(=O)([O-])[O-])[C@H](O[C@H]5O[C@H](CO[C@H]6O[C@H](CO)[C@H](O)[C@H](O)[C@H]6O)[C@@H](O)[C@H](O[C@H]6O[C@H](CO)[C@@H](O)[C@H](O)[C@H]6O[C@H]6O[C@H](CO[C@H]7O[C@H]([C@@H](O)CO)[C@@H](O)[C@H](O)[C@@H]7O)[C@@H](O)[C@H](O)[C@H]6O)[C@H]5O)[C@@H]4O)[C@@H]3O)[C@@H]([C@H](O)CO)O2)[C@H]1OP(=O)([O-])[O-]
potassium sulfate,,
lipid A-core oligosaccharide (<i>E. coli</i> R3 core type),"InChI=1S/C163H293N3O88P4/c1-8-14-20-26-32-38-39-45-51-57-63-69-110(188)228-92(67-61-55-49-43-36-30-24-18-12-5)73-112(190)237-141-115(166-108(186)72-91(66-60-54-48-42-35-29-23-17-11-4)227-109(187)68-62-56-50-44-37-31-25-19-13-6)150(225-86-105-122(197)140(236-111(189)71-90(178)65-59-53-47-41-34-28-22-16-10-3)114(152(234-105)254-258(221,222)223)165-107(185)70-89(177)64-58-52-46-40-33-27-21-15-9-2)235-106(139(141)251-255(212,213)214)87-226-162(160(208)209)75-99(248-163(161(210)211)74-93(179)116(191)134(249-163)95(181)77-168)138(137(250-162)97(183)79-170)241-156-131(206)144(147(252-256(215,216)217)135(239-156)96(182)78-169)245-157-132(207)145(148(253-257(218,219)220)136(240-157)98(184)85-224-153-128(203)125(200)127(202)133(238-153)94(180)76-167)244-155-130(205)142(120(195)103(83-174)231-155)242-159-149(143(121(196)104(84-175)233-159)243-151-113(164-88(7)176)123(198)117(192)100(80-171)229-151)247-158-146(126(201)119(194)102(82-173)232-158)246-154-129(204)124(199)118(193)101(81-172)230-154/h89-106,113-159,167-175,177-184,191-207H,8-87H2,1-7H3,(H,164,176)(H,165,185)(H,166,186)(H,208,209)(H,210,211)(H2,212,213,214)(H2,215,216,217)(H2,218,219,220)(H2,221,222,223)/p-10/t89-,90-,91-,92-,93-,94+,95-,96+,97-,98-,99-,100-,101-,102-,103-,104-,105-,106-,113-,114-,115-,116-,117-,118-,119-,120-,121+,122-,123-,124+,125+,126+,127+,128+,129-,130-,131+,132+,133-,134-,135-,136-,137-,138-,139-,140-,141-,142+,143+,144-,145-,146-,147-,148-,149-,150-,151-,152-,153+,154-,155-,156-,157+,158-,159-,162-,163-/m1/s1",CCCCCCCCCCCCCC(=O)O[C@H](CCCCCCCCCCC)CC(=O)O[C@@H]1[C@@H](N=C([O-])C[C@@H](CCCCCCCCCCC)OC(=O)CCCCCCCCCCC)[C@H](OC[C@H]2O[C@H](OP(=O)(O)O)[C@H](N=C([O-])C[C@H](O)CCCCCCCCCCC)[C@@H](OC(=O)C[C@H](O)CCCCCCCCCCC)[C@@H]2O)O[C@H](CO[C@]2(C(=O)[O-])C[C@@H](O[C@]3(C(=O)[O-])C[C@@H](O)[C@@H](O)[C@@H]([C@H](O)CO)O3)[C@@H](O[C@H]3O[C@H]([C@@H](O)CO)[C@@H](OP(=O)([O-])[O-])[C@H](O[C@@H]4O[C@H]([C@H](O)CO[C@H]5O[C@H]([C@@H](O)CO)[C@@H](O)[C@H](O)[C@@H]5O)[C@@H](OP(=O)([O-])O)[C@H](O[C@H]5O[C@H](CO)[C@@H](O)[C@H](O[C@H]6O[C@H](CO)[C@H](O)[C@H](O[C@H]7O[C@H](CO)[C@@H](O)[C@H](O)[C@H]7N=C(C)[O-])[C@H]6O[C@H]6O[C@H](CO)[C@@H](O)[C@H](O)[C@H]6O[C@H]6O[C@H](CO)[C@@H](O)[C@H](O)[C@H]6O)[C@H]5O)[C@@H]4O)[C@@H]3O)[C@@H]([C@H](O)CO)O2)[C@H]1OP(=O)([O-])[O-]
magnesium hydrogenphosphate,,
lipid A-core oligosaccharide pyrophosphoethanolamine,"InChI=1S/C164H298N3O92P5/c1-7-13-19-25-31-37-38-44-50-56-62-68-110(187)234-92(66-60-54-48-42-35-29-23-17-11-5)74-112(189)242-144-114(167-108(185)73-91(65-59-53-47-41-34-28-22-16-10-4)233-109(186)67-61-55-49-43-36-30-24-18-12-6)151(228-86-104-119(194)143(241-111(188)72-90(176)64-58-52-46-40-33-27-21-15-9-3)113(152(237-104)258-262(220,221)222)166-107(184)71-89(175)63-57-51-45-39-32-26-20-14-8-2)240-106(142(144)257-264(225,226)259-263(223,224)232-70-69-165)88-231-163(161(210)211)76-100(252-164(162(212)213)75-93(177)115(190)137(253-164)96(180)79-170)141(140(254-163)98(182)81-172)247-158-133(208)146(149(255-260(214,215)216)138(245-158)97(181)80-171)250-159-134(209)147(150(256-261(217,218)219)139(246-159)99(183)84-227-154-129(204)123(198)126(201)135(243-154)94(178)77-168)249-157-132(207)145(120(195)105(239-157)87-229-153-128(203)121(196)116(191)101(82-173)235-153)248-160-148(125(200)117(192)102(83-174)236-160)251-156-131(206)122(197)118(193)103(238-156)85-230-155-130(205)124(199)127(202)136(244-155)95(179)78-169/h89-106,113-160,168-183,190-209H,7-88,165H2,1-6H3,(H,166,184)(H,167,185)(H,210,211)(H,212,213)(H,223,224)(H,225,226)(H2,214,215,216)(H2,217,218,219)(H2,220,221,222)/p-9/t89-,90-,91-,92-,93-,94+,95+,96-,97+,98-,99-,100-,101-,102-,103-,104-,105-,106-,113-,114-,115-,116+,117-,118-,119-,120-,121+,122+,123+,124+,125+,126+,127+,128-,129+,130+,131-,132-,133+,134+,135-,136-,137-,138-,139-,140-,141-,142-,143-,144-,145+,146-,147-,148-,149-,150-,151-,152-,153+,154+,155+,156-,157-,158-,159-,160-,163-,164-/m1/s1",CCCCCCCCCCCCCC(=O)O[C@H](CCCCCCCCCCC)CC(=O)O[C@@H]1[C@@H](N=C([O-])C[C@@H](CCCCCCCCCCC)OC(=O)CCCCCCCCCCC)[C@H](OC[C@H]2O[C@H](OP(=O)([O-])O)[C@H](N=C([O-])C[C@H](O)CCCCCCCCCCC)[C@@H](OC(=O)C[C@H](O)CCCCCCCCCCC)[C@@H]2O)O[C@H](CO[C@]2(C(=O)[O-])C[C@@H](O[C@]3(C(=O)[O-])C[C@@H](O)[C@@H](O)[C@@H]([C@H](O)CO)O3)[C@@H](O[C@H]3O[C@H]([C@@H](O)CO)[C@@H](OP(=O)([O-])[O-])[C@H](O[C@H]4O[C@H]([C@H](O)CO[C@H]5O[C@H]([C@@H](O)CO)[C@@H](O)[C@H](O)[C@@H]5O)[C@@H](OP(=O)([O-])[O-])[C@H](O[C@H]5O[C@H](CO[C@H]6O[C@H](CO)[C@H](O)[C@H](O)[C@H]6O)[C@@H](O)[C@H](O[C@H]6O[C@H](CO)[C@@H](O)[C@H](O)[C@H]6O[C@H]6O[C@H](CO[C@H]7O[C@H]([C@@H](O)CO)[C@@H](O)[C@H](O)[C@@H]7O)[C@@H](O)[C@H](O)[C@H]6O)[C@H]5O)[C@@H]4O)[C@@H]3O)[C@@H]([C@H](O)CO)O2)[C@H]1OP(=O)(O)OP(=O)(O)OCCN
diammonium hydrogen phosphate,,
lipid A-core 1-diphosphate,"InChI=1S/C162H293N2O92P5/c1-7-13-19-25-31-37-38-44-50-56-62-68-108(184)231-90(66-60-54-48-42-35-29-23-17-11-5)72-110(186)239-142-112(164-106(182)71-89(65-59-53-47-41-34-28-22-16-10-4)230-107(183)67-61-55-49-43-36-30-24-18-12-6)149(226-84-102-117(191)141(238-109(185)70-88(173)64-58-52-46-40-33-27-21-15-9-3)111(150(234-102)255-261(223,224)256-260(220,221)222)163-105(181)69-87(172)63-57-51-45-39-32-26-20-14-8-2)237-104(140(142)252-257(211,212)213)86-229-161(159(207)208)74-98(249-162(160(209)210)73-91(174)113(187)135(250-162)94(177)77-167)139(138(251-161)96(179)79-169)244-156-131(205)144(147(253-258(214,215)216)136(242-156)95(178)78-168)247-157-132(206)145(148(254-259(217,218)219)137(243-157)97(180)82-225-152-127(201)121(195)124(198)133(240-152)92(175)75-165)246-155-130(204)143(118(192)103(236-155)85-227-151-126(200)119(193)114(188)99(80-170)232-151)245-158-146(123(197)115(189)100(81-171)233-158)248-154-129(203)120(194)116(190)101(235-154)83-228-153-128(202)122(196)125(199)134(241-153)93(176)76-166/h87-104,111-158,165-180,187-206H,7-86H2,1-6H3,(H,163,181)(H,164,182)(H,207,208)(H,209,210)(H,223,224)(H2,211,212,213)(H2,214,215,216)(H2,217,218,219)(H2,220,221,222)/p-11/t87-,88-,89-,90-,91-,92+,93+,94-,95+,96-,97-,98-,99-,100-,101-,102-,103-,104-,111-,112-,113-,114+,115-,116-,117-,118-,119+,120+,121+,122+,123+,124+,125+,126-,127+,128+,129-,130-,131+,132+,133-,134-,135-,136-,137-,138-,139-,140-,141-,142-,143+,144-,145-,146-,147-,148-,149-,150-,151+,152+,153+,154-,155-,156-,157-,158-,161-,162-/m1/s1",CCCCCCCCCCCCCC(=O)O[C@H](CCCCCCCCCCC)CC(=O)O[C@@H]1[C@@H](N=C([O-])C[C@@H](CCCCCCCCCCC)OC(=O)CCCCCCCCCCC)[C@H](OC[C@H]2O[C@H](OP(=O)(O)OP(=O)([O-])O)[C@H](N=C([O-])C[C@H](O)CCCCCCCCCCC)[C@@H](OC(=O)C[C@H](O)CCCCCCCCCCC)[C@@H]2O)O[C@H](CO[C@]2(C(=O)[O-])C[C@@H](O[C@]3(C(=O)[O-])C[C@@H](O)[C@@H](O)[C@@H]([C@H](O)CO)O3)[C@@H](O[C@H]3O[C@H]([C@@H](O)CO)[C@@H](OP(=O)([O-])[O-])[C@H](O[C@H]4O[C@H]([C@H](O)CO[C@H]5O[C@H]([C@@H](O)CO)[C@@H](O)[C@H](O)[C@@H]5O)[C@@H](OP(=O)([O-])[O-])[C@H](O[C@H]5O[C@H](CO[C@H]6O[C@H](CO)[C@H](O)[C@H](O)[C@H]6O)[C@@H](O)[C@H](O[C@H]6O[C@H](CO)[C@@H](O)[C@H](O)[C@H]6O[C@H]6O[C@H](CO[C@H]7O[C@H]([C@@H](O)CO)[C@@H](O)[C@H](O)[C@@H]7O)[C@@H](O)[C@H](O)[C@H]6O)[C@H]5O)[C@@H]4O)[C@@H]3O)[C@@H]([C@H](O)CO)O2)[C@H]1OP(=O)([O-])[O-]
magnesium sulfate heptahydrate,,
lipid A-core oligosaccharide (<i>E. coli</i> R4 core type),"InChI=1S/C161H290N2O88P4/c1-7-13-19-25-31-37-38-44-50-56-62-68-108(184)225-90(66-60-54-48-42-35-29-23-17-11-5)72-110(186)234-140-112(163-106(182)71-89(65-59-53-47-41-34-28-22-16-10-4)224-107(183)67-61-55-49-43-36-30-24-18-12-6)148(222-85-103-118(192)139(233-109(185)70-88(174)64-58-52-46-40-33-27-21-15-9-3)111(149(231-103)251-255(218,219)220)162-105(181)69-87(173)63-57-51-45-39-32-26-20-14-8-2)232-104(138(140)248-252(209,210)211)86-223-160(158(205)206)74-97(245-161(159(207)208)73-91(175)113(187)132(246-161)93(177)76-165)137(135(247-160)95(179)78-167)239-154-129(203)142(146(249-253(212,213)214)133(236-154)94(178)77-166)242-155-130(204)143(147(250-254(215,216)217)134(237-155)96(180)84-221-150-124(198)121(195)123(197)131(235-150)92(176)75-164)241-153-128(202)141(117(191)101(82-171)228-153)240-157-145(127(201)136(102(83-172)230-157)238-151-125(199)119(193)114(188)98(79-168)226-151)244-156-144(122(196)116(190)100(81-170)229-156)243-152-126(200)120(194)115(189)99(80-169)227-152/h87-104,111-157,164-180,187-204H,7-86H2,1-6H3,(H,162,181)(H,163,182)(H,205,206)(H,207,208)(H2,209,210,211)(H2,212,213,214)(H2,215,216,217)(H2,218,219,220)/p-10/t87-,88-,89-,90-,91-,92+,93-,94+,95-,96-,97-,98-,99-,100-,101-,102-,103-,104-,111-,112-,113-,114-,115+,116+,117-,118-,119+,120+,121+,122+,123+,124+,125-,126-,127+,128-,129+,130+,131-,132-,133-,134-,135-,136+,137-,138-,139-,140-,141+,142-,143-,144-,145-,146-,147-,148-,149-,150+,151+,152-,153-,154-,155+,156-,157-,160-,161-/m1/s1",CCCCCCCCCCCCCC(=O)O[C@H](CCCCCCCCCCC)CC(=O)O[C@@H]1[C@@H](N=C([O-])C[C@@H](CCCCCCCCCCC)OC(=O)CCCCCCCCCCC)[C@H](OC[C@H]2O[C@H](OP(=O)(O)O)[C@H](N=C([O-])C[C@H](O)CCCCCCCCCCC)[C@@H](OC(=O)C[C@H](O)CCCCCCCCCCC)[C@@H]2O)O[C@H](CO[C@]2(C(=O)[O-])C[C@@H](O[C@]3(C(=O)[O-])C[C@@H](O)[C@@H](O)[C@@H]([C@H](O)CO)O3)[C@@H](O[C@H]3O[C@H]([C@@H](O)CO)[C@@H](OP(=O)([O-])[O-])[C@H](O[C@@H]4O[C@H]([C@H](O)CO[C@H]5O[C@H]([C@@H](O)CO)[C@@H](O)[C@H](O)[C@@H]5O)[C@@H](OP(=O)([O-])[O-])[C@H](O[C@H]5O[C@H](CO)[C@@H](O)[C@H](O[C@H]6O[C@H](CO)[C@H](O[C@@H]7O[C@H](CO)[C@@H](O)[C@H](O)[C@H]7O)[C@H](O)[C@H]6O[C@H]6O[C@H](CO)[C@H](O)[C@H](O)[C@H]6O[C@H]6O[C@H](CO)[C@H](O)[C@H](O)[C@H]6O)[C@H]5O)[C@@H]4O)[C@@H]3O)[C@@H]([C@H](O)CO)O2)[C@H]1OP(=O)([O-])[O-]
ammonium sulfate,,
lipid A-core oligosaccharide (<i>E. coli</i> R1 core type),"InChI=1S/C161H290N2O88P4/c1-7-13-19-25-31-37-38-44-50-56-62-68-108(184)225-90(66-60-54-48-42-35-29-23-17-11-5)72-110(186)234-139-112(163-106(182)71-89(65-59-53-47-41-34-28-22-16-10-4)224-107(183)67-61-55-49-43-36-30-24-18-12-6)148(222-85-103-119(193)138(233-109(185)70-88(174)64-58-52-46-40-33-27-21-15-9-3)111(149(231-103)251-255(218,219)220)162-105(181)69-87(173)63-57-51-45-39-32-26-20-14-8-2)232-104(137(139)248-252(209,210)211)86-223-160(158(205)206)74-97(245-161(159(207)208)73-91(175)113(187)132(246-161)93(177)76-165)136(135(247-160)95(179)78-167)238-154-129(203)142(145(249-253(212,213)214)133(236-154)94(178)77-166)242-155-130(204)143(146(250-254(215,216)217)134(237-155)96(180)84-221-150-125(199)122(196)124(198)131(235-150)92(176)75-164)241-153-128(202)140(117(191)101(82-171)228-153)239-157-147(141(118(192)102(83-172)230-157)240-151-126(200)120(194)114(188)98(79-168)226-151)244-156-144(123(197)116(190)100(81-170)229-156)243-152-127(201)121(195)115(189)99(80-169)227-152/h87-104,111-157,164-180,187-204H,7-86H2,1-6H3,(H,162,181)(H,163,182)(H,205,206)(H,207,208)(H2,209,210,211)(H2,212,213,214)(H2,215,216,217)(H2,218,219,220)/p-10/t87-,88-,89-,90-,91-,92+,93-,94+,95-,96-,97-,98-,99-,100-,101-,102-,103-,104-,111-,112-,113-,114-,115+,116+,117-,118-,119-,120+,121+,122+,123+,124+,125+,126-,127-,128-,129+,130+,131-,132-,133-,134-,135-,136-,137-,138-,139-,140+,141+,142-,143-,144-,145-,146-,147-,148-,149-,150+,151+,152-,153-,154-,155+,156-,157-,160-,161-/m1/s1",CCCCCCCCCCCCCC(=O)O[C@H](CCCCCCCCCCC)CC(=O)O[C@@H]1[C@@H](N=C([O-])C[C@@H](CCCCCCCCCCC)OC(=O)CCCCCCCCCCC)[C@H](OC[C@H]2O[C@H](OP(=O)(O)O)[C@H](N=C([O-])C[C@H](O)CCCCCCCCCCC)[C@@H](OC(=O)C[C@H](O)CCCCCCCCCCC)[C@@H]2O)O[C@H](CO[C@]2(C(=O)[O-])C[C@@H](O[C@]3(C(=O)[O-])C[C@@H](O)[C@@H](O)[C@@H]([C@H](O)CO)O3)[C@@H](O[C@H]3O[C@H]([C@@H](O)CO)[C@@H](OP(=O)([O-])[O-])[C@H](O[C@@H]4O[C@H]([C@H](O)CO[C@H]5O[C@H]([C@@H](O)CO)[C@@H](O)[C@H](O)[C@@H]5O)[C@@H](OP(=O)([O-])[O-])[C@H](O[C@H]5O[C@H](CO)[C@@H](O)[C@H](O[C@H]6O[C@H](CO)[C@@H](O)[C@H](O[C@@H]7O[C@H](CO)[C@@H](O)[C@H](O)[C@H]7O)[C@H]6O[C@H]6O[C@H](CO)[C@H](O)[C@H](O)[C@H]6O[C@H]6O[C@H](CO)[C@H](O)[C@H](O)[C@H]6O)[C@H]5O)[C@@H]4O)[C@@H]3O)[C@@H]([C@H](O)CO)O2)[C@H]1OP(=O)([O-])[O-]
sodium dihydrogen phosphate,,
lipid A-core oligosaccharide (<i>E. coli</i> K-12 core type with D-GlcNAc),"InChI=1S/C170H305N3O94P4/c1-8-14-20-26-32-38-39-45-51-57-63-69-112(194)242-93(67-61-55-49-43-36-30-24-18-12-5)73-114(196)251-149-117(173-110(192)72-92(66-60-54-48-42-35-29-23-17-11-4)241-111(193)68-62-56-50-44-37-31-25-19-13-6)157(237-86-106-123(202)148(250-113(195)71-91(183)65-59-53-47-41-34-28-22-16-10-3)116(158(246-106)267-271(232,233)234)172-109(191)70-90(182)64-58-52-46-40-33-27-21-15-9-2)249-108(147(149)264-268(223,224)225)88-240-169(167(219)220)75-101(261-170(168(221)222)74-94(184)118(197)142(262-170)96(186)77-175)146(145(263-169)98(188)79-177)256-164-138(217)151(154(265-269(226,227)228)143(254-164)97(187)78-176)259-165-139(218)152(155(266-270(229,230)231)144(255-165)100(190)84-236-160-134(213)128(207)131(210)140(252-160)95(185)76-174)258-163-137(216)150(124(203)107(248-163)87-238-159-133(212)126(205)120(199)103(81-179)244-159)257-166-153(130(209)121(200)104(82-180)245-166)260-162-136(215)127(206)122(201)105(247-162)85-239-161-135(214)129(208)132(211)141(253-161)99(189)83-235-156-115(171-89(7)181)125(204)119(198)102(80-178)243-156/h90-108,115-166,174-180,182-190,197-218H,8-88H2,1-7H3,(H,171,181)(H,172,191)(H,173,192)(H,219,220)(H,221,222)(H2,223,224,225)(H2,226,227,228)(H2,229,230,231)(H2,232,233,234)/p-10/t90-,91-,92-,93-,94-,95+,96-,97+,98-,99+,100-,101-,102+,103-,104-,105-,106-,107-,108-,115+,116-,117-,118-,119+,120+,121-,122-,123-,124-,125+,126+,127+,128+,129+,130+,131+,132+,133-,134+,135+,136-,137-,138+,139+,140-,141-,142-,143-,144-,145-,146-,147-,148-,149-,150+,151-,152-,153-,154-,155-,156+,157-,158-,159+,160+,161+,162-,163-,164-,165-,166-,169-,170-/m1/s1",CCCCCCCCCCCCCC(=O)O[C@H](CCCCCCCCCCC)CC(=O)O[C@@H]1[C@@H](N=C([O-])C[C@@H](CCCCCCCCCCC)OC(=O)CCCCCCCCCCC)[C@H](OC[C@H]2O[C@H](OP(=O)(O)O)[C@H](N=C([O-])C[C@H](O)CCCCCCCCCCC)[C@@H](OC(=O)C[C@H](O)CCCCCCCCCCC)[C@@H]2O)O[C@H](CO[C@]2(C(=O)[O-])C[C@@H](O[C@]3(C(=O)[O-])C[C@@H](O)[C@@H](O)[C@@H]([C@H](O)CO)O3)[C@@H](O[C@H]3O[C@H]([C@@H](O)CO)[C@@H](OP(=O)([O-])[O-])[C@H](O[C@H]4O[C@H]([C@H](O)CO[C@H]5O[C@H]([C@@H](O)CO)[C@@H](O)[C@H](O)[C@@H]5O)[C@@H](OP(=O)([O-])O)[C@H](O[C@H]5O[C@H](CO[C@H]6O[C@H](CO)[C@H](O)[C@H](O)[C@H]6O)[C@@H](O)[C@H](O[C@H]6O[C@H](CO)[C@@H](O)[C@H](O)[C@H]6O[C@H]6O[C@H](CO[C@H]7O[C@H]([C@@H](O)CO[C@H]8O[C@@H](CO)[C@H](O)[C@@H](O)[C@@H]8N=C(C)[O-])[C@@H](O)[C@H](O)[C@@H]7O)[C@@H](O)[C@H](O)[C@H]6O)[C@H]5O)[C@@H]4O)[C@@H]3O)[C@@H]([C@H](O)CO)O2)[C@H]1OP(=O)([O-])[O-]
cobalt chloride,,
lipid A-core oligosaccharide (<i>E. coli</i> K-12 core type),"InChI=1S/C162H292N2O89P4/c1-7-13-19-25-31-37-38-44-50-56-62-68-108(184)229-90(66-60-54-48-42-35-29-23-17-11-5)72-110(186)237-142-112(164-106(182)71-89(65-59-53-47-41-34-28-22-16-10-4)228-107(183)67-61-55-49-43-36-30-24-18-12-6)149(224-84-102-117(191)141(236-109(185)70-88(173)64-58-52-46-40-33-27-21-15-9-3)111(150(232-102)253-257(220,221)222)163-105(181)69-87(172)63-57-51-45-39-32-26-20-14-8-2)235-104(140(142)250-254(211,212)213)86-227-161(159(207)208)74-98(247-162(160(209)210)73-91(174)113(187)135(248-162)94(177)77-167)139(138(249-161)96(179)79-169)242-156-131(205)144(147(251-255(214,215)216)136(240-156)95(178)78-168)245-157-132(206)145(148(252-256(217,218)219)137(241-157)97(180)82-223-152-127(201)121(195)124(198)133(238-152)92(175)75-165)244-155-130(204)143(118(192)103(234-155)85-225-151-126(200)119(193)114(188)99(80-170)230-151)243-158-146(123(197)115(189)100(81-171)231-158)246-154-129(203)120(194)116(190)101(233-154)83-226-153-128(202)122(196)125(199)134(239-153)93(176)76-166/h87-104,111-158,165-180,187-206H,7-86H2,1-6H3,(H,163,181)(H,164,182)(H,207,208)(H,209,210)(H2,211,212,213)(H2,214,215,216)(H2,217,218,219)(H2,220,221,222)/p-10/t87-,88-,89-,90-,91-,92+,93+,94-,95+,96-,97-,98-,99-,100-,101-,102-,103-,104-,111-,112-,113-,114+,115-,116-,117-,118-,119+,120+,121+,122+,123+,124+,125+,126-,127+,128+,129-,130-,131+,132+,133-,134-,135-,136-,137-,138-,139-,140-,141-,142-,143+,144-,145-,146-,147-,148-,149-,150-,151+,152+,153+,154-,155-,156-,157-,158-,161-,162-/m1/s1",CCCCCCCCCCCCCC(=O)O[C@H](CCCCCCCCCCC)CC(=O)O[C@@H]1[C@@H](N=C([O-])C[C@@H](CCCCCCCCCCC)OC(=O)CCCCCCCCCCC)[C@H](OC[C@H]2O[C@H](OP(=O)(O)O)[C@H](N=C([O-])C[C@H](O)CCCCCCCCCCC)[C@@H](OC(=O)C[C@H](O)CCCCCCCCCCC)[C@@H]2O)O[C@H](CO[C@]2(C(=O)[O-])C[C@@H](O[C@]3(C(=O)[O-])C[C@@H](O)[C@@H](O)[C@@H]([C@H](O)CO)O3)[C@@H](O[C@H]3O[C@H]([C@@H](O)CO)[C@@H](OP(=O)([O-])[O-])[C@H](O[C@H]4O[C@H]([C@H](O)CO[C@H]5O[C@H]([C@@H](O)CO)[C@@H](O)[C@H](O)[C@@H]5O)[C@@H](OP(=O)([O-])[O-])[C@H](O[C@H]5O[C@H](CO[C@H]6O[C@H](CO)[C@H](O)[C@H](O)[C@H]6O)[C@@H](O)[C@H](O[C@H]6O[C@H](CO)[C@@H](O)[C@H](O)[C@H]6O[C@H]6O[C@H](CO[C@H]7O[C@H]([C@@H](O)CO)[C@@H](O)[C@H](O)[C@@H]7O)[C@@H](O)[C@H](O)[C@H]6O)[C@H]5O)[C@@H]4O)[C@@H]3O)[C@@H]([C@H](O)CO)O2)[C@H]1OP(=O)([O-])[O-]
magnesium dichloride,,
lipid A-core oligosaccharide (<i>E. coli</i> R2 core type),"InChI=1S/C163H293N3O88P4/c1-8-14-20-26-32-38-39-45-51-57-63-69-110(187)229-92(67-61-55-49-43-36-30-24-18-12-5)73-112(189)238-142-115(166-108(185)72-91(66-60-54-48-42-35-29-23-17-11-4)228-109(186)68-62-56-50-44-37-31-25-19-13-6)150(225-85-104-121(195)141(237-111(188)71-90(177)65-59-53-47-41-34-28-22-16-10-3)114(152(234-104)254-258(221,222)223)165-107(184)70-89(176)64-58-52-46-40-33-27-21-15-9-2)236-106(140(142)251-255(212,213)214)87-227-162(160(208)209)75-99(248-163(161(210)211)74-93(178)116(190)135(249-163)95(180)77-168)139(138(250-162)97(182)79-170)242-156-132(206)144(148(252-256(215,216)217)136(240-156)96(181)78-169)245-157-133(207)145(149(253-257(218,219)220)137(241-157)98(183)84-224-154-130(204)125(199)128(202)134(239-154)94(179)76-167)244-155-131(205)143(122(196)105(235-155)86-226-153-129(203)124(198)118(192)101(81-172)231-153)243-158-147(127(201)120(194)102(82-173)232-158)247-159-146(126(200)119(193)103(83-174)233-159)246-151-113(164-88(7)175)123(197)117(191)100(80-171)230-151/h89-106,113-159,167-174,176-183,190-207H,8-87H2,1-7H3,(H,164,175)(H,165,184)(H,166,185)(H,208,209)(H,210,211)(H2,212,213,214)(H2,215,216,217)(H2,218,219,220)(H2,221,222,223)/p-10/t89-,90-,91-,92-,93-,94+,95-,96+,97-,98-,99-,100-,101-,102-,103-,104-,105-,106-,113-,114-,115-,116-,117-,118+,119-,120-,121-,122-,123-,124+,125+,126+,127+,128+,129-,130+,131-,132+,133+,134-,135-,136-,137-,138-,139-,140-,141-,142-,143+,144-,145-,146-,147-,148-,149-,150-,151-,152-,153+,154+,155-,156-,157+,158-,159-,162-,163-/m1/s1",CCCCCCCCCCCCCC(=O)O[C@H](CCCCCCCCCCC)CC(=O)O[C@@H]1[C@@H](N=C([O-])C[C@@H](CCCCCCCCCCC)OC(=O)CCCCCCCCCCC)[C@H](OC[C@H]2O[C@H](OP(=O)(O)O)[C@H](N=C([O-])C[C@H](O)CCCCCCCCCCC)[C@@H](OC(=O)C[C@H](O)CCCCCCCCCCC)[C@@H]2O)O[C@H](CO[C@]2(C(=O)[O-])C[C@@H](O[C@]3(C(=O)[O-])C[C@@H](O)[C@@H](O)[C@@H]([C@H](O)CO)O3)[C@@H](O[C@H]3O[C@H]([C@@H](O)CO)[C@@H](OP(=O)([O-])[O-])[C@H](O[C@@H]4O[C@H]([C@H](O)CO[C@H]5O[C@H]([C@@H](O)CO)[C@@H](O)[C@H](O)[C@@H]5O)[C@@H](OP(=O)([O-])O)[C@H](O[C@H]5O[C@H](CO[C@H]6O[C@H](CO)[C@H](O)[C@H](O)[C@H]6O)[C@@H](O)[C@H](O[C@H]6O[C@H](CO)[C@@H](O)[C@H](O)[C@H]6O[C@H]6O[C@H](CO)[C@@H](O)[C@H](O)[C@H]6O[C@H]6O[C@H](CO)[C@@H](O)[C@H](O)[C@H]6N=C(C)[O-])[C@H]5O)[C@@H]4O)[C@@H]3O)[C@@H]([C@H](O)CO)O2)[C@H]1OP(=O)([O-])[O-]
zinc sulfate heptahydrate,,
"2,2'-piperazine-1,4-diylbisethanesulfonate","InChI=1S/C8H18N2O6S2/c11-17(12,13)7-5-9-1-2-10(4-3-9)6-8-18(14,15)16/h1-8H2,(H,11,12,13)(H,14,15,16)/p-2",O=S(=O)([O-])CCN1CCN(CCS(=O)(=O)[O-])CC1
manganese(II) sulfate,,
dTDP group,,Cc1cn([C@H]2C[C@H](O)[C@@H](COP(=O)(O)OP(=O)([O-])O)O2)c(=O)nc1[O-]
ethidium bromide,"InChI=1S/C21H19N3.BrH/c1-2-24-20-13-16(23)9-11-18(20)17-10-8-15(22)12-19(17)21(24)14-6-4-3-5-7-14;/h3-13,23H,2,22H2,1H3;1H",Br.CCn1c2cc(=N)ccc-2c2ccc(N)cc2c1-c1ccccc1
AMP group,,Nc1ncnc2c1ncn2[C@@H]1O[C@H](COP(=O)([O-])O)[C@@H](O)[C@H]1O
disodium hydrogenphosphate,,
<i>S</i>-methyl-L-methionine,"InChI=1S/C6H13NO2S/c1-10(2)4-3-5(7)6(8)9/h5H,3-4,7H2,1-2H3/p+1/t5-/m0/s1",C[S+](C)CC[C@H](N)C(=O)O
potassium dihydrogen phosphate,,
GDP group,,N=c1nc([O-])c2ncn([C@@H]3O[C@H](COP(=O)(O)OP(=O)([O-])O)[C@@H](O)[C@H]3O)c2[nH]1
calcium chloride dihydrate,,
CDP group,,N=c1ccn([C@@H]2O[C@H](COP(=O)(O)OP(=O)([O-])O)[C@@H](O)[C@H]2O)c([O-])n1
zinc sulfate,,
UDP group,,O=c1nc([O-])ccn1[C@@H]1O[C@H](COP(=O)(O)OP(=O)([O-])O)[C@@H](O)[C@H]1O
calcium hydrogenphosphate,,
CMP group,,N=c1ccn([C@@H]2O[C@H](COP(=O)(O)O)[C@@H](O)[C@H]2O)c([O-])n1
copper sulfate pentahydrate,,
ADP group,,Nc1ncnc2c1ncn2[C@@H]1O[C@H](COP(=O)(O)OP(=O)([O-])[O-])[C@@H](O)[C@H]1O
disodium hydrogenphosphate heptahydrate,,
2-16:0-lysophosphatidylglycerol,"InChI=1S/C22H45O9P/c1-2-3-4-5-6-7-8-9-10-11-12-13-14-15-22(26)31-21(17-24)19-30-32(27,28)29-18-20(25)16-23/h20-21,23-25H,2-19H2,1H3,(H,27,28)/p-1/t20-,21+/m0/s1",CCCCCCCCCCCCCCCC(=O)O[C@H](CO)COP(=O)([O-])OC[C@@H](O)CO
ammonium chloride,,
2-14:0-lysophosphatidylglycerol,"InChI=1S/C20H41O9P/c1-2-3-4-5-6-7-8-9-10-11-12-13-20(24)29-19(15-22)17-28-30(25,26)27-16-18(23)14-21/h18-19,21-23H,2-17H2,1H3,(H,25,26)/p-1/t18-,19+/m0/s1",CCCCCCCCCCCCCC(=O)O[C@H](CO)COP(=O)([O-])OC[C@@H](O)CO
dipotassium hydrogen phosphate,,
2-12:0-lysophosphatidylglycerol,"InChI=1S/C18H37O9P/c1-2-3-4-5-6-7-8-9-10-11-18(22)27-17(13-20)15-26-28(23,24)25-14-16(21)12-19/h16-17,19-21H,2-15H2,1H3,(H,23,24)/p-1/t16-,17+/m0/s1",CCCCCCCCCCCC(=O)O[C@H](CO)COP(=O)([O-])OC[C@@H](O)CO
nickel sulfate,,
2-O-acetyl-L-fucosyl-(1->3)-&beta;-D-glucopyranosyl-diphosphoundecaprenol,"InChI=1S/C69H114O17P2/c1-15-48(2)26-16-27-49(3)28-17-29-50(4)30-18-31-51(5)32-19-33-52(6)34-20-35-53(7)36-21-37-54(8)38-22-39-55(9)40-23-41-56(10)42-24-43-57(11)44-25-45-58(12)47-80-87(76,77)86-88(78,79)85-68-65(75)66(63(73)61(46-70)83-68)84-69-67(82-60(14)71)64(74)62(72)59(13)81-69/h15,27,29,31,33,35,37,39,41,43,45,59,61-70,72-75H,16-26,28,30,32,34,36,38,40,42,44,46-47H2,1-14H3,(H,76,77)(H,78,79)/p-2/b48-15-,49-27-,50-29-,51-31-,52-33-,53-35-,54-37-,55-39-,56-41+,57-43+,58-45+/t59-,61+,62+,63+,64+,65+,66-,67-,68+,69-/m0/s1",C/C=C(/C)CC/C=C(/C)CC/C=C(/C)CC/C=C(/C)CC/C=C(/C)CC/C=C(/C)CC/C=C(/C)CC/C=C(/C)CC/C=C(\C)CC/C=C(\C)CC/C=C(\C)COP(=O)([O-])OP(=O)([O-])O[C@H]1O[C@H](CO)[C@@H](O)[C@H](O[C@@H]2O[C@@H](C)[C@@H](O)[C@@H](O)[C@@H]2OC(C)=O)[C@H]1O
sodium sulfate,,
3-O-acetyl-L-fucosyl-(1->3)-&beta;-D-glucopyranosyl-diphosphoundecaprenol,"InChI=1S/C69H114O17P2/c1-15-48(2)26-16-27-49(3)28-17-29-50(4)30-18-31-51(5)32-19-33-52(6)34-20-35-53(7)36-21-37-54(8)38-22-39-55(9)40-23-41-56(10)42-24-43-57(11)44-25-45-58(12)47-80-87(76,77)86-88(78,79)85-69-65(75)67(63(73)61(46-70)83-69)84-68-64(74)66(82-60(14)71)62(72)59(13)81-68/h15,27,29,31,33,35,37,39,41,43,45,59,61-70,72-75H,16-26,28,30,32,34,36,38,40,42,44,46-47H2,1-14H3,(H,76,77)(H,78,79)/p-2/b48-15-,49-27-,50-29-,51-31-,52-33-,53-35-,54-37-,55-39-,56-41+,57-43+,58-45+/t59-,61+,62+,63+,64-,65+,66+,67-,68-,69+/m0/s1",C/C=C(/C)CC/C=C(/C)CC/C=C(/C)CC/C=C(/C)CC/C=C(/C)CC/C=C(/C)CC/C=C(/C)CC/C=C(/C)CC/C=C(\C)CC/C=C(\C)CC/C=C(\C)COP(=O)([O-])OP(=O)([O-])O[C@H]1O[C@H](CO)[C@@H](O)[C@H](O[C@@H]2O[C@@H](C)[C@@H](O)[C@@H](OC(C)=O)[C@@H]2O)[C@H]1O
sodium acetate,,
GLYCO-CT-SULFATE,,
iron(III) chloride,,
GLYCO-CT-N-SULFATE,,
copper sulfate,,
GLYCO-CT-AMINO,,
iron(II) sulfate heptahydrate,,
GLYCO-CT-PHOSPHATE,,
calcium chloride,,
GLYCO-CT-METHYL,,
ammonium heptamolybdate,,
GLYCO-CT-PYR,,
manganese chloride,,
GLYCO-CT-N-ACETYL,,
zinc hydrogenphosphate,,
GLYCO-CT-ACETYL,,
manganese(II) sulfate pentahydrate,,
La<sup>3+</sup>,InChI=1S/La/q+3,[La+3]
magnesium sulfate,,
sodium tetrahydridoborate,,
cetylpyridinium,"InChI=1S/C21H38N/c1-2-3-4-5-6-7-8-9-10-11-12-13-14-16-19-22-20-17-15-18-21-22/h15,17-18,20-21H,2-14,16,19H2,1H3/q+1",CCCCCCCCCCCCCCCC[n+]1ccccc1
sodium fluoride,,
trimethyl sulfonium,InChI=1S/C3H9S/c1-4(2)3/h1-3H3/q+1,C[S+](C)C
sodium citrate trihydrate,,
iron(II) sulfate,,
2-oleoylglycerol,"InChI=1S/C21H40O4/c1-2-3-4-5-6-7-8-9-10-11-12-13-14-15-16-17-21(24)25-20(18-22)19-23/h9-10,20,22-23H,2-8,11-19H2,1H3/b10-9-",CCCCCCCC/C=C\CCCCCCCC(=O)OC(CO)CO
sodium chloride,,
ammonium dihydrogen phosphate,,
lipid IV<sub>A</sub> (<i>E. coli</i>),"InChI=1S/C68H130N2O23P2/c1-5-9-13-17-21-25-29-33-37-41-51(72)45-57(76)69-61-65(90-59(78)47-53(74)43-39-35-31-27-23-19-15-11-7-3)63(80)56(89-68(61)93-95(84,85)86)50-87-67-62(70-58(77)46-52(73)42-38-34-30-26-22-18-14-10-6-2)66(64(55(49-71)88-67)92-94(81,82)83)91-60(79)48-54(75)44-40-36-32-28-24-20-16-12-8-4/h51-56,61-68,71-75,80H,5-50H2,1-4H3,(H,69,76)(H,70,77)(H2,81,82,83)(H2,84,85,86)/p-4/t51-,52-,53-,54-,55-,56-,61-,62-,63-,64-,65-,66-,67-,68-/m1/s1",CCCCCCCCCCC[C@@H](O)CC(=O)O[C@@H]1[C@@H](N=C([O-])C[C@H](O)CCCCCCCCCCC)[C@H](OC[C@H]2O[C@H](OP(=O)(O)O)[C@H](N=C([O-])C[C@H](O)CCCCCCCCCCC)[C@@H](OC(=O)C[C@H](O)CCCCCCCCCCC)[C@@H]2O)O[C@H](CO)[C@H]1OP(=O)([O-])[O-]
iron dichloride,InChI=1S/2ClH.Fe/h2*1H;/q;;+2/p-2,[Cl-].[Cl-].[Fe+2]
lipid X (<i>E. coli</i>),"InChI=1S/C34H66NO12P/c1-3-5-7-9-11-13-15-17-19-21-26(37)23-29(39)35-31-33(32(41)28(25-36)45-34(31)47-48(42,43)44)46-30(40)24-27(38)22-20-18-16-14-12-10-8-6-4-2/h26-28,31-34,36-38,41H,3-25H2,1-2H3,(H,35,39)(H2,42,43,44)/p-2/t26-,27-,28-,31-,32-,33-,34-/m1/s1",CCCCCCCCCCC[C@@H](O)CC(=O)O[C@H]1[C@H](O)[C@@H](CO)O[C@H](OP(=O)([O-])O)[C@@H]1N=C([O-])C[C@H](O)CCCCCCCCCCC
coprogen,"InChI=1S/C35H56N6O13/c1-23(10-16-42)19-30(45)39(51)13-5-7-28-34(49)38-29(35(50)37-28)8-6-14-40(52)31(46)21-25(3)12-18-54-33(48)22-27(36-26(4)44)9-15-41(53)32(47)20-24(2)11-17-43/h19-21,27-29,42-43,51-53H,5-18,22H2,1-4H3,(H,36,44)(H,37,50)(H,38,49)/b23-19-,24-20+,25-21+",CC(O)=NC(CCN(O)C(=O)/C=C(\C)CCO)CC(=O)OCC/C(C)=C/C(=O)N(O)CCCC1N=C(O)C(CCCN(O)C(=O)/C=C(/C)CCO)N=C1O
"Fe(III)hydoxamate, unloaded",,C([R3])(=O)N[O-].C([R1])(=O)N[O-].C([R2])(=O)N[O-]
apoferrichrome,"InChI=1S/C27H45N9O12/c1-16(37)34(46)10-4-7-19-25(43)30-14-23(41)28-13-22(40)29-15-24(42)31-20(8-5-11-35(47)17(2)38)26(44)33-21(27(45)32-19)9-6-12-36(48)18(3)39/h19-21,46-48H,4-15H2,1-3H3,(H,28,41)(H,29,40)(H,30,43)(H,31,42)(H,32,45)(H,33,44)/t19-,20-,21-/m0/s1",CC(=O)N(O)CCC[C@@H]1N=C(O)CN=C(O)CN=C(O)CN=C(O)[C@@H](CCCN(O)C(C)=O)N=C(O)[C@H](CCCN(O)C(C)=O)N=C1O
2-iminopropanoate,"InChI=1S/C3H5NO2/c1-2(4)3(5)6/h4H,1H3,(H,5,6)",CC(=N)C(=O)O
ferrioxamine B,,CC(=O)N([O-])CCCCCN=C(O)CCC(=O)N([O-])CCCCCN=C(O)CCC(=O)N([O-])CCCCC[NH3+].[Fe+3]
2-aminoprop-2-enoate,"InChI=1S/C3H5NO2/c1-2(4)3(5)6/h1,4H2,(H,5,6)",C=C(N)C(=O)O
desferrioxamine B,"InChI=1S/C25H48N6O8/c1-21(32)29(37)18-9-3-6-16-27-22(33)12-14-25(36)31(39)20-10-4-7-17-28-23(34)11-13-24(35)30(38)19-8-2-5-15-26/h37-39H,2-20,26H2,1H3,(H,27,33)(H,28,34)/p+1",CC(=O)N(O)CCCCCN=C(O)CCC(=O)N(O)CCCCCN=C(O)CCC(=O)N(O)CCCCC[NH3+]
vinylglycine,"InChI=1S/C4H7NO2/c1-2-3(5)4(6)7/h2-3H,1,5H2,(H,6,7)/t3-/m0/s1",C=C[C@H](N)C(=O)O
(<i>Z</i>)-2-aminobutenoate,"InChI=1S/C4H7NO2/c1-2-3(5)4(6)7/h2H,5H2,1H3,(H,6,7)/b3-2-",C/C=C(\N)C(=O)O
anthraquinone-2-sulfonate,"InChI=1S/C14H8O5S/c15-13-9-3-1-2-4-10(9)14(16)12-7-8(20(17,18)19)5-6-11(12)13/h1-7H,(H,17,18,19)/p-1",O=C1c2ccccc2C(=O)c2cc(S(=O)(=O)[O-])ccc21
trimethylamine <i>N</i>-oxide,"InChI=1S/C3H9NO/c1-4(2,3)5/h1-3H3",C[N+](C)(C)[O-]
2-aminofluorene,"InChI=1S/C13H11N/c14-11-5-6-13-10(8-11)7-9-3-1-2-4-12(9)13/h1-6,8H,7,14H2",Nc1ccc2c(c1)Cc1ccccc1-2
trimethylamine,InChI=1S/C3H9N/c1-4(2)3/h1-3H3/p+1,C[NH+](C)C
agmatine,"InChI=1S/C5H14N4/c6-3-1-2-4-9-5(7)8/h1-4,6H2,(H4,7,8,9)/p+2",NC(=[NH2+])NCCCC[NH3+]
cyclic enterobacterial common antigen,"InChI=1S/C96H148N12O60/c1-21-41(97-25(5)113)69-61(133)93(145-21)161-73-57(129)49(105-33(13)121)89(165-77(73)81(137)138)154-66-38(18-110)150-86(46(54(66)126)102-30(10)118)158-70-42(98-26(6)114)22(2)147-95(62(70)134)163-75-59(131)51(107-35(15)123)91(167-79(75)83(141)142)156-68-40(20-112)152-88(48(56(68)128)104-32(12)120)160-72-44(100-28(8)116)24(4)148-96(64(72)136)164-76-60(132)52(108-36(16)124)92(168-80(76)84(143)144)155-67-39(19-111)151-87(47(55(67)127)103-31(11)119)159-71-43(99-27(7)115)23(3)146-94(63(71)135)162-74-58(130)50(106-34(14)122)90(166-78(74)82(139)140)153-65-37(17-109)149-85(157-69)45(53(65)125)101-29(9)117/h21-24,37-80,85-96,109-112,125-136H,17-20H2,1-16H3,(H,97,113)(H,98,114)(H,99,115)(H,100,116)(H,101,117)(H,102,118)(H,103,119)(H,104,120)(H,105,121)(H,106,122)(H,107,123)(H,108,124)(H,137,138)(H,139,140)(H,141,142)(H,143,144)/p-4/t21-,22-,23-,24-,37-,38-,39-,40-,41+,42+,43+,44+,45-,46-,47-,48-,49+,50+,51+,52+,53-,54-,55-,56-,57-,58-,59-,60-,61-,62-,63-,64-,65-,66-,67-,68-,69+,70+,71+,72+,73+,74+,75+,76+,77+,78+,79+,80+,85-,86-,87-,88-,89-,90-,91-,92-,93-,94-,95-,96-/m1/s1",CC([O-])=N[C@@H]1[C@@H]2O[C@H]3O[C@H](CO)[C@@H](O[C@@H]4O[C@H](C(=O)O)[C@@H](O[C@H]5O[C@H](C)[C@H](N=C(C)[O-])[C@H](O[C@H]6O[C@H](CO)[C@@H](O[C@@H]7O[C@H](C(=O)O)[C@@H](O[C@H]8O[C@H](C)[C@H](N=C(C)[O-])[C@H](O[C@H]9O[C@H](CO)[C@@H](O[C@@H]%10O[C@H](C(=O)O)[C@@H](O[C@H]%11O[C@H](C)[C@H](N=C(C)[O-])[C@H](O[C@H]%12O[C@H](CO)[C@@H](O[C@@H]%13O[C@H](C(=O)O)[C@@H](O[C@@H](O[C@@H]1C)[C@@H]2O)[C@H](O)[C@@H]%13N=C(C)O)[C@H](O)[C@H]%12N=C(C)O)[C@H]%11O)[C@H](O)[C@@H]%10N=C(C)O)[C@H](O)[C@H]9N=C(C)O)[C@H]8O)[C@H](O)[C@@H]7N=C(C)O)[C@H](O)[C@H]6N=C(C)O)[C@H]5O)[C@H](O)[C@@H]4N=C(C)O)[C@H](O)[C@H]3N=C(C)O
x-HEP-1:5,,
x-HEP-x:x,,
benzethonium,"InChI=1S/C27H42NO2/c1-26(2,3)22-27(4,5)24-13-15-25(16-14-24)30-20-19-29-18-17-28(6,7)21-23-11-9-8-10-12-23/h8-16H,17-22H2,1-7H3/q+1",CC(C)(C)CC(C)(C)c1ccc(OCCOCC[N+](C)(C)Cc2ccccc2)cc1
a-HEP-1:5,,
cetyldimethlethylammonium,"InChI=1S/C20H44N/c1-5-7-8-9-10-11-12-13-14-15-16-17-18-19-20-21(3,4)6-2/h5-20H2,1-4H3/q+1",CCCCCCCCCCCCCCCC[N+](C)(C)CC
b-HEP-1:5,,
tetraethylammonium,"InChI=1S/C8H20N.CH4/c1-5-9(6-2,7-3)8-4;/h5-8H2,1-4H3;1H4/q+1;",C.CC[N+](CC)(CC)CC
betaine aldehyde,"InChI=1S/C5H12NO/c1-6(2,3)4-5-7/h5H,4H2,1-3H3/q+1",C[N+](C)(C)CC=O
triphosphate,"InChI=1S/H5O10P3/c1-11(2,3)9-13(7,8)10-12(4,5)6/h(H,7,8)(H2,1,2,3)(H2,4,5,6)/p-4",O=P([O-])([O-])OP(=O)(O)OP(=O)([O-])[O-]
&gamma;-butyrobetainyl-CoA,"InChI=1S/C28H49N8O17P3S/c1-28(2,23(40)26(41)31-9-8-18(37)30-10-12-57-19(38)7-6-11-36(3,4)5)14-50-56(47,48)53-55(45,46)49-13-17-22(52-54(42,43)44)21(39)27(51-17)35-16-34-20-24(29)32-15-33-25(20)35/h15-17,21-23,27,39-40H,6-14H2,1-5H3,(H7-,29,30,31,32,33,37,41,42,43,44,45,46,47,48)/p-3/t17-,21-,22-,23+,27-/m1/s1",CC(C)(COP(=O)([O-])OP(=O)(O)OC[C@H]1O[C@@H](n2cnc3c(N)ncnc32)[C@H](O)[C@@H]1OP(=O)([O-])O)[C@@H](O)C([O-])=NCCC([O-])=NCCSC(=O)CCC[N+](C)(C)C
tetraphosphate,"InChI=1S/H6O13P4/c1-14(2,3)11-16(7,8)13-17(9,10)12-15(4,5)6/h(H,7,8)(H,9,10)(H2,1,2,3)(H2,4,5,6)/p-5",O=P([O-])([O-])OP(=O)([O-])OP(=O)(O)OP(=O)([O-])[O-]
dimethyldioctadecylammonium,"InChI=1S/C38H80N/c1-5-7-9-11-13-15-17-19-21-23-25-27-29-31-33-35-37-39(3,4)38-36-34-32-30-28-26-24-22-20-18-16-14-12-10-8-6-2/h5-38H2,1-4H3/q+1",CCCCCCCCCCCCCCCCCC[N+](C)(C)CCCCCCCCCCCCCCCCCC
diphosphate,"InChI=1S/H4O7P2/c1-8(2,3)7-9(4,5)6/h(H2,1,2,3)(H2,4,5,6)/p-3",O=P([O-])([O-])OP(=O)([O-])O
choline sulfate,"InChI=1S/C5H13NO4S/c1-6(2,3)4-5-10-11(7,8)9/h4-5H2,1-3H3",C[N+](CCOS(=O)(=O)[O-])(C)C
phosphate,"InChI=1S/H3O4P/c1-5(2,3)4/h(H3,1,2,3,4)/p-2",O=P([O-])([O-])O
 phos,,
domiphen,"InChI=1S/C22H40NO/c1-4-5-6-7-8-9-10-11-12-16-19-23(2,3)20-21-24-22-17-14-13-15-18-22/h13-15,17-18H,4-12,16,19-21H2,1-3H3/q+1",CCCCCCCCCCCC[N+](C)(C)CCOc1ccccc1
trimetaphosphate,"InChI=1S/H3O9P3/c1-10(2)7-11(3,4)9-12(5,6)8-10/h(H,1,2)(H,3,4)(H,5,6)/p-3",O=P1([O-])OP(=O)([O-])OP(=O)([O-])O1
choline,"InChI=1S/C5H14NO/c1-6(2,3)4-5-7/h7H,4-5H2,1-3H3/q+1",C[N+](C)(C)CCO
dihydrogen phosphate,"InChI=1S/H3O4P/c1-5(2,3)4/h(H3,1,2,3,4)/p-1",O=P([O-])(O)O
L-proline betaine,"InChI=1S/C7H13NO2/c1-8(2)5-3-4-6(8)7(9)10/h6H,3-5H2,1-2H3/t6-/m0/s1",C[N+]1(C)CCC[C@H]1C(=O)[O-]
phosphonate,"InChI=1S/H3O3P/c1-4(2)3/h4H,(H2,1,2,3)/p-2",O=[PH]([O-])[O-]
benzalkonium,"InChI=1S/C21H38N/c1-4-5-6-7-8-9-10-11-12-16-19-22(2,3)20-21-17-14-13-15-18-21/h13-15,17-18H,4-12,16,19-20H2,1-3H3/q+1",CCCCCCCCCCCC[N+](C)(C)Cc1ccccc1
phosphinate,"InChI=1S/H3O2P/c1-3-2/h3H2,(H,1,2)/p-1",O=P[O-]
cetyltrimethylammonium,"InChI=1S/C19H42N/c1-5-6-7-8-9-10-11-12-13-14-15-16-17-18-19-20(2,3)4/h5-19H2,1-4H3/q+1",CCCCCCCCCCCCCCCC[N+](C)(C)C
deoxycholate,"InChI=1S/C24H40O4/c1-14(4-9-22(27)28)18-7-8-19-17-6-5-15-12-16(25)10-11-23(15,2)20(17)13-21(26)24(18,19)3/h14-21,25-26H,4-13H2,1-3H3,(H,27,28)/p-1/t14-,15-,16-,17+,18-,19+,20+,21+,23+,24-/m1/s1",C[C@H](CCC(=O)[O-])[C@H]1CC[C@H]2[C@@H]3CC[C@@H]4C[C@H](O)CC[C@]4(C)[C@H]3C[C@H](O)[C@]12C
betaine aldehyde hydrate,"InChI=1S/C5H14NO2/c1-6(2,3)4-5(7)8/h5,7-8H,4H2,1-3H3/q+1",C[N+](C)(C)CC(O)O
cholate,"InChI=1S/C24H40O5/c1-13(4-7-21(28)29)16-5-6-17-22-18(12-20(27)24(16,17)3)23(2)9-8-15(25)10-14(23)11-19(22)26/h13-20,22,25-27H,4-12H2,1-3H3,(H,28,29)/p-1/t13-,14+,15-,16-,17+,18+,19-,20+,22+,23+,24-/m1/s1",C[C@H](CCC(=O)[O-])[C@H]1CC[C@H]2[C@@H]3[C@H](O)C[C@@H]4C[C@H](O)CC[C@]4(C)[C@H]3C[C@H](O)[C@]12C
arsenite<sup>2-</sup>,InChI=1S/AsHO3/c2-1(3)4/h2H/q-2,[O-][As]([O-])O
taurodeoxycholate,"InChI=1S/C26H45NO6S/c1-16(4-9-24(30)27-12-13-34(31,32)33)20-7-8-21-19-6-5-17-14-18(28)10-11-25(17,2)22(19)15-23(29)26(20,21)3/h16-23,28-29H,4-15H2,1-3H3,(H,27,30)(H,31,32,33)/p-1/t16-,17-,18-,19+,20-,21+,22+,23+,25+,26-/m1/s1",C[C@H](CCC([O-])=NCCS(=O)(=O)O)[C@H]1CC[C@H]2[C@@H]3CC[C@@H]4C[C@H](O)CC[C@]4(C)[C@H]3C[C@H](O)[C@]12C
thiosulfate,"InChI=1S/H2O3S2/c1-5(2,3)4/h(H2,1,2,3,4)/p-1",O=S([O-])(O)=S
chenodeoxycholate,"InChI=1S/C24H40O4/c1-14(4-7-21(27)28)17-5-6-18-22-19(9-11-24(17,18)3)23(2)10-8-16(25)12-15(23)13-20(22)26/h14-20,22,25-26H,4-13H2,1-3H3,(H,27,28)/p-1/t14-,15+,16-,17-,18+,19+,20-,22+,23+,24-/m1/s1",C[C@H](CCC(=O)[O-])[C@H]1CC[C@H]2[C@@H]3[C@H](O)C[C@@H]4C[C@H](O)CC[C@]4(C)[C@H]3CC[C@]12C
L-phenylalanine,"InChI=1S/C9H11NO2/c10-8(9(11)12)6-7-4-2-1-3-5-7/h1-5,8H,6,10H2,(H,11,12)/t8-/m0/s1",N[C@@H](Cc1ccccc1)C(=O)O
"3&alpha;,12&alpha;-dihydroxy-7-oxo-5&beta;-cholan-24-oate","InChI=1S/C24H38O5/c1-13(4-7-21(28)29)16-5-6-17-22-18(12-20(27)24(16,17)3)23(2)9-8-15(25)10-14(23)11-19(22)26/h13-18,20,22,25,27H,4-12H2,1-3H3,(H,28,29)/p-1/t13-,14+,15-,16-,17+,18+,20+,22+,23+,24-/m1/s1",C[C@H](CCC(=O)[O-])[C@H]1CC[C@H]2[C@@H]3C(=O)C[C@@H]4C[C@H](O)CC[C@]4(C)[C@H]3C[C@H](O)[C@]12C
S-tubercidinylhomocysteine,"InChI=1S/C15H21N5O5S/c16-8(15(23)24)2-4-26-5-9-10(21)11(22)14(25-9)20-3-1-7-12(17)18-6-19-13(7)20/h1,3,6,8-11,14,21-22H,2,4-5,16H2,(H,23,24)(H2,17,18,19)/t8-,9+,10+,11+,14+/m0/s1",Nc1ncnc2c1ccn2[C@@H]1O[C@H](CSCC[C@H](N)C(=O)O)[C@@H](O)[C@H]1O
nitrate,InChI=1S/NO3/c2-1(3)4/q-1,O=[N+]([O-])[O-]
L-2-amino-3-oxobutanoate,"InChI=1S/C4H7NO3/c1-2(6)3(5)4(7)8/h3H,5H2,1H3,(H,7,8)/t3-/m0/s1",CC(=O)[C@H](N)C(=O)O
boric acid,InChI=1S/BH3O3/c2-1(3)4/h2-4H,OB(O)O
S-propyl-D-cysteine,"InChI=1S/C6H13NO2S/c1-2-3-10-4-5(7)6(8)9/h5H,2-4,7H2,1H3,(H,8,9)/t5-/m1/s1",CCCSC[C@@H](N)C(=O)O
heptamolybdate,InChI=1S/7Mo.24O/q;6*+2;;;;;;;;;;;;;6*-2;6*-1,[Mo]469%10%12([O-][Mo+2]12([O-2][Mo+2]3%11(=O)(=O)([O-2][Mo+2]8(=O)(=O)([O-2][Mo+2]7(=O)(=O)([O-2][Mo+2]5(=O)(=O)([O-2][Mo+2]([O-2]1)(=O)(=O)([O-]234)[O-]56)([O-]789))([O-]%10))[O-]%11%12))(=O)(=O))
<i>S</i>-benzyl-D-cysteine,"InChI=1S/C10H13NO2S/c11-9(10(12)13)7-14-6-8-4-2-1-3-5-8/h1-5,9H,6-7,11H2,(H,12,13)/t9-/m1/s1",N[C@H](CSCc1ccccc1)C(=O)O
tungstate,InChI=1S/4O.W/q;;2*-1;,[O-].[O-].[O].[O].[W]
3-(sulfanylcarbamoyl)-L-alanine,"InChI=1S/C4H8N2O3S/c5-2(4(8)9)1-3(7)6-10/h2,10H,1,5H2,(H,6,7)(H,8,9)/t2-/m0/s1",N[C@@H](CC(O)=NS)C(=O)O
hydrosulfide,InChI=1S/H2S/h1H2/p-1,[SH-]
seleno-L-homocysteine,"InChI=1S/C4H9NO2Se/c5-3(1-2-8)4(6)7/h3,8H,1-2,5H2,(H,6,7)/t3-/m0/s1",N[C@@H](CC[SeH])C(=O)O
sulfite,"InChI=1S/H2O3S/c1-4(2)3/h(H2,1,2,3)/p-2",O=S([O-])[O-]
L-glutamate &gamma;-monohydroxamate,"InChI=1S/C5H10N2O4/c6-3(5(9)10)1-2-4(8)7-11/h3,11H,1-2,6H2,(H,7,8)(H,9,10)/t3-/m0/s1",N[C@@H](CCC(O)=NO)C(=O)O
trithionate,"InChI=1S/H2O6S3/c1-8(2,3)7-9(4,5)6/h(H,1,2,3)(H,4,5,6)/p-2",O=S(=O)([O-])SS(=O)(=O)[O-]
S-carboxymethyl-D-cysteine,"InChI=1S/C5H9NO4S/c6-3(5(9)10)1-11-2-4(7)8/h3H,1-2,6H2,(H,7,8)(H,9,10)/p-1/t3-/m1/s1",N[C@H](CSCC(=O)[O-])C(=O)O
selenide,InChI=1S/Se/q-2,[Se-2]
3-oxo-L-alanine,"InChI=1S/C3H5NO3/c4-2(1-5)3(6)7/h1-2H,4H2,(H,6,7)/t2-/m0/s1",N[C@@H](C=O)C(=O)O
molybdate,InChI=1S/Mo.4O/q;;;2*-1,[Mo].[O-].[O-].[O].[O]
6-diazo-5-oxo-L-norleucine,"InChI=1S/C6H9N3O3/c7-5(6(11)12)2-1-4(10)3-9-8/h3,5H,1-2,7H2,(H,11,12)/t5-/m0/s1",[N-]=[N+]=CC(=O)CC[C@H](N)C(=O)O
nitrite,"InChI=1S/HNO2/c2-1-3/h(H,2,3)/p-1",O=N[O-]
S-phenyl-D-cysteine,"InChI=1S/C9H11NO2S/c10-8(9(11)12)6-13-7-4-2-1-3-5-7/h1-5,8H,6,10H2,(H,11,12)/t8-/m1/s1",N[C@H](CSc1ccccc1)C(=O)O
tetrathionate,"InChI=1S/H2O6S4/c1-9(2,3)7-8-10(4,5)6/h(H,1,2,3)(H,4,5,6)/p-2",O=S(=O)([O-])SSS(=O)(=O)[O-]
L-tryptophanhydroxamate,"InChI=1S/C11H13N3O2/c12-9(11(15)14-16)5-7-6-13-10-4-2-1-3-8(7)10/h1-4,6,9,13,16H,5,12H2,(H,14,15)/p+1/t9-/m0/s1",[NH3+][C@@H](Cc1c[nH]c2ccccc12)C(O)=NO
hydrogen carbonate,"InChI=1S/CH2O3/c2-1(3)4/h(H2,2,3,4)/p-1",O=C([O-])O
L-selenomethionine,"InChI=1S/C5H11NO2Se/c1-9-3-2-4(6)5(7)8/h4H,2-3,6H2,1H3,(H,7,8)/t4-/m0/s1",C[Se]CC[C@H](N)C(=O)O
antimonite,InChI=1S/3O.Sb/q3*-1;,[O-].[O-].[O-].[Sb]
D-selenomethionine,"InChI=1S/C5H11NO2Se/c1-9-3-2-4(6)5(7)8/h4H,2-3,6H2,1H3,(H,7,8)/p-1/t4-/m1/s1",C[Se]CC[C@@H](N)C(=O)[O-]
perchlorate,"InChI=1S/ClHO4/c2-1(3,4)5/h(H,2,3,4,5)/p-1",[O-][Cl+3]([O-])([O-])[O-]
S-formycinylhomocysteine,"InChI=1S/C14H20N6O5S/c15-5(14(23)24)1-2-26-3-6-10(21)11(22)12(25-6)8-7-9(20-19-8)13(16)18-4-17-7/h4-6,10-12,21-22H,1-3,15H2,(H,19,20)(H,23,24)(H2,16,17,18)/t5-,6?,10?,11?,12?/m0/s1",Nc1ncnc2c(C3OC(CSCC[C@H](N)C(=O)O)C(O)C3O)[nH]nc12
sulfate,"InChI=1S/H2O4S/c1-5(2,3)4/h(H2,1,2,3,4)/p-2",O=S(=O)([O-])[O-]
<i>S</i>-adenosyl-L-homocysteine,"InChI=1S/C14H20N6O5S/c15-6(14(23)24)1-2-26-3-7-9(21)10(22)13(25-7)20-5-19-8-11(16)17-4-18-12(8)20/h4-7,9-10,13,21-22H,1-3,15H2,(H,23,24)(H2,16,17,18)/t6-,7+,9+,10+,13+/m0/s1",Nc1ncnc2c1ncn2[C@@H]1O[C@H](CSCC[C@H](N)C(=O)O)[C@@H](O)[C@H]1O
S<sup>2-</sup>,InChI=1S/S/q-2,[S-2]
5-hydroxy-2-(3-DL-alanyl)-pyridine,"InChI=1S/C7H8N2O3/c8-6(7(11)12)5-2-1-4(10)3-9-5/h1-3,6,10H,8H2,(H,11,12)",NC(C(=O)O)c1ccc(O)cn1
selenate,"InChI=1S/H2O4Se/c1-5(2,3)4/h(H2,1,2,3,4)/p-2",O=[Se](=O)([O-])[O-]
<i>sn</i>-butyl-D-cysteine,"InChI=1S/C7H15NO2S/c1-2-3-4-11-5-6(8)7(9)10/h6H,2-5,8H2,1H3,(H,9,10)/t6-/m1/s1",CCCCSC[C@@H](N)C(=O)O
chromate,InChI=1S/Cr.4O/q;;;2*-1,[Cr].[O-].[O-].[O].[O]
5-diazo-4-oxo-norvaline,"InChI=1S/C5H7N3O3/c6-4(5(10)11)1-3(9)2-8-7/h2,4,7H,1,6H2/p+1",N=[N+]=CC(=O)CC(N)C(=O)O
OH<SUP>-</SUP>,InChI=1S/H2O/h1H2/p-1,[OH-]
<i>S</i>-ribosyl-L-homocysteine,"InChI=1S/C9H17NO6S/c10-4(8(13)14)1-2-17-3-5-6(11)7(12)9(15)16-5/h4-7,9,11-12,15H,1-3,10H2,(H,13,14)/t4-,5+,6+,7+,9?/m0/s1",N[C@@H](CCSC[C@H]1OC(O)[C@H](O)[C@@H]1O)C(=O)O
arsenite<sup>3-</sup>,InChI=1S/AsO3/c2-1(3)4/q-3,[O-][As]([O-])[O-]
hydrogensulfite,"InChI=1S/H2O3S/c1-4(2)3/h(H2,1,2,3)/p-1",O=S([O-])O
arsenate,"InChI=1S/AsH3O4/c2-1(3,4)5/h(H3,2,3,4,5)/p-2",O=[As]([O-])([O-])O
tetraborate,InChI=1S/B4O7/c5-1-7-3-9-2(6)10-4(8-1)11-3/q-2,[O-]B1OB2OB([O-])OB(O1)O2
superoxide,InChI=1S/HO2/c1-2/h1H/p-1,[O-]O
arsenite,InChI=1S/AsH2O3/c2-1(3)4/h2-3H/q-1,[O-][As](O)O
selenite,"InChI=1S/H2O3Se/c1-4(2)3/h(H2,1,2,3)/p-2",O=[Se]([O-])[O-]
vanadate,InChI=1S/4O.V/q;3*-1;,[O-].[O-].[O-].[O].[V]
Li<sup>+</sup>,InChI=1S/Li/q+1,[Li+]
Na<SUP>+</SUP>,InChI=1S/Na/q+1,[Na+]
Cs<sup>+</sup>,InChI=1S/Cs/q+1,[Cs+]
DL-selenocystine,"InChI=1S/C6H12N2O4Se2/c7-3(5(9)10)1-13-14-2-4(8)6(11)12/h3-4H,1-2,7-8H2,(H,9,10)(H,11,12)",NC(C[Se][Se]CC(N)C(=O)O)C(=O)O
Rb<SUP>+</SUP>,InChI=1S/Rb/q+1,[Rb+]
K<SUP>+</SUP>,InChI=1S/K/q+1,[K+]
lipid A (<i>E. coli</i>),"InChI=1S/C94H178N2O25P2/c1-7-13-19-25-31-37-38-44-50-56-62-68-84(103)115-78(66-60-54-48-42-35-29-23-17-11-5)72-86(105)119-92-88(96-82(101)71-77(65-59-53-47-41-34-28-22-16-10-4)114-83(102)67-61-55-49-43-36-30-24-18-12-6)93(116-79(73-97)90(92)120-122(107,108)109)113-74-80-89(106)91(118-85(104)70-76(99)64-58-52-46-40-33-27-21-15-9-3)87(94(117-80)121-123(110,111)112)95-81(100)69-75(98)63-57-51-45-39-32-26-20-14-8-2/h75-80,87-94,97-99,106H,7-74H2,1-6H3,(H,95,100)(H,96,101)(H2,107,108,109)(H2,110,111,112)/p-4/t75-,76-,77-,78-,79-,80-,87-,88-,89-,90-,91-,92-,93-,94-/m1/s1",CCCCCCCCCCCCCC(=O)O[C@H](CCCCCCCCCCC)CC(=O)O[C@@H]1[C@@H](N=C([O-])C[C@@H](CCCCCCCCCCC)OC(=O)CCCCCCCCCCC)[C@H](OC[C@H]2O[C@H](OP(=O)(O)O)[C@H](N=C([O-])C[C@H](O)CCCCCCCCCCC)[C@@H](OC(=O)C[C@H](O)CCCCCCCCCCC)[C@@H]2O)O[C@H](CO)[C@H]1OP(=O)([O-])[O-]
lipid A (<i>R. sphaeroides</i>),"InChI=1S/C74H137N2O21P/c1-6-11-16-21-24-27-28-31-34-39-44-49-64(83)92-59(48-43-38-33-30-26-23-18-13-8-3)53-63(82)76-68-72(96-66(85)52-58(80)47-41-36-20-15-10-5)70(97-98(88,89)90)60(54-77)94-74(68)91-55-61-69(86)71(95-65(84)51-57(79)46-40-35-19-14-9-4)67(73(87)93-61)75-62(81)50-56(78)45-42-37-32-29-25-22-17-12-7-2/h31,34,56-61,67-74,77-80,86-87H,6-30,32-33,35-55H2,1-5H3,(H,75,81)(H,76,82)(H2,88,89,90)/p-2/b34-31-/t56-,57-,58-,59-,60-,61-,67-,68-,69-,70-,71-,72-,73+,74-/m1/s1",CCCCCCCC/C=C\CCCC(=O)O[C@H](CCCCCCCCCCC)CC([O-])=N[C@H]1[C@H](OC[C@H]2O[C@H](O)[C@H](N=C([O-])C[C@H](O)CCCCCCCCCCC)[C@@H](OC(=O)C[C@H](O)CCCCCCC)[C@@H]2O)O[C@H](CO)[C@@H](OP(=O)(O)O)[C@@H]1OC(=O)C[C@H](O)CCCCCCC
glycine,"InChI=1S/C2H5NO2/c3-1-2(4)5/h1,3H2,(H,4,5)",NCC(=O)O
L-cystathionine,"InChI=1S/C7H14N2O4S/c8-4(6(10)11)1-2-14-3-5(9)7(12)13/h4-5H,1-3,8-9H2,(H,10,11)(H,12,13)/t4-,5-/m0/s1",N[C@@H](CCSC[C@H](N)C(=O)O)C(=O)O
L-valine,"InChI=1S/C5H11NO2/c1-3(2)4(6)5(7)8/h3-4H,6H2,1-2H3,(H,7,8)/t4-/m0/s1",CC(C)[C@H](N)C(=O)O
2-palmitoyl-<i>sn</i>-glycero-3-phosphoserine,"InChI=1S/C22H44NO9P/c1-2-3-4-5-6-7-8-9-10-11-12-13-14-15-21(25)32-19(16-24)17-30-33(28,29)31-18-20(23)22(26)27/h19-20,24H,2-18,23H2,1H3,(H,26,27)(H,28,29)/p-1/t19-,20+/m1/s1",CCCCCCCCCCCCCCCC(=O)O[C@H](CO)COP(=O)(O)OC[C@H](N)C(=O)[O-]
L-alanine,"InChI=1S/C3H7NO2/c1-2(4)3(5)6/h2H,4H2,1H3,(H,5,6)/t2-/m0/s1",C[C@H](N)C(=O)O
L-threonine,"InChI=1S/C4H9NO3/c1-2(6)3(5)4(7)8/h2-3,6H,5H2,1H3,(H,7,8)/t2-,3+/m1/s1",C[C@@H](O)[C@H](N)C(=O)O
"cardiolipin (tetrahexadecanoyl, n-C16:0)","InChI=1S/C73H142O17P2/c1-5-9-13-17-21-25-29-33-37-41-45-49-53-57-70(75)83-63-68(89-72(77)59-55-51-47-43-39-35-31-27-23-19-15-11-7-3)65-87-91(79,80)85-61-67(74)62-86-92(81,82)88-66-69(90-73(78)60-56-52-48-44-40-36-32-28-24-20-16-12-8-4)64-84-71(76)58-54-50-46-42-38-34-30-26-22-18-14-10-6-2/h67-69,74H,5-66H2,1-4H3,(H,79,80)(H,81,82)/p-2/t68-,69-/m1/s1",CCCCCCCCCCCCCCCC(=O)OC[C@H](COP(=O)([O-])OCC(O)COP(=O)([O-])OC[C@@H](COC(=O)CCCCCCCCCCCCCCC)OC(=O)CCCCCCCCCCCCCCC)OC(=O)CCCCCCCCCCCCCCC
L-histidine,"InChI=1S/C6H9N3O2/c7-5(6(10)11)1-4-2-8-3-9-4/h2-3,5H,1,7H2,(H,8,9)(H,10,11)/t5-/m0/s1",N[C@@H](Cc1cnc[nH]1)C(=O)O
"cardiolipin (1,3-bispalmitoyl, 2,4-bis-<i>cis</i>-vaccenoyl)","InChI=1S/C77H146O17P2/c1-5-9-13-17-21-25-29-33-35-39-43-47-51-55-59-63-76(81)93-72(67-87-74(79)61-57-53-49-45-41-37-31-27-23-19-15-11-7-3)69-91-95(83,84)89-65-71(78)66-90-96(85,86)92-70-73(68-88-75(80)62-58-54-50-46-42-38-32-28-24-20-16-12-8-4)94-77(82)64-60-56-52-48-44-40-36-34-30-26-22-18-14-10-6-2/h25-26,29-30,71-73,78H,5-24,27-28,31-70H2,1-4H3,(H,83,84)(H,85,86)/p-2/b29-25-,30-26-/t72-,73-/m1/s1",CCCCCC/C=C\CCCCCCCCCC(=O)O[C@H](COC(=O)CCCCCCCCCCCCCCC)COP(=O)([O-])OCC(O)COP(=O)([O-])OC[C@@H](COC(=O)CCCCCCCCCCCCCCC)OC(=O)CCCCCCCCC/C=C\CCCCCC
L-methionine,"InChI=1S/C5H11NO2S/c1-9-3-2-4(6)5(7)8/h4H,2-3,6H2,1H3,(H,7,8)/t4-/m0/s1",CSCC[C@H](N)C(=O)O
"L,L-diaminopimelate","InChI=1S/C7H14N2O4/c8-4(6(10)11)2-1-3-5(9)7(12)13/h4-5H,1-3,8-9H2,(H,10,11)(H,12,13)/t4-,5-/m0/s1",N[C@@H](CCC[C@H](N)C(=O)O)C(=O)O
L-2-amino-4-oxo-5-chloropentanoate,"InChI=1S/C5H8ClNO3/c6-2-3(8)1-4(7)5(9)10/h4H,1-2,7H2,(H,9,10)/t4-/m0/s1",N[C@@H](CC(=O)CCl)C(=O)O
"4,4'-diisothiocyanostilbene-2,2'-disulfonate","InChI=1S/C16H10N2O6S4/c19-27(20,21)15-7-13(17-9-25)5-3-11(15)1-2-12-4-6-14(18-10-26)8-16(12)28(22,23)24/h1-8H,(H,19,20,21)(H,22,23,24)/p-2/b2-1+",O=S(=O)([O-])c1cc(N=C=S)ccc1/C=C/c1ccc(N=C=S)cc1S(=O)(=O)[O-]
L-ornithine,"InChI=1S/C5H12N2O2/c6-3-1-2-4(7)5(8)9/h4H,1-3,6-7H2,(H,8,9)/p+1/t4-/m0/s1",N[C@@H](CCC[NH3+])C(=O)O
1-lauroyl-<i>sn</i>-glycerol 3-phosphate,"InChI=1S/C15H31O7P/c1-2-3-4-5-6-7-8-9-10-11-15(17)21-12-14(16)13-22-23(18,19)20/h14,16H,2-13H2,1H3,(H2,18,19,20)/p-2/t14-/m1/s1",CCCCCCCCCCCC(=O)OC[C@@H](O)COP(=O)([O-])[O-]
L-arginine,"InChI=1S/C6H14N4O2/c7-4(5(11)12)2-1-3-10-6(8)9/h4H,1-3,7H2,(H,11,12)(H4,8,9,10)/p+1/t4-/m0/s1",N=C(N)NCCC[C@H]([NH3+])C(=O)O
purine-ring,,c1ncc2nc[nH]c2n1
L-aspartate,"InChI=1S/C4H7NO4/c5-2(4(8)9)1-3(6)7/h2H,1,5H2,(H,6,7)(H,8,9)/p-1/t2-/m0/s1",N[C@@H](CC(=O)[O-])C(=O)O
phenanthrene-ring,,c1ccc2c(c1)ccc1ccccc12
L-tryptophan,"InChI=1S/C11H12N2O2/c12-9(11(14)15)5-7-6-13-10-4-2-1-3-8(7)10/h1-4,6,9,13H,5,12H2,(H,14,15)/t9-/m0/s1",N[C@@H](Cc1c[nH]c2ccccc12)C(=O)O
adenine-ring,,Nc1nc[nH]c2ncnc1-2
L-isoleucine,"InChI=1S/C6H13NO2/c1-3-4(2)5(7)6(8)9/h4-5H,3,7H2,1-2H3,(H,8,9)/t4-,5-/m0/s1",CC[C@H](C)[C@H](N)C(=O)O
pyridine-ring,,c1ccncc1
L-proline,"InChI=1S/C5H9NO2/c7-5(8)4-2-1-3-6-4/h4,6H,1-3H2,(H,7,8)/t4-/m0/s1",O=C(O)[C@@H]1CCCN1
porphyrin-ring,,C1=C/C2=C/C3=N/C(=C\C4=N/C(=C\C5=N/C(=C\C1=N2)C=C5)C=C4)C=C3
L-glutamine,"InChI=1S/C5H10N2O3/c6-3(5(9)10)1-2-4(7)8/h3H,1-2,6H2,(H2,7,8)(H,9,10)/t3-/m0/s1",N=C(O)CC[C@H](N)C(=O)O
nt-pentose-ring,,OCC1OCC(O)C1O
L-lysine,"InChI=1S/C6H14N2O2/c7-4-2-1-3-5(8)6(9)10/h5H,1-4,7-8H2,(H,9,10)/p+1/t5-/m0/s1",N[C@@H](CCCC[NH3+])C(=O)O
sterone-ring,,C1CCC2C(C1)CCC1C3CCCC3CCC21
L-allocystathionine,"InChI=1S/C7H14N2O4S/c8-4(6(10)11)1-2-14-3-5(9)7(12)13/h4-5H,1-3,8-9H2,(H,10,11)(H,12,13)/t4-,5+/m1/s1",N[C@H](CCSC[C@H](N)C(=O)O)C(=O)O
pteridine-ring,,c1cnc2ncncc2n1
L-selenocysteine,"InChI=1S/C3H7NO2Se/c4-2(1-7)3(5)6/h2,7H,1,4H2,(H,5,6)/t2-/m0/s1",N[C@@H](C[SeH])C(=O)O
pentose-ring,,OCC1OC(O)C(O)C1O
L-asparagine,"InChI=1S/C4H8N2O3/c5-2(4(8)9)1-3(6)7/h2H,1,5H2,(H2,6,7)(H,8,9)/t2-/m0/s1",N=C(O)C[C@H](N)C(=O)O
[peptidyl-carrier protein] group,,CC(C)(COP(=O)([O-])OC[C@H](N[a peptidyl-carrier protein])C(=O)[a peptidyl-carrier protein])[C@@H](O)C(=O)NCCC(=O)NCCS
L-aspartyl-4-phosphate,"InChI=1S/C4H8NO7P/c5-2(4(7)8)1-3(6)12-13(9,10)11/h2H,1,5H2,(H,7,8)(H2,9,10,11)/p-2/t2-/m0/s1",N[C@@H](CC(=O)OP(=O)([O-])O)C(=O)[O-]
[aryl-carrier protein] group,,CC(C)(COP(=O)([O-])OC[C@H](N[an aryl-carrier protein])C(=O)[an aryl-carrier protein])[C@@H](O)C(=O)NCCC(=O)NCCS
L-tyrosine,"InChI=1S/C9H11NO3/c10-8(9(12)13)5-6-1-3-7(11)4-2-6/h1-4,8,11H,5,10H2,(H,12,13)/t8-/m0/s1",N[C@@H](Cc1ccc(O)cc1)C(=O)O
[non-ribosomal peptide synthase] group,,CC(C)(COP(=O)([O-])OC[C@H](N[a non-ribosomal peptide synthase])C(=O)[a non-ribosomal peptide synthase])[C@@H](O)C(=O)NCCC(=O)NCCS
L-norvaline,"InChI=1S/C5H11NO2/c1-2-3-4(6)5(7)8/h4H,2-3,6H2,1H3,(H,7,8)/t4-/m0/s1",CCC[C@H](N)C(=O)O
[polyketide synthase acyl-carrier protein]-group,,CC(C)(COP(=O)([O-])OC[C@H](N[a holo acp domain within a [polyketide synthase]])C(=O)[a holo acp domain within a [polyketide synthase]])[C@@H](O)C(=O)NCCC(=O)NCCS
L-glutamate,"InChI=1S/C5H9NO4/c6-3(5(9)10)1-2-4(7)8/h3H,1-2,6H2,(H,7,8)(H,9,10)/p-1/t3-/m0/s1",N[C@@H](CCC(=O)[O-])C(=O)O
[acyl-carrier protein]-group,,CC(C)(COP(=O)([O-])OC[C@H](N[a soluble apo-[acyl-carrier protein]])C(=O)[a soluble apo-[acyl-carrier protein]])[C@@H](O)C(=O)NCCC(=O)NCCS
<i>meso</i>-diaminopimelate,"InChI=1S/C7H14N2O4/c8-4(6(10)11)2-1-3-5(9)7(12)13/h4-5H,1-3,8-9H2,(H,10,11)(H,12,13)/t4-,5+",N[C@H](CCC[C@H](N)C(=O)O)C(=O)O
L-cysteine,"InChI=1S/C3H7NO2S/c4-2(1-7)3(5)6/h2,7H,1,4H2,(H,5,6)/t2-/m0/s1",N[C@@H](CS)C(=O)O
L-lysyl-FMDP,"InChI=1S/C14H24N4O6/c1-24-12(20)6-5-11(19)17-8-10(14(22)23)18-13(21)9(16)4-2-3-7-15/h5-6,9-10H,2-4,7-8,15-16H2,1H3,(H,17,19)(H,18,21)(H,22,23)/p+1/b6-5+/t9-,10-/m0/s1",COC(=O)/C=C/C(O)=NC[C@H](N=C(O)[C@@H](N)CCCC[NH3+])C(=O)O
L-leucine,"InChI=1S/C6H13NO2/c1-4(2)3-5(7)6(8)9/h4-5H,3,7H2,1-2H3,(H,8,9)/t5-/m0/s1",CC(C)C[C@H](N)C(=O)O
FMDP-L-phenylalanine,"InChI=1S/C17H21N3O6/c1-26-15(22)8-7-14(21)19-10-12(18)16(23)20-13(17(24)25)9-11-5-3-2-4-6-11/h2-8,12-13H,9-10,18H2,1H3,(H,19,21)(H,20,23)(H,24,25)/b8-7+/t12-,13-/m0/s1",COC(=O)/C=C/C(O)=NC[C@H](N)C(O)=N[C@@H](Cc1ccccc1)C(=O)O
buthionine sulfoximine,"InChI=1S/C8H18N2O3S/c1-2-3-5-14(10,13)6-4-7(9)8(11)12/h7,10H,2-6,9H2,1H3,(H,11,12)/t7-,14?/m0/s1",CCCCS(=N)(=O)CC[C@H](N)C(=O)O
As<sup>5+</sup>,InChI=1S/As/q+5,[As+5]
FMDP-L-leucine,"InChI=1S/C14H23N3O6/c1-8(2)6-10(14(21)22)17-13(20)9(15)7-16-11(18)4-5-12(19)23-3/h4-5,8-10H,6-7,15H2,1-3H3,(H,16,18)(H,17,20)(H,21,22)/b5-4+/t9-,10-/m0/s1",COC(=O)/C=C/C(O)=NC[C@H](N)C(O)=N[C@@H](CC(C)C)C(=O)O
&alpha;-Hep-(1&rarr;3)-&alpha;-Hep-(1&rarr;5)-[&alpha;-Kdo-(2&rarr;4)]-&alpha;-Kdo-(2&rarr;6)-lipid A (<i>E. coli</i>),"InChI=1S/C124H226N2O51P2/c1-7-13-19-25-31-37-38-44-50-56-62-68-96(141)164-84(66-60-54-48-42-35-29-23-17-11-5)72-98(143)168-115-100(126-94(139)71-83(65-59-53-47-41-34-28-22-16-10-4)163-95(140)67-61-55-49-43-36-30-24-18-12-6)117(161-79-91-102(145)114(167-97(142)70-82(132)64-58-52-46-40-33-27-21-15-9-3)99(118(165-91)177-179(158,159)160)125-93(138)69-81(131)63-57-51-45-39-32-26-20-14-8-2)166-92(113(115)176-178(155,156)157)80-162-123(121(151)152)74-90(173-124(122(153)154)73-85(133)101(144)110(174-124)88(136)77-129)112(111(175-123)89(137)78-130)171-120-107(150)116(106(149)109(170-120)87(135)76-128)172-119-105(148)103(146)104(147)108(169-119)86(134)75-127/h81-92,99-120,127-137,144-150H,7-80H2,1-6H3,(H,125,138)(H,126,139)(H,151,152)(H,153,154)(H2,155,156,157)(H2,158,159,160)/p-6/t81-,82-,83-,84-,85-,86-,87+,88-,89-,90-,91-,92-,99-,100-,101-,102-,103+,104+,105+,106-,107+,108-,109-,110-,111-,112-,113-,114-,115-,116+,117-,118-,119-,120-,123-,124-/m1/s1",CCCCCCCCCCCCCC(=O)O[C@H](CCCCCCCCCCC)CC(=O)O[C@@H]1[C@@H](N=C([O-])C[C@@H](CCCCCCCCCCC)OC(=O)CCCCCCCCCCC)[C@H](OC[C@H]2O[C@H](OP(=O)(O)O)[C@H](N=C([O-])C[C@H](O)CCCCCCCCCCC)[C@@H](OC(=O)C[C@H](O)CCCCCCCCCCC)[C@@H]2O)O[C@H](CO[C@]2(C(=O)[O-])C[C@@H](O[C@]3(C(=O)[O-])C[C@@H](O)[C@@H](O)[C@@H]([C@H](O)CO)O3)[C@@H](O[C@H]3O[C@H]([C@@H](O)CO)[C@@H](O)[C@H](O[C@H]4O[C@H]([C@H](O)CO)[C@@H](O)[C@H](O)[C@@H]4O)[C@@H]3O)[C@@H]([C@H](O)CO)O2)[C@H]1OP(=O)([O-])[O-]
L-norvalyl-FMDP,"InChI=1S/C13H21N3O6/c1-3-4-8(14)12(19)16-9(13(20)21)7-15-10(17)5-6-11(18)22-2/h5-6,8-9H,3-4,7,14H2,1-2H3,(H,15,17)(H,16,19)(H,20,21)/b6-5+/t8-,9-/m0/s1",CCC[C@H](N)C(O)=N[C@@H](CN=C(O)/C=C/C(=O)OC)C(=O)O
b-dglc-HEX-1:5|6:d,,
L-tyrosyl-FMDP,"InChI=1S/C17H21N3O7/c1-27-15(23)7-6-14(22)19-9-13(17(25)26)20-16(24)12(18)8-10-2-4-11(21)5-3-10/h2-7,12-13,21H,8-9,18H2,1H3,(H,19,22)(H,20,24)(H,25,26)/b7-6+/t12-,13-/m0/s1",COC(=O)/C=C/C(O)=NC[C@H](N=C(O)[C@@H](N)Cc1ccc(O)cc1)C(=O)O
a-xglc-HEX-1:5,,
L-phosphinothricin,"InChI=1S/C5H12NO4P/c1-11(9,10)3-2-4(6)5(7)8/h4H,2-3,6H2,1H3,(H,7,8)(H,9,10)/p-1/t4-/m0/s1",CP(=O)(O)CC[C@H](N)C(=O)[O-]
a-dglc-HEX-1:5,,
D-leucine,"InChI=1S/C6H13NO2/c1-4(2)3-5(7)6(8)9/h4-5H,3,7H2,1-2H3,(H,8,9)/t5-/m1/s1",CC(C)C[C@@H](N)C(=O)O
x-dglc-HEX-x:x,,
D-alanine,"InChI=1S/C3H7NO2/c1-2(4)3(5)6/h2H,4H2,1H3,(H,5,6)/t2-/m1/s1",C[C@@H](N)C(=O)O
x-dglc-HEX-1:5,,
D-asparagine,"InChI=1S/C4H8N2O3/c5-2(4(8)9)1-3(6)7/h2H,1,5H2,(H2,6,7)(H,8,9)/t2-/m1/s1",N=C(O)C[C@@H](N)C(=O)O
b-lglc-HEX-1:5|6:a,,
D-methionine,"InChI=1S/C5H11NO2S/c1-9-3-2-4(6)5(7)8/h4H,2-3,6H2,1H3,(H,7,8)/t4-/m1/s1",CSCC[C@@H](N)C(=O)O
b-dglc-HEX-1:5,,
D-threonine,"InChI=1S/C4H9NO3/c1-2(6)3(5)4(7)8/h2-3,6H,5H2,1H3,(H,7,8)/t2-,3+/m0/s1",C[C@H](O)[C@@H](N)C(=O)O
a-dglc-HEX-1:5|6:a,,
D-cysteine,"InChI=1S/C3H7NO2S/c4-2(1-7)3(5)6/h2,7H,1,4H2,(H,5,6)/t2-/m1/s1",N[C@H](CS)C(=O)O
a-dglc-HEX-1:4,,
D-valine,"InChI=1S/C5H11NO2/c1-3(2)4(6)5(7)8/h3-4H,6H2,1-2H3,(H,7,8)/t4-/m1/s1",CC(C)[C@@H](N)C(=O)O
x-dglc-HEX-1:5|6:a,,
D-lysine,"InChI=1S/C6H14N2O2/c7-4-2-1-3-5(8)6(9)10/h5H,1-4,7-8H2,(H,9,10)/p+1/t5-/m1/s1",N[C@H](CCCC[NH3+])C(=O)O
b-xglc-HEX-1:5|6:a,,
D-glutamine,"InChI=1S/C5H10N2O3/c6-3(5(9)10)1-2-4(7)8/h3H,1-2,6H2,(H2,7,8)(H,9,10)/t3-/m1/s1",N=C(O)CC[C@@H](N)C(=O)O
b-dglc-HEX-1:5|6:a,,
D-glutamate,"InChI=1S/C5H9NO4/c6-3(5(9)10)1-2-4(7)8/h3H,1-2,6H2,(H,7,8)(H,9,10)/p-1/t3-/m1/s1",N[C@H](CCC(=O)[O-])C(=O)O
a-dglc-HEX-1:5|6:d,,
D-cystathionine,"InChI=1S/C7H14N2O4S/c8-4(6(10)11)1-2-14-3-5(9)7(12)13/h4-5H,1-3,8-9H2,(H,10,11)(H,12,13)/t4-,5-/m1/s1",N[C@H](CCSC[C@@H](N)C(=O)O)C(=O)O
a-dglc-HEX-1:4|6:a,,
D-aspartate,"InChI=1S/C4H7NO4/c5-2(4(8)9)1-3(6)7/h2H,1,5H2,(H,6,7)(H,8,9)/p-1/t2-/m1/s1",N[C@H](CC(=O)[O-])C(=O)O
x-dglc-HEX-1:5|6:d,,
FMDP-L-valine,"InChI=1S/C13H21N3O6/c1-7(2)11(13(20)21)16-12(19)8(14)6-15-9(17)4-5-10(18)22-3/h4-5,7-8,11H,6,14H2,1-3H3,(H,15,17)(H,16,19)(H,20,21)/b5-4+/t8-,11-/m0/s1",COC(=O)/C=C/C(O)=NC[C@H](N)C(O)=N[C@H](C(=O)O)C(C)C
x-dglc-HEX-1:4,,
L-methionyl-FMDP,"InChI=1S/C13H21N3O6S/c1-22-11(18)4-3-10(17)15-7-9(13(20)21)16-12(19)8(14)5-6-23-2/h3-4,8-9H,5-7,14H2,1-2H3,(H,15,17)(H,16,19)(H,20,21)/b4-3+/t8-,9-/m0/s1",COC(=O)/C=C/C(O)=NC[C@H](N=C(O)[C@@H](N)CCSC)C(=O)O
L-<i>threo</i>-3-phenylserine,"InChI=1S/C9H11NO3/c10-7(9(12)13)8(11)6-4-2-1-3-5-6/h1-5,7-8,11H,10H2,(H,12,13)/t7-,8-/m0/s1",N[C@H](C(=O)O)[C@@H](O)c1ccccc1
L-<i>erythro</i>-3-phenylserine,"InChI=1S/C9H11NO3/c10-7(9(12)13)8(11)6-4-2-1-3-5-6/h1-5,7-8,11H,10H2,(H,12,13)/t7-,8+/m0/s1",N[C@H](C(=O)O)[C@H](O)c1ccccc1
D-serine,"InChI=1S/C3H7NO3/c4-2(1-5)3(6)7/h2,5H,1,4H2,(H,6,7)/t2-/m1/s1",N[C@H](CO)C(=O)O
L-serine,"InChI=1S/C3H7NO3/c4-2(1-5)3(6)7/h2,5H,1,4H2,(H,6,7)/t2-/m0/s1",N[C@@H](CO)C(=O)O
sulfur(0),InChI=1S/S,[S]
hypochlorous acid,InChI=1S/ClHO/c1-2/h2H,OCl
nitrous oxide,InChI=1S/N2O/c1-2-3,[N-]=[N+]=O
hydrogen sulfide,InChI=1S/H2S/h1H2,S
hypochlorite,InChI=1S/ClO/c1-2/q-1,[O-]Cl
dioxygen,InChI=1S/O2/c1-2,O=O
(S)-2-aminobutanoate,"InChI=1S/C4H9NO2/c1-2-3(5)4(6)7/h3H,2,5H2,1H3,(H,6,7)/t3-/m0/s1",CC[C@H](N)C(=O)O
(R)-2-aminobutanoate,"InChI=1S/C4H9NO2/c1-2-3(5)4(6)7/h3H,2,5H2,1H3,(H,6,7)/t3-/m1/s1",CC[C@@H](N)C(=O)O
L-ethionine,"InChI=1S/C6H13NO2S/c1-2-10-4-3-5(7)6(8)9/h5H,2-4,7H2,1H3,(H,8,9)/t5-/m0/s1",CCSCC[C@H](N)C(=O)O
4-hydroxybenzoate,"InChI=1S/C7H6O3/c8-6-3-1-5(2-4-6)7(9)10/h1-4,8H,(H,9,10)/p-1",O=C(O)c1ccc([O-])cc1
protocatechuate,"InChI=1S/C7H6O4/c8-5-2-1-4(7(10)11)3-6(5)9/h1-3,8-9H,(H,10,11)/p-1",O=C(O)c1ccc([O-])c(O)c1
salicylate,"InChI=1S/C7H6O3/c8-6-4-2-1-3-5(6)7(9)10/h1-4,8H,(H,9,10)/p-1",O=C(O)c1ccccc1[O-]
vanillate,"InChI=1S/C8H8O4/c1-12-7-4-5(8(10)11)2-3-6(7)9/h2-4,9H,1H3,(H,10,11)/p-1",COc1cc(C(=O)O)ccc1[O-]
&beta;-D-Glc-PP-Und,"InChI=1S/C61H101O9P/c1-46(2)23-13-24-47(3)25-14-26-48(4)27-15-28-49(5)29-16-30-50(6)31-17-32-51(7)33-18-34-52(8)35-19-36-53(9)37-20-38-54(10)39-21-40-55(11)41-22-42-56(12)43-44-68-71(66,67)70-61-60(65)59(64)58(63)57(45-62)69-61/h23,25,27,29,31,33,35,37,39,41,43,57-65H,13-22,24,26,28,30,32,34,36,38,40,42,44-45H2,1-12H3,(H,66,67)/p-1/b47-25+,48-27+,49-29-,50-31-,51-33-,52-35-,53-37-,54-39-,55-41-,56-43-/t57-,58-,59+,60-,61+/m1/s1",CC(C)=CCC/C(C)=C\CC/C(C)=C\CC/C(C)=C/CC/C(C)=C/CC/C(C)=C/CC/C(C)=C/CC/C(C)=C/CC/C(C)=C/CC/C(C)=C/CC/C(C)=C/COP(=O)([O-])O[C@@H]1O[C@H](CO)[C@@H](O)[C@H](O)[C@H]1O
2-oxo-4-phenylbutanoate,"InChI=1S/C10H10O3/c11-9(10(12)13)7-6-8-4-2-1-3-5-8/h1-5H,6-7H2,(H,12,13)/p-1",O=C([O-])C(=O)CCc1ccccc1
&beta;-D-Gal<i>f</i>-(1&rarr;6)-&alpha;-D-Glc-(1&rarr;3)-&alpha;-L-Rha-(1&rarr;3)-&alpha;-D-GlcNAc-PP-Und,"InChI=1S/C89H147NO32P2/c1-52(2)26-16-27-53(3)28-17-29-54(4)30-18-31-55(5)32-19-33-56(6)34-20-35-57(7)36-21-37-58(8)38-22-39-59(9)40-23-41-60(10)42-24-43-61(11)44-25-45-62(12)46-47-112-123(106,107)122-124(108,109)121-85-70(90-64(14)93)82(74(99)69(116-85)51-110-86-78(103)75(100)72(97)67(49-92)115-86)119-89-84(114-65(15)94)83(71(96)63(13)113-89)120-88-79(104)76(101)73(98)68(117-88)50-111-87-80(105)77(102)81(118-87)66(95)48-91/h26,28,30,32,34,36,38,40,42,44,46,63,66-89,91-92,95-105H,16-25,27,29,31,33,35,37,39,41,43,45,47-51H2,1-15H3,(H,90,93)(H,106,107)(H,108,109)/p-2/b53-28+,54-30+,55-32-,56-34-,57-36-,58-38-,59-40-,60-42-,61-44-,62-46+/t63-,66+,67+,68+,69+,70+,71-,72+,73+,74+,75-,76-,77+,78+,79+,80+,81-,82+,83+,84+,85+,86-,87+,88+,89-/m0/s1",CC(=O)O[C@H]1[C@H](O[C@H]2[C@H](O)[C@@H](CO[C@H]3O[C@H](CO)[C@@H](O)[C@H](O)[C@H]3O)O[C@H](OP(=O)(O)OP(=O)([O-])OC/C=C(/C)CC/C=C(\C)CC/C=C(\C)CC/C=C(\C)CC/C=C(\C)CC/C=C(\C)CC/C=C(\C)CC/C=C(\C)CC/C=C(/C)CC/C=C(/C)CCC=C(C)C)[C@@H]2N=C(C)[O-])O[C@@H](C)[C@H](O)[C@H]1O[C@H]1O[C@H](CO[C@@H]2O[C@@H]([C@H](O)CO)[C@H](O)[C@H]2O)[C@@H](O)[C@H](O)[C@H]1O
"2,3-dihydroxybenzoate","InChI=1S/C7H6O4/c8-5-3-1-2-4(6(5)9)7(10)11/h1-3,8-9H,(H,10,11)/p-1",O=C(O)c1cccc([O-])c1O
(enterobacterial common antigen)<sub>3</sub> undecaprenyl-diphosphate,"InChI=1S/C127H203N9O52P2/c1-60(2)35-25-36-61(3)37-26-38-62(4)39-27-40-63(5)41-28-42-64(6)43-29-44-65(7)45-30-46-66(8)47-31-48-67(9)49-32-50-68(10)51-33-52-69(11)53-34-54-70(12)55-56-169-189(165,166)188-190(167,168)187-124-94(136-82(24)148)98(152)107(85(59-139)175-124)178-123-93(135-81(23)147)101(155)112(115(186-123)118(163)164)183-127-104(158)109(88(73(15)172-127)130-76(18)142)180-120-90(132-78(20)144)97(151)106(84(58-138)174-120)177-122-92(134-80(22)146)100(154)111(114(185-122)117(161)162)182-126-103(157)108(87(72(14)171-126)129-75(17)141)179-119-89(131-77(19)143)96(150)105(83(57-137)173-119)176-121-91(133-79(21)145)99(153)110(113(184-121)116(159)160)181-125-102(156)95(149)86(71(13)170-125)128-74(16)140/h35,37,39,41,43,45,47,49,51,53,55,71-73,83-115,119-127,137-139,149-158H,25-34,36,38,40,42,44,46,48,50,52,54,56-59H2,1-24H3,(H,128,140)(H,129,141)(H,130,142)(H,131,143)(H,132,144)(H,133,145)(H,134,146)(H,135,147)(H,136,148)(H,159,160)(H,161,162)(H,163,164)(H,165,166)(H,167,168)/p-5/b61-37+,62-39+,63-41-,64-43-,65-45-,66-47-,67-49-,68-51-,69-53-,70-55-/t71-,72-,73-,83-,84-,85-,86+,87+,88+,89-,90-,91+,92+,93+,94-,95+,96-,97-,98-,99-,100-,101-,102-,103-,104-,105-,106-,107-,108+,109+,110+,111+,112+,113+,114+,115+,119-,120-,121-,122-,123-,124-,125-,126-,127-/m1/s1",CC(C)=CCC/C(C)=C\CC/C(C)=C\CC/C(C)=C/CC/C(C)=C/CC/C(C)=C/CC/C(C)=C/CC/C(C)=C/CC/C(C)=C/CC/C(C)=C/CC/C(C)=C/COP(=O)(O)OP(=O)(O)O[C@H]1O[C@H](CO)[C@@H](O[C@@H]2O[C@H](C(=O)O)[C@@H](O[C@H]3O[C@H](C)[C@H](N=C(C)[O-])[C@H](O[C@H]4O[C@H](CO)[C@@H](O[C@@H]5O[C@H](C(=O)O)[C@@H](O[C@H]6O[C@H](C)[C@H](N=C(C)[O-])[C@H](O[C@H]7O[C@H](CO)[C@@H](O[C@@H]8O[C@H](C(=O)O)[C@@H](O[C@H]9O[C@H](C)[C@H](N=C(C)[O-])[C@H](O)[C@H]9O)[C@H](O)[C@@H]8N=C(C)O)[C@H](O)[C@H]7N=C(C)[O-])[C@H]6O)[C@H](O)[C@@H]5N=C(C)O)[C@H](O)[C@H]4N=C(C)[O-])[C@H]3O)[C@H](O)[C@@H]2N=C(C)O)[C@H](O)[C@H]1N=C(C)O
&beta;-D-GlcA-(1&rarr;3)-2-<i>O</i>-Ac-&alpha;-D-Gal-(1&rarr;3)-&alpha;-L-Fuc-(1&rarr;4)-3-O-Ac-&alpha;-L-Fuc-(1&rarr;3)-&alpha;-D-Glc-PP-Und,"InChI=1S/C89H144O33P2/c1-51(2)27-17-28-52(3)29-18-30-53(4)31-19-32-54(5)33-20-34-55(6)35-21-36-56(7)37-22-38-57(8)39-23-40-58(9)41-24-42-59(10)43-25-44-60(11)45-26-46-61(12)47-48-109-123(105,106)122-124(107,108)121-88-75(101)79(69(95)66(49-90)114-88)117-87-76(102)81(112-64(15)92)77(63(14)111-87)116-86-74(100)78(68(94)62(13)110-86)118-89-83(113-65(16)93)80(70(96)67(50-91)115-89)119-85-73(99)71(97)72(98)82(120-85)84(103)104/h27,29,31,33,35,37,39,41,43,45,47,62-63,66-83,85-91,94-102H,17-26,28,30,32,34,36,38,40,42,44,46,48-50H2,1-16H3,(H,103,104)(H,105,106)(H,107,108)/p-3/b52-29+,53-31+,54-33-,55-35-,56-37-,57-39-,58-41-,59-43-,60-45-,61-47-/t62-,63-,66+,67+,68+,69+,70-,71-,72-,73+,74-,75+,76-,77+,78+,79-,80-,81-,82-,83+,85+,86-,87-,88+,89+/m0/s1",CC(=O)O[C@H]1[C@@H](O[C@H]2[C@H](O)[C@H](O[C@H]3[C@@H](OC(C)=O)[C@H](O)[C@H](O[C@@H]4[C@@H](O)[C@@H](OP(=O)([O-])OP(=O)([O-])OC/C=C(\C)CC/C=C(\C)CC/C=C(\C)CC/C=C(\C)CC/C=C(\C)CC/C=C(\C)CC/C=C(\C)CC/C=C(\C)CC/C=C(/C)CC/C=C(/C)CCC=C(C)C)O[C@H](CO)[C@H]4O)O[C@H]3C)O[C@@H](C)[C@H]2O)O[C@H](CO)[C@H](O)[C@@H]1O[C@@H]1O[C@H](C(=O)[O-])[C@@H](O)[C@H](O)[C@H]1O
&alpha;-D-Glc-PP-Und,"InChI=1S/C61H102O12P2/c1-13-46(2)24-14-25-47(3)26-15-27-48(4)28-16-29-49(5)30-17-31-50(6)32-18-33-51(7)34-19-35-52(8)36-20-37-53(9)38-21-39-54(10)40-22-41-55(11)42-23-43-56(12)45-70-74(66,67)73-75(68,69)72-61-60(65)59(64)58(63)57(44-62)71-61/h13,25,27,29,31,33,35,37,39,41,43,57-65H,14-24,26,28,30,32,34,36,38,40,42,44-45H2,1-12H3,(H,66,67)(H,68,69)/p-2/b46-13-,47-25-,48-27-,49-29-,50-31-,51-33-,52-35-,53-37-,54-39+,55-41+,56-43+/t57-,58-,59+,60-,61-/m1/s1",C/C=C(/C)CC/C=C(/C)CC/C=C(/C)CC/C=C(/C)CC/C=C(/C)CC/C=C(/C)CC/C=C(/C)CC/C=C(/C)CC/C=C(\C)CC/C=C(\C)CC/C=C(\C)COP(=O)([O-])OP(=O)([O-])O[C@H]1O[C@H](CO)[C@@H](O)[C@H](O)[C@H]1O
&alpha;-D-GlcNAc-PP-Und,"InChI=1S/C63H105NO12P2/c1-47(2)24-14-25-48(3)26-15-27-49(4)28-16-29-50(5)30-17-31-51(6)32-18-33-52(7)34-19-35-53(8)36-20-37-54(9)38-21-39-55(10)40-22-41-56(11)42-23-43-57(12)44-45-73-77(69,70)76-78(71,72)75-63-60(64-58(13)66)62(68)61(67)59(46-65)74-63/h24,26,28,30,32,34,36,38,40,42,44,59-63,65,67-68H,14-23,25,27,29,31,33,35,37,39,41,43,45-46H2,1-13H3,(H,64,66)(H,69,70)(H,71,72)/p-2/b48-26+,49-28+,50-30-,51-32-,52-34-,53-36-,54-38-,55-40-,56-42-,57-44-/t59-,60-,61-,62-,63-/m1/s1",CC(C)=CCC/C(C)=C\CC/C(C)=C\CC/C(C)=C/CC/C(C)=C/CC/C(C)=C/CC/C(C)=C/CC/C(C)=C/CC/C(C)=C/CC/C(C)=C/CC/C(C)=C/COP(=O)([O-])OP(=O)(O)O[C@H]1O[C@H](CO)[C@@H](O)[C@H](O)[C@H]1N=C(C)[O-]
(O16 antigen)<sub>3</sub>-undecaprenyl diphosphate,"InChI=1S/C157H257N3O82P2/c1-66(2)32-22-33-67(3)34-23-35-68(4)36-24-37-69(5)38-25-39-70(6)40-26-41-71(7)42-27-43-72(8)44-28-45-73(9)46-29-47-74(10)48-30-49-75(11)50-31-51-76(12)52-53-214-243(204,205)242-244(206,207)241-145-100(160-82(18)169)134(112(187)97(226-145)65-210-148-122(197)115(190)106(181)91(59-166)223-148)235-157-142(220-85(21)172)137(103(178)79(15)217-157)238-152-125(200)118(193)109(184)94(229-152)62-213-154-139(128(203)131(232-154)88(175)56-163)240-144-99(159-81(17)168)133(111(186)96(225-144)64-209-147-121(196)114(189)105(180)90(58-165)222-147)234-156-141(219-84(20)171)136(102(177)78(14)216-156)237-151-124(199)117(192)108(183)93(228-151)61-212-153-138(127(202)130(231-153)87(174)55-162)239-143-98(158-80(16)167)132(110(185)95(224-143)63-208-146-120(195)113(188)104(179)89(57-164)221-146)233-155-140(218-83(19)170)135(101(176)77(13)215-155)236-150-123(198)116(191)107(182)92(227-150)60-211-149-126(201)119(194)129(230-149)86(173)54-161/h32,34,36,38,40,42,44,46,48,50,52,77-79,86-157,161-166,173-203H,22-31,33,35,37,39,41,43,45,47,49,51,53-65H2,1-21H3,(H,158,167)(H,159,168)(H,160,169)(H,204,205)(H,206,207)/p-2/b67-34+,68-36+,69-38-,70-40-,71-42-,72-44-,73-46-,74-48-,75-50-,76-52+/t77-,78-,79-,86+,87+,88+,89+,90+,91+,92+,93+,94+,95+,96+,97+,98+,99+,100+,101-,102-,103-,104+,105+,106+,107+,108+,109+,110+,111+,112+,113-,114-,115-,116-,117-,118-,119+,120+,121+,122+,123+,124+,125+,126+,127-,128-,129-,130-,131-,132+,133+,134+,135+,136+,137+,138+,139+,140+,141+,142+,143+,144+,145+,146-,147-,148-,149+,150+,151+,152+,153+,154+,155-,156-,157-/m0/s1",CC(=O)O[C@H]1[C@H](O[C@H]2[C@H](O)[C@@H](CO[C@H]3O[C@H](CO)[C@@H](O)[C@H](O)[C@H]3O)O[C@H](OP(=O)(O)OP(=O)(O)OC/C=C(/C)CC/C=C(\C)CC/C=C(\C)CC/C=C(\C)CC/C=C(\C)CC/C=C(\C)CC/C=C(\C)CC/C=C(\C)CC/C=C(/C)CC/C=C(/C)CCC=C(C)C)[C@@H]2N=C(C)O)O[C@@H](C)[C@H](O)[C@H]1O[C@H]1O[C@H](CO[C@@H]2O[C@@H]([C@H](O)CO)[C@H](O)[C@H]2O[C@H]2O[C@H](CO[C@H]3O[C@H](CO)[C@@H](O)[C@H](O)[C@H]3O)[C@@H](O)[C@H](O[C@@H]3O[C@@H](C)[C@H](O)[C@@H](O[C@H]4O[C@H](CO[C@@H]5O[C@@H]([C@H](O)CO)[C@H](O)[C@H]5O[C@H]5O[C@H](CO[C@H]6O[C@H](CO)[C@@H](O)[C@H](O)[C@H]6O)[C@@H](O)[C@H](O[C@@H]6O[C@@H](C)[C@H](O)[C@@H](O[C@H]7O[C@H](CO[C@@H]8O[C@@H]([C@H](O)CO)[C@H](O)[C@H]8O)[C@@H](O)[C@H](O)[C@H]7O)[C@H]6OC(C)=O)[C@H]5N=C(C)[O-])[C@@H](O)[C@H](O)[C@H]4O)[C@H]3OC(C)=O)[C@H]2N=C(C)[O-])[C@@H](O)[C@H](O)[C@H]1O
(<i>Z</i>)-2-methylureidoacrylate peracid,"InChI=1S/C5H8N2O4/c1-3(4(8)11-10)2-7-5(6)9/h2,10H,1H3,(H3,6,7,9)/b3-2-",C/C(=C/NC(=N)O)C(=O)OO
(O16 antigen)<sub>4</sub>-undecaprenyl diphosphate,"InChI=1S/C191H312N4O107P2/c1-73(2)35-25-36-74(3)37-26-38-75(4)39-27-40-76(5)41-28-42-77(6)43-29-44-78(7)45-30-46-79(8)47-31-48-80(9)49-32-50-81(10)51-33-52-82(11)53-34-54-83(12)55-56-265-303(253,254)302-304(255,256)301-175-115(195-91(20)207)160(131(231)111(281-175)72-260-179-144(244)135(235)123(223)103(64-203)277-179)293-191-171(273-95(24)211)164(119(219)87(16)269-191)297-184-148(248)139(239)127(227)107(285-184)68-264-187-167(152(252)156(289-187)99(215)60-199)300-174-114(194-90(19)206)159(130(230)110(280-174)71-259-178-143(243)134(234)122(222)102(63-202)276-178)292-190-170(272-94(23)210)163(118(218)86(15)268-190)296-183-147(247)138(238)126(226)106(284-183)67-263-186-166(151(251)155(288-186)98(214)59-198)299-173-113(193-89(18)205)158(129(229)109(279-173)70-258-177-142(242)133(233)121(221)101(62-201)275-177)291-189-169(271-93(22)209)162(117(217)85(14)267-189)295-182-146(246)137(237)125(225)105(283-182)66-262-185-165(150(250)154(287-185)97(213)58-197)298-172-112(192-88(17)204)157(128(228)108(278-172)69-257-176-141(241)132(232)120(220)100(61-200)274-176)290-188-168(270-92(21)208)161(116(216)84(13)266-188)294-181-145(245)136(236)124(224)104(282-181)65-261-180-149(249)140(240)153(286-180)96(212)57-196/h35,37,39,41,43,45,47,49,51,53,55,84-87,96-191,196-203,212-252H,25-34,36,38,40,42,44,46,48,50,52,54,56-72H2,1-24H3,(H,192,204)(H,193,205)(H,194,206)(H,195,207)(H,253,254)(H,255,256)/p-2/b74-37+,75-39+,76-41-,77-43-,78-45-,79-47-,80-49-,81-51-,82-53-,83-55+/t84-,85-,86-,87-,96+,97+,98+,99+,100+,101+,102+,103+,104+,105+,106+,107+,108+,109+,110+,111+,112+,113+,114+,115+,116-,117-,118-,119-,120+,121+,122+,123+,124+,125+,126+,127+,128+,129+,130+,131+,132-,133-,134-,135-,136-,137-,138-,139-,140+,141+,142+,143+,144+,145+,146+,147+,148+,149+,150-,151-,152-,153-,154-,155-,156-,157+,158+,159+,160+,161+,162+,163+,164+,165+,166+,167+,168+,169+,170+,171+,172+,173+,174+,175+,176-,177-,178-,179-,180+,181+,182+,183+,184+,185+,186+,187+,188-,189-,190-,191-/m0/s1",CC(=O)O[C@H]1[C@H](O[C@H]2[C@H](O)[C@@H](CO[C@H]3O[C@H](CO)[C@@H](O)[C@H](O)[C@H]3O)O[C@H](OP(=O)(O)OP(=O)(O)OC/C=C(/C)CC/C=C(\C)CC/C=C(\C)CC/C=C(\C)CC/C=C(\C)CC/C=C(\C)CC/C=C(\C)CC/C=C(\C)CC/C=C(/C)CC/C=C(/C)CCC=C(C)C)[C@@H]2N=C(C)O)O[C@@H](C)[C@H](O)[C@H]1O[C@H]1O[C@H](CO[C@@H]2O[C@@H]([C@H](O)CO)[C@H](O)[C@H]2O[C@H]2O[C@H](CO[C@H]3O[C@H](CO)[C@@H](O)[C@H](O)[C@H]3O)[C@@H](O)[C@H](O[C@@H]3O[C@@H](C)[C@H](O)[C@@H](O[C@H]4O[C@H](CO[C@@H]5O[C@@H]([C@H](O)CO)[C@H](O)[C@H]5O[C@H]5O[C@H](CO[C@H]6O[C@H](CO)[C@@H](O)[C@H](O)[C@H]6O)[C@@H](O)[C@H](O[C@@H]6O[C@@H](C)[C@H](O)[C@@H](O[C@H]7O[C@H](CO[C@@H]8O[C@@H]([C@H](O)CO)[C@H](O)[C@H]8O[C@H]8O[C@H](CO[C@H]9O[C@H](CO)[C@@H](O)[C@H](O)[C@H]9O)[C@@H](O)[C@H](O[C@@H]9O[C@@H](C)[C@H](O)[C@@H](O[C@H]%10O[C@H](CO[C@@H]%11O[C@@H]([C@H](O)CO)[C@H](O)[C@H]%11O)[C@@H](O)[C@H](O)[C@H]%10O)[C@H]9OC(C)=O)[C@H]8N=C(C)[O-])[C@@H](O)[C@H](O)[C@H]7O)[C@H]6OC(C)=O)[C@H]5N=C(C)[O-])[C@@H](O)[C@H](O)[C@H]4O)[C@H]3OC(C)=O)[C@H]2N=C(C)O)[C@@H](O)[C@H](O)[C@H]1O
(<i>Z</i>)-3-ureidoacrylate peracid,"InChI=1S/C4H6N2O4/c5-4(8)6-2-1-3(7)10-9/h1-2,9H,(H3,5,6,8)/b2-1-",N=C(O)N/C=C\C(=O)OO
(enterobacterial common antigen)<sub>2</sub> undecaprenyl-diphosphate,"InChI=1S/C103H166N6O37P2/c1-55(2)31-21-32-56(3)33-22-34-57(4)35-23-36-58(5)37-24-38-59(6)39-25-40-60(7)41-26-42-61(8)43-27-44-62(9)45-28-46-63(10)47-29-48-64(11)49-30-50-65(12)51-52-133-147(129,130)146-148(131,132)145-101-81(109-73(20)117)84(120)90(75(54-111)137-101)139-100-80(108-72(19)116)86(122)93(95(144-100)97(127)128)142-103-88(124)91(77(67(14)135-103)105-69(16)113)140-98-78(106-70(17)114)83(119)89(74(53-110)136-98)138-99-79(107-71(18)115)85(121)92(94(143-99)96(125)126)141-102-87(123)82(118)76(66(13)134-102)104-68(15)112/h31,33,35,37,39,41,43,45,47,49,51,66-67,74-95,98-103,110-111,118-124H,21-30,32,34,36,38,40,42,44,46,48,50,52-54H2,1-20H3,(H,104,112)(H,105,113)(H,106,114)(H,107,115)(H,108,116)(H,109,117)(H,125,126)(H,127,128)(H,129,130)(H,131,132)/p-4/b56-33+,57-35+,58-37-,59-39-,60-41-,61-43-,62-45-,63-47-,64-49-,65-51-/t66-,67-,74-,75-,76+,77+,78-,79+,80+,81-,82+,83-,84-,85-,86-,87-,88-,89-,90-,91+,92+,93+,94+,95+,98-,99-,100-,101-,102-,103-/m1/s1",CC(C)=CCC/C(C)=C\CC/C(C)=C\CC/C(C)=C/CC/C(C)=C/CC/C(C)=C/CC/C(C)=C/CC/C(C)=C/CC/C(C)=C/CC/C(C)=C/CC/C(C)=C/COP(=O)(O)OP(=O)(O)O[C@H]1O[C@H](CO)[C@@H](O[C@@H]2O[C@H](C(=O)O)[C@@H](O[C@H]3O[C@H](C)[C@H](N=C(C)[O-])[C@H](O[C@H]4O[C@H](CO)[C@@H](O[C@@H]5O[C@H](C(=O)O)[C@@H](O[C@H]6O[C@H](C)[C@H](N=C(C)[O-])[C@H](O)[C@H]6O)[C@H](O)[C@@H]5N=C(C)[O-])[C@H](O)[C@H]4N=C(C)[O-])[C@H]3O)[C@H](O)[C@@H]2N=C(C)O)[C@H](O)[C@H]1N=C(C)O
<i>N</i>-carbamoyl-D-phenylglycine,"InChI=1S/C9H10N2O3/c10-9(14)11-7(8(12)13)6-4-2-1-3-5-6/h1-5,7H,(H,12,13)(H3,10,11,14)/p-1/t7-/m1/s1",N=C(O)N[C@@H](C(=O)[O-])c1ccccc1
"4,6-pyr-&alpha;-D-Gal-(1&rarr;4)-&beta;-D-GlcA-(1&rarr;3)-2-<i>O</i>-Ac-&alpha;-D-Gal-(1&rarr;3)-&alpha;-L-Fuc-(1&rarr;4)-3-O-Ac-&alpha;-L-Fuc-(1&rarr;3)-&alpha;-D-Glc-PP-Und","InChI=1S/C98H156O40P2/c1-53(2)28-18-29-54(3)30-19-31-55(4)32-20-33-56(5)34-21-35-57(6)36-22-37-58(7)38-23-39-59(8)40-24-41-60(9)42-25-43-61(10)44-26-45-62(11)46-27-47-63(12)48-49-122-139(117,118)138-140(119,120)137-95-79(111)84(72(104)68(50-99)127-95)131-94-80(112)87(125-66(15)101)81(65(14)124-94)130-93-78(110)83(71(103)64(13)123-93)132-96-89(126-67(16)102)85(73(105)69(51-100)128-96)133-92-77(109)75(107)86(88(135-92)90(113)114)134-91-76(108)74(106)82-70(129-91)52-121-98(17,136-82)97(115)116/h28,30,32,34,36,38,40,42,44,46,48,64-65,68-89,91-96,99-100,103-112H,18-27,29,31,33,35,37,39,41,43,45,47,49-52H2,1-17H3,(H,113,114)(H,115,116)(H,117,118)(H,119,120)/p-4/b54-30+,55-32+,56-34-,57-36-,58-38-,59-40-,60-42-,61-44-,62-46-,63-48-/t64-,65-,68+,69+,70+,71+,72+,73-,74+,75+,76+,77+,78-,79+,80-,81+,82-,83+,84-,85-,86-,87-,88-,89+,91+,92+,93-,94-,95+,96+,98+/m0/s1",CC(=O)O[C@H]1[C@@H](O[C@H]2[C@H](O)[C@H](O[C@H]3[C@@H](OC(C)=O)[C@H](O)[C@H](O[C@@H]4[C@@H](O)[C@@H](OP(=O)([O-])OP(=O)([O-])OC/C=C(\C)CC/C=C(\C)CC/C=C(\C)CC/C=C(\C)CC/C=C(\C)CC/C=C(\C)CC/C=C(\C)CC/C=C(\C)CC/C=C(/C)CC/C=C(/C)CCC=C(C)C)O[C@H](CO)[C@H]4O)O[C@H]3C)O[C@@H](C)[C@H]2O)O[C@H](CO)[C@H](O)[C@@H]1O[C@@H]1O[C@H](C(=O)[O-])[C@@H](O[C@H]2O[C@@H]3CO[C@@](C)(C(=O)[O-])O[C@@H]3[C@H](O)[C@H]2O)[C@H](O)[C@H]1O
(<i>Z</i>)-2-methylureidoacrylate,"InChI=1S/C5H8N2O3/c1-3(4(8)9)2-7-5(6)10/h2H,1H3,(H,8,9)(H3,6,7,10)/p-1/b3-2-",C/C(=C/NC(=N)O)C(=O)[O-]
&beta;-D-ManNAcA-(1&rarr;4)-&alpha;-D-GlcNAc-PP-Und,"InChI=1S/C71H116N2O18P2/c1-48(2)25-15-26-49(3)27-16-28-50(4)29-17-30-51(5)31-18-32-52(6)33-19-34-53(7)35-20-36-54(8)37-21-38-55(9)39-22-40-56(10)41-23-42-57(11)43-24-44-58(12)45-46-86-92(82,83)91-93(84,85)90-71-63(73-60(14)76)65(78)67(61(47-74)87-71)88-70-62(72-59(13)75)64(77)66(79)68(89-70)69(80)81/h25,27,29,31,33,35,37,39,41,43,45,61-68,70-71,74,77-79H,15-24,26,28,30,32,34,36,38,40,42,44,46-47H2,1-14H3,(H,72,75)(H,73,76)(H,80,81)(H,82,83)(H,84,85)/p-3/b49-27-,50-29-,51-31-,52-33-,53-35-,54-37-,55-39-,56-41-,57-43-,58-45-/t61-,62+,63-,64-,65-,66+,67-,68+,70-,71-/m1/s1",CC(C)=CCC/C(C)=C/CC/C(C)=C/CC/C(C)=C/CC/C(C)=C/CC/C(C)=C/CC/C(C)=C/CC/C(C)=C/CC/C(C)=C/CC/C(C)=C/CC/C(C)=C/COP(=O)(O)OP(=O)(O)O[C@H]1O[C@H](CO)[C@@H](O[C@@H]2O[C@H](C(=O)[O-])[C@@H](O)[C@H](O)[C@@H]2N=C(C)[O-])[C@H](O)[C@H]1N=C(C)[O-]
L-citrulline,"InChI=1S/C6H13N3O3/c7-4(5(10)11)2-1-3-9-6(8)12/h4H,1-3,7H2,(H,10,11)(H3,8,9,12)/t4-/m0/s1",N=C(O)NCCC[C@H](N)C(=O)O
&alpha;-L-Fuc-(1->3)-&alpha;-D-Glc-PP-Und,"InChI=1S/C67H112O16P2/c1-14-47(2)25-15-26-48(3)27-16-28-49(4)29-17-30-50(5)31-18-32-51(6)33-19-34-52(7)35-20-36-53(8)37-21-38-54(9)39-22-40-55(10)41-23-42-56(11)43-24-44-57(12)46-78-84(74,75)83-85(76,77)82-67-64(73)65(61(70)59(45-68)80-67)81-66-63(72)62(71)60(69)58(13)79-66/h14,26,28,30,32,34,36,38,40,42,44,58-73H,15-25,27,29,31,33,35,37,39,41,43,45-46H2,1-13H3,(H,74,75)(H,76,77)/p-2/b47-14-,48-26-,49-28-,50-30-,51-32-,52-34-,53-36-,54-38-,55-40+,56-42+,57-44+/t58-,59+,60+,61+,62+,63-,64+,65-,66-,67+/m0/s1",C/C=C(/C)CC/C=C(/C)CC/C=C(/C)CC/C=C(/C)CC/C=C(/C)CC/C=C(/C)CC/C=C(/C)CC/C=C(/C)CC/C=C(\C)CC/C=C(\C)CC/C=C(\C)COP(=O)([O-])OP(=O)([O-])O[C@H]1O[C@H](CO)[C@@H](O)[C@H](O[C@@H]2O[C@@H](C)[C@@H](O)[C@@H](O)[C@@H]2O)[C@H]1O
(<i>S</i>)-ureidoglycine,"InChI=1S/C3H7N3O3/c4-1(2(7)8)6-3(5)9/h1H,4H2,(H,7,8)(H3,5,6,9)/t1-/m0/s1",N=C(O)N[C@@H](N)C(=O)O
(O16 antigen)<sub>2</sub>-undecaprenyl diphosphate,"InChI=1S/C123H202N2O57P2/c1-59(2)29-19-30-60(3)31-20-32-61(4)33-21-34-62(5)35-22-36-63(6)37-23-38-64(7)39-24-40-65(8)41-25-42-66(9)43-26-44-67(10)45-27-46-68(11)47-28-48-69(12)49-50-163-183(155,156)182-184(157,158)181-115-85(125-73(16)131)108(93(143)83(171-115)58-160-117-100(150)95(145)89(139)79(54-129)169-117)177-123-113(167-75(18)133)110(87(137)71(14)165-123)179-120-102(152)97(147)91(141)81(173-120)56-162-121-111(104(154)106(175-121)77(135)52-127)180-114-84(124-72(15)130)107(92(142)82(170-114)57-159-116-99(149)94(144)88(138)78(53-128)168-116)176-122-112(166-74(17)132)109(86(136)70(13)164-122)178-119-101(151)96(146)90(140)80(172-119)55-161-118-103(153)98(148)105(174-118)76(134)51-126/h29,31,33,35,37,39,41,43,45,47,49,70-71,76-123,126-129,134-154H,19-28,30,32,34,36,38,40,42,44,46,48,50-58H2,1-18H3,(H,124,130)(H,125,131)(H,155,156)(H,157,158)/p-2/b60-31+,61-33+,62-35-,63-37-,64-39-,65-41-,66-43-,67-45-,68-47-,69-49+/t70-,71-,76+,77+,78+,79+,80+,81+,82+,83+,84+,85+,86-,87-,88+,89+,90+,91+,92+,93+,94-,95-,96-,97-,98+,99+,100+,101+,102+,103+,104-,105-,106-,107+,108+,109+,110+,111+,112+,113+,114+,115+,116-,117-,118+,119+,120+,121+,122-,123-/m0/s1",CC(=O)O[C@H]1[C@H](O[C@H]2[C@H](O)[C@@H](CO[C@H]3O[C@H](CO)[C@@H](O)[C@H](O)[C@H]3O)O[C@H](OP(=O)(O)OP(=O)(O)OC/C=C(/C)CC/C=C(\C)CC/C=C(\C)CC/C=C(\C)CC/C=C(\C)CC/C=C(\C)CC/C=C(\C)CC/C=C(\C)CC/C=C(/C)CC/C=C(/C)CCC=C(C)C)[C@@H]2N=C(C)[O-])O[C@@H](C)[C@H](O)[C@H]1O[C@H]1O[C@H](CO[C@@H]2O[C@@H]([C@H](O)CO)[C@H](O)[C@H]2O[C@H]2O[C@H](CO[C@H]3O[C@H](CO)[C@@H](O)[C@H](O)[C@H]3O)[C@@H](O)[C@H](O[C@@H]3O[C@@H](C)[C@H](O)[C@@H](O[C@H]4O[C@H](CO[C@@H]5O[C@@H]([C@H](O)CO)[C@H](O)[C@H]5O)[C@@H](O)[C@H](O)[C@H]4O)[C@H]3OC(C)=O)[C@H]2N=C(C)[O-])[C@@H](O)[C@H](O)[C@H]1O
<i>N</i>-carbamoyl-2-oxoglycine,"InChI=1S/C3H4N2O4/c4-3(9)5-1(6)2(7)8/h(H,7,8)(H3,4,5,6,9)/p-1",N=C(O)N=C([O-])C(=O)O
(enterobacterial common antigen)<sub>4</sub>-undecaprenyl diphosphate,"InChI=1S/C151H240N12O67P2/c1-65(2)39-29-40-66(3)41-30-42-67(4)43-31-44-68(5)45-32-46-69(6)47-33-48-70(7)49-34-50-71(8)51-35-52-72(9)53-36-54-73(10)55-37-56-74(11)57-38-58-75(12)59-60-205-231(201,202)230-232(203,204)229-147-107(163-91(28)179)112(184)124(95(64-167)213-147)217-146-106(162-90(27)178)116(188)131(135(228-146)139(199)200)224-151-120(192)127(99(79(16)209-151)155-83(20)171)220-142-102(158-86(23)174)111(183)123(94(63-166)212-142)216-145-105(161-89(26)177)115(187)130(134(227-145)138(197)198)223-150-119(191)126(98(78(15)208-150)154-82(19)170)219-141-101(157-85(22)173)110(182)122(93(62-165)211-141)215-144-104(160-88(25)176)114(186)129(133(226-144)137(195)196)222-149-118(190)125(97(77(14)207-149)153-81(18)169)218-140-100(156-84(21)172)109(181)121(92(61-164)210-140)214-143-103(159-87(24)175)113(185)128(132(225-143)136(193)194)221-148-117(189)108(180)96(76(13)206-148)152-80(17)168/h39,41,43,45,47,49,51,53,55,57,59,76-79,92-135,140-151,164-167,180-192H,29-38,40,42,44,46,48,50,52,54,56,58,60-64H2,1-28H3,(H,152,168)(H,153,169)(H,154,170)(H,155,171)(H,156,172)(H,157,173)(H,158,174)(H,159,175)(H,160,176)(H,161,177)(H,162,178)(H,163,179)(H,193,194)(H,195,196)(H,197,198)(H,199,200)(H,201,202)(H,203,204)/p-6/b66-41-,67-43-,68-45-,69-47-,70-49-,71-51-,72-53-,73-55-,74-57-,75-59-/t76-,77-,78-,79-,92-,93-,94-,95-,96+,97+,98+,99+,100-,101-,102-,103+,104+,105+,106+,107-,108+,109-,110-,111-,112-,113-,114-,115-,116-,117-,118-,119-,120-,121-,122-,123-,124-,125+,126+,127+,128+,129+,130+,131+,132+,133+,134+,135+,140-,141-,142-,143-,144-,145-,146-,147-,148-,149-,150-,151-/m1/s1",CC(C)=CCC/C(C)=C/CC/C(C)=C/CC/C(C)=C/CC/C(C)=C/CC/C(C)=C/CC/C(C)=C/CC/C(C)=C/CC/C(C)=C/CC/C(C)=C/CC/C(C)=C/COP(=O)(O)OP(=O)(O)O[C@H]1O[C@H](CO)[C@@H](O[C@@H]2O[C@H](C(=O)O)[C@@H](O[C@H]3O[C@H](C)[C@H](N=C(C)[O-])[C@H](O[C@H]4O[C@H](CO)[C@@H](O[C@@H]5O[C@H](C(=O)O)[C@@H](O[C@H]6O[C@H](C)[C@H](N=C(C)[O-])[C@H](O[C@H]7O[C@H](CO)[C@@H](O[C@@H]8O[C@H](C(=O)O)[C@@H](O[C@H]9O[C@H](C)[C@H](N=C(C)[O-])[C@H](O[C@H]%10O[C@H](CO)[C@@H](O[C@@H]%11O[C@H](C(=O)O)[C@@H](O[C@H]%12O[C@H](C)[C@H](N=C(C)[O-])[C@H](O)[C@H]%12O)[C@H](O)[C@@H]%11N=C(C)O)[C@H](O)[C@H]%10N=C(C)[O-])[C@H]9O)[C@H](O)[C@@H]8N=C(C)O)[C@H](O)[C@H]7N=C(C)[O-])[C@H]6O)[C@H](O)[C@@H]5N=C(C)O)[C@H](O)[C@H]4N=C(C)O)[C@H]3O)[C@H](O)[C@@H]2N=C(C)O)[C@H](O)[C@H]1N=C(C)O
(<i>S</i>)-ureidoglycolate,"InChI=1S/C3H6N2O4/c4-3(9)5-1(6)2(7)8/h1,6H,(H,7,8)(H3,4,5,9)/p-1/t1-/m0/s1",N=C(O)N[C@H](O)C(=O)[O-]
&alpha;-D-Gal-(1&rarr;4)-&beta;-D-GlcA-(1&rarr;3)-2-<i>O</i>-Ac-&alpha;-D-Gal-(1&rarr;3)-&alpha;-L-Fuc-(1&rarr;4)-3-O-Ac-&alpha;-L-Fuc-(1&rarr;3)-&alpha;-D-Glc-PP-Und,"InChI=1S/C95H154O38P2/c1-52(2)27-17-28-53(3)29-18-30-54(4)31-19-32-55(5)33-20-34-56(6)35-21-36-57(7)37-22-38-58(8)39-23-40-59(9)41-24-42-60(10)43-25-44-61(11)45-26-46-62(12)47-48-118-134(114,115)133-135(116,117)132-94-79(110)83(72(103)68(50-97)124-94)127-93-80(111)86(121-65(15)99)81(64(14)120-93)126-92-78(109)82(70(101)63(13)119-92)128-95-88(122-66(16)100)84(73(104)69(51-98)125-95)129-91-77(108)75(106)85(87(131-91)89(112)113)130-90-76(107)74(105)71(102)67(49-96)123-90/h27,29,31,33,35,37,39,41,43,45,47,63-64,67-88,90-98,101-111H,17-26,28,30,32,34,36,38,40,42,44,46,48-51H2,1-16H3,(H,112,113)(H,114,115)(H,116,117)/p-3/b53-29+,54-31+,55-33-,56-35-,57-37-,58-39-,59-41-,60-43-,61-45-,62-47-/t63-,64-,67+,68+,69+,70+,71-,72+,73-,74-,75+,76+,77+,78-,79+,80-,81+,82+,83-,84-,85-,86-,87-,88+,90+,91+,92-,93-,94+,95+/m0/s1",CC(=O)O[C@H]1[C@@H](O[C@H]2[C@H](O)[C@H](O[C@H]3[C@@H](OC(C)=O)[C@H](O)[C@H](O[C@@H]4[C@@H](O)[C@@H](OP(=O)([O-])OP(=O)([O-])OC/C=C(\C)CC/C=C(\C)CC/C=C(\C)CC/C=C(\C)CC/C=C(\C)CC/C=C(\C)CC/C=C(\C)CC/C=C(\C)CC/C=C(/C)CC/C=C(/C)CCC=C(C)C)O[C@H](CO)[C@H]4O)O[C@H]3C)O[C@@H](C)[C@H]2O)O[C@H](CO)[C@H](O)[C@@H]1O[C@@H]1O[C@H](C(=O)[O-])[C@@H](O[C@H]2O[C@H](CO)[C@H](O)[C@H](O)[C@H]2O)[C@H](O)[C@H]1O
(<i>Z</i>)-3-ureidoacrylate,"InChI=1S/C4H6N2O3/c5-4(9)6-2-1-3(7)8/h1-2H,(H,7,8)(H3,5,6,9)/p-1/b2-1-",N=C(O)N/C=C\C(=O)[O-]
&alpha;-D-Fuc4NAc-(1&rarr;4)-&beta;-D-ManNAcA-(1&rarr;4)-GlcNAc-PP-Und,"InChI=1S/C79H129N3O22P2/c1-50(2)27-17-28-51(3)29-18-30-52(4)31-19-32-53(5)33-20-34-54(6)35-21-36-55(7)37-22-38-56(8)39-23-40-57(9)41-24-42-58(10)43-25-44-59(11)45-26-46-60(12)47-48-97-105(93,94)104-106(95,96)103-78-68(82-64(16)86)70(88)73(65(49-83)99-78)100-77-67(81-63(15)85)71(89)74(75(102-77)76(91)92)101-79-72(90)69(87)66(61(13)98-79)80-62(14)84/h27,29,31,33,35,37,39,41,43,45,47,61,65-75,77-79,83,87-90H,17-26,28,30,32,34,36,38,40,42,44,46,48-49H2,1-16H3,(H,80,84)(H,81,85)(H,82,86)(H,91,92)(H,93,94)(H,95,96)/p-3/b51-29+,52-31+,53-33-,54-35-,55-37-,56-39-,57-41-,58-43-,59-45-,60-47-/t61-,65-,66+,67+,68-,69+,70-,71-,72-,73-,74+,75+,77-,78-,79-/m1/s1",CC(C)=CCC/C(C)=C\CC/C(C)=C\CC/C(C)=C/CC/C(C)=C/CC/C(C)=C/CC/C(C)=C/CC/C(C)=C/CC/C(C)=C/CC/C(C)=C/CC/C(C)=C/COP(=O)(O)OP(=O)(O)O[C@H]1O[C@H](CO)[C@@H](O[C@@H]2O[C@H](C(=O)O)[C@@H](O[C@H]3O[C@H](C)[C@H](N=C(C)[O-])[C@H](O)[C@H]3O)[C@H](O)[C@@H]2N=C(C)[O-])[C@H](O)[C@H]1N=C(C)[O-]
(<i>S</i>)-2-oxo-4-hydroxy-4-carboxy-5-ureidoimidazoline,"InChI=1S/C5H6N4O5/c6-3(12)7-1-5(14,2(10)11)9-4(13)8-1/h14H,(H,10,11)(H4,6,7,8,9,12,13)/p-1/t5-/m0/s1",N=C(O)N=C1N=C(O)N[C@@]1(O)C(=O)[O-]
acetic acid,"InChI=1S/C2H4O2/c1-2(3)4/h1H3,(H,3,4)",CC(=O)O
formate,"InChI=1S/CH2O2/c2-1-3/h1H,(H,2,3)/p-1",O=C[O-]
pyruvate,"InChI=1S/C3H4O3/c1-2(4)3(5)6/h1H3,(H,5,6)/p-1",CC(=O)C(=O)[O-]
acetate,"InChI=1S/C2H4O2/c1-2(3)4/h1H3,(H,3,4)/p-1",CC(=O)[O-]
L-quinate,"InChI=1S/C7H12O6/c8-3-1-7(13,6(11)12)2-4(9)5(3)10/h3-5,8-10,13H,1-2H2,(H,11,12)/p-1/t3-,4-,5-,7+/m1/s1",O=C([O-])[C@]1(O)C[C@@H](O)[C@@H](O)[C@H](O)C1
(<i>S</i>)-2-aceto-2-hydroxybutanoate,"InChI=1S/C6H10O4/c1-3-6(10,4(2)7)5(8)9/h10H,3H2,1-2H3,(H,8,9)/p-1/t6-/m0/s1",CC[C@](O)(C(C)=O)C(=O)[O-]
isophthalate,"InChI=1S/C8H6O4/c9-7(10)5-2-1-3-6(4-5)8(11)12/h1-4H,(H,9,10)(H,11,12)/p-2",O=C([O-])c1cccc(C(=O)[O-])c1
mesaconate,"InChI=1S/C5H6O4/c1-3(5(8)9)2-4(6)7/h2H,1H3,(H,6,7)(H,8,9)/p-2/b3-2+",C/C(=C\C(=O)[O-])C(=O)[O-]
"<i>N,N',N''</i>-triacetylchitotriose","InChI=1S/C24H41N3O16/c1-7(31)25-13-18(36)20(11(5-29)39-22(13)38)42-24-15(27-9(3)33)19(37)21(12(6-30)41-24)43-23-14(26-8(2)32)17(35)16(34)10(4-28)40-23/h10-24,28-30,34-38H,4-6H2,1-3H3,(H,25,31)(H,26,32)(H,27,33)/t10-,11-,12-,13-,14-,15-,16-,17-,18-,19-,20-,21-,22?,23+,24+/m1/s1",CC(O)=N[C@H]1[C@H](O[C@H]2[C@H](O)[C@@H](N=C(C)O)C(O)O[C@@H]2CO)O[C@H](CO)[C@@H](O[C@@H]2O[C@H](CO)[C@@H](O)[C@H](O)[C@H]2N=C(C)O)[C@@H]1O
chelidamate,"InChI=1S/C7H5NO5/c9-3-1-4(6(10)11)8-5(2-3)7(12)13/h1-2H,(H,8,9)(H,10,11)(H,12,13)/p-2",O=C([O-])c1cc(=O)cc(C(=O)[O-])[nH]1
a-dido-HEX-1:5|6:a,,
oxalate,"InChI=1S/C2H2O4/c3-1(4)2(5)6/h(H,3,4)(H,5,6)/p-2",O=C([O-])C(=O)[O-]
x-lido-HEX-1:5|6:a,,
chelidonate,"InChI=1S/C7H4O6/c8-3-1-4(6(9)10)13-5(2-3)7(11)12/h1-2H,(H,9,10)(H,11,12)/p-2",O=C([O-])c1cc(=O)cc(C(=O)[O-])o1
a-lido-HEX-1:5|6:a,,
chorismate,"InChI=1S/C10H10O6/c1-5(9(12)13)16-8-4-6(10(14)15)2-3-7(8)11/h2-4,7-8,11H,1H2,(H,12,13)(H,14,15)/p-2/t7-,8-/m1/s1",C=C(O[C@@H]1C=C(C(=O)[O-])C=C[C@H]1O)C(=O)[O-]
b-dido-HEX-1:5|6:a,,
terephthalate,"InChI=1S/C8H6O4/c9-7(10)5-1-2-6(4-3-5)8(11)12/h1-4H,(H,9,10)(H,11,12)/p-2",O=C([O-])c1ccc(C(=O)[O-])cc1
b-lido-HEX-1:5|6:a,,
"(2<i>Z</i>,4<i>E</i>,7<i>E</i>)-2-hydroxy-6-oxonona-2,4,7-triene-1,9-dioate","InChI=1S/C9H8O6/c10-6(4-5-8(12)13)2-1-3-7(11)9(14)15/h1-5,11H,(H,12,13)(H,14,15)/p-2/b2-1+,5-4+,7-3-",O=C([O-])/C=C/C(=O)/C=C/C=C(\[O-])C(=O)O
lipid A disaccharide (<i>E. coli</i>),"InChI=1S/C68H129N2O20P/c1-5-9-13-17-21-25-29-33-37-41-51(72)45-57(76)69-61-65(88-59(78)47-53(74)43-39-35-31-27-23-19-15-11-7-3)63(80)55(49-71)86-67(61)85-50-56-64(81)66(89-60(79)48-54(75)44-40-36-32-28-24-20-16-12-8-4)62(68(87-56)90-91(82,83)84)70-58(77)46-52(73)42-38-34-30-26-22-18-14-10-6-2/h51-56,61-68,71-75,80-81H,5-50H2,1-4H3,(H,69,76)(H,70,77)(H2,82,83,84)/p-2/t51-,52-,53-,54-,55-,56-,61-,62-,63-,64-,65-,66-,67-,68-/m1/s1",CCCCCCCCCCC[C@@H](O)CC(=O)O[C@H]1[C@H](O)[C@@H](CO)O[C@@H](OC[C@H]2O[C@H](OP(=O)(O)O)[C@H](N=C([O-])C[C@H](O)CCCCCCCCCCC)[C@@H](OC(=O)C[C@H](O)CCCCCCCCCCC)[C@@H]2O)[C@@H]1N=C([O-])C[C@H](O)CCCCCCCCCCC
11-desoxycortisol,"InChI=1S/C21H30O4/c1-19-8-5-14(23)11-13(19)3-4-15-16(19)6-9-20(2)17(15)7-10-21(20,25)18(24)12-22/h11,15-17,22,25H,3-10,12H2,1-2H3/t15-,16+,17+,19+,20+,21+/m1/s1",C[C@]12CCC(=O)C=C1CC[C@@H]1[C@@H]2CC[C@@]2(C)[C@H]1CC[C@]2(O)C(=O)CO
erythritol,"InChI=1S/C4H10O4/c5-1-3(7)4(8)2-6/h3-8H,1-2H2/t3-,4+",OC[C@@H](O)[C@@H](O)CO
bacitracin A,"InChI=1S/C66H103N17O16S/c1-9-35(6)52(69)66-81-48(32-100-66)63(97)76-43(26-34(4)5)59(93)74-42(22-23-50(85)86)58(92)83-53(36(7)10-2)64(98)75-40-20-15-16-25-71-55(89)46(29-49(68)84)78-62(96)47(30-51(87)88)79-61(95)45(28-39-31-70-33-72-39)77-60(94)44(27-38-18-13-12-14-19-38)80-65(99)54(37(8)11-3)82-57(91)41(21-17-24-67)73-56(40)90/h12-14,18-19,31,33-37,40-48,52-54H,9-11,15-17,20-30,32,67,69H2,1-8H3,(H2,68,84)(H,70,72)(H,71,89)(H,73,90)(H,74,93)(H,75,98)(H,76,97)(H,77,94)(H,78,96)(H,79,95)(H,80,99)(H,82,91)(H,83,92)(H,85,86)(H,87,88)/t35-,36-,37-,40+,41+,42+,43-,44+,45-,46-,47+,48-,52-,53-,54-/m0/s1",CC[C@H](C)[C@H](N)C1=N[C@H](C(O)=N[C@@H](CC(C)C)C(O)=N[C@H](CCC(=O)O)C(O)=N[C@H](C(O)=N[C@@H]2CCCCN=C(O)[C@H](CC(=N)O)N=C(O)[C@@H](CC(=O)O)N=C(O)[C@H](Cc3cnc[nH]3)N=C(O)[C@@H](Cc3ccccc3)N=C(O)[C@H]([C@@H](C)CC)N=C(O)[C@@H](CCCN)N=C2O)[C@@H](C)CC)CS1
daptomycin,"InChI=1S/C72H101N17O26/c1-5-6-7-8-9-10-11-22-53(93)81-44(25-38-31-76-42-20-15-13-17-39(38)42)66(108)84-45(27-52(75)92)67(109)86-48(30-59(102)103)68(110)89-61-37(4)115-72(114)49(26-51(91)40-18-12-14-19-41(40)74)87-71(113)60(35(2)24-56(96)97)88-69(111)50(34-90)82-55(95)32-77-63(105)46(28-57(98)99)83-62(104)36(3)79-65(107)47(29-58(100)101)85-64(106)43(21-16-23-73)80-54(94)33-78-70(61)112/h12-15,17-20,31,35-37,43-50,60-61,76,90H,5-11,16,21-30,32-34,73-74H2,1-4H3,(H2,75,92)(H,77,105)(H,78,112)(H,79,107)(H,80,94)(H,81,93)(H,82,95)(H,83,104)(H,84,108)(H,85,106)(H,86,109)(H,87,113)(H,88,111)(H,89,110)(H,96,97)(H,98,99)(H,100,101)(H,102,103)/p-3/t35-,36-,37-,43+,44+,45+,46+,47+,48+,49+,50-,60+,61+/m1/s1",CCCCCCCCCC([O-])=N[C@@H](Cc1c[nH]c2ccccc12)C(O)=N[C@@H](CC(=N)[O-])C(O)=N[C@@H](CC(=O)O)C(O)=N[C@@H]1C(O)=NCC([O-])=N[C@@H](CCCN)C(O)=N[C@@H](CC(=O)O)C(O)=N[C@H](C)C(O)=N[C@@H](CC(=O)O)C(O)=NCC(O)=N[C@H](CO)C(O)=N[C@@H]([C@H](C)CC(=O)O)C(O)=N[C@@H](CC(=O)c2ccccc2N)C(=O)O[C@@H]1C
a-xgal-HEX-1:5|6:a,,
darobactin,"InChI=1S/C47H55N11O12/c48-13-5-9-25-23-11-12-27-28(19-51-30(27)16-23)40-39(58-42(63)31(17-36(50)61)53-41(62)29(49)15-24-18-52-37-26(24)8-4-10-35(37)70-40)46(67)56-34(21-60)44(65)57-38(25)45(66)55-33(20-59)43(64)54-32(47(68)69)14-22-6-2-1-3-7-22/h1-4,6-8,10-12,16,18-19,25,29,31-34,38-40,51-52,59-60H,5,9,13-15,17,20-21,48-49H2,(H2,50,61)(H,53,62)(H,54,64)(H,55,66)(H,56,67)(H,57,65)(H,58,63)(H,68,69)/t25-,29-,31-,32-,33-,34-,38-,39?,40+/m0/s1",N=C(O)C[C@@H]1N=C(O)[C@@H](N)Cc2c[nH]c3c(cccc23)O[C@@H]2c3c[nH]c4cc(ccc34)[C@H](CCCN)[C@@H](C(O)=N[C@@H](CO)C(O)=N[C@@H](Cc3ccccc3)C(=O)O)N=C(O)[C@H](CO)N=C(O)C2N=C1O
a-dgal-HEX-1:5|6:d,,
enduracidin,"InChI=1S/C106H135Cl3N26O31/c1-47(2)14-10-8-6-7-9-11-17-72(144)126-83-74(102(162)163)86-84(135-100(83)160)101(161)133-77(51-18-27-59(139)28-19-51)96(156)123-66(15-12-36-110)89(149)127-76(50(5)138)95(155)131-79(53-22-31-61(141)32-23-53)99(159)132-78(52-20-29-60(140)30-21-52)98(158)128-75(49(4)137)94(154)122-67(16-13-37-114-106(113)165)88(148)124-69(42-58-44-117-105(112)120-58)91(151)129-80(55-26-35-71(143)63(107)38-55)97(157)125-70(46-136)92(152)130-81(56-39-64(108)85(146)65(109)40-56)93(153)115-45-73(145)121-68(41-57-43-116-104(111)119-57)90(150)118-48(3)87(147)134-82(103(164)166-86)54-24-33-62(142)34-25-54/h7,9,11,17-35,38-40,47-50,57-58,66-70,74-84,86,104,116,119,136-143,146H,6,8,10,12-16,36-37,41-46,110-111H2,1-5H3,(H,115,153)(H,118,150)(H,121,145)(H,122,154)(H,123,156)(H,124,148)(H,125,157)(H,126,144)(H,127,149)(H,128,158)(H,129,151)(H,130,152)(H,131,155)(H,132,159)(H,133,161)(H,134,147)(H,135,160)(H,162,163)(H3,112,117,120)(H3,113,114,165)/b9-7+,17-11-",CC(C)CCCC/C=C/C=C\C(O)=NC1C(O)=NC2C(O)=NC(c3ccc(O)cc3)C(O)=NC(CCCN)C(O)=NC(C(C)O)C(O)=NC(c3ccc(O)cc3)C(O)=NC(c3ccc(O)cc3)C(O)=NC(C(C)O)C(O)=NC(CCCNC(=N)O)C(O)=NC(CC3CNC(=N)N3)C(O)=NC(c3ccc(O)c(Cl)c3)C(O)=NC(CO)C(O)=NC(c3cc(Cl)c(O)c(Cl)c3)C(O)=NCC(O)=NC(CC3CNC(N)N3)C(O)=NC(C)C(O)=NC(c3ccc(O)cc3)C(=O)OC2C1C(=O)O
x-lgal-HEX-1:5|6:d,,
nisin,"InChI=1S/C143H230N42O37S7/c1-24-69(11)105(148)135(213)162-82(27-4)118(196)174-94-58-225-59-95(175-123(201)89(48-67(7)8)169-115(193)74(16)158-138(216)107(70(12)25-2)180-132(94)210)133(211)184-112-79(21)229-61-96(160-104(190)56-152-134(212)100-38-34-44-185(100)142(112)220)128(206)164-84(36-29-32-42-145)120(198)182-109-76(18)226-60-97(161-103(189)55-151-117(195)85(39-45-223-22)165-122(200)88(47-66(5)6)168-113(191)72(14)156-102(188)54-153-136(109)214)129(207)171-92(51-101(147)187)125(203)166-86(40-46-224-23)119(197)163-83(35-28-31-41-144)121(199)183-110-77(19)228-63-99-130(208)170-90(49-80-52-149-64-154-80)124(202)176-98(62-227-78(20)111(141(219)177-99)181-116(194)75(17)159-140(110)218)131(209)173-93(57-186)127(205)179-108(71(13)26-3)139(217)172-91(50-81-53-150-65-155-81)126(204)178-106(68(9)10)137(215)157-73(15)114(192)167-87(143(221)222)37-30-33-43-146/h27,52-53,64-72,75-79,83-100,105-112,186H,15-16,24-26,28-51,54-63,144-146,148H2,1-14,17-23H3,(H2,147,187)(H,149,154)(H,150,155)(H,151,195)(H,152,212)(H,153,214)(H,156,188)(H,157,215)(H,158,216)(H,159,218)(H,160,190)(H,161,189)(H,162,213)(H,163,197)(H,164,206)(H,165,200)(H,166,203)(H,167,192)(H,168,191)(H,169,193)(H,170,208)(H,171,207)(H,172,217)(H,173,209)(H,174,196)(H,175,201)(H,176,202)(H,177,219)(H,178,204)(H,179,205)(H,180,210)(H,181,194)(H,182,198)(H,183,199)(H,184,211)(H,221,222)/p+4/b82-27-",C=C(N=C(O)C(N=C(O)C(Cc1cnc[nH]1)N=C(O)C(N=C(O)C(CO)N=C(O)C1CSC(C)C2N=C(O)C(C)N=C(O)C(N=C(O)C(CCCC[NH3+])N=C(O)C(CCSC)N=C(O)C(CC(=[NH2+])O)N=C(O)C3CSC(C)C(N=C(O)C(CCCC[NH3+])N=C(O)C4CSC(C)C(N=C(O)C5CSCC(N=C(O)/C(=C\C)N=C(O)C(N)C(C)CC)C(O)=NC(C(C)CC)C(O)=NC(=C)C(O)=NC(CC(C)C)C(O)=N5)C(=O)N5CCCC5C(O)=NCC(O)=N4)C(O)=NCC(O)=NC(C)C(O)=NC(CC(C)C)C(O)=NC(CCSC)C(O)=NCC(O)=N3)C(C)SCC(N=C2O)C(O)=NC(Cc2cnc[nH]2)C(O)=N1)C(C)CC)C(C)C)C(O)=NC(CCCC[NH3+])C(=O)O
a-dgal-HEX-1:4,,
x-dgal-HEX-1:5,,
b-lgal-HEX-1:5,,
b-dgal-HEX-1:4,,
5-deoxy-D-glucuronate,"InChI=1S/C6H10O6/c7-2-4(9)6(12)3(8)1-5(10)11/h2-4,6,8-9,12H,1H2,(H,10,11)/p-1/t3-,4+,6+/m1/s1",O=C[C@H](O)[C@@H](O)[C@H](O)CC(=O)[O-]
a-lgal-HEX-1:5,,
2-phosphoglycolate,"InChI=1S/C2H5O6P/c3-2(4)1-8-9(5,6)7/h1H2,(H,3,4)(H2,5,6,7)/p-3",O=C([O-])COP(=O)([O-])[O-]
a-dgal-HEX-1:5,,
&gamma;-butyrobetaine,"InChI=1S/C7H15NO2/c1-8(2,3)6-4-5-7(9)10/h4-6H2,1-3H3",C[N+](C)(C)CCCC(=O)[O-]
x-dgal-HEX-1:5|6:a,,
phenylacetate,"InChI=1S/C8H8O2/c9-8(10)6-7-4-2-1-3-5-7/h1-5H,6H2,(H,9,10)/p-1",O=C([O-])Cc1ccccc1
b-lgal-HEX-1:5|6:d,,
picolinate,"InChI=1S/C6H5NO2/c8-6(9)5-3-1-2-4-7-5/h1-4H,(H,8,9)/p-1",O=C([O-])c1ccccn1
b-dgal-HEX-1:5,,
3-phenylpropanoate,"InChI=1S/C9H10O2/c10-9(11)7-6-8-4-2-1-3-5-8/h1-5H,6-7H2,(H,10,11)/p-1",O=C([O-])CCc1ccccc1
a-lgal-HEX-1:5|6:d,,
orotate,"InChI=1S/C5H4N2O4/c8-3-1-2(4(9)10)6-5(11)7-3/h1H,(H,9,10)(H2,6,7,8,11)/p-1",O=C(O)c1cc([O-])nc(O)n1
a-dgal-HEX-1:5|6:a,,
D-gluconate,"InChI=1S/C6H12O7/c7-1-2(8)3(9)4(10)5(11)6(12)13/h2-5,7-11H,1H2,(H,12,13)/p-1/t2-,3-,4+,5-/m1/s1",O=C([O-])[C@H](O)[C@@H](O)[C@H](O)[C@H](O)CO
x-lgal-HEX-1:5,,
D-mannonate,"InChI=1S/C6H12O7/c7-1-2(8)3(9)4(10)5(11)6(12)13/h2-5,7-11H,1H2,(H,12,13)/p-1/t2-,3-,4+,5+/m1/s1",O=C([O-])[C@@H](O)[C@@H](O)[C@H](O)[C@H](O)CO
o-dgal-HEX-0:0|1:aldi,,
shikimate,"InChI=1S/C7H10O5/c8-4-1-3(7(11)12)2-5(9)6(4)10/h1,4-6,8-10H,2H2,(H,11,12)/p-1/t4-,5-,6-/m1/s1",O=C([O-])C1=C[C@@H](O)[C@@H](O)[C@H](O)C1
b-dgal-HEX-1:5|6:a,,
x-HEX-1:5,,
a-HEX-1:5|6:a,,
allantoate,"InChI=1S/C4H8N4O4/c5-3(11)7-1(2(9)10)8-4(6)12/h1H,(H,9,10)(H3,5,7,11)(H3,6,8,12)/p-1",N=C(O)NC(NC(=N)O)C(=O)[O-]
monodehydroascorbate radical,"InChI=1S/C6H7O6/c7-1-2(8)5-3(9)4(10)6(11)12-5/h2,5,7-8,10H,1H2/t2-,5+/m0/s1",O=C1O[C@H]([C@@H](O)CO)C(O)=C1O
b-HEX-1:5,,
hydroxyl radical,InChI=1S/HO/h1H,O
3-(3-hydroxyphenyl)propanoate,"InChI=1S/C9H10O3/c10-8-3-1-2-7(6-8)4-5-9(11)12/h1-3,6,10H,4-5H2,(H,11,12)/p-1",O=C(O)CCc1cccc([O-])c1
b-HEX-1:5|6:a,,
3-dehydroquinate,"InChI=1S/C7H10O6/c8-3-1-7(13,6(11)12)2-4(9)5(3)10/h3,5,8,10,13H,1-2H2,(H,11,12)/p-1/t3-,5+,7-/m1/s1",O=C1C[C@@](O)(C(=O)[O-])C[C@@H](O)[C@@H]1O
a-HEX-1:5,,
glycine betaine,"InChI=1S/C5H11NO2/c1-6(2,3)4-5(7)8/h4H2,1-3H3",C[N+](C)(C)CC(=O)[O-]
phospho<i>enol</i>pyruvate,"InChI=1S/C3H5O6P/c1-2(3(4)5)9-10(6,7)8/h1H2,(H,4,5)(H2,6,7,8)/p-3",C=C(OP(=O)([O-])[O-])C(=O)[O-]
3-hydroxyphenylacetate,"InChI=1S/C8H8O3/c9-7-3-1-2-6(4-7)5-8(10)11/h1-4,9H,5H2,(H,10,11)/p-1",O=C(O)Cc1cccc([O-])c1
(R)-pantoate,"InChI=1S/C6H12O4/c1-6(2,3-7)4(8)5(9)10/h4,7-8H,3H2,1-2H3,(H,9,10)/p-1/t4-/m0/s1",CC(C)(CO)[C@@H](O)C(=O)[O-]
"phosphatidylglycerol (dihexadecanoyl, n-C16:0)","InChI=1S/C38H75O10P/c1-3-5-7-9-11-13-15-17-19-21-23-25-27-29-37(41)45-33-36(34-47-49(43,44)46-32-35(40)31-39)48-38(42)30-28-26-24-22-20-18-16-14-12-10-8-6-4-2/h35-36,39-40H,3-34H2,1-2H3,(H,43,44)/p-1/t35-,36+/m0/s1",CCCCCCCCCCCCCCCC(=O)OC[C@H](COP(=O)([O-])OC[C@@H](O)CO)OC(=O)CCCCCCCCCCCCCCC
"phosphatidylglycerol (1-palmitoyl, 2-myristoyl)","InChI=1S/C36H71O10P/c1-3-5-7-9-11-13-15-16-18-19-21-23-25-27-35(39)43-31-34(32-45-47(41,42)44-30-33(38)29-37)46-36(40)28-26-24-22-20-17-14-12-10-8-6-4-2/h33-34,37-38H,3-32H2,1-2H3,(H,41,42)/p-1/t33-,34+/m0/s1",CCCCCCCCCCCCCCCC(=O)OC[C@H](COP(=O)([O-])OC[C@@H](O)CO)OC(=O)CCCCCCCCCCCCC
"phosphatidylglycerol (dioctadecanoyl, n-C18:0)","InChI=1S/C42H83O10P/c1-3-5-7-9-11-13-15-17-19-21-23-25-27-29-31-33-41(45)49-37-40(38-51-53(47,48)50-36-39(44)35-43)52-42(46)34-32-30-28-26-24-22-20-18-16-14-12-10-8-6-4-2/h39-40,43-44H,3-38H2,1-2H3,(H,47,48)/p-1/t39-,40+/m0/s1",CCCCCCCCCCCCCCCCCC(=O)OC[C@H](COP(=O)([O-])OC[C@@H](O)CO)OC(=O)CCCCCCCCCCCCCCCCC
(heptosyl)<sub>3</sub>-Kdo<sub>2</sub>-lipid A-phosphate (<i>E. coli</i>),"InChI=1S/C131H239N2O60P3/c1-7-13-19-25-31-37-38-44-50-56-62-68-98(149)178-85(66-60-54-48-42-35-29-23-17-11-5)72-100(151)182-120-102(133-96(147)71-84(65-59-53-47-41-34-28-22-16-10-4)177-97(148)67-61-55-49-43-36-30-24-18-12-6)123(175-80-93-104(153)119(181-99(150)70-83(139)64-58-52-46-40-33-27-21-15-9-3)101(124(179-93)193-196(171,172)173)132-95(146)69-82(138)63-57-51-45-39-32-26-20-14-8-2)180-94(118(120)191-194(165,166)167)81-176-130(128(161)162)74-92(188-131(129(163)164)73-86(140)103(152)114(189-131)88(142)76-135)117(116(190-130)90(144)78-137)186-127-111(160)121(122(192-195(168,169)170)115(185-127)89(143)77-136)187-126-110(159)106(155)108(157)113(184-126)91(145)79-174-125-109(158)105(154)107(156)112(183-125)87(141)75-134/h82-94,101-127,134-145,152-160H,7-81H2,1-6H3,(H,132,146)(H,133,147)(H,161,162)(H,163,164)(H2,165,166,167)(H2,168,169,170)(H2,171,172,173)/p-8/t82-,83-,84-,85-,86-,87+,88-,89+,90-,91-,92-,93-,94-,101-,102-,103-,104-,105+,106+,107+,108+,109+,110+,111+,112-,113-,114-,115-,116-,117-,118-,119-,120-,121-,122-,123-,124-,125+,126-,127-,130-,131-/m1/s1",CCCCCCCCCCCCCC(=O)O[C@H](CCCCCCCCCCC)CC(=O)O[C@@H]1[C@@H](N=C([O-])C[C@@H](CCCCCCCCCCC)OC(=O)CCCCCCCCCCC)[C@H](OC[C@H]2O[C@H](OP(=O)(O)O)[C@H](N=C([O-])C[C@H](O)CCCCCCCCCCC)[C@@H](OC(=O)C[C@H](O)CCCCCCCCCCC)[C@@H]2O)O[C@H](CO[C@]2(C(=O)[O-])C[C@@H](O[C@]3(C(=O)[O-])C[C@@H](O)[C@@H](O)[C@@H]([C@H](O)CO)O3)[C@@H](O[C@H]3O[C@H]([C@@H](O)CO)[C@@H](OP(=O)([O-])[O-])[C@H](O[C@H]4O[C@H]([C@H](O)CO[C@H]5O[C@H]([C@@H](O)CO)[C@@H](O)[C@H](O)[C@@H]5O)[C@@H](O)[C@H](O)[C@@H]4O)[C@@H]3O)[C@@H]([C@H](O)CO)O2)[C@H]1OP(=O)([O-])[O-]
enterobacterial common antigen-core oligosaccharide-lipid A (<i>E. coli</i> K-12 core type),,CCCCCCCCCCCCCC(=O)O[C@H](CCCCCCCCCCC)CC(=O)O[C@@H]%20([C@H]([C@@H](O[C@H](CO[C@@]%19(C(=O)[O-])(O[C@H]([C@H](O)CO)[C@H](O[C@H]%17(O[C@H]([C@@H](O)CO)[C@@H](OP([O-])([O-])=O)[C@H](O[C@H]%16(O[C@H]([C@@H](CO[C@H]1(O[C@H]([C@@H](O)CO)[C@@H](O)[C@H](O)[C@H](O)1))O)[C@@H](OP([O-])(=O)[O-])[C@H](O[C@H]%15(O[C@H](CO[C@H]2(O[C@H](CO)[C@H](O)[C@H](O)[C@@H](O)2))[C@@H](O)[C@H](O[C@H]3(O[C@H](CO)[C@@H](O)[C@H](O)[C@H]3O[C@H]%14(O[C@H](CO[C@H]%13(O[C@H]([C@@H](O)CO[C@H]%12(O[C@@H](CO)[C@@H](O[C@@H]%11(O[C@H](C(=O)[O-])[C@@H](O[C@H]%10(O[C@H](C)[C@H](NC(C)=O)[C@H](O[C@H]9(O[C@H](CO)[C@@H](O[C@@H]8(O[C@H](C(=O)[O-])[C@@H](O[C@H]7(O[C@H](C)[C@H](NC(C)=O)[C@H](O[C@H]6(O[C@H](CO)[C@@H](O[C@@H]5(O[C@H](C(=O)[O-])[C@@H](O[C@H]4(O[C@H](C)[C@H](NC(C)=O)[C@H](O[R])[C@@H](O)4))[C@H](O)[C@H](NC(C)=O)5))[C@H](O)[C@@H](NC(C)=O)6))[C@@H](O)7))[C@H](O)[C@H](NC(C)=O)8))[C@H](O)[C@@H](NC(C)=O)9))[C@@H](O)%10))[C@H](O)[C@H](NC(C)=O)%11))[C@H](O)[C@@H](NC(C)=O)%12))[C@@H](O)[C@H](O)[C@H](O)%13))[C@@H](O)[C@H](O)[C@@H](O)%14)))[C@@H](O)%15))[C@H](O)%16))[C@H](O)%17))[C@H](O[C@]%18(O[C@H]([C@@H](CO)O)[C@H](O)[C@H](O)C%18)C(=O)[O-])C%19))[C@H]%20OP([O-])([O-])=O)OC[C@@H]%21([C@@H](O)[C@H](OC(C[C@H](O)CCCCCCCCCCC)=O)[C@@H](NC(=O)C[C@H](O)CCCCCCCCCCC)[C@@H](OP([O-])([O-])=O)O%21))NC(C[C@H](OC(=O)CCCCCCCCCCC)CCCCCCCCCCC)=O)
(<i>E. coli</i> O16 antigen)<sub>4</sub>-core oligosaccharide-lipid A,"InChI=1S/C298H512N6O189P4/c1-19-25-31-37-43-49-50-56-62-68-74-80-164(343)442-130(78-72-66-60-54-47-41-35-29-23-5)84-166(345)462-247-172(304-162(341)83-129(77-71-65-59-53-46-40-34-28-22-4)441-163(342)79-73-67-61-55-48-42-36-30-24-6)266(421-108-158-189(362)242(461-165(344)82-128(328)76-70-64-58-52-45-39-33-27-21-3)171(270(453-158)493-497(416,417)418)303-161(340)81-127(327)75-69-63-57-51-44-38-32-26-20-2)460-160(241(247)490-494(407,408)409)114-432-297(295(403)404)86-142(487-298(296(405)406)85-131(329)177(350)236(488-298)137(335)92-310)240(239(489-297)139(337)94-312)471-285-228(401)253(259(491-495(410,411)412)237(469-285)138(336)93-311)482-286-229(402)254(260(492-496(413,414)415)238(470-286)141(339)102-420-276-216(389)205(378)208(381)230(463-276)132(330)87-305)481-284-227(400)248(194(367)159(459-284)113-426-275-215(388)199(372)182(355)147(99-317)447-275)476-290-255(207(380)183(356)148(100-318)448-290)486-283-222(395)204(377)185(358)150(458-283)103-427-277-217(390)206(379)209(382)235(465-277)140(338)101-419-265-167(299-119(11)319)243(190(363)154(449-265)109-422-271-211(384)195(368)178(351)143(95-313)443-271)472-291-261(437-123(15)323)249(173(346)115(7)433-291)478-280-219(392)201(374)186(359)151(455-280)105-429-287-256(224(397)232(466-287)134(332)89-307)484-268-169(301-121(13)321)245(192(365)156(451-268)111-424-273-213(386)197(370)180(353)145(97-315)445-273)474-293-263(439-125(17)325)251(175(348)117(9)435-293)480-282-221(394)203(376)188(361)153(457-282)107-431-289-258(226(399)234(468-289)136(334)91-309)485-269-170(302-122(14)322)246(193(366)157(452-269)112-425-274-214(387)198(371)181(354)146(98-316)446-274)475-294-264(440-126(18)326)252(176(349)118(10)436-294)479-281-220(393)202(375)187(360)152(456-281)106-430-288-257(225(398)233(467-288)135(333)90-308)483-267-168(300-120(12)320)244(191(364)155(450-267)110-423-272-212(385)196(369)179(352)144(96-314)444-272)473-292-262(438-124(16)324)250(174(347)116(8)434-292)477-279-218(391)200(373)184(357)149(454-279)104-428-278-223(396)210(383)231(464-278)133(331)88-306/h115-118,127-160,167-294,305-318,327-339,346-402H,19-114H2,1-18H3,(H,299,319)(H,300,320)(H,301,321)(H,302,322)(H,303,340)(H,304,341)(H,403,404)(H,405,406)(H2,407,408,409)(H2,410,411,412)(H2,413,414,415)(H2,416,417,418)/p-10/t115-,116-,117-,118-,127-,128-,129-,130-,131-,132+,133+,134+,135+,136+,137-,138+,139-,140+,141-,142-,143+,144+,145+,146+,147-,148-,149+,150-,151+,152+,153+,154+,155+,156+,157+,158-,159-,160-,167+,168+,169+,170+,171-,172-,173-,174-,175-,176-,177-,178+,179+,180+,181+,182+,183-,184+,185+,186+,187+,188+,189-,190+,191+,192+,193+,194-,195-,196-,197-,198-,199+,200-,201-,202-,203-,204+,205+,206+,207+,208+,209+,210+,211+,212+,213+,214+,215-,216+,217+,218+,219+,220+,221+,222-,223+,224-,225-,226-,227-,228+,229+,230-,231-,232-,233-,234-,235?,236-,237-,238-,239-,240-,241-,242-,243+,244+,245+,246+,247-,248+,249+,250+,251+,252+,253-,254-,255-,256+,257+,258+,259-,260-,261+,262+,263+,264+,265+,266-,267+,268+,269+,270-,271-,272-,273-,274-,275+,276+,277+,278+,279+,280+,281+,282+,283-,284-,285-,286+,287+,288+,289+,290-,291-,292-,293-,294-,297-,298-/m1/s1",CCCCCCCCCCCCCC(=O)O[C@H](CCCCCCCCCCC)CC(=O)O[C@@H]1[C@@H](N=C([O-])C[C@@H](CCCCCCCCCCC)OC(=O)CCCCCCCCCCC)[C@H](OC[C@H]2O[C@H](OP(=O)(O)O)[C@H](N=C([O-])C[C@H](O)CCCCCCCCCCC)[C@@H](OC(=O)C[C@H](O)CCCCCCCCCCC)[C@@H]2O)O[C@H](CO[C@]2(C(=O)[O-])C[C@@H](O[C@]3(C(=O)[O-])C[C@@H](O)[C@@H](O)[C@@H]([C@H](O)CO)O3)[C@@H](O[C@H]3O[C@H]([C@@H](O)CO)[C@@H](OP(=O)(O)O)[C@H](O[C@@H]4O[C@H]([C@H](O)CO[C@H]5O[C@H]([C@@H](O)CO)[C@@H](O)[C@H](O)[C@@H]5O)[C@@H](OP(=O)(O)O)[C@H](O[C@H]5O[C@H](CO[C@H]6O[C@H](CO)[C@H](O)[C@H](O)[C@H]6O)[C@@H](O)[C@H](O[C@H]6O[C@H](CO)[C@@H](O)[C@H](O)[C@H]6O[C@H]6O[C@H](CO[C@H]7OC([C@@H](O)CO[C@H]8O[C@@H](CO[C@@H]9O[C@@H](CO)[C@H](O)[C@@H](O)[C@@H]9O)[C@H](O)[C@@H](O[C@H]9O[C@H](C)[C@@H](O)[C@H](O[C@@H]%10O[C@@H](CO[C@H]%11O[C@H]([C@@H](O)CO)[C@@H](O)[C@@H]%11O[C@@H]%11O[C@@H](CO[C@@H]%12O[C@@H](CO)[C@H](O)[C@@H](O)[C@@H]%12O)[C@H](O)[C@@H](O[C@H]%12O[C@H](C)[C@@H](O)[C@H](O[C@@H]%13O[C@@H](CO[C@H]%14O[C@H]([C@@H](O)CO)[C@@H](O)[C@@H]%14O[C@@H]%14O[C@@H](CO[C@@H]%15O[C@@H](CO)[C@H](O)[C@@H](O)[C@@H]%15O)[C@H](O)[C@@H](O[C@H]%15O[C@H](C)[C@@H](O)[C@H](O[C@@H]%16O[C@@H](CO[C@H]%17O[C@H]([C@@H](O)CO)[C@@H](O)[C@@H]%17O[C@@H]%17O[C@@H](CO[C@@H]%18O[C@@H](CO)[C@H](O)[C@@H](O)[C@@H]%18O)[C@H](O)[C@@H](O[C@H]%18O[C@H](C)[C@@H](O)[C@H](O[C@@H]%19O[C@@H](CO[C@H]%20O[C@H]([C@@H](O)CO)[C@@H](O)[C@@H]%20O)[C@H](O)[C@@H](O)[C@@H]%19O)[C@@H]%18OC(C)=O)[C@@H]%17N=C(C)[O-])[C@H](O)[C@@H](O)[C@@H]%16O)[C@@H]%15OC(C)=O)[C@@H]%14N=C(C)[O-])[C@H](O)[C@@H](O)[C@@H]%13O)[C@@H]%12OC(C)=O)[C@@H]%11N=C(C)[O-])[C@H](O)[C@@H](O)[C@@H]%10O)[C@@H]9OC(C)=O)[C@@H]8N=C(C)[O-])[C@@H](O)[C@H](O)[C@@H]7O)[C@H](O)[C@H](O)[C@H]6O)[C@H]5O)[C@@H]4O)[C@@H]3O)[C@@H]([C@H](O)CO)O2)[C@H]1OP(=O)([O-])[O-]
<i>trans</i>-aconitate,"InChI=1S/C6H6O6/c7-4(8)1-3(6(11)12)2-5(9)10/h1H,2H2,(H,7,8)(H,9,10)(H,11,12)/p-3/b3-1+",O=C([O-])/C=C(\CC(=O)[O-])C(=O)[O-]
<i>cis</i>-2-methylaconitate,"InChI=1S/C7H8O6/c1-3(6(10)11)4(7(12)13)2-5(8)9/h2H2,1H3,(H,8,9)(H,10,11)(H,12,13)/p-3/b4-3-",C/C(C(=O)[O-])=C(\CC(=O)[O-])C(=O)[O-]
"(1<i>E</i>)-4-oxobut-1-ene-1,2,4-tricarboxylate","InChI=1S/C7H6O7/c8-4(7(13)14)1-3(6(11)12)2-5(9)10/h2H,1H2,(H,9,10)(H,11,12)(H,13,14)/p-3/b3-2+",O=C([O-])/C=C(\CC(=O)C(=O)[O-])C(=O)[O-]
"propane-1,2,3-tricarboxylate","InChI=1S/C6H8O6/c7-4(8)1-3(6(11)12)2-5(9)10/h3H,1-2H2,(H,7,8)(H,9,10)(H,11,12)/p-3",O=C([O-])CC(CC(=O)[O-])C(=O)[O-]
"(1<i>E</i>,3<i>E</i>)-4-hydroxybuta-1,3-diene-1,2,4-tricarboxylate","InChI=1S/C7H6O7/c8-4(7(13)14)1-3(6(11)12)2-5(9)10/h1-2,8H,(H,9,10)(H,11,12)(H,13,14)/p-3/b3-2+,4-1+",O=C([O-])/C=C(\C=C(\[O-])C(=O)O)C(=O)[O-]
<i>cis</i>-aconitate,"InChI=1S/C6H6O6/c7-4(8)1-3(6(11)12)2-5(9)10/h1H,2H2,(H,7,8)(H,9,10)(H,11,12)/p-3/b3-1-",O=C([O-])/C=C(\CC(=O)[O-])C(=O)[O-]
"(2<i>R</i>,3<i>S</i>)-2-methylisocitrate","InChI=1S/C7H10O7/c1-7(14,6(12)13)3(5(10)11)2-4(8)9/h3,14H,2H2,1H3,(H,8,9)(H,10,11)(H,12,13)/p-3/t3-,7-/m1/s1",C[C@](O)(C(=O)[O-])[C@H](CC(=O)[O-])C(=O)[O-]
galactosyl-(glucosyl)<sub>2</sub>-(heptosyl)<sub>3</sub>-Kdo<sub>2</sub>-lipid A-bisphosphate (<i>E. coli</i>),"InChI=1S/C149H270N2O78P4/c1-7-13-19-25-31-37-38-44-50-56-62-68-104(169)208-88(66-60-54-48-42-35-29-23-17-11-5)72-106(171)215-132-108(151-102(167)71-87(65-59-53-47-41-34-28-22-16-10-4)207-103(168)67-61-55-49-43-36-30-24-18-12-6)138(204-82-98-112(175)131(214-105(170)70-86(159)64-58-52-46-40-33-27-21-15-9-3)107(139(211-98)229-233(200,201)202)150-101(166)69-85(158)63-57-51-45-39-32-26-20-14-8-2)213-100(130(132)226-230(191,192)193)84-206-148(146(187)188)74-95(223-149(147(189)190)73-89(160)109(172)125(224-149)91(162)76-153)129(128(225-148)93(164)78-155)219-144-122(185)134(136(227-231(194,195)196)126(217-144)92(163)77-154)222-145-123(186)135(137(228-232(197,198)199)127(218-145)94(165)81-203-141-119(182)116(179)117(180)124(216-141)90(161)75-152)221-143-121(184)133(220-142-120(183)115(178)111(174)97(80-157)210-142)113(176)99(212-143)83-205-140-118(181)114(177)110(173)96(79-156)209-140/h85-100,107-145,152-165,172-186H,7-84H2,1-6H3,(H,150,166)(H,151,167)(H,187,188)(H,189,190)(H2,191,192,193)(H2,194,195,196)(H2,197,198,199)(H2,200,201,202)/p-10/t85-,86-,87-,88-,89-,90+,91-,92+,93-,94-,95-,96-,97-,98-,99-,100-,107-,108-,109-,110+,111-,112-,113-,114+,115+,116+,117+,118-,119+,120-,121-,122+,123+,124-,125-,126-,127-,128-,129-,130-,131-,132-,133+,134-,135-,136-,137-,138-,139-,140+,141+,142-,143-,144-,145-,148-,149-/m1/s1",CCCCCCCCCCCCCC(=O)O[C@H](CCCCCCCCCCC)CC(=O)O[C@@H]1[C@@H](N=C([O-])C[C@@H](CCCCCCCCCCC)OC(=O)CCCCCCCCCCC)[C@H](OC[C@H]2O[C@H](OP(=O)(O)O)[C@H](N=C([O-])C[C@H](O)CCCCCCCCCCC)[C@@H](OC(=O)C[C@H](O)CCCCCCCCCCC)[C@@H]2O)O[C@H](CO[C@]2(C(=O)[O-])C[C@@H](O[C@]3(C(=O)[O-])C[C@@H](O)[C@@H](O)[C@@H]([C@H](O)CO)O3)[C@@H](O[C@H]3O[C@H]([C@@H](O)CO)[C@@H](OP(=O)([O-])[O-])[C@H](O[C@H]4O[C@H]([C@H](O)CO[C@H]5O[C@H]([C@@H](O)CO)[C@@H](O)[C@H](O)[C@@H]5O)[C@@H](OP(=O)([O-])[O-])[C@H](O[C@H]5O[C@H](CO[C@H]6O[C@H](CO)[C@H](O)[C@H](O)[C@H]6O)[C@@H](O)[C@H](O[C@H]6O[C@H](CO)[C@@H](O)[C@H](O)[C@H]6O)[C@H]5O)[C@@H]4O)[C@@H]3O)[C@@H]([C@H](O)CO)O2)[C@H]1OP(=O)([O-])[O-]
"(1<i>Z</i>,3<i>Z</i>)-4-hydroxybuta-1,3-diene-1,2,4-tricarboxylate","InChI=1S/C7H6O7/c8-4(7(13)14)1-3(6(11)12)2-5(9)10/h1-2,8H,(H,9,10)(H,11,12)(H,13,14)/p-3/b3-2-,4-1-",O=C([O-])/C=C(/C=C(\[O-])C(=O)O)C(=O)[O-]
phospho-heptosyl-phospho-heptosyl-heptosyl-Kdo2-lipidA,"InChI=1S/C131H240N2O63P4/c1-7-13-19-25-31-37-38-44-50-56-62-68-98(149)180-85(66-60-54-48-42-35-29-23-17-11-5)72-100(151)184-119-102(133-96(147)71-84(65-59-53-47-41-34-28-22-16-10-4)179-97(148)67-61-55-49-43-36-30-24-18-12-6)123(177-80-93-104(153)118(183-99(150)70-83(139)64-58-52-46-40-33-27-21-15-9-3)101(124(181-93)196-200(173,174)175)132-95(146)69-82(138)63-57-51-45-39-32-26-20-14-8-2)182-94(117(119)193-197(164,165)166)81-178-130(128(160)161)74-92(190-131(129(162)163)73-86(140)103(152)112(191-131)88(142)76-135)116(115(192-130)90(144)78-137)188-127-110(159)120(122(195-199(170,171)172)113(186-127)89(143)77-136)189-126-109(158)107(156)121(194-198(167,168)169)114(187-126)91(145)79-176-125-108(157)105(154)106(155)111(185-125)87(141)75-134/h82-94,101-127,134-145,152-159H,7-81H2,1-6H3,(H,132,146)(H,133,147)(H,160,161)(H,162,163)(H2,164,165,166)(H2,167,168,169)(H2,170,171,172)(H2,173,174,175)/p-10/t82-,83-,84-,85-,86-,87+,88-,89+,90-,91-,92-,93-,94-,101-,102-,103-,104-,105+,106+,107-,108+,109+,110+,111-,112-,113-,114-,115-,116-,117-,118-,119-,120-,121+,122-,123-,124-,125+,126+,127-,130-,131-/m1/s1",CCCCCCCCCCCCCC(=O)O[C@H](CCCCCCCCCCC)CC(=O)O[C@@H]1[C@@H](N=C([O-])C[C@@H](CCCCCCCCCCC)OC(=O)CCCCCCCCCCC)[C@H](OC[C@H]2O[C@H](OP(=O)(O)O)[C@H](N=C([O-])C[C@H](O)CCCCCCCCCCC)[C@@H](OC(=O)C[C@H](O)CCCCCCCCCCC)[C@@H]2O)O[C@H](CO[C@]2(C(=O)[O-])C[C@@H](O[C@]3(C(=O)[O-])C[C@@H](O)[C@@H](O)[C@@H]([C@H](O)CO)O3)[C@@H](O[C@H]3O[C@H]([C@@H](O)CO)[C@@H](OP(=O)([O-])[O-])[C@H](O[C@@H]4O[C@H]([C@H](O)CO[C@H]5O[C@H]([C@@H](O)CO)[C@@H](O)[C@H](O)[C@@H]5O)[C@@H](OP(=O)([O-])[O-])[C@H](O)[C@@H]4O)[C@@H]3O)[C@@H]([C@H](O)CO)O2)[C@H]1OP(=O)([O-])[O-]
citrate,"InChI=1S/C6H8O7/c7-3(8)1-6(13,5(11)12)2-4(9)10/h13H,1-2H2,(H,7,8)(H,9,10)(H,11,12)/p-3",O=C([O-])CC(O)(CC(=O)[O-])C(=O)[O-]
glucosyl-(heptosyl)<sub>3</sub>-Kdo<sub>2</sub>-lipid A-phosphate (<i>E. coli</i>),"InChI=1S/C137H249N2O65P3/c1-7-13-19-25-31-37-38-44-50-56-62-68-100(156)187-86(66-60-54-48-42-35-29-23-17-11-5)72-102(158)192-124-104(139-98(154)71-85(65-59-53-47-41-34-28-22-16-10-4)186-99(155)67-61-55-49-43-36-30-24-18-12-6)128(184-81-95-107(161)123(191-101(157)70-84(146)64-58-52-46-40-33-27-21-15-9-3)103(129(189-95)204-207(180,181)182)138-97(153)69-83(145)63-57-51-45-39-32-26-20-14-8-2)190-96(122(124)202-205(174,175)176)82-185-136(134(170)171)74-93(199-137(135(172)173)73-87(147)105(159)118(200-137)89(149)76-141)121(120(201-136)91(151)78-143)196-133-115(169)126(127(203-206(177,178)179)119(195-133)90(150)77-142)198-132-114(168)125(197-131-112(166)108(162)106(160)94(79-144)188-131)113(167)117(194-132)92(152)80-183-130-111(165)109(163)110(164)116(193-130)88(148)75-140/h83-96,103-133,140-152,159-169H,7-82H2,1-6H3,(H,138,153)(H,139,154)(H,170,171)(H,172,173)(H2,174,175,176)(H2,177,178,179)(H2,180,181,182)/p-8/t83-,84-,85-,86-,87-,88+,89-,90+,91-,92-,93-,94-,95-,96-,103-,104-,105-,106-,107-,108+,109+,110+,111+,112-,113-,114+,115+,116-,117-,118-,119-,120-,121-,122-,123-,124-,125+,126-,127-,128-,129-,130+,131-,132-,133-,136-,137-/m1/s1",CCCCCCCCCCCCCC(=O)O[C@H](CCCCCCCCCCC)CC(=O)O[C@@H]1[C@@H](N=C([O-])C[C@@H](CCCCCCCCCCC)OC(=O)CCCCCCCCCCC)[C@H](OC[C@H]2O[C@H](OP(=O)(O)O)[C@H](N=C([O-])C[C@H](O)CCCCCCCCCCC)[C@@H](OC(=O)C[C@H](O)CCCCCCCCCCC)[C@@H]2O)O[C@H](CO[C@]2(C(=O)[O-])C[C@@H](O[C@]3(C(=O)[O-])C[C@@H](O)[C@@H](O)[C@@H]([C@H](O)CO)O3)[C@@H](O[C@H]3O[C@H]([C@@H](O)CO)[C@@H](OP(=O)([O-])[O-])[C@H](O[C@H]4O[C@H]([C@H](O)CO[C@H]5O[C@H]([C@@H](O)CO)[C@@H](O)[C@H](O)[C@@H]5O)[C@@H](O)[C@H](O[C@H]5O[C@H](CO)[C@@H](O)[C@H](O)[C@H]5O)[C@@H]4O)[C@@H]3O)[C@@H]([C@H](O)CO)O2)[C@H]1OP(=O)([O-])[O-]
juglone,"InChI=1S/C10H6O3/c11-7-4-5-9(13)10-6(7)2-1-3-8(10)12/h1-5,12H",O=C1C=CC(=O)c2c(O)cccc21
&alpha;-D-Kdo-(2&rarr;4)-&alpha;-D-Kdo-(2&rarr;6)-lipid A 1-diphosphate,"InChI=1S/C110H203N2O42P3/c1-7-13-19-25-31-37-38-44-50-56-62-68-92(123)144-82(66-60-54-48-42-35-29-23-17-11-5)72-94(125)148-104-96(112-90(121)71-81(65-59-53-47-41-34-28-22-16-10-4)143-91(122)67-61-55-49-43-36-30-24-18-12-6)105(146-88(102(104)152-155(133,134)135)78-142-109(107(129)130)74-86(98(127)101(150-109)85(119)76-114)149-110(108(131)132)73-83(117)97(126)100(151-110)84(118)75-113)141-77-87-99(128)103(147-93(124)70-80(116)64-58-52-46-40-33-27-21-15-9-3)95(106(145-87)153-157(139,140)154-156(136,137)138)111-89(120)69-79(115)63-57-51-45-39-32-26-20-14-8-2/h79-88,95-106,113-119,126-128H,7-78H2,1-6H3,(H,111,120)(H,112,121)(H,129,130)(H,131,132)(H,139,140)(H2,133,134,135)(H2,136,137,138)/p-7/t79-,80-,81-,82-,83-,84-,85-,86-,87-,88-,95-,96-,97-,98-,99-,100-,101-,102-,103-,104-,105-,106-,109-,110-/m1/s1",CCCCCCCCCCCCCC(=O)O[C@H](CCCCCCCCCCC)CC(=O)O[C@@H]1[C@@H](N=C([O-])C[C@@H](CCCCCCCCCCC)OC(=O)CCCCCCCCCCC)[C@H](OC[C@H]2O[C@H](OP(=O)(O)OP(=O)([O-])O)[C@H](N=C([O-])C[C@H](O)CCCCCCCCCCC)[C@@H](OC(=O)C[C@H](O)CCCCCCCCCCC)[C@@H]2O)O[C@H](CO[C@]2(C(=O)[O-])C[C@@H](O[C@]3(C(=O)[O-])C[C@@H](O)[C@@H](O)[C@@H]([C@H](O)CO)O3)[C@@H](O)[C@@H]([C@H](O)CO)O2)[C@H]1OP(=O)([O-])[O-]
&alpha;-Hep-(1&rarr;5)-[&alpha;-Kdo-(2&rarr;4)]-&alpha;-Kdo-(2&rarr;6)-lipid A (<i>E. coli</i>),"InChI=1S/C117H214N2O45P2/c1-7-13-19-25-31-37-38-44-50-56-62-68-94(132)153-83(66-60-54-48-42-35-29-23-17-11-5)72-96(134)157-110-98(119-92(130)71-82(65-59-53-47-41-34-28-22-16-10-4)152-93(131)67-61-55-49-43-36-30-24-18-12-6)111(150-78-89-100(136)109(156-95(133)70-81(124)64-58-52-46-40-33-27-21-15-9-3)97(112(154-89)164-166(147,148)149)118-91(129)69-80(123)63-57-51-45-39-32-26-20-14-8-2)155-90(108(110)163-165(144,145)146)79-151-116(114(140)141)74-88(160-117(115(142)143)73-84(125)99(135)105(161-117)86(127)76-121)107(106(162-116)87(128)77-122)159-113-103(139)101(137)102(138)104(158-113)85(126)75-120/h80-90,97-113,120-128,135-139H,7-79H2,1-6H3,(H,118,129)(H,119,130)(H,140,141)(H,142,143)(H2,144,145,146)(H2,147,148,149)/p-6/t80-,81-,82-,83-,84-,85+,86-,87-,88-,89-,90-,97-,98-,99-,100-,101+,102+,103+,104-,105-,106-,107-,108-,109-,110-,111-,112-,113-,116-,117-/m1/s1",CCCCCCCCCCCCCC(=O)O[C@H](CCCCCCCCCCC)CC(=O)O[C@@H]1[C@@H](N=C([O-])C[C@@H](CCCCCCCCCCC)OC(=O)CCCCCCCCCCC)[C@H](OC[C@H]2O[C@H](OP(=O)(O)O)[C@H](N=C([O-])C[C@H](O)CCCCCCCCCCC)[C@@H](OC(=O)C[C@H](O)CCCCCCCCCCC)[C@@H]2O)O[C@H](CO[C@]2(C(=O)[O-])C[C@@H](O[C@]3(C(=O)[O-])C[C@@H](O)[C@@H](O)[C@@H]([C@H](O)CO)O3)[C@@H](O[C@H]3O[C@H]([C@@H](O)CO)[C@@H](O)[C@H](O)[C@@H]3O)[C@@H]([C@H](O)CO)O2)[C@H]1OP(=O)([O-])[O-]
aphidicolin,"InChI=1S/C20H34O4/c1-17(11-21)15-4-3-13-9-14-10-19(13,7-8-20(14,24)12-22)18(15,2)6-5-16(17)23/h13-16,21-24H,3-12H2,1-2H3/t13-,14+,15-,16+,17-,18-,19?,20-/m0/s1",C[C@@]1(CO)[C@H](O)CC[C@@]2(C)[C@@H]1CC[C@H]1C[C@H]3CC12CC[C@]3(O)CO
&alpha;-Kdo-(2->4)-&alpha;-Kdo-(2->4)-&alpha;-Kdo-(2->6)-lipid IV<SUB>A</SUB>,"InChI=1S/C92H166N2O44P2/c1-5-9-13-17-21-25-29-33-37-41-57(98)45-69(106)93-73-83(130-71(108)47-59(100)43-39-35-31-27-23-19-15-11-7-3)78(113)67(128-86(73)138-140(123,124)125)55-126-85-74(94-70(107)46-58(99)42-38-34-30-26-22-18-14-10-6-2)84(131-72(109)48-60(101)44-40-36-32-28-24-20-16-12-8-4)82(137-139(120,121)122)68(129-85)56-127-90(87(114)115)50-65(76(111)80(134-90)63(104)53-96)133-92(89(118)119)51-66(77(112)81(136-92)64(105)54-97)132-91(88(116)117)49-61(102)75(110)79(135-91)62(103)52-95/h57-68,73-86,95-105,110-113H,5-56H2,1-4H3,(H,93,106)(H,94,107)(H,114,115)(H,116,117)(H,118,119)(H2,120,121,122)(H2,123,124,125)/p-7/t57-,58-,59-,60-,61-,62-,63-,64-,65-,66-,67-,68-,73-,74-,75-,76-,77-,78-,79-,80-,81-,82-,83-,84-,85-,86-,90-,91-,92-/m1/s1",CCCCCCCCCCC[C@@H](O)CC(=O)O[C@@H]1[C@@H](N=C([O-])C[C@H](O)CCCCCCCCCCC)[C@H](OC[C@H]2O[C@H](OP(=O)(O)O)[C@H](N=C([O-])C[C@H](O)CCCCCCCCCCC)[C@@H](OC(=O)C[C@H](O)CCCCCCCCCCC)[C@@H]2O)O[C@H](CO[C@]2(C(=O)[O-])C[C@@H](O[C@]3(C(=O)[O-])C[C@@H](O[C@]4(C(=O)[O-])C[C@@H](O)[C@@H](O)[C@@H]([C@H](O)CO)O4)[C@@H](O)[C@@H]([C@H](O)CO)O3)[C@@H](O)[C@@H]([C@H](O)CO)O2)[C@H]1OP(=O)([O-])[O-]
hepta-acylated core oligosaccharide lipid A,"InChI=1S/C192H344N2O101P4/c1-9-16-23-30-37-44-46-47-49-56-63-69-76-83-128(214)266-107(79-72-65-58-51-40-33-26-19-12-4)86-126(212)193-133-168(275-131(217)85-106(203)78-71-64-57-50-39-32-25-18-11-3)140(224)123(271-177(133)295-299(257,258)259)102-261-176-134(194-127(213)87-108(80-73-66-59-52-41-34-27-20-13-5)267-129(215)82-75-68-61-54-43-36-29-22-15-7)169(276-132(218)88-109(81-74-67-60-53-42-35-28-21-14-6)268-130(216)84-77-70-62-55-48-45-38-31-24-17-10-2)167(292-296(248,249)250)125(274-176)104-264-190(187(242)243)91-119(288-192(189(246)247)90-118(139(223)160(289-192)113(207)94-197)287-191(188(244)245)89-110(204)161(164(291-191)115(209)96-199)279-181-153(237)142(226)135(219)105(8)265-181)166(165(290-190)116(210)97-200)282-184-156(240)171(174(293-297(251,252)253)162(280-184)114(208)95-198)285-185-157(241)172(175(294-298(254,255)256)163(281-185)117(211)100-260-179-151(235)145(229)148(232)158(277-179)111(205)92-195)284-183-155(239)170(141(225)124(273-183)103-262-178-150(234)143(227)136(220)120(98-201)269-178)283-186-173(147(231)137(221)121(99-202)270-186)286-182-154(238)144(228)138(222)122(272-182)101-263-180-152(236)146(230)149(233)159(278-180)112(206)93-196/h105-125,133-186,195-211,219-241H,9-104H2,1-8H3,(H,193,212)(H,194,213)(H,242,243)(H,244,245)(H,246,247)(H2,248,249,250)(H2,251,252,253)(H2,254,255,256)(H2,257,258,259)/p-11/t105-,106+,107+,108+,109+,110+,111-,112-,113+,114+,115+,116+,117+,118+,119+,120+,121+,122+,123+,124+,125+,133+,134+,135-,136-,137+,138+,139+,140+,141+,142+,143-,144-,145-,146-,147-,148-,149-,150+,151-,152-,153+,154+,155+,156-,157-,158+,159?,160+,161+,162+,163+,164+,165+,166+,167+,168+,169+,170-,171+,172+,173+,174+,175+,176+,177+,178+,179-,180-,181-,182-,183-,184+,185-,186-,190+,191+,192+/m0/s1",CCCCCCCCCCCCCCCC(=O)O[C@H](CCCCCCCCCCC)CC([O-])=N[C@H]1[C@@H](OP(=O)(O)O)O[C@H](CO[C@@H]2O[C@H](CO[C@]3(C(=O)[O-])C[C@@H](O[C@]4(C(=O)[O-])C[C@@H](O[C@]5(C(=O)[O-])C[C@@H](O)[C@@H](O[C@@H]6O[C@@H](C)[C@H](O)[C@@H](O)[C@H]6O)[C@@H]([C@H](O)CO)O5)[C@@H](O)[C@@H]([C@H](O)CO)O4)[C@@H](O[C@H]4O[C@H]([C@H](O)CO)[C@@H](OP(=O)([O-])[O-])[C@H](O[C@@H]5O[C@H]([C@H](O)CO[C@H]6O[C@H]([C@@H](O)CO)[C@@H](O)[C@H](O)[C@@H]6O)[C@@H](OP(=O)([O-])[O-])[C@H](O[C@@H]6O[C@H](CO[C@@H]7O[C@H](CO)[C@H](O)[C@H](O)[C@H]7O)[C@@H](O)[C@H](O[C@@H]7O[C@H](CO)[C@@H](O)[C@H](O)[C@H]7O[C@@H]7O[C@H](CO[C@H]8OC([C@@H](O)CO)[C@@H](O)[C@H](O)[C@@H]8O)[C@@H](O)[C@H](O)[C@H]7O)[C@H]6O)[C@@H]5O)[C@@H]4O)[C@@H]([C@H](O)CO)O3)[C@@H](OP(=O)([O-])[O-])[C@H](OC(=O)C[C@@H](CCCCCCCCCCC)OC(=O)CCCCCCCCCCCCC)[C@H]2N=C([O-])C[C@@H](CCCCCCCCCCC)OC(=O)CCCCCCCCCCC)[C@@H](O)[C@@H]1OC(=O)C[C@H](O)CCCCCCCCCCC
&alpha;-Kdo-(2&rarr;4)-&alpha;-Kdo-(2&rarr;6)-[P4'-&alpha;-L-ara4<i>N</i>]-lipid A (<i>E. coli</i>),"InChI=1S/C115H211N3O42P2/c1-7-13-19-25-31-37-38-44-50-56-62-68-94(129)150-83(66-60-54-48-42-35-29-23-17-11-5)72-96(131)154-108-98(118-92(127)71-82(65-59-53-47-41-34-28-22-16-10-4)149-93(128)67-61-55-49-43-36-30-24-18-12-6)109(147-78-89-102(135)107(153-95(130)70-81(122)64-58-52-46-40-33-27-21-15-9-3)97(110(151-89)159-161(141,142)143)117-91(126)69-80(121)63-57-51-45-39-32-26-20-14-8-2)152-90(106(108)158-162(144,145)160-111-103(136)99(132)84(116)77-146-111)79-148-114(112(137)138)74-88(101(134)105(156-114)87(125)76-120)155-115(113(139)140)73-85(123)100(133)104(157-115)86(124)75-119/h80-90,97-111,119-125,132-136H,7-79,116H2,1-6H3,(H,117,126)(H,118,127)(H,137,138)(H,139,140)(H,144,145)(H2,141,142,143)/p-4/t80-,81-,82-,83-,84+,85-,86-,87-,88-,89-,90-,97-,98-,99+,100-,101-,102-,103-,104-,105-,106-,107-,108-,109-,110-,111-,114+,115-/m1/s1",CCCCCCCCCCCCCC(=O)O[C@H](CCCCCCCCCCC)CC(=O)O[C@@H]1[C@@H](N=C([O-])C[C@@H](CCCCCCCCCCC)OC(=O)CCCCCCCCCCC)[C@H](OC[C@H]2O[C@H](OP(=O)(O)O)[C@H](N=C([O-])C[C@H](O)CCCCCCCCCCC)[C@@H](OC(=O)C[C@H](O)CCCCCCCCCCC)[C@@H]2O)O[C@H](CO[C@@]2(C(=O)[O-])C[C@@H](O[C@]3(C(=O)[O-])C[C@@H](O)[C@@H](O)[C@@H]([C@H](O)CO)O3)[C@@H](O)[C@@H]([C@H](O)CO)O2)[C@H]1OP(=O)(O)O[C@H]1OC[C@H](N)[C@H](O)[C@H]1O
galactosyl-glucosyl-inner core oligosaccharide lipid A,"InChI=1S/C157H282N2O84P4/c1-8-14-20-26-32-38-39-45-51-57-63-69-108(178)221-91(67-61-55-49-43-36-30-24-18-12-5)73-110(180)227-139-112(159-106(176)72-90(66-60-54-48-42-35-29-23-17-11-4)220-107(177)68-62-56-50-44-37-31-25-19-13-6)144(216-85-103-117(185)138(226-109(179)71-89(167)65-59-53-47-41-34-28-22-16-10-3)111(145(223-103)243-247(212,213)214)158-105(175)70-88(166)64-58-52-46-40-33-27-21-15-9-2)225-104(137(139)240-244(203,204)205)86-218-155(152(197)198)76-100(236-157(154(201)202)75-99(116(184)130(237-157)94(170)78-161)235-156(153(199)200)74-92(168)131(134(239-156)96(172)80-163)229-148-125(193)118(186)113(181)87(7)219-148)136(135(238-155)97(173)81-164)232-150-127(195)140(142(241-245(206,207)208)132(230-150)95(171)79-162)234-151-128(196)141(233-149-126(194)120(188)115(183)102(224-149)84-217-146-123(191)119(187)114(182)101(82-165)222-146)143(242-246(209,210)211)133(231-151)98(174)83-215-147-124(192)121(189)122(190)129(228-147)93(169)77-160/h87-104,111-151,160-174,181-196H,8-86H2,1-7H3,(H,158,175)(H,159,176)(H,197,198)(H,199,200)(H,201,202)(H2,203,204,205)(H2,206,207,208)(H2,209,210,211)(H2,212,213,214)/p-11/t87-,88+,89+,90+,91+,92+,93-,94+,95+,96+,97+,98+,99+,100+,101+,102+,103+,104+,111+,112+,113-,114-,115+,116+,117+,118+,119-,120-,121-,122-,123+,124-,125+,126+,127-,128-,129+,130+,131+,132+,133+,134+,135+,136+,137+,138+,139+,140+,141+,142+,143+,144+,145+,146+,147-,148-,149-,150+,151-,155+,156+,157+/m0/s1",CCCCCCCCCCCCCC(=O)O[C@H](CCCCCCCCCCC)CC(=O)O[C@@H]1[C@@H](N=C([O-])C[C@@H](CCCCCCCCCCC)OC(=O)CCCCCCCCCCC)[C@H](OC[C@H]2O[C@H](OP(=O)(O)O)[C@H](N=C([O-])C[C@H](O)CCCCCCCCCCC)[C@@H](OC(=O)C[C@H](O)CCCCCCCCCCC)[C@@H]2O)O[C@H](CO[C@]2(C(=O)[O-])C[C@@H](O[C@]3(C(=O)[O-])C[C@@H](O[C@]4(C(=O)[O-])C[C@@H](O)[C@@H](O[C@@H]5O[C@@H](C)[C@H](O)[C@@H](O)[C@H]5O)[C@@H]([C@H](O)CO)O4)[C@@H](O)[C@@H]([C@H](O)CO)O3)[C@@H](O[C@H]3O[C@H]([C@H](O)CO)[C@@H](OP(=O)([O-])[O-])[C@H](O[C@@H]4O[C@H]([C@H](O)CO[C@H]5O[C@H]([C@@H](O)CO)[C@@H](O)[C@H](O)[C@@H]5O)[C@@H](OP(=O)([O-])[O-])[C@H](O[C@@H]5O[C@H](CO[C@@H]6O[C@H](CO)[C@H](O)[C@H](O)[C@H]6O)[C@@H](O)[C@H](O)[C@H]5O)[C@@H]4O)[C@@H]3O)[C@@H]([C@H](O)CO)O2)[C@H]1OP(=O)([O-])[O-]
galactosyl-(glucosyl)<sub>3</sub>-(heptosyl)<sub>3</sub>-Kdo<sub>2</sub>-lipid A-bisphosphate (<i>E. coli</i>),"InChI=1S/C155H280N2O83P4/c1-7-13-19-25-31-37-38-44-50-56-62-68-106(176)217-89(66-60-54-48-42-35-29-23-17-11-5)72-108(178)225-136-110(157-104(174)71-88(65-59-53-47-41-34-28-22-16-10-4)216-105(175)67-61-55-49-43-36-30-24-18-12-6)143(213-83-100-115(183)135(224-107(177)70-87(166)64-58-52-46-40-33-27-21-15-9-3)109(144(221-100)240-244(209,210)211)156-103(173)69-86(165)63-57-51-45-39-32-26-20-14-8-2)223-102(134(136)237-241(200,201)202)85-215-154(152(196)197)74-96(234-155(153(198)199)73-90(167)111(179)129(235-155)92(169)76-159)133(132(236-154)94(171)78-161)229-149-126(194)138(141(238-242(203,204)205)130(227-149)93(170)77-160)232-150-127(195)139(142(239-243(206,207)208)131(228-150)95(172)82-212-146-123(191)119(187)121(189)128(226-146)91(168)75-158)231-148-125(193)137(116(184)101(222-148)84-214-145-122(190)117(185)112(180)97(79-162)218-145)230-151-140(120(188)114(182)99(81-164)220-151)233-147-124(192)118(186)113(181)98(80-163)219-147/h86-102,109-151,158-172,179-195H,7-85H2,1-6H3,(H,156,173)(H,157,174)(H,196,197)(H,198,199)(H2,200,201,202)(H2,203,204,205)(H2,206,207,208)(H2,209,210,211)/p-10/t86-,87-,88-,89-,90-,91+,92-,93+,94-,95-,96-,97-,98-,99-,100-,101-,102-,109-,110-,111-,112+,113-,114-,115-,116-,117+,118+,119+,120+,121+,122-,123+,124-,125-,126+,127+,128-,129-,130-,131-,132-,133-,134-,135-,136-,137+,138-,139-,140-,141-,142-,143-,144-,145+,146+,147-,148-,149-,150-,151-,154-,155-/m1/s1",CCCCCCCCCCCCCC(=O)O[C@H](CCCCCCCCCCC)CC(=O)O[C@@H]1[C@@H](N=C([O-])C[C@@H](CCCCCCCCCCC)OC(=O)CCCCCCCCCCC)[C@H](OC[C@H]2O[C@H](OP(=O)(O)O)[C@H](N=C([O-])C[C@H](O)CCCCCCCCCCC)[C@@H](OC(=O)C[C@H](O)CCCCCCCCCCC)[C@@H]2O)O[C@H](CO[C@]2(C(=O)[O-])C[C@@H](O[C@]3(C(=O)[O-])C[C@@H](O)[C@@H](O)[C@@H]([C@H](O)CO)O3)[C@@H](O[C@H]3O[C@H]([C@@H](O)CO)[C@@H](OP(=O)([O-])[O-])[C@H](O[C@H]4O[C@H]([C@H](O)CO[C@H]5O[C@H]([C@@H](O)CO)[C@@H](O)[C@H](O)[C@@H]5O)[C@@H](OP(=O)([O-])[O-])[C@H](O[C@H]5O[C@H](CO[C@H]6O[C@H](CO)[C@H](O)[C@H](O)[C@H]6O)[C@@H](O)[C@H](O[C@H]6O[C@H](CO)[C@@H](O)[C@H](O)[C@H]6O[C@H]6O[C@H](CO)[C@@H](O)[C@H](O)[C@H]6O)[C@H]5O)[C@@H]4O)[C@@H]3O)[C@@H]([C@H](O)CO)O2)[C@H]1OP(=O)([O-])[O-]
phospho-heptosyl-heptosyl-Kdo2-lipidA,"InChI=1S/C124H227N2O54P3/c1-7-13-19-25-31-37-38-44-50-56-62-68-96(141)166-84(66-60-54-48-42-35-29-23-17-11-5)72-98(143)170-114-100(126-94(139)71-83(65-59-53-47-41-34-28-22-16-10-4)165-95(140)67-61-55-49-43-36-30-24-18-12-6)117(163-79-91-102(145)113(169-97(142)70-82(132)64-58-52-46-40-33-27-21-15-9-3)99(118(167-91)180-183(160,161)162)125-93(138)69-81(131)63-57-51-45-39-32-26-20-14-8-2)168-92(112(114)178-181(154,155)156)80-164-123(121(150)151)74-90(175-124(122(152)153)73-85(133)101(144)108(176-124)87(135)76-128)111(110(177-123)89(137)78-130)173-120-106(149)115(105(148)107(171-120)86(134)75-127)174-119-104(147)103(146)116(179-182(157,158)159)109(172-119)88(136)77-129/h81-92,99-120,127-137,144-149H,7-80H2,1-6H3,(H,125,138)(H,126,139)(H,150,151)(H,152,153)(H2,154,155,156)(H2,157,158,159)(H2,160,161,162)/p-8/t81-,82-,83-,84-,85-,86+,87-,88-,89-,90-,91-,92-,99-,100-,101-,102-,103-,104+,105-,106+,107-,108-,109-,110-,111-,112-,113-,114-,115+,116+,117-,118-,119+,120-,123-,124-/m1/s1",CCCCCCCCCCCCCC(=O)O[C@H](CCCCCCCCCCC)CC(=O)O[C@@H]1[C@@H](N=C([O-])C[C@@H](CCCCCCCCCCC)OC(=O)CCCCCCCCCCC)[C@H](OC[C@H]2O[C@H](OP(=O)(O)O)[C@H](N=C([O-])C[C@H](O)CCCCCCCCCCC)[C@@H](OC(=O)C[C@H](O)CCCCCCCCCCC)[C@@H]2O)O[C@H](CO[C@]2(C(=O)[O-])C[C@@H](O[C@]3(C(=O)[O-])C[C@@H](O)[C@@H](O)[C@@H]([C@H](O)CO)O3)[C@@H](O[C@H]3O[C@H]([C@@H](O)CO)[C@@H](O)[C@H](O[C@@H]4O[C@H]([C@H](O)CO)[C@@H](OP(=O)([O-])[O-])[C@H](O)[C@@H]4O)[C@@H]3O)[C@@H]([C@H](O)CO)O2)[C@H]1OP(=O)([O-])[O-]
glucosyl-(heptosyl)<sub>3</sub>-Kdo<sub>2</sub>-lipid A-bisphosphate (<i>E. coli</i>),"InChI=1S/C137H250N2O68P4/c1-7-13-19-25-31-37-38-44-50-56-62-68-100(156)189-86(66-60-54-48-42-35-29-23-17-11-5)72-102(158)194-123-104(139-98(154)71-85(65-59-53-47-41-34-28-22-16-10-4)188-99(155)67-61-55-49-43-36-30-24-18-12-6)128(186-81-95-107(161)122(193-101(157)70-84(146)64-58-52-46-40-33-27-21-15-9-3)103(129(191-95)207-211(182,183)184)138-97(153)69-83(145)63-57-51-45-39-32-26-20-14-8-2)192-96(121(123)204-208(173,174)175)82-187-136(134(169)170)74-93(201-137(135(171)172)73-87(147)105(159)116(202-137)89(149)76-141)120(119(203-136)91(151)78-143)198-132-113(167)124(126(205-209(176,177)178)117(196-132)90(150)77-142)200-133-114(168)125(199-131-112(166)108(162)106(160)94(79-144)190-131)127(206-210(179,180)181)118(197-133)92(152)80-185-130-111(165)109(163)110(164)115(195-130)88(148)75-140/h83-96,103-133,140-152,159-168H,7-82H2,1-6H3,(H,138,153)(H,139,154)(H,169,170)(H,171,172)(H2,173,174,175)(H2,176,177,178)(H2,179,180,181)(H2,182,183,184)/p-10/t83-,84-,85-,86-,87-,88+,89-,90+,91-,92-,93-,94-,95-,96-,103-,104-,105-,106-,107-,108+,109+,110+,111+,112-,113+,114+,115-,116-,117-,118-,119-,120-,121-,122-,123-,124-,125-,126-,127-,128-,129-,130+,131-,132-,133-,136-,137-/m1/s1",CCCCCCCCCCCCCC(=O)O[C@H](CCCCCCCCCCC)CC(=O)O[C@@H]1[C@@H](N=C([O-])C[C@@H](CCCCCCCCCCC)OC(=O)CCCCCCCCCCC)[C@H](OC[C@H]2O[C@H](OP(=O)(O)O)[C@H](N=C([O-])C[C@H](O)CCCCCCCCCCC)[C@@H](OC(=O)C[C@H](O)CCCCCCCCCCC)[C@@H]2O)O[C@H](CO[C@]2(C(=O)[O-])C[C@@H](O[C@]3(C(=O)[O-])C[C@@H](O)[C@@H](O)[C@@H]([C@H](O)CO)O3)[C@@H](O[C@H]3O[C@H]([C@@H](O)CO)[C@@H](OP(=O)([O-])[O-])[C@H](O[C@H]4O[C@H]([C@H](O)CO[C@H]5O[C@H]([C@@H](O)CO)[C@@H](O)[C@H](O)[C@@H]5O)[C@@H](OP(=O)([O-])[O-])[C@H](O[C@H]5O[C@H](CO)[C@@H](O)[C@H](O)[C@H]5O)[C@@H]4O)[C@@H]3O)[C@@H]([C@H](O)CO)O2)[C@H]1OP(=O)([O-])[O-]
lipid IV<SUB>B</SUB>,"InChI=1S/C84H160N2O24P2/c1-6-11-16-21-26-31-32-33-34-39-44-49-54-59-74(93)104-69(58-53-48-43-38-30-25-20-15-10-5)63-73(92)86-77-81(107-75(94)61-67(89)56-51-46-41-36-28-23-18-13-8-3)79(96)71(106-84(77)110-112(100,101)102)65-103-83-78(85-72(91)60-66(88)55-50-45-40-35-27-22-17-12-7-2)82(80(70(64-87)105-83)109-111(97,98)99)108-76(95)62-68(90)57-52-47-42-37-29-24-19-14-9-4/h66-71,77-84,87-90,96H,6-65H2,1-5H3,(H,85,91)(H,86,92)(H2,97,98,99)(H2,100,101,102)/p-4/t66-,67-,68-,69-,70-,71-,77-,78-,79-,80-,81-,82-,83-,84-/m1/s1",CCCCCCCCCCCCCCCC(=O)O[C@H](CCCCCCCCCCC)CC([O-])=N[C@H]1[C@@H](OP(=O)(O)O)O[C@H](CO[C@@H]2O[C@H](CO)[C@@H](OP(=O)([O-])[O-])[C@H](OC(=O)C[C@H](O)CCCCCCCCCCC)[C@H]2N=C([O-])C[C@H](O)CCCCCCCCCCC)[C@@H](O)[C@@H]1OC(=O)C[C@H](O)CCCCCCCCCCC
glucosyl-(heptosyl)<sub>2</sub>-Kdo<sub>2</sub>-lipid A,"InChI=1S/C130H236N2O56P2/c1-7-13-19-25-31-37-38-44-50-56-62-68-98(148)173-85(66-60-54-48-42-35-29-23-17-11-5)72-100(150)178-119-102(132-96(146)71-84(65-59-53-47-41-34-28-22-16-10-4)172-97(147)67-61-55-49-43-36-30-24-18-12-6)122(170-80-93-105(153)118(177-99(149)70-83(139)64-58-52-46-40-33-27-21-15-9-3)101(123(175-93)188-190(167,168)169)131-95(145)69-82(138)63-57-51-45-39-32-26-20-14-8-2)176-94(117(119)187-189(164,165)166)81-171-129(127(160)161)74-91(184-130(128(162)163)73-86(140)103(151)114(185-130)89(143)77-135)116(115(186-129)90(144)78-136)181-125-110(158)121(109(157)112(179-125)87(141)75-133)183-126-111(159)120(108(156)113(180-126)88(142)76-134)182-124-107(155)106(154)104(152)92(79-137)174-124/h82-94,101-126,133-144,151-159H,7-81H2,1-6H3,(H,131,145)(H,132,146)(H,160,161)(H,162,163)(H2,164,165,166)(H2,167,168,169)/p-6/t82-,83-,84-,85-,86-,87+,88-,89-,90-,91-,92-,93-,94-,101-,102-,103-,104-,105-,106+,107-,108-,109-,110+,111+,112-,113-,114-,115-,116-,117-,118-,119-,120+,121+,122-,123-,124-,125-,126-,129-,130-/m1/s1",CCCCCCCCCCCCCC(=O)O[C@H](CCCCCCCCCCC)CC(=O)O[C@@H]1[C@@H](N=C([O-])C[C@@H](CCCCCCCCCCC)OC(=O)CCCCCCCCCCC)[C@H](OC[C@H]2O[C@H](OP(=O)(O)O)[C@H](N=C([O-])C[C@H](O)CCCCCCCCCCC)[C@@H](OC(=O)C[C@H](O)CCCCCCCCCCC)[C@@H]2O)O[C@H](CO[C@]2(C(=O)[O-])C[C@@H](O[C@]3(C(=O)[O-])C[C@@H](O)[C@@H](O)[C@@H]([C@H](O)CO)O3)[C@@H](O[C@H]3O[C@H]([C@@H](O)CO)[C@@H](O)[C@H](O[C@H]4O[C@H]([C@H](O)CO)[C@@H](O)[C@H](O[C@H]5O[C@H](CO)[C@@H](O)[C@H](O)[C@H]5O)[C@@H]4O)[C@@H]3O)[C@@H]([C@H](O)CO)O2)[C@H]1OP(=O)([O-])[O-]
glucosyl-(heptosyl)<sub>3</sub>-glucosyluronate-Kdo<sub>2</sub>-lipid A-phosphate,"InChI=1S/C143H257N2O71P3/c1-7-13-19-25-31-37-38-44-50-56-62-68-100(161)198-86(66-60-54-48-42-35-29-23-17-11-5)72-102(163)203-127-104(145-98(159)71-85(65-59-53-47-41-34-28-22-16-10-4)197-99(160)67-61-55-49-43-36-30-24-18-12-6)133(195-81-95-107(166)126(202-101(162)70-84(151)64-58-52-46-40-33-27-21-15-9-3)103(134(200-95)216-219(190,191)192)144-97(158)69-83(150)63-57-51-45-39-32-26-20-14-8-2)201-96(125(127)214-217(184,185)186)82-196-142(140(180)181)74-93(211-143(141(182)183)73-87(152)105(164)121(212-143)88(153)75-146)124(123(213-142)90(155)77-148)207-139-118(177)129(131(215-218(187,188)189)122(206-139)89(154)76-147)209-138-117(176)128(208-137-115(174)108(167)106(165)94(78-149)199-137)116(175)120(205-138)92(157)80-193-135-113(172)109(168)111(170)119(204-135)91(156)79-194-136-114(173)110(169)112(171)130(210-136)132(178)179/h83-96,103-131,133-139,146-157,164-177H,7-82H2,1-6H3,(H,144,158)(H,145,159)(H,178,179)(H,180,181)(H,182,183)(H2,184,185,186)(H2,187,188,189)(H2,190,191,192)/p-9/t83-,84-,85-,86-,87-,88-,89+,90-,91+,92-,93-,94-,95-,96-,103-,104-,105-,106-,107-,108+,109+,110+,111+,112+,113+,114-,115-,116-,117+,118+,119-,120-,121-,122-,123-,124-,125-,126-,127-,128+,129-,130+,131-,133-,134-,135+,136+,137-,138+,139-,142-,143-/m1/s1",CCCCCCCCCCCCCC(=O)O[C@H](CCCCCCCCCCC)CC(=O)O[C@@H]1[C@@H](N=C([O-])C[C@@H](CCCCCCCCCCC)OC(=O)CCCCCCCCCCC)[C@H](OC[C@H]2O[C@H](OP(=O)(O)O)[C@H](N=C([O-])C[C@H](O)CCCCCCCCCCC)[C@@H](OC(=O)C[C@H](O)CCCCCCCCCCC)[C@@H]2O)O[C@H](CO[C@]2(C(=O)[O-])C[C@@H](O[C@]3(C(=O)[O-])C[C@@H](O)[C@@H](O)[C@@H]([C@H](O)CO)O3)[C@@H](O[C@H]3O[C@H]([C@@H](O)CO)[C@@H](OP(=O)([O-])[O-])[C@H](O[C@@H]4O[C@H]([C@H](O)CO[C@H]5O[C@H]([C@@H](O)CO[C@H]6O[C@H](C(=O)[O-])[C@@H](O)[C@H](O)[C@H]6O)[C@@H](O)[C@H](O)[C@@H]5O)[C@@H](O)[C@H](O[C@H]5O[C@H](CO)[C@@H](O)[C@H](O)[C@H]5O)[C@@H]4O)[C@@H]3O)[C@@H]([C@H](O)CO)O2)[C@H]1OP(=O)([O-])[O-]
4-amino-4-deoxy-L-arabinose modified core oligosaccharide lipid A,"InChI=1S/C167H301N3O92P4/c1-7-13-19-25-31-37-38-44-50-56-62-68-110(190)237-91(66-60-54-48-42-35-29-23-17-11-5)72-112(192)245-146-114(170-108(188)71-90(65-59-53-47-41-34-28-22-16-10-4)236-109(189)67-61-55-49-43-36-30-24-18-12-6)153(232-85-104-120(198)145(244-111(191)70-89(179)64-58-52-46-40-33-27-21-15-9-3)113(154(240-104)261-265(225,226)227)169-107(187)69-88(178)63-57-51-45-39-32-26-20-14-8-2)243-106(144(146)260-266(228,229)262-158-129(207)115(193)92(168)82-230-158)87-235-166(164(215)216)74-100(255-167(165(217)218)73-93(180)116(194)139(256-167)96(183)77-173)143(142(257-166)98(185)79-175)250-161-135(213)148(151(258-263(219,220)221)140(248-161)97(184)78-174)253-162-136(214)149(152(259-264(222,223)224)141(249-162)99(186)83-231-156-131(209)124(202)127(205)137(246-156)94(181)75-171)252-160-134(212)147(121(199)105(242-160)86-233-155-130(208)122(200)117(195)101(80-176)238-155)251-163-150(126(204)118(196)102(81-177)239-163)254-159-133(211)123(201)119(197)103(241-159)84-234-157-132(210)125(203)128(206)138(247-157)95(182)76-172/h88-106,113-163,171-186,193-214H,7-87,168H2,1-6H3,(H,169,187)(H,170,188)(H,215,216)(H,217,218)(H,228,229)(H2,219,220,221)(H2,222,223,224)(H2,225,226,227)/p-8/t88-,89-,90-,91-,92+,93-,94+,95+,96-,97+,98-,99-,100-,101-,102-,103-,104-,105-,106-,113-,114-,115+,116-,117+,118-,119-,120-,121-,122+,123+,124+,125+,126+,127+,128+,129-,130-,131+,132+,133-,134-,135+,136+,137-,138?,139-,140-,141-,142-,143-,144-,145-,146-,147+,148-,149-,150-,151-,152-,153-,154-,155+,156+,157+,158-,159-,160-,161-,162+,163-,166-,167-/m1/s1",CCCCCCCCCCCCCC(=O)O[C@H](CCCCCCCCCCC)CC(=O)O[C@@H]1[C@@H](N=C([O-])C[C@@H](CCCCCCCCCCC)OC(=O)CCCCCCCCCCC)[C@H](OC[C@H]2O[C@H](OP(=O)(O)O)[C@H](N=C([O-])C[C@H](O)CCCCCCCCCCC)[C@@H](OC(=O)C[C@H](O)CCCCCCCCCCC)[C@@H]2O)O[C@H](CO[C@]2(C(=O)[O-])C[C@@H](O[C@]3(C(=O)[O-])C[C@@H](O)[C@@H](O)[C@@H]([C@H](O)CO)O3)[C@@H](O[C@H]3O[C@H]([C@@H](O)CO)[C@@H](OP(=O)([O-])[O-])[C@H](O[C@@H]4O[C@H]([C@H](O)CO[C@H]5O[C@H]([C@@H](O)CO)[C@@H](O)[C@H](O)[C@@H]5O)[C@@H](OP(=O)([O-])[O-])[C@H](O[C@H]5O[C@H](CO[C@H]6O[C@H](CO)[C@H](O)[C@H](O)[C@H]6O)[C@@H](O)[C@H](O[C@H]6O[C@H](CO)[C@@H](O)[C@H](O)[C@H]6O[C@H]6O[C@H](CO[C@H]7OC([C@@H](O)CO)[C@@H](O)[C@H](O)[C@@H]7O)[C@@H](O)[C@H](O)[C@H]6O)[C@H]5O)[C@@H]4O)[C@@H]3O)[C@@H]([C@H](O)CO)O2)[C@H]1OP(=O)(O)O[C@H]1OC[C@H](N)[C@H](O)[C@H]1O
7-O-[2-aminoethoxy(hydroxy)phosphoryl]-&alpha;-D-Kdo-(2&rarr;4)-&alpha;-D-Kdo-(2&rarr;6)-lipid IV<sub>A</sub>,"InChI=1S/C86H160N3O40P3/c1-5-9-13-17-21-25-29-33-37-41-57(92)47-67(98)88-71-79(122-69(100)49-59(94)43-39-35-31-27-23-19-15-11-7-3)75(104)65(120-82(71)129-131(112,113)114)55-117-81-72(89-68(99)48-58(93)42-38-34-30-26-22-18-14-10-6-2)80(123-70(101)50-60(95)44-40-36-32-28-24-20-16-12-8-4)78(128-130(109,110)111)66(121-81)56-118-85(83(105)106)52-63(74(103)76(125-85)62(97)53-90)124-86(84(107)108)51-61(96)73(102)77(126-86)64(54-91)127-132(115,116)119-46-45-87/h57-66,71-82,90-97,102-104H,5-56,87H2,1-4H3,(H,88,98)(H,89,99)(H,105,106)(H,107,108)(H,115,116)(H2,109,110,111)(H2,112,113,114)/p-6/t57-,58-,59-,60-,61-,62-,63-,64-,65-,66-,71-,72-,73-,74-,75-,76-,77-,78-,79-,80-,81-,82-,85-,86-/m1/s1",CCCCCCCCCCC[C@@H](O)CC(=O)O[C@@H]1[C@@H](N=C([O-])C[C@H](O)CCCCCCCCCCC)[C@H](OC[C@H]2O[C@H](OP(=O)(O)O)[C@H](N=C([O-])C[C@H](O)CCCCCCCCCCC)[C@@H](OC(=O)C[C@H](O)CCCCCCCCCCC)[C@@H]2O)O[C@H](CO[C@]2(C(=O)[O-])C[C@@H](O[C@]3(C(=O)[O-])C[C@@H](O)[C@@H](O)[C@@H]([C@@H](CO)OP(=O)(O)OCCN)O3)[C@@H](O)[C@@H]([C@H](O)CO)O2)[C@H]1OP(=O)([O-])[O-]
glucosyl-glucosyl-galactosyl-glucosyl-inner core oligosaccharide lipid A,"InChI=1S/C169H302N2O94P4/c1-8-14-20-26-32-38-39-45-51-57-63-69-112(192)239-93(67-61-55-49-43-36-30-24-18-12-5)73-114(194)247-147-116(171-110(190)72-92(66-60-54-48-42-35-29-23-17-11-4)238-111(191)68-62-56-50-44-37-31-25-19-13-6)154(234-86-106-122(200)146(246-113(193)71-91(181)65-59-53-47-41-34-28-22-16-10-3)115(155(243-106)265-269(230,231)232)170-109(189)70-90(180)64-58-52-46-40-33-27-21-15-9-2)245-108(145(147)262-266(221,222)223)88-236-167(164(215)216)76-102(258-169(166(219)220)75-101(121(199)138(259-169)96(184)78-173)257-168(165(217)218)74-94(182)139(142(261-168)98(186)80-175)249-158-132(210)124(202)117(195)89(7)237-158)144(143(260-167)99(187)81-176)252-161-135(213)149(152(263-267(224,225)226)140(250-161)97(185)79-174)255-162-136(214)150(153(264-268(227,228)229)141(251-162)100(188)85-233-157-131(209)127(205)129(207)137(248-157)95(183)77-172)254-160-134(212)148(123(201)107(244-160)87-235-156-130(208)125(203)118(196)103(82-177)240-156)253-163-151(128(206)120(198)105(84-179)242-163)256-159-133(211)126(204)119(197)104(83-178)241-159/h89-108,115-163,172-188,195-214H,8-88H2,1-7H3,(H,170,189)(H,171,190)(H,215,216)(H,217,218)(H,219,220)(H2,221,222,223)(H2,224,225,226)(H2,227,228,229)(H2,230,231,232)/p-11/t89-,90+,91+,92+,93+,94+,95-,96+,97+,98+,99+,100+,101+,102+,103+,104+,105+,106+,107+,108+,115+,116+,117-,118-,119+,120+,121+,122+,123+,124+,125-,126-,127-,128-,129-,130+,131-,132+,133+,134+,135-,136-,137+,138+,139+,140+,141+,142+,143+,144+,145+,146+,147+,148-,149+,150+,151+,152+,153+,154+,155+,156+,157-,158-,159-,160-,161+,162-,163-,167+,168+,169+/m0/s1",CCCCCCCCCCCCCC(=O)O[C@H](CCCCCCCCCCC)CC(=O)O[C@@H]1[C@@H](N=C([O-])C[C@@H](CCCCCCCCCCC)OC(=O)CCCCCCCCCCC)[C@H](OC[C@H]2O[C@H](OP(=O)(O)O)[C@H](N=C([O-])C[C@H](O)CCCCCCCCCCC)[C@@H](OC(=O)C[C@H](O)CCCCCCCCCCC)[C@@H]2O)O[C@H](CO[C@]2(C(=O)[O-])C[C@@H](O[C@]3(C(=O)[O-])C[C@@H](O[C@]4(C(=O)[O-])C[C@@H](O)[C@@H](O[C@@H]5O[C@@H](C)[C@H](O)[C@@H](O)[C@H]5O)[C@@H]([C@H](O)CO)O4)[C@@H](O)[C@@H]([C@H](O)CO)O3)[C@@H](O[C@H]3O[C@H]([C@H](O)CO)[C@@H](OP(=O)([O-])[O-])[C@H](O[C@@H]4O[C@H]([C@H](O)CO[C@H]5O[C@H]([C@@H](O)CO)[C@@H](O)[C@H](O)[C@@H]5O)[C@@H](OP(=O)([O-])[O-])[C@H](O[C@@H]5O[C@H](CO[C@@H]6O[C@H](CO)[C@H](O)[C@H](O)[C@H]6O)[C@@H](O)[C@H](O[C@@H]6O[C@H](CO)[C@@H](O)[C@H](O)[C@H]6O[C@@H]6O[C@H](CO)[C@@H](O)[C@H](O)[C@H]6O)[C@H]5O)[C@@H]4O)[C@@H]3O)[C@@H]([C@H](O)CO)O2)[C@H]1OP(=O)([O-])[O-]
heptosyl-Kdo<sub>2</sub>-lipid IV<sub>A</sub>,"InChI=1S/C91H166N2O43P2/c1-5-9-13-17-21-25-29-33-37-41-56(97)45-67(105)92-71-83(128-69(107)47-58(99)43-39-35-31-27-23-19-15-11-7-3)74(110)65(126-86(71)136-138(121,122)123)54-124-85-72(93-68(106)46-57(98)42-38-34-30-26-22-18-14-10-6-2)84(129-70(108)48-59(100)44-40-36-32-28-24-20-16-12-8-4)82(135-137(118,119)120)66(127-85)55-125-90(88(114)115)50-64(132-91(89(116)117)49-60(101)73(109)79(133-91)62(103)52-95)81(80(134-90)63(104)53-96)131-87-77(113)75(111)76(112)78(130-87)61(102)51-94/h56-66,71-87,94-104,109-113H,5-55H2,1-4H3,(H,92,105)(H,93,106)(H,114,115)(H,116,117)(H2,118,119,120)(H2,121,122,123)/p-6/t56-,57-,58-,59-,60-,61+,62-,63-,64-,65-,66-,71-,72-,73-,74-,75+,76+,77+,78-,79-,80-,81-,82-,83-,84-,85-,86-,87-,90-,91-/m1/s1",CCCCCCCCCCC[C@@H](O)CC(=O)O[C@@H]1[C@@H](N=C([O-])C[C@H](O)CCCCCCCCCCC)[C@H](OC[C@H]2O[C@H](OP(=O)(O)O)[C@H](N=C([O-])C[C@H](O)CCCCCCCCCCC)[C@@H](OC(=O)C[C@H](O)CCCCCCCCCCC)[C@@H]2O)O[C@H](CO[C@]2(C(=O)[O-])C[C@@H](O[C@]3(C(=O)[O-])C[C@@H](O)[C@@H](O)[C@@H]([C@H](O)CO)O3)[C@@H](O[C@H]3O[C@H]([C@@H](O)CO)[C@@H](O)[C@H](O)[C@@H]3O)[C@@H]([C@H](O)CO)O2)[C@H]1OP(=O)([O-])[O-]
galactosyl-inner core polysaccharide-lipid A,"InChI=1S/C151H272N2O79P4/c1-8-14-20-26-32-38-39-45-51-57-63-69-106(172)211-90(67-61-55-49-43-36-30-24-18-12-5)73-108(174)216-134-110(153-104(170)72-89(66-60-54-48-42-35-29-23-17-11-4)210-105(171)68-62-56-50-44-37-31-25-19-13-6)139(207-84-101-114(178)133(215-107(173)71-88(161)65-59-53-47-41-34-28-22-16-10-3)109(140(213-101)232-236(203,204)205)152-103(169)70-87(160)64-58-52-46-40-33-27-21-15-9-2)214-102(132(134)229-233(194,195)196)85-208-149(146(188)189)76-99(225-151(148(192)193)75-98(113(177)125(226-151)93(164)78-155)224-150(147(190)191)74-91(162)126(129(228-150)95(166)80-157)218-142-120(184)115(179)111(175)86(7)209-142)131(130(227-149)96(167)81-158)221-144-122(186)135(137(230-234(197,198)199)127(219-144)94(165)79-156)223-145-123(187)136(222-143-121(185)116(180)112(176)100(82-159)212-143)138(231-235(200,201)202)128(220-145)97(168)83-206-141-119(183)117(181)118(182)124(217-141)92(163)77-154/h86-102,109-145,154-168,175-187H,8-85H2,1-7H3,(H,152,169)(H,153,170)(H,188,189)(H,190,191)(H,192,193)(H2,194,195,196)(H2,197,198,199)(H2,200,201,202)(H2,203,204,205)/p-11/t86-,87+,88+,89+,90+,91+,92-,93+,94+,95+,96+,97+,98+,99+,100+,101+,102+,109+,110+,111-,112+,113+,114+,115+,116-,117-,118-,119-,120+,121+,122-,123-,124+,125+,126+,127+,128+,129+,130+,131+,132+,133+,134+,135+,136+,137+,138+,139+,140+,141-,142-,143-,144+,145-,149+,150+,151+/m0/s1",CCCCCCCCCCCCCC(=O)O[C@H](CCCCCCCCCCC)CC(=O)O[C@@H]1[C@@H](N=C([O-])C[C@@H](CCCCCCCCCCC)OC(=O)CCCCCCCCCCC)[C@H](OC[C@H]2O[C@H](OP(=O)(O)O)[C@H](N=C([O-])C[C@H](O)CCCCCCCCCCC)[C@@H](OC(=O)C[C@H](O)CCCCCCCCCCC)[C@@H]2O)O[C@H](CO[C@]2(C(=O)[O-])C[C@@H](O[C@]3(C(=O)[O-])C[C@@H](O[C@]4(C(=O)[O-])C[C@@H](O)[C@@H](O[C@@H]5O[C@@H](C)[C@H](O)[C@@H](O)[C@H]5O)[C@@H]([C@H](O)CO)O4)[C@@H](O)[C@@H]([C@H](O)CO)O3)[C@@H](O[C@H]3O[C@H]([C@H](O)CO)[C@@H](OP(=O)([O-])[O-])[C@H](O[C@@H]4O[C@H]([C@H](O)CO[C@H]5O[C@H]([C@@H](O)CO)[C@@H](O)[C@H](O)[C@@H]5O)[C@@H](OP(=O)([O-])[O-])[C@H](O[C@@H]5O[C@H](CO)[C@@H](O)[C@H](O)[C@H]5O)[C@@H]4O)[C@@H]3O)[C@@H]([C@H](O)CO)O2)[C@H]1OP(=O)([O-])[O-]
galactosyl-(1&rarr;6)-glucosyl-(1&rarr;3)-(heptosyl)<sub>3</sub>-Kdo<sub>2</sub>-lipid A-bisphosphate (<i>E. coli</i>),"InChI=1S/C143H260N2O73P4/c1-7-13-19-25-31-37-38-44-50-56-62-68-102(162)199-87(66-60-54-48-42-35-29-23-17-11-5)72-104(164)205-128-106(145-100(160)71-86(65-59-53-47-41-34-28-22-16-10-4)198-101(161)67-61-55-49-43-36-30-24-18-12-6)133(195-82-97-110(168)127(204-103(163)70-85(152)64-58-52-46-40-33-27-21-15-9-3)105(134(201-97)218-222(191,192)193)144-99(159)69-84(151)63-57-51-45-39-32-26-20-14-8-2)203-98(126(128)215-219(182,183)184)83-197-142(140(178)179)74-94(212-143(141(180)181)73-88(153)107(165)121(213-143)90(155)76-147)125(124(214-142)92(157)78-149)209-138-118(176)129(131(216-220(185,186)187)122(207-138)91(156)77-148)211-139-119(177)130(210-137-117(175)112(170)109(167)96(202-137)81-196-135-115(173)111(169)108(166)95(79-150)200-135)132(217-221(188,189)190)123(208-139)93(158)80-194-136-116(174)113(171)114(172)120(206-136)89(154)75-146/h84-98,105-139,146-158,165-177H,7-83H2,1-6H3,(H,144,159)(H,145,160)(H,178,179)(H,180,181)(H2,182,183,184)(H2,185,186,187)(H2,188,189,190)(H2,191,192,193)/p-10/t84-,85-,86-,87-,88-,89+,90-,91+,92-,93-,94-,95-,96-,97-,98-,105-,106-,107-,108+,109-,110-,111+,112+,113+,114+,115-,116+,117-,118+,119+,120-,121-,122-,123-,124-,125-,126-,127-,128-,129-,130-,131-,132-,133-,134-,135+,136+,137-,138-,139-,142-,143-/m1/s1",CCCCCCCCCCCCCC(=O)O[C@H](CCCCCCCCCCC)CC(=O)O[C@@H]1[C@@H](N=C([O-])C[C@@H](CCCCCCCCCCC)OC(=O)CCCCCCCCCCC)[C@H](OC[C@H]2O[C@H](OP(=O)(O)O)[C@H](N=C([O-])C[C@H](O)CCCCCCCCCCC)[C@@H](OC(=O)C[C@H](O)CCCCCCCCCCC)[C@@H]2O)O[C@H](CO[C@]2(C(=O)[O-])C[C@@H](O[C@]3(C(=O)[O-])C[C@@H](O)[C@@H](O)[C@@H]([C@H](O)CO)O3)[C@@H](O[C@H]3O[C@H]([C@@H](O)CO)[C@@H](OP(=O)([O-])[O-])[C@H](O[C@H]4O[C@H]([C@H](O)CO[C@H]5O[C@H]([C@@H](O)CO)[C@@H](O)[C@H](O)[C@@H]5O)[C@@H](OP(=O)([O-])[O-])[C@H](O[C@H]5O[C@H](CO[C@H]6O[C@H](CO)[C@H](O)[C@H](O)[C@H]6O)[C@@H](O)[C@H](O)[C@H]5O)[C@@H]4O)[C@@H]3O)[C@@H]([C@H](O)CO)O2)[C@H]1OP(=O)([O-])[O-]
inner core oligosaccharide-lipid A,"InChI=1S/C131H239N2O60P3/c1-7-13-19-25-31-37-38-44-50-56-62-68-98(149)178-85(66-60-54-48-42-35-29-23-17-11-5)72-100(151)182-120-102(133-96(147)71-84(65-59-53-47-41-34-28-22-16-10-4)177-97(148)67-61-55-49-43-36-30-24-18-12-6)123(175-80-93-104(153)119(181-99(150)70-83(139)64-58-52-46-40-33-27-21-15-9-3)101(124(179-93)193-196(171,172)173)132-95(146)69-82(138)63-57-51-45-39-32-26-20-14-8-2)180-94(118(120)191-194(165,166)167)81-176-130(128(161)162)74-92(188-131(129(163)164)73-86(140)103(152)114(189-131)89(143)77-136)117(116(190-130)90(144)78-137)186-127-111(160)121(110(159)113(184-127)88(142)76-135)187-126-109(158)107(156)122(192-195(168,169)170)115(185-126)91(145)79-174-125-108(157)105(154)106(155)112(183-125)87(141)75-134/h82-94,101-127,134-145,152-160H,7-81H2,1-6H3,(H,132,146)(H,133,147)(H,161,162)(H,163,164)(H2,165,166,167)(H2,168,169,170)(H2,171,172,173)/p-8/t82-,83-,84-,85-,86-,87+,88+,89-,90-,91-,92-,93-,94-,101-,102-,103-,104-,105+,106+,107-,108+,109+,110-,111+,112-,113-,114-,115-,116-,117-,118-,119-,120-,121+,122+,123-,124-,125+,126+,127-,130-,131-/m1/s1",CCCCCCCCCCCCCC(=O)O[C@H](CCCCCCCCCCC)CC(=O)O[C@@H]1[C@@H](N=C([O-])C[C@@H](CCCCCCCCCCC)OC(=O)CCCCCCCCCCC)[C@H](OC[C@H]2O[C@H](OP(=O)(O)O)[C@H](N=C([O-])C[C@H](O)CCCCCCCCCCC)[C@@H](OC(=O)C[C@H](O)CCCCCCCCCCC)[C@@H]2O)O[C@H](CO[C@]2(C(=O)[O-])C[C@@H](O[C@]3(C(=O)[O-])C[C@@H](O)[C@@H](O)[C@@H]([C@H](O)CO)O3)[C@@H](O[C@H]3O[C@H]([C@@H](O)CO)[C@@H](O)[C@H](O[C@@H]4O[C@H]([C@H](O)CO[C@H]5O[C@H]([C@@H](O)CO)[C@@H](O)[C@H](O)[C@@H]5O)[C@@H](OP(=O)([O-])[O-])[C@H](O)[C@@H]4O)[C@@H]3O)[C@@H]([C@H](O)CO)O2)[C@H]1OP(=O)([O-])[O-]
glucosyl-(heptosyl)<sub>2</sub>-Kdo<sub>2</sub>-lipid A-phosphate,"InChI=1S/C130H237N2O59P3/c1-7-13-19-25-31-37-38-44-50-56-62-68-98(148)175-85(66-60-54-48-42-35-29-23-17-11-5)72-100(150)180-118-102(132-96(146)71-84(65-59-53-47-41-34-28-22-16-10-4)174-97(147)67-61-55-49-43-36-30-24-18-12-6)122(172-80-93-105(153)117(179-99(149)70-83(139)64-58-52-46-40-33-27-21-15-9-3)101(123(177-93)191-194(169,170)171)131-95(145)69-82(138)63-57-51-45-39-32-26-20-14-8-2)178-94(116(118)189-192(163,164)165)81-173-129(127(159)160)74-91(186-130(128(161)162)73-86(140)103(151)112(187-130)88(142)76-134)115(114(188-129)90(144)78-136)183-126-110(158)120(121(190-193(166,167)168)113(182-126)89(143)77-135)185-125-109(157)119(108(156)111(181-125)87(141)75-133)184-124-107(155)106(154)104(152)92(79-137)176-124/h82-94,101-126,133-144,151-158H,7-81H2,1-6H3,(H,131,145)(H,132,146)(H,159,160)(H,161,162)(H2,163,164,165)(H2,166,167,168)(H2,169,170,171)/p-8/t82-,83-,84-,85-,86-,87-,88-,89+,90-,91-,92-,93-,94-,101-,102-,103-,104-,105-,106+,107-,108-,109+,110+,111-,112-,113-,114-,115-,116-,117-,118-,119+,120-,121-,122-,123-,124-,125-,126-,129-,130-/m1/s1",CCCCCCCCCCCCCC(=O)O[C@H](CCCCCCCCCCC)CC(=O)O[C@@H]1[C@@H](N=C([O-])C[C@@H](CCCCCCCCCCC)OC(=O)CCCCCCCCCCC)[C@H](OC[C@H]2O[C@H](OP(=O)(O)O)[C@H](N=C([O-])C[C@H](O)CCCCCCCCCCC)[C@@H](OC(=O)C[C@H](O)CCCCCCCCCCC)[C@@H]2O)O[C@H](CO[C@]2(C(=O)[O-])C[C@@H](O[C@]3(C(=O)[O-])C[C@@H](O)[C@@H](O)[C@@H]([C@H](O)CO)O3)[C@@H](O[C@H]3O[C@H]([C@@H](O)CO)[C@@H](OP(=O)([O-])[O-])[C@H](O[C@H]4O[C@H]([C@H](O)CO)[C@@H](O)[C@H](O[C@H]5O[C@H](CO)[C@@H](O)[C@H](O)[C@H]5O)[C@@H]4O)[C@@H]3O)[C@@H]([C@H](O)CO)O2)[C@H]1OP(=O)([O-])[O-]
lipid A-core oligosaccharide phosphoethanolamine (hep I),"InChI=1S/C164H298N3O92P5/c1-7-13-19-25-31-37-38-44-50-56-62-68-110(187)234-92(66-60-54-48-42-35-29-23-17-11-5)74-112(189)242-144-114(167-108(185)73-91(65-59-53-47-41-34-28-22-16-10-4)233-109(186)67-61-55-49-43-36-30-24-18-12-6)151(228-86-104-119(194)143(241-111(188)72-90(176)64-58-52-46-40-33-27-21-15-9-3)113(152(237-104)258-262(220,221)222)166-107(184)71-89(175)63-57-51-45-39-32-26-20-14-8-2)240-106(142(144)255-260(214,215)216)88-231-163(161(210)211)76-100(252-164(162(212)213)75-93(177)115(190)137(253-164)96(180)79-170)141(140(254-163)98(182)81-172)247-158-134(209)147(150(138(245-158)97(181)80-171)257-264(225,226)259-263(223,224)232-70-69-165)250-159-133(208)146(149(256-261(217,218)219)139(246-159)99(183)84-227-154-129(204)123(198)126(201)135(243-154)94(178)77-168)249-157-132(207)145(120(195)105(239-157)87-229-153-128(203)121(196)116(191)101(82-173)235-153)248-160-148(125(200)117(192)102(83-174)236-160)251-156-131(206)122(197)118(193)103(238-156)85-230-155-130(205)124(199)127(202)136(244-155)95(179)78-169/h89-106,113-160,168-183,190-209H,7-88,165H2,1-6H3,(H,166,184)(H,167,185)(H,210,211)(H,212,213)(H,223,224)(H,225,226)(H2,214,215,216)(H2,217,218,219)(H2,220,221,222)/p-9/t89-,90-,91-,92-,93-,94+,95+,96-,97+,98-,99-,100-,101-,102-,103-,104-,105-,106-,113-,114-,115-,116+,117-,118-,119-,120-,121+,122+,123+,124+,125+,126+,127+,128-,129+,130+,131-,132-,133+,134+,135-,136-,137-,138-,139-,140-,141-,142-,143-,144-,145+,146-,147-,148-,149-,150-,151-,152-,153+,154+,155+,156-,157-,158-,159-,160-,163-,164-/m1/s1",CCCCCCCCCCCCCC(=O)O[C@H](CCCCCCCCCCC)CC(=O)O[C@@H]1[C@@H](N=C([O-])C[C@@H](CCCCCCCCCCC)OC(=O)CCCCCCCCCCC)[C@H](OC[C@H]2O[C@H](OP(=O)([O-])O)[C@H](N=C([O-])C[C@H](O)CCCCCCCCCCC)[C@@H](OC(=O)C[C@H](O)CCCCCCCCCCC)[C@@H]2O)O[C@H](CO[C@]2(C(=O)[O-])C[C@@H](O[C@]3(C(=O)[O-])C[C@@H](O)[C@@H](O)[C@@H]([C@H](O)CO)O3)[C@@H](O[C@H]3O[C@H]([C@@H](O)CO)[C@@H](OP(=O)(O)OP(=O)(O)OCCN)[C@H](O[C@H]4O[C@H]([C@H](O)CO[C@H]5O[C@H]([C@@H](O)CO)[C@@H](O)[C@H](O)[C@@H]5O)[C@@H](OP(=O)([O-])[O-])[C@H](O[C@H]5O[C@H](CO[C@H]6O[C@H](CO)[C@H](O)[C@H](O)[C@H]6O)[C@@H](O)[C@H](O[C@H]6O[C@H](CO)[C@@H](O)[C@H](O)[C@H]6O[C@H]6O[C@H](CO[C@H]7O[C@H]([C@@H](O)CO)[C@@H](O)[C@H](O)[C@@H]7O)[C@@H](O)[C@H](O)[C@H]6O)[C@H]5O)[C@@H]4O)[C@@H]3O)[C@@H]([C@H](O)CO)O2)[C@H]1OP(=O)([O-])[O-]
inner core oligosaccharide-lipid A with Kdo(III) and L-rhamnose (<i>E. coli</i>),"InChI=1S/C145H262N2O74P4/c1-8-14-20-26-32-38-39-45-51-57-63-69-104(165)202-89(67-61-55-49-43-36-30-24-18-12-5)73-106(167)206-130-108(147-102(163)72-88(66-60-54-48-42-35-29-23-17-11-4)201-103(164)68-62-56-50-44-37-31-25-19-13-6)134(198-83-99-111(170)129(205-105(166)71-87(154)65-59-53-47-41-34-28-22-16-10-3)107(135(203-99)221-225(194,195)196)146-101(162)70-86(153)64-58-52-46-40-33-27-21-15-9-2)204-100(128(130)218-222(185,186)187)84-199-143(140(179)180)76-98(214-145(142(183)184)75-97(110(169)121(215-145)92(157)78-149)213-144(141(181)182)74-90(155)122(125(217-144)94(159)80-151)208-137-117(176)112(171)109(168)85(7)200-137)127(126(216-143)95(160)81-152)211-139-119(178)131(133(220-224(191,192)193)123(209-139)93(158)79-150)212-138-118(177)115(174)132(219-223(188,189)190)124(210-138)96(161)82-197-136-116(175)113(172)114(173)120(207-136)91(156)77-148/h85-100,107-139,148-161,168-178H,8-84H2,1-7H3,(H,146,162)(H,147,163)(H,179,180)(H,181,182)(H,183,184)(H2,185,186,187)(H2,188,189,190)(H2,191,192,193)(H2,194,195,196)/p-11/t85-,86+,87+,88+,89+,90+,91-,92+,93+,94+,95+,96+,97+,98+,99+,100+,107+,108+,109-,110+,111+,112+,113-,114-,115+,116-,117+,118-,119-,120+,121+,122+,123+,124+,125+,126+,127+,128+,129+,130+,131+,132-,133+,134+,135+,136-,137-,138-,139+,143+,144+,145+/m0/s1",CCCCCCCCCCCCCC(=O)O[C@H](CCCCCCCCCCC)CC(=O)O[C@@H]1[C@@H](N=C([O-])C[C@@H](CCCCCCCCCCC)OC(=O)CCCCCCCCCCC)[C@H](OC[C@H]2O[C@H](OP(=O)(O)O)[C@H](N=C([O-])C[C@H](O)CCCCCCCCCCC)[C@@H](OC(=O)C[C@H](O)CCCCCCCCCCC)[C@@H]2O)O[C@H](CO[C@]2(C(=O)[O-])C[C@@H](O[C@]3(C(=O)[O-])C[C@@H](O[C@]4(C(=O)[O-])C[C@@H](O)[C@@H](O[C@@H]5O[C@@H](C)[C@H](O)[C@@H](O)[C@H]5O)[C@@H]([C@H](O)CO)O4)[C@@H](O)[C@@H]([C@H](O)CO)O3)[C@@H](O[C@H]3O[C@H]([C@H](O)CO)[C@@H](OP(=O)([O-])[O-])[C@H](O[C@@H]4O[C@H]([C@H](O)CO[C@H]5O[C@H]([C@@H](O)CO)[C@@H](O)[C@H](O)[C@@H]5O)[C@@H](OP(=O)([O-])[O-])[C@H](O)[C@@H]4O)[C@@H]3O)[C@@H]([C@H](O)CO)O2)[C@H]1OP(=O)([O-])[O-]
7-O-[2-aminoethoxy(hydroxy)phosphoryl]-&alpha;-D-Kdo-(2&rarr;4)-&alpha;-D-Kdo-(2&rarr;6)-lipid A,"InChI=1S/C112H208N3O42P3/c1-7-13-19-25-31-37-38-44-50-56-62-68-94(125)147-84(66-60-54-48-42-35-29-23-17-11-5)74-96(127)151-106-98(115-92(123)73-83(65-59-53-47-41-34-28-22-16-10-4)146-93(124)67-61-55-49-43-36-30-24-18-12-6)107(143-79-89-101(130)105(150-95(126)72-82(119)64-58-52-46-40-33-27-21-15-9-3)97(108(148-89)157-159(138,139)140)114-91(122)71-81(118)63-57-51-45-39-32-26-20-14-8-2)149-90(104(106)156-158(135,136)137)80-144-111(109(131)132)76-87(100(129)102(153-111)86(121)77-116)152-112(110(133)134)75-85(120)99(128)103(154-112)88(78-117)155-160(141,142)145-70-69-113/h81-90,97-108,116-121,128-130H,7-80,113H2,1-6H3,(H,114,122)(H,115,123)(H,131,132)(H,133,134)(H,141,142)(H2,135,136,137)(H2,138,139,140)/p-6/t81-,82-,83-,84-,85-,86-,87-,88-,89-,90-,97-,98-,99-,100-,101-,102-,103-,104-,105-,106-,107-,108-,111+,112-/m1/s1",CCCCCCCCCCCCCC(=O)O[C@H](CCCCCCCCCCC)CC(=O)O[C@@H]1[C@@H](N=C([O-])C[C@@H](CCCCCCCCCCC)OC(=O)CCCCCCCCCCC)[C@H](OC[C@H]2O[C@H](OP(=O)(O)O)[C@H](N=C([O-])C[C@H](O)CCCCCCCCCCC)[C@@H](OC(=O)C[C@H](O)CCCCCCCCCCC)[C@@H]2O)O[C@H](CO[C@@]2(C(=O)[O-])C[C@@H](O[C@]3(C(=O)[O-])C[C@@H](O)[C@@H](O)[C@@H]([C@@H](CO)OP(=O)(O)OCCN)O3)[C@@H](O)[C@@H]([C@H](O)CO)O2)[C@H]1OP(=O)([O-])[O-]
glucosyl-galactosyl-glucosyl-inner core oligosaccharide lipid A,"InChI=1S/C163H292N2O89P4/c1-8-14-20-26-32-38-39-45-51-57-63-69-110(185)230-92(67-61-55-49-43-36-30-24-18-12-5)73-112(187)237-143-114(165-108(183)72-91(66-60-54-48-42-35-29-23-17-11-4)229-109(184)68-62-56-50-44-37-31-25-19-13-6)149(225-85-104-119(192)142(236-111(186)71-90(174)65-59-53-47-41-34-28-22-16-10-3)113(150(233-104)254-258(221,222)223)164-107(182)70-89(173)64-58-52-46-40-33-27-21-15-9-2)235-106(141(143)251-255(212,213)214)87-227-161(158(206)207)76-101(247-163(160(210)211)75-100(118(191)134(248-163)95(177)78-167)246-162(159(208)209)74-93(175)135(138(250-162)97(179)80-169)239-153-128(201)121(194)115(188)88(7)228-153)140(139(249-161)98(180)81-170)242-156-131(204)145(147(252-256(215,216)217)136(240-156)96(178)79-168)245-157-132(205)146(148(253-257(218,219)220)137(241-157)99(181)84-224-152-127(200)124(197)125(198)133(238-152)94(176)77-166)244-155-130(203)144(243-154-129(202)123(196)117(190)103(83-172)232-154)120(193)105(234-155)86-226-151-126(199)122(195)116(189)102(82-171)231-151/h88-106,113-157,166-181,188-205H,8-87H2,1-7H3,(H,164,182)(H,165,183)(H,206,207)(H,208,209)(H,210,211)(H2,212,213,214)(H2,215,216,217)(H2,218,219,220)(H2,221,222,223)/p-11/t88-,89+,90+,91+,92+,93+,94-,95+,96+,97+,98+,99+,100+,101+,102+,103+,104+,105+,106+,113+,114+,115-,116-,117+,118+,119+,120+,121+,122-,123-,124-,125-,126+,127-,128+,129+,130+,131-,132-,133+,134+,135+,136+,137+,138+,139+,140+,141+,142+,143+,144-,145+,146+,147+,148+,149+,150+,151+,152-,153-,154-,155-,156+,157-,161+,162+,163+/m0/s1",CCCCCCCCCCCCCC(=O)O[C@H](CCCCCCCCCCC)CC(=O)O[C@@H]1[C@@H](N=C([O-])C[C@@H](CCCCCCCCCCC)OC(=O)CCCCCCCCCCC)[C@H](OC[C@H]2O[C@H](OP(=O)(O)O)[C@H](N=C([O-])C[C@H](O)CCCCCCCCCCC)[C@@H](OC(=O)C[C@H](O)CCCCCCCCCCC)[C@@H]2O)O[C@H](CO[C@]2(C(=O)[O-])C[C@@H](O[C@]3(C(=O)[O-])C[C@@H](O[C@]4(C(=O)[O-])C[C@@H](O)[C@@H](O[C@@H]5O[C@@H](C)[C@H](O)[C@@H](O)[C@H]5O)[C@@H]([C@H](O)CO)O4)[C@@H](O)[C@@H]([C@H](O)CO)O3)[C@@H](O[C@H]3O[C@H]([C@H](O)CO)[C@@H](OP(=O)([O-])[O-])[C@H](O[C@@H]4O[C@H]([C@H](O)CO[C@H]5O[C@H]([C@@H](O)CO)[C@@H](O)[C@H](O)[C@@H]5O)[C@@H](OP(=O)([O-])[O-])[C@H](O[C@@H]5O[C@H](CO[C@@H]6O[C@H](CO)[C@H](O)[C@H](O)[C@H]6O)[C@@H](O)[C@H](O[C@@H]6O[C@H](CO)[C@@H](O)[C@H](O)[C@H]6O)[C@H]5O)[C@@H]4O)[C@@H]3O)[C@@H]([C@H](O)CO)O2)[C@H]1OP(=O)([O-])[O-]
Kdo<SUB>2</SUB>-(palmitoleoyl)-lipid IV<SUB>A</SUB>,"InChI=1S/C100H182N2O38P2/c1-6-11-16-21-26-31-32-33-34-39-44-49-54-59-82(113)131-73(58-53-48-43-38-30-25-20-15-10-5)63-81(112)102-86-94(135-84(115)62-72(107)57-52-47-42-37-29-24-19-14-9-4)92(139-141(123,124)125)79(69-130-99(97(119)120)65-77(88(117)91(137-99)76(110)67-104)136-100(98(121)122)64-74(108)87(116)90(138-100)75(109)66-103)133-95(86)129-68-78-89(118)93(134-83(114)61-71(106)56-51-46-41-36-28-23-18-13-8-3)85(96(132-78)140-142(126,127)128)101-80(111)60-70(105)55-50-45-40-35-27-22-17-12-7-2/h31-32,70-79,85-96,103-110,116-118H,6-30,33-69H2,1-5H3,(H,101,111)(H,102,112)(H,119,120)(H,121,122)(H2,123,124,125)(H2,126,127,128)/p-6/b32-31-/t70-,71-,72-,73-,74-,75-,76-,77-,78-,79-,85-,86-,87-,88-,89-,90-,91-,92-,93-,94-,95-,96-,99-,100-/m1/s1",CCCCCC/C=C\CCCCCCCC(=O)O[C@H](CCCCCCCCCCC)CC([O-])=N[C@H]1[C@H](OC[C@H]2O[C@H](OP(=O)(O)O)[C@H](N=C([O-])C[C@H](O)CCCCCCCCCCC)[C@@H](OC(=O)C[C@H](O)CCCCCCCCCCC)[C@@H]2O)O[C@H](CO[C@]2(C(=O)[O-])C[C@@H](O[C@]3(C(=O)[O-])C[C@@H](O)[C@@H](O)[C@@H]([C@H](O)CO)O3)[C@@H](O)[C@@H]([C@H](O)CO)O2)[C@@H](OP(=O)([O-])[O-])[C@@H]1OC(=O)C[C@H](O)CCCCCCCCCCC
inner core oligosaccharide-lipid A with Kdo(III) (<i>E. coli</i>),"InChI=1S/C139H252N2O70P4/c1-7-13-19-25-31-37-38-44-50-56-62-68-102(159)193-87(66-60-54-48-42-35-29-23-17-11-5)72-104(161)197-125-106(141-100(157)71-86(65-59-53-47-41-34-28-22-16-10-4)192-101(158)67-61-55-49-43-36-30-24-18-12-6)129(190-82-97-109(164)124(196-103(160)70-85(148)64-58-52-46-40-33-27-21-15-9-3)105(130(194-97)211-215(186,187)188)140-99(156)69-84(147)63-57-51-45-39-32-26-20-14-8-2)195-98(123(125)208-212(177,178)179)83-191-137(134(171)172)75-96(204-139(136(175)176)74-95(108(163)118(206-139)91(152)78-144)203-138(135(173)174)73-88(149)107(162)117(205-138)90(151)77-143)122(121(207-137)93(154)80-146)201-133-115(170)126(128(210-214(183,184)185)119(199-133)92(153)79-145)202-132-114(169)112(167)127(209-213(180,181)182)120(200-132)94(155)81-189-131-113(168)110(165)111(166)116(198-131)89(150)76-142/h84-98,105-133,142-155,162-170H,7-83H2,1-6H3,(H,140,156)(H,141,157)(H,171,172)(H,173,174)(H,175,176)(H2,177,178,179)(H2,180,181,182)(H2,183,184,185)(H2,186,187,188)/p-11/t84-,85-,86-,87-,88-,89+,90-,91-,92-,93-,94-,95-,96-,97-,98-,105-,106-,107-,108-,109-,110+,111+,112-,113+,114+,115+,116-,117-,118-,119-,120-,121-,122-,123-,124-,125-,126-,127+,128-,129-,130-,131+,132+,133-,137-,138-,139-/m1/s1",CCCCCCCCCCCCCC(=O)O[C@H](CCCCCCCCCCC)CC(=O)O[C@@H]1[C@@H](N=C([O-])C[C@@H](CCCCCCCCCCC)OC(=O)CCCCCCCCCCC)[C@H](OC[C@H]2O[C@H](OP(=O)(O)O)[C@H](N=C([O-])C[C@H](O)CCCCCCCCCCC)[C@@H](OC(=O)C[C@H](O)CCCCCCCCCCC)[C@@H]2O)O[C@H](CO[C@]2(C(=O)[O-])C[C@@H](O[C@]3(C(=O)[O-])C[C@@H](O[C@]4(C(=O)[O-])C[C@@H](O)[C@@H](O)[C@@H]([C@H](O)CO)O4)[C@@H](O)[C@@H]([C@H](O)CO)O3)[C@@H](O[C@H]3O[C@H]([C@H](O)CO)[C@@H](OP(=O)([O-])[O-])[C@H](O[C@@H]4O[C@H]([C@H](O)CO[C@H]5O[C@H]([C@@H](O)CO)[C@@H](O)[C@H](O)[C@@H]5O)[C@@H](OP(=O)([O-])[O-])[C@H](O)[C@@H]4O)[C@@H]3O)[C@@H]([C@H](O)CO)O2)[C@H]1OP(=O)([O-])[O-]
L-carnitine,"InChI=1S/C7H15NO3/c1-8(2,3)5-6(9)4-7(10)11/h6,9H,4-5H2,1-3H3/t6-/m1/s1",C[N+](C)(C)C[C@H](O)CC(=O)[O-]
L-ascorbate,"InChI=1S/C6H8O6/c7-1-2(8)5-3(9)4(10)6(11)12-5/h2,5,7-10H,1H2/p-1/t2-,5+/m0/s1",O=C1O[C@H]([C@@H](O)CO)C([O-])=C1O
a pyrophosphate group,,O=P([O-])([O-])OP(=O)([O-])O
an imino group,,[C-]N
a carbonyl group,,C(=O)([R1])[R1]
a thiol group,,[C-]S
a carboxyl group,,O=C[O-]
a phosphate group,,O=P([O-])([O-])[O-]
a hydroxyl group,,[OH-]
an amino group,,[C-3][NH3+]
glycolate,"InChI=1S/C2H4O3/c3-1-2(4)5/h3H,1H2,(H,4,5)/p-1",O=C([O-])CO
D-erythronate,"InChI=1S/C4H8O5/c5-1-2(6)3(7)4(8)9/h2-3,5-7H,1H2,(H,8,9)/p-1/t2-,3-/m1/s1",O=C([O-])[C@H](O)[C@H](O)CO
gentisate,"InChI=1S/C7H6O4/c8-4-1-2-6(9)5(3-4)7(10)11/h1-3,8-9H,(H,10,11)/p-1",O=C(O)c1cc([O-])ccc1O
3-phospho-D-glyceroyl phosphate,"InChI=1S/C3H8O10P2/c4-2(1-12-14(6,7)8)3(5)13-15(9,10)11/h2,4H,1H2,(H2,6,7,8)(H2,9,10,11)/p-4/t2-/m1/s1",O=C(OP(=O)([O-])[O-])[C@H](O)COP(=O)([O-])[O-]
"2,3-diphospho-D-glycerate","InChI=1S/C3H8O10P2/c4-3(5)2(13-15(9,10)11)1-12-14(6,7)8/h2H,1H2,(H,4,5)(H2,6,7,8)(H2,9,10,11)/p-5/t2-/m1/s1",O=C([O-])[C@@H](COP(=O)([O-])[O-])OP(=O)([O-])[O-]
2-<i>O</i>-(&alpha;-D-mannosyl)-3-phospho-D-glycerate,"InChI=1S/C9H17O12P/c10-1-3-5(11)6(12)7(13)9(20-3)21-4(8(14)15)2-19-22(16,17)18/h3-7,9-13H,1-2H2,(H,14,15)(H2,16,17,18)/p-3/t3-,4-,5-,6+,7+,9-/m1/s1",O=C([O-])[C@@H](COP(=O)([O-])[O-])O[C@H]1O[C@H](CO)[C@@H](O)[C@H](O)[C@@H]1O
2-<i>O</i>-(&alpha;-D-glucopyranosyl)-D-glycerate,"InChI=1S/C9H16O9/c10-1-3-5(12)6(13)7(14)9(17-3)18-4(2-11)8(15)16/h3-7,9-14H,1-2H2,(H,15,16)/p-1/t3-,4-,5-,6+,7-,9-/m1/s1",O=C([O-])[C@@H](CO)O[C@H]1O[C@H](CO)[C@@H](O)[C@H](O)[C@H]1O
2-<i>O</i>-(&alpha;-D-mannosyl)-D-glycerate,"InChI=1S/C9H16O9/c10-1-3-5(12)6(13)7(14)9(17-3)18-4(2-11)8(15)16/h3-7,9-14H,1-2H2,(H,15,16)/p-1/t3-,4-,5-,6+,7+,9-/m1/s1",O=C([O-])[C@@H](CO)O[C@H]1O[C@H](CO)[C@@H](O)[C@H](O)[C@@H]1O
2-phenylethylamine,"InChI=1S/C8H11N/c9-7-6-8-4-2-1-3-5-8/h1-5H,6-7,9H2/p+1",[NH3+]CCc1ccccc1
1-<i>cis</i>-vaccenoyl-<i>sn</i>-glycerol-3-phosphate,"InChI=1S/C21H41O7P/c1-2-3-4-5-6-7-8-9-10-11-12-13-14-15-16-17-21(23)27-18-20(22)19-28-29(24,25)26/h7-8,20,22H,2-6,9-19H2,1H3,(H2,24,25,26)/p-2/b8-7-/t20-/m1/s1",CCCCCC/C=C\CCCCCCCCCC(=O)OC[C@@H](O)COP(=O)([O-])[O-]
tyramine,"InChI=1S/C8H11NO/c9-6-5-7-1-3-8(10)4-2-7/h1-4,10H,5-6,9H2/p+1",[NH3+]CCc1ccc(O)cc1
1-myristoyl-<i>sn</i>-glycerol 3-phosphate,"InChI=1S/C17H35O7P/c1-2-3-4-5-6-7-8-9-10-11-12-13-17(19)23-14-16(18)15-24-25(20,21)22/h16,18H,2-15H2,1H3,(H2,20,21,22)/p-2/t16-/m1/s1",CCCCCCCCCCCCCC(=O)OC[C@@H](O)COP(=O)([O-])[O-]
4-aminobenzenesulfonate,"InChI=1S/C6H7NO3S/c7-5-1-3-6(4-2-5)11(8,9)10/h1-4H,7H2,(H,8,9,10)/p-1",Nc1ccc(S(=O)(=O)[O-])cc1
1-palmitoyl-<i>sn</i>-glycerol 3-phosphate,"InChI=1S/C19H39O7P/c1-2-3-4-5-6-7-8-9-10-11-12-13-14-15-19(21)25-16-18(20)17-26-27(22,23)24/h18,20H,2-17H2,1H3,(H2,22,23,24)/p-2/t18-/m1/s1",CCCCCCCCCCCCCCCC(=O)OC[C@@H](O)COP(=O)([O-])[O-]
anthranilate,"InChI=1S/C7H7NO2/c8-6-4-2-1-3-5(6)7(9)10/h1-4H,8H2,(H,9,10)/p-1",Nc1ccccc1C(=O)[O-]
V<sup>5+</sup>,InChI=1S/V/q+5,[V+5]
Mn<SUP>2+</SUP>,InChI=1S/Mn/q+2,[Mn+2]
arbutin,"InChI=1S/C12H16O7/c13-5-8-9(15)10(16)11(17)12(19-8)18-7-3-1-6(14)2-4-7/h1-4,8-17H,5H2/t8-,9-,10+,11-,12-/m1/s1",OC[C@H]1O[C@@H](Oc2ccc(O)cc2)[C@H](O)[C@@H](O)[C@@H]1O
Cr<sup>3+</sup>,InChI=1S/Cr/q+3,[Cr+3]
Co<SUP>2+</SUP>,InChI=1S/Co/q+2,[Co+2]
Mo<SUP>2+</SUP>,InChI=1S/Mo/q+2,[Mo+2]
Cr<sup>6+</sup>,InChI=1S/Cr/q+6,[Cr+6]
Ag<SUP>2+</SUP>,InChI=1S/Ag/q+2,[Ag+2]
Ni<sup>2+</sup>,InChI=1S/Ni/q+2,[Ni+2]
Cu<SUP>2+</SUP>,InChI=1S/Cu/q+2,[Cu+2]
Mo<sup>6+</sup>,InChI=1S/Mo/q+6,[Mo+6]
Ag<SUP>+</SUP>,InChI=1S/Ag/q+1,[Ag+]
3-dehydro-1-<i>O</i>-methyl-&beta;-D-glucose,"InChI=1S/C7H12O6/c1-12-7-6(11)5(10)4(9)3(2-8)13-7/h3-4,6-9,11H,2H2,1H3/t3-,4-,6-,7-/m1/s1",CO[C@@H]1O[C@H](CO)[C@@H](O)C(=O)[C@H]1O
"2,7-anhydro-&alpha;-<i>N</i>-acetylneuraminate","InChI=1S/C11H17NO8/c1-4(14)12-7-5(15)2-11(10(17)18)19-8(6(16)3-13)9(7)20-11/h5-9,13,15-16H,2-3H2,1H3,(H,12,14)(H,17,18)/p-1/t5-,6+,7+,8+,9+,11+/m0/s1",CC([O-])=N[C@H]1[C@H]2O[C@@](C(=O)O)(C[C@@H]1O)O[C@@H]2[C@H](O)CO
3-dehydro-1-<i>O</i>-methyl-&alpha;-D-glucose,"InChI=1S/C7H12O6/c1-12-7-6(11)5(10)4(9)3(2-8)13-7/h3-4,6-9,11H,2H2,1H3/t3-,4-,6-,7+/m1/s1",CO[C@H]1O[C@H](CO)[C@@H](O)C(=O)[C@H]1O
2-<I>O</I>-(6-phospho-&alpha;-D-mannosyl)-D-glycerate,"InChI=1S/C9H17O12P/c10-1-3(8(14)15)20-9-7(13)6(12)5(11)4(21-9)2-19-22(16,17)18/h3-7,9-13H,1-2H2,(H,14,15)(H2,16,17,18)/p-3/t3-,4-,5-,6+,7+,9+/m1/s1",O=C([O-])[C@@H](CO)O[C@H]1O[C@H](COP(=O)([O-])[O-])[C@@H](O)[C@H](O)[C@@H]1O
3-<i>O</i>-methyl-D-glucose,"InChI=1S/C7H14O6/c1-13-7(5(11)3-9)6(12)4(10)2-8/h3-8,10-12H,2H2,1H3/t4-,5+,6-,7-/m1/s1",CO[C@@H]([C@H](O)[C@H](O)CO)[C@@H](O)C=O
3-<i>O</i>-methyl-D-mannose,"InChI=1S/C7H14O6/c1-12-6-4(9)3(2-8)13-7(11)5(6)10/h3-11H,2H2,1H3/t3-,4-,5+,6+,7?/m1/s1",CO[C@H]1[C@H](O)[C@@H](CO)OC(O)[C@H]1O
dihydroxyacetone,"InChI=1S/C3H6O3/c4-1-3(6)2-5/h4-5H,1-2H2",O=C(CO)CO
<i>sn</i>-glycerol 1-phosphate,"InChI=1S/C3H9O6P/c4-1-3(5)2-9-10(6,7)8/h3-5H,1-2H2,(H2,6,7,8)/p-2/t3-/m0/s1",O=P([O-])([O-])OC[C@@H](O)CO
D-galactal,"InChI=1S/C6H10O4/c7-3-5-6(9)4(8)1-2-10-5/h1-2,4-9H,3H2/t4-,5-,6-/m1/s1",OC[C@H]1OC=C[C@@H](O)[C@H]1O
D-xylonate,"InChI=1S/C5H10O6/c6-1-2(7)3(8)4(9)5(10)11/h2-4,6-9H,1H2,(H,10,11)/p-1/t2-,3+,4-/m1/s1",O=C([O-])[C@H](O)[C@@H](O)[C@H](O)CO
dopamine,"InChI=1S/C8H11NO2/c9-4-3-6-1-2-7(10)8(11)5-6/h1-2,5,10-11H,3-4,9H2/p+1",[NH3+]CCc1ccc(O)c(O)c1
ethanolamine,"InChI=1S/C2H7NO/c3-1-2-4/h4H,1-3H2/p+1",[NH3+]CCO
carbamoyl phosphate,"InChI=1S/CH4NO5P/c2-1(3)7-8(4,5)6/h(H2,2,3)(H2,4,5,6)/p-2",N=C([O-])OP(=O)([O-])O
histamine,"InChI=1S/C5H9N3/c6-2-1-5-3-7-4-8-5/h3-4H,1-2,6H2,(H,7,8)/p+1",[NH3+]CCc1cnc[nH]1
octopamine,"InChI=1S/C8H11NO2/c9-5-8(11)6-1-3-7(10)4-2-6/h1-4,8,10-11H,5,9H2/p+1",[NH3+]CC(O)c1ccc(O)cc1
methylamine,"InChI=1S/CH5N/c1-2/h2H2,1H3/p+1",C[NH3+]
&gamma;-methylphosphinothricin,"InChI=1S/C6H14NO4P/c1-4(12(2,10)11)3-5(7)6(8)9/h4-5H,3,7H2,1-2H3,(H,8,9)(H,10,11)/p-1",CC(CC(N)C(=O)[O-])P(C)(=O)O
L-kynurenine,"InChI=1S/C10H12N2O3/c11-7-4-2-1-3-6(7)9(13)5-8(12)10(14)15/h1-4,8H,5,11-12H2,(H,14,15)/t8-/m0/s1",Nc1ccccc1C(=O)C[C@H](N)C(=O)O
1-myristoyl-<i>sn</i>-glycero-3-phosphoethanolamine,"InChI=1S/C19H40NO7P/c1-2-3-4-5-6-7-8-9-10-11-12-13-19(22)25-16-18(21)17-27-28(23,24)26-15-14-20/h18,21H,2-17,20H2,1H3,(H,23,24)/t18-/m1/s1",CCCCCCCCCCCCCC(=O)OC[C@@H](O)COP(=O)(O)OCCN
L-homoarginine,"InChI=1S/C7H16N4O2/c8-5(6(12)13)3-1-2-4-11-7(9)10/h5H,1-4,8H2,(H,12,13)(H4,9,10,11)/p+1/t5-/m0/s1",N=C(N)NCCCC[C@H]([NH3+])C(=O)O
1-lauroyl-<i>sn</i>-glycero-3-phosphoethanolamine,"InChI=1S/C17H36NO7P/c1-2-3-4-5-6-7-8-9-10-11-17(20)23-14-16(19)15-25-26(21,22)24-13-12-18/h16,19H,2-15,18H2,1H3,(H,21,22)/t16-/m1/s1",CCCCCCCCCCCC(=O)OC[C@@H](O)COP(=O)(O)OCCN
L-2-aminoadipate,"InChI=1S/C6H11NO4/c7-4(6(10)11)2-1-3-5(8)9/h4H,1-3,7H2,(H,8,9)(H,10,11)/p-1/t4-/m0/s1",N[C@@H](CCCC(=O)[O-])C(=O)O
1-stearoyl-<i>sn</i>-glycero-3-phosphoethanolamine,"InChI=1S/C23H48NO7P/c1-2-3-4-5-6-7-8-9-10-11-12-13-14-15-16-17-23(26)29-20-22(25)21-31-32(27,28)30-19-18-24/h22,25H,2-21,24H2,1H3,(H,27,28)/t22-/m1/s1",CCCCCCCCCCCCCCCCCC(=O)OC[C@@H](O)COP(=O)(O)OCCN
L-&alpha;-amino-&epsilon;-keto-pimelate,"InChI=1S/C7H11NO5/c8-4(6(10)11)2-1-3-5(9)7(12)13/h4H,1-3,8H2,(H,10,11)(H,12,13)/p-1/t4-/m0/s1",N[C@@H](CCCC(=O)C(=O)O)C(=O)[O-]
1-palmitoyl-<i>sn</i>-glycero-3-phosphoethanolamine,"InChI=1S/C21H44NO7P/c1-2-3-4-5-6-7-8-9-10-11-12-13-14-15-21(24)27-18-20(23)19-29-30(25,26)28-17-16-22/h20,23H,2-19,22H2,1H3,(H,25,26)/t20-/m1/s1",CCCCCCCCCCCCCCCC(=O)OC[C@@H](O)COP(=O)(O)OCCN
"3,4-dehydroproline","InChI=1S/C5H7NO2/c7-5(8)4-2-1-3-6-4/h1-2,4,6H,3H2,(H,7,8)/t4-/m0/s1",O=C(O)[C@@H]1C=CCN1
L-arabinitol,"InChI=1S/C5H12O5/c6-1-3(8)5(10)4(9)2-7/h3-10H,1-2H2/t3-,4-/m0/s1",OC[C@H](O)C(O)[C@@H](O)CO
ribitol,"InChI=1S/C5H12O5/c6-1-3(8)5(10)4(9)2-7/h3-10H,1-2H2/t3-,4+,5-",OC[C@@H](O)[C@@H](O)[C@@H](O)CO
D-arabinitol,"InChI=1S/C5H12O5/c6-1-3(8)5(10)4(9)2-7/h3-10H,1-2H2/t3-,4-/m1/s1",OC[C@@H](O)C(O)[C@H](O)CO
(4-hydroxyphenyl)acetate,"InChI=1S/C8H8O3/c9-7-3-1-6(2-4-7)5-8(10)11/h1-4,9H,5H2,(H,10,11)/p-1",O=C(O)Cc1ccc([O-])cc1
"(<i>S</i>)-4-amino-4,5-dihydro-2-thiophenecarboxylate","InChI=1S/C5H7NO2S/c6-3-1-4(5(7)8)9-2-3/h1,3H,2,6H2,(H,7,8)/t3-/m0/s1",N[C@H]1C=C(C(=O)O)SC1
crotonobetaine,"InChI=1S/C7H13NO2/c1-8(2,3)6-4-5-7(9)10/h4-5H,6H2,1-3H3/b5-4+",C[N+](C)(C)C/C=C/C(=O)[O-]
4-aminobutanoate,"InChI=1S/C4H9NO2/c5-3-1-2-4(6)7/h1-3,5H2,(H,6,7)",NCCCC(=O)O
2-oleoyl-<i>sn</i>-glycero-3-phosphoglycerol,"InChI=1S/C24H47O9P/c1-2-3-4-5-6-7-8-9-10-11-12-13-14-15-16-17-24(28)33-23(19-26)21-32-34(29,30)31-20-22(27)18-25/h9-10,22-23,25-27H,2-8,11-21H2,1H3,(H,29,30)/p-1/b10-9-/t22-,23+/m0/s1",CCCCCCCC/C=C\CCCCCCCC(=O)O[C@H](CO)COP(=O)([O-])OC[C@@H](O)CO
2-myristoleoyl-<i>sn</i>-glycero-3-phosphoglycerol,"InChI=1S/C20H39O9P/c1-2-3-4-5-6-7-8-9-10-11-12-13-20(24)29-19(15-22)17-28-30(25,26)27-16-18(23)14-21/h5-6,18-19,21-23H,2-4,7-17H2,1H3,(H,25,26)/p-1/b6-5-/t18-,19+/m0/s1",CCCC/C=C\CCCCCCCC(=O)O[C@H](CO)COP(=O)([O-])OC[C@@H](O)CO
glycerophosphoglycerol,"InChI=1S/C6H15O8P/c7-1-5(9)3-13-15(11,12)14-4-6(10)2-8/h5-10H,1-4H2,(H,11,12)/p-1",O=P([O-])(OCC(O)CO)OCC(O)CO
<i>sn</i>-glycero-3-phosphocholine,"InChI=1S/C8H20NO6P/c1-9(2,3)4-5-14-16(12,13)15-7-8(11)6-10/h8,10-11H,4-7H2,1-3H3/t8-/m1/s1",C[N+](C)(C)CCOP(=O)([O-])OC[C@H](O)CO
glycerophosphoserine,"InChI=1S/C6H14NO8P/c7-5(6(10)11)3-15-16(12,13)14-2-4(9)1-8/h4-5,8-9H,1-3,7H2,(H,10,11)(H,12,13)/p-1/t4-,5+/m1/s1",N[C@@H](COP(=O)(O)OC[C@H](O)CO)C(=O)[O-]
<i>sn</i>-glycero-3-phosphoethanolamine,"InChI=1S/C5H14NO6P/c6-1-2-11-13(9,10)12-4-5(8)3-7/h5,7-8H,1-4,6H2,(H,9,10)/t5-/m1/s1",NCCOP(=O)(O)OC[C@H](O)CO
<i>sn</i>-glycerol 3-phosphate,"InChI=1S/C3H9O6P/c4-1-3(5)2-9-10(6,7)8/h3-5H,1-2H2,(H2,6,7,8)/p-2/t3-/m1/s1",O=P([O-])([O-])OC[C@H](O)CO
D-cycloserine,"InChI=1S/C3H6N2O2/c4-2-1-7-5-3(2)6/h2H,1,4H2,(H,5,6)/p+1/t2-/m1/s1",[NH3+][C@@H]1CON=C1O
galactitol 1-phosphate,"InChI=1S/C6H15O9P/c7-1-3(8)5(10)6(11)4(9)2-15-16(12,13)14/h3-11H,1-2H2,(H2,12,13,14)/p-2/t3-,4+,5+,6-/m1/s1",O=P([O-])([O-])OC[C@H](O)[C@@H](O)[C@@H](O)[C@H](O)CO
2-aminocaprylate,"InChI=1S/C8H17NO2/c1-2-3-4-5-6-7(9)8(10)11/h7H,2-6,9H2,1H3,(H,10,11)",CCCCCCC(N)C(=O)O
2-phospho-4-(cytidine 5'-diphospho)-2-C-methyl-D-erythritol,"InChI=1S/C14H26N3O17P3/c1-14(6-18,33-35(23,24)25)8(19)5-31-37(28,29)34-36(26,27)30-4-7-10(20)11(21)12(32-7)17-3-2-9(15)16-13(17)22/h2-3,7-8,10-12,18-21H,4-6H2,1H3,(H,26,27)(H,28,29)(H2,15,16,22)(H2,23,24,25)/p-4/t7-,8-,10-,11-,12-,14+/m1/s1",C[C@@](CO)(OP(=O)([O-])[O-])[C@H](O)COP(=O)(O)OP(=O)([O-])OC[C@H]1O[C@@H](n2ccc(=N)nc2[O-])[C@H](O)[C@@H]1O
ethylenediamine,InChI=1S/C2H8N2/c3-1-2-4/h1-4H2/p+1,NCC[NH3+]
D-mannitol 1-phosphate,"InChI=1S/C6H15O9P/c7-1-3(8)5(10)6(11)4(9)2-15-16(12,13)14/h3-11H,1-2H2,(H2,12,13,14)/p-2/t3-,4-,5-,6-/m1/s1",O=P([O-])([O-])OC[C@@H](O)[C@@H](O)[C@H](O)[C@H](O)CO
aminoguanidinium,"InChI=1S/CH6N4/c2-1(3)5-4/h4H2,(H4,2,3,5)/p+1",NNC(N)=[NH2+]
D-sorbitol 6-phosphate,"InChI=1S/C6H15O9P/c7-1-3(8)5(10)6(11)4(9)2-15-16(12,13)14/h3-11H,1-2H2,(H2,12,13,14)/p-2/t3-,4+,5+,6+/m0/s1",O=P([O-])([O-])OC[C@@H](O)[C@@H](O)[C@H](O)[C@@H](O)CO
dicyclohexylamine,"InChI=1S/C12H23N/c1-3-7-11(8-4-1)13-12-9-5-2-6-10-12/h11-13H,1-10H2/p+1",C1CCC([NH2+]C2CCCCC2)CC1
alloxan,"InChI=1S/C4H2N2O4/c7-1-2(8)5-4(10)6-3(1)9/h(H2,5,6,8,9,10)",O=C1N=C(O)C(=O)C(O)=N1
L-rhamnitol,"InChI=1S/C6H14O5/c1-3(8)5(10)6(11)4(9)2-7/h3-11H,2H2,1H3/t3-,4-,5-,6-/m0/s1",C[C@H](O)[C@H](O)[C@@H](O)[C@@H](O)CO
sec-butylamine,"InChI=1S/C4H11N/c1-3-4(2)5/h4H,3,5H2,1-2H3/p+1",CCC(C)[NH3+]
lactitol,"InChI=1S/C12H24O11/c13-1-4(16)7(18)11(5(17)2-14)23-12-10(21)9(20)8(19)6(3-15)22-12/h4-21H,1-3H2/t4-,5+,6+,7+,8-,9-,10+,11+,12-/m0/s1",OC[C@@H](O)[C@@H](O[C@@H]1O[C@H](CO)[C@H](O)[C@H](O)[C@H]1O)[C@H](O)[C@@H](O)CO
1-ethyl-4-aminobutanoate,"InChI=1S/C6H13NO2/c1-2-9-6(8)4-3-5-7/h2-5,7H2,1H3/p+1",CCOC(=O)CCC[NH3+]
parabanate,"InChI=1S/C3H2N2O3/c6-1-2(7)5-3(8)4-1/h(H2,4,5,6,7,8)",O=C1N=C(O)C(=O)N1
glycerol,"InChI=1S/C3H8O3/c4-1-3(6)2-5/h3-6H,1-2H2",OCC(O)CO
n-amylamine,"InChI=1S/C5H13N/c1-2-3-4-5-6/h2-6H2,1H3/p+1",CCCCC[NH3+]
b-dxyl-PEN-1:5,,
b-xxyl-PEN-1:5,,
a-dxyl-PEN-1:5,,
x-dxyl-PEN-1:5,,
a-lxyl-PEN-1:5,,
b-PEN-1:5,,
x-PEN-1:4,,
creatine,"InChI=1S/C4H9N3O2/c1-7(4(5)6)2-3(8)9/h2H2,1H3,(H3,5,6)(H,8,9)",CN(CC(=O)O)C(=N)N
<i>N</i><sup>&omega;</sup>-phosphocreatine,"InChI=1S/C4H10N3O5P/c1-7(2-3(8)9)4(5)6-13(10,11)12/h2H2,1H3,(H,8,9)(H4,5,6,10,11,12)/p-2",CN(CC(=O)[O-])C(=N)NP(=O)([O-])O
muscimol,"InChI=1S/C4H6N2O2/c5-2-3-1-4(7)6-8-3/h1H,2,5H2,(H,6,7)/p+1",[NH3+]Cc1cc(O)no1
benzyl viologen,"InChI=1S/C24H22N2/c1-3-7-21(8-4-1)19-25-15-11-23(12-16-25)24-13-17-26(18-14-24)20-22-9-5-2-6-10-22/h1-18H,19-20H2/q+2",c1ccc(C[n+]2ccc(-c3cc[n+](Cc4ccccc4)cc3)cc2)cc1
a linoleate group,,CCCCC/C=C\C/C=C\CCCCCCCC=O
a coenzyme-A group,,CC(C)(COP(=O)(O)OP(=O)(O)OC[C@H]1O[C@@H](n2cnc3c(N)ncnc32)[C@H](O)[C@@H]1OP(=O)([O-])[O-])[C@@H](O)C([O-])=NCCC([O-])=NCCS
4'-phosphopantetheine group,,CC(C)(COP(=O)(O)O)[C@@H](O)C([O-])=NCCC([O-])=NCCS
a <i>holo</i> citrate-lyase,,CC(C)(COP([O-])(=O)OP([O-])(=O)OC[C@@H]2([C@@H](O)[C@@H](O[C@@H]1([C@H](O)[C@H](O)[C@@H](COP(=O)([O-])OC[C@H](N[a [citrate-lyase]])C(=O)[a [citrate-lyase]])O1))[C@@H](O2)N3(\C=N/C4(C(/N)=N\C=N/C3=4))))[C@@H](O)C(=O)NCCC(=O)NCCS
a <i>holo</i> malonate-decarboxylase,,CC(C)(COP([O-])(=O)OP([O-])(=O)OC[C@@H]2([C@@H](O)[C@@H](O[C@@H]1([C@H](O)[C@H](O)[C@@H](COP(=O)([O-])OC[C@H](N[[an apo malonate decarboxylase acyl-carrier protein]])C(=O)[[an apo malonate decarboxylase acyl-carrier protein]])O1))[C@@H](O2)N3(\C=N/C4(C(/N)=N\C=N/C3=4))))[C@@H](O)C(=O)NCCC(=O)NCCS
phenylhydrazine,"InChI=1S/C6H8N2/c7-8-6-4-2-1-3-5-6/h1-5,8H,7H2",NNc1ccccc1
phenelzine,"InChI=1S/C8H12N2/c9-10-7-6-8-4-2-1-3-5-8/h1-5,10H,6-7,9H2",NNCCc1ccccc1
hydrazine,InChI=1S/H4N2/c1-2/h1-2H2,NN
4-nitrophenyl acetate,"InChI=1S/C8H7NO4/c1-6(10)13-8-4-2-7(3-5-8)9(11)12/h2-5H,1H3",CC(=O)Oc1ccc([N+](=O)[O-])cc1
o-nitrophenol &beta;-thiogalactoside,"InChI=1S/C12H15NO7S/c14-5-7-9(15)10(16)11(17)12(20-7)21-8-4-2-1-3-6(8)13(18)19/h1-4,7,9-12,14-17H,5H2/t7-,9+,10+,11-,12-/m1/s1",O=[N+]([O-])c1ccccc1S[C@H]1O[C@H](CO)[C@H](O)[C@H](O)[C@H]1O
"2,4,6-trinitrobenzene",InChI=1S/C6H3N3O6/c10-7(11)4-1-5(8(12)13)3-6(2-4)9(14)15/h1-3H,O=[N+]([O-])c1cc([N+](=O)[O-])cc([N+](=O)[O-])c1
"5,5'-dithio-bis-2-nitrobenzoate","InChI=1S/C14H8N2O8S2/c17-13(18)9-5-7(1-3-11(9)15(21)22)25-26-8-2-4-12(16(23)24)10(6-8)14(19)20/h1-6H,(H,17,18)(H,19,20)/p-2",O=C([O-])c1cc(SSc2ccc([N+](=O)[O-])c(C(=O)[O-])c2)ccc1[N+](=O)[O-]
7-nitrocoumarin-3-carboxylate,"InChI=1S/C10H5NO6/c12-9(13)7-3-5-1-2-6(11(15)16)4-8(5)17-10(7)14/h1-4H,(H,12,13)/p-1",O=C([O-])c1cc2ccc([N+](=O)[O-])cc2oc1=O
4-nitrobenzaldehyde,InChI=1S/C7H5NO3/c9-5-6-1-3-7(4-2-6)8(10)11/h1-5H,O=Cc1ccc([N+](=O)[O-])cc1
ethyl 2-(2-nitrophenoxy)acetate,"InChI=1S/C10H11NO5/c1-2-15-10(12)7-16-9-6-4-3-5-8(9)11(13)14/h3-6H,2,7H2,1H3",CCOC(=O)COc1ccccc1[N+](=O)[O-]
2-nitroimidazole,"InChI=1S/C3H3N3O2/c7-6(8)3-4-1-2-5-3/h1-2H,(H,4,5)",O=[N+]([O-])c1ncc[nH]1
4-nitrophenyl butanoate,"InChI=1S/C10H11NO4/c1-2-3-10(12)15-9-6-4-8(5-7-9)11(13)14/h4-7H,2-3H2,1H3",CCCC(=O)Oc1ccc([N+](=O)[O-])cc1
bis(<i>p</i>-nitrophenyl) phosphate,"InChI=1S/C12H9N2O8P/c15-13(16)9-1-5-11(6-2-9)21-23(19,20)22-12-7-3-10(4-8-12)14(17)18/h1-8H,(H,19,20)/p-1",O=[N+]([O-])c1ccc(OP(=O)([O-])Oc2ccc([N+](=O)[O-])cc2)cc1
4-nitrophenyl propanoate,"InChI=1S/C9H9NO4/c1-2-9(11)14-8-5-3-7(4-6-8)10(12)13/h3-6H,2H2,1H3",CCC(=O)Oc1ccc([N+](=O)[O-])cc1
"2,4-diamino-6-methyl-5,3'-(3-nitrophenoxy)prop-1'-yloxypyrimidine","InChI=1S/C14H17N5O4/c1-9-12(13(15)18-14(16)17-9)23-7-3-6-22-11-5-2-4-10(8-11)19(20)21/h2,4-5,8H,3,6-7H2,1H3,(H4,15,16,17,18)/p+2",Cc1[nH]c(=[NH2+])[nH]c(=[NH2+])c1OCCCOc1cccc([N+](=O)[O-])c1
3-nitrobenzaldehyde,InChI=1S/C7H5NO3/c9-5-6-2-1-3-7(4-6)8(10)11/h1-5H,O=Cc1cccc([N+](=O)[O-])c1
4-nitro-5-aminoimidazole ribonucleotide,"InChI=1S/C7H11N4O9P/c8-4-5(11(14)15)9-1-10(4)6-2(12)3(13)7(19-6)20-21(16,17)18/h1-3,6-7,12-13H,8H2,(H2,16,17,18)/p-1/t2-,3+,6-,7-/m1/s1",Nc1c([N+](=O)[O-])ncn1[C@@H]1O[C@H](OP(=O)([O-])O)[C@@H](O)[C@H]1O
&gamma;-glutamyl-p-nitroanilide,"InChI=1S/C11H13N3O5/c12-9(11(16)17)5-6-10(15)13-7-1-3-8(4-2-7)14(18)19/h1-4,9H,5-6,12H2,(H,13,15)(H,16,17)/t9-/m0/s1",N[C@@H](CCC(=O)Nc1ccc([N+](=O)[O-])cc1)C(=O)O
nitrofurantoin,"InChI=1S/C8H6N4O5/c13-6-4-11(8(14)10-6)9-3-5-1-2-7(17-5)12(15)16/h1-3H,4H2,(H,10,13,14)/b9-3+",O=C1N=C(O)CN1/N=C/c1ccc([N+](=O)[O-])o1
3-nitropropanoate,"InChI=1S/C3H5NO4/c5-3(6)1-2-4(7)8/h1-2H2,(H,5,6)/p-1",O=C([O-])CC[N+](=O)[O-]
tretazicar,"InChI=1S/C9H8N4O5/c10-9(14)5-3-7(11-1-2-11)8(13(17)18)4-6(5)12(15)16/h3-4H,1-2H2,(H2,10,14)",N=C(O)c1cc(N2CC2)c([N+](=O)[O-])cc1[N+](=O)[O-]
4-nitrophenyl phosphate,"InChI=1S/C6H6NO6P/c8-7(9)5-1-3-6(4-2-5)13-14(10,11)12/h1-4H,(H2,10,11,12)/p-2",O=[N+]([O-])c1ccc(OP(=O)([O-])[O-])cc1
2-hydroxy-3-nitropropionate,"InChI=1S/C3H5NO5/c5-2(3(6)7)1-4(8)9/h2,5H,1H2,(H,6,7)/p-1",O=C([O-])C(O)C[N+](=O)[O-]
"2,4,6-trinitrobenzene sulfonate","InChI=1S/C6H3N3O9S/c10-7(11)3-1-4(8(12)13)6(19(16,17)18)5(2-3)9(14)15/h1-2H,(H,16,17,18)/p-1",O=[N+]([O-])c1cc([N+](=O)[O-])c(S(=O)(=O)[O-])c([N+](=O)[O-])c1
"2,4-dinitrophenyl-S-glutathione","InChI=1S/C16H19N5O10S/c17-9(16(26)27)2-4-13(22)19-10(15(25)18-6-14(23)24)7-32-12-3-1-8(20(28)29)5-11(12)21(30)31/h1,3,5,9-10H,2,4,6-7,17H2,(H,18,25)(H,19,22)(H,23,24)(H,26,27)/p-1/t9-,10-/m0/s1",N[C@@H](CCC([O-])=N[C@@H](CSc1ccc([N+](=O)[O-])cc1[N+](=O)[O-])C(O)=NCC(=O)O)C(=O)O
2-nitro-5-thiocyanobenzoate,"InChI=1S/C8H4N2O4S/c9-4-15-5-1-2-7(10(13)14)6(3-5)8(11)12/h1-3H,(H,11,12)/p-1",N#CSc1ccc([N+](=O)[O-])c(C(=O)[O-])c1
4-nitroaniline,"InChI=1S/C6H6N2O2/c7-5-1-3-6(4-2-5)8(9)10/h1-4H,7H2/p+1",[NH3+]c1ccc([N+](=O)[O-])cc1
4-nitrophenol,"InChI=1S/C6H5NO3/c8-6-3-1-5(2-4-6)7(9)10/h1-4,8H/p-1",O=[N+]([O-])c1ccc([O-])cc1
4-chloro-7-nitrobenzofurazan,InChI=1S/C6H2ClN3O3/c7-3-1-2-4(10(11)12)6-5(3)8-13-9-6/h1-2H,O=[N+]([O-])c1ccc(Cl)c2nonc12
"1-chloro-2,4-dinitrobenzene",InChI=1S/C6H3ClN2O4/c7-5-2-1-4(8(10)11)3-6(5)9(12)13/h1-3H,O=[N+]([O-])c1ccc(Cl)c([N+](=O)[O-])c1
2-nitrofuran,InChI=1S/C4H3NO3/c6-5(7)4-2-1-3-8-4/h1-3H,O=[N+]([O-])c1ccco1
2-nitrophenyl-&beta;-galactoside,"InChI=1S/C12H15NO8/c14-5-8-9(15)10(16)11(17)12(21-8)20-7-4-2-1-3-6(7)13(18)19/h1-4,8-12,14-17H,5H2/t8-,9+,10+,11-,12?/m1/s1",O=[N+]([O-])c1ccccc1OC1O[C@H](CO)[C@H](O)[C@H](O)[C@H]1O
nitrobenzodiazepine,"InChI=1S/C9H7N3O2/c13-12(14)9-6-5-7-3-1-2-4-8(7)10-11-9/h1-6,10H",O=[N+]([O-])C1=NNc2ccccc2C=C1
nitrofurazone,"InChI=1S/C6H6N4O4/c7-6(11)9-8-3-4-1-2-5(14-4)10(12)13/h1-3H,(H3,7,9,11)/b8-3+",N=C(O)N/N=C/c1ccc([N+](=O)[O-])o1
nitroglycerin,"InChI=1S/C3H5N3O9/c7-4(8)13-1-3(15-6(11)12)2-14-5(9)10/h3H,1-2H2",O=[N+]([O-])OCC(CO[N+](=O)[O-])O[N+](=O)[O-]
tetranitromethane,"InChI=1S/CN4O8/c6-2(7)1(3(8)9,4(10)11)5(12)13",O=[N+]([O-])C([N+](=O)[O-])([N+](=O)[O-])[N+](=O)[O-]
<i>N</i>-(4-nitrobenzyloxycarbonyl)-L-lysyl-L-proline,"InChI=1S/C19H26N4O7/c20-15(17(24)22-11-3-5-16(22)18(25)26)4-1-2-10-21-19(27)30-12-13-6-8-14(9-7-13)23(28)29/h6-9,15-16H,1-5,10-12,20H2,(H,21,27)(H,25,26)/t15-,16-/m0/s1",N[C@@H](CCCCN=C(O)OCc1ccc([N+](=O)[O-])cc1)C(=O)N1CCC[C@H]1C(=O)O
5'-(p-nitrophenyl)thioadenosine,"InChI=1S/C16H16N6O5S/c17-14-11-15(19-6-18-14)21(7-20-11)16-13(24)12(23)10(27-16)5-28-9-3-1-8(2-4-9)22(25)26/h1-4,6-7,10,12-13,16,23-24H,5H2,(H2,17,18,19)/t10-,12-,13-,16-/m1/s1",Nc1ncnc2c1ncn2[C@@H]1O[C@H](CSc2ccc([N+](=O)[O-])cc2)[C@@H](O)[C@H]1O
isoniazid,"InChI=1S/C6H7N3O/c7-9-6(10)5-1-3-8-4-2-5/h1-4H,7H2,(H,9,10)",NNC(=O)c1ccncc1
"1,2-dioctadecanoyl-phosphatidyl-ethanolamine","InChI=1S/C41H82NO8P/c1-3-5-7-9-11-13-15-17-19-21-23-25-27-29-31-33-40(43)47-37-39(38-49-51(45,46)48-36-35-42)50-41(44)34-32-30-28-26-24-22-20-18-16-14-12-10-8-6-4-2/h39H,3-38,42H2,1-2H3,(H,45,46)/t39-/m1/s1",CCCCCCCCCCCCCCCCCC(=O)OC[C@H](COP(=O)(O)OCCN)OC(=O)CCCCCCCCCCCCCCCCC
"1,2-dipalmitoyl-phosphatidyl-ethanolamine","InChI=1S/C37H74NO8P/c1-3-5-7-9-11-13-15-17-19-21-23-25-27-29-36(39)43-33-35(34-45-47(41,42)44-32-31-38)46-37(40)30-28-26-24-22-20-18-16-14-12-10-8-6-4-2/h35H,3-34,38H2,1-2H3,(H,41,42)/t35-/m1/s1",CCCCCCCCCCCCCCCC(=O)OC[C@H](COP(=O)(O)OCCN)OC(=O)CCCCCCCCCCCCCCC
"1,2-dimyristoyl-phosphatidyl-ethanolamine","InChI=1S/C33H66NO8P/c1-3-5-7-9-11-13-15-17-19-21-23-25-32(35)39-29-31(30-41-43(37,38)40-28-27-34)42-33(36)26-24-22-20-18-16-14-12-10-8-6-4-2/h31H,3-30,34H2,1-2H3,(H,37,38)/t31-/m1/s1",CCCCCCCCCCCCCC(=O)OC[C@H](COP(=O)(O)OCCN)OC(=O)CCCCCCCCCCCCC
"a [prolipoprotein]-<i>S</i>-1,2-diacyl-<i>sn</i>-glyceryl-L-cysteine",,C(=O)([a prolipoprotein])[C@@H](N[a lipoprotein signal peptide])CSC[C@H](OC([R2])=O)COC([R1])=O
UDP-diglyceride,,C(OC([R1])=O)[C@@H](OC([R2])=O)COP(OP(OC[C@@H]2([C@H]([C@H]([C@H](N1(\C=C/C(=O)NC1=O))O2)O)O))(=O)[O-])(=O)[O-]
ADP-diglyceride,,C(OC([R1])=O)[C@@H](OC([R2])=O)COP(OP(OC[C@H]3(O[C@@H](N1(C2(\C(\N=C/1)=C(N)/N=C\N=2)))[C@H](O)[C@H](O)3))(=O)[O-])(=O)[O-]
methyl pyruvate,InChI=1S/C4H6O3/c1-3(5)4(6)7-2/h1-2H3,COC(=O)C(C)=O
octyl &alpha;-D-galactopyranoside,"InChI=1S/C14H28O6/c1-2-3-4-5-6-7-8-19-14-13(18)12(17)11(16)10(9-15)20-14/h10-18H,2-9H2,1H3/t10-,11+,12+,13-,14+/m1/s1",CCCCCCCCO[C@H]1O[C@H](CO)[C@H](O)[C@H](O)[C@H]1O
octyl &alpha;-D-glucopyranoside,"InChI=1S/C14H28O6/c1-2-3-4-5-6-7-8-19-14-13(18)12(17)11(16)10(9-15)20-14/h10-18H,2-9H2,1H3/t10-,11-,12+,13-,14+/m1/s1",CCCCCCCCO[C@H]1O[C@H](CO)[C@@H](O)[C@H](O)[C@H]1O
membrane protein integrase,,C[C@H]3(O[C@H](O[C@H]1([C@H](O)[C@H](NC(C)=O)[C@@H](O[C@H](C(=O)[O-])1)O[C@H]2([C@H](O)[C@@H](NC(C)=O)[C@@H](OP(OP([O-])(=O)OC[C@H](COC([R1])=O)OC(=O)[R2])([O-])=O)O[C@H](CO)2)))[C@H](O)[C@@H](O)[C@@H](NC(C)=O)3)
octyl 2-acetamido-2-deoxy-&alpha;-D-glucopyranoside,"InChI=1S/C16H31NO6/c1-3-4-5-6-7-8-9-22-16-13(17-11(2)19)15(21)14(20)12(10-18)23-16/h12-16,18,20-21H,3-10H2,1-2H3,(H,17,19)/t12-,13-,14-,15-,16+/m1/s1",CCCCCCCCO[C@H]1O[C@H](CO)[C@@H](O)[C@H](O)[C@H]1N=C(C)O
"octyl &beta;-1,6-D-galactofuranosyl-&alpha;-D-glucopyranoside","InChI=1S/C20H38O11/c1-2-3-4-5-6-7-8-28-19-16(26)14(24)13(23)12(30-19)10-29-20-17(27)15(25)18(31-20)11(22)9-21/h11-27H,2-10H2,1H3/t11-,12-,13-,14+,15-,16-,17-,18+,19+,20-/m1/s1",CCCCCCCCO[C@H]1O[C@H](CO[C@@H]2O[C@@H]([C@H](O)CO)[C@H](O)[C@H]2O)[C@@H](O)[C@H](O)[C@H]1O
"<i>N</i>-acetyl-&alpha;-D-glucosaminyl-diphospho-trans,octacis-decaprenol","InChI=1S/C58H97NO12P2/c1-43(2)22-13-23-44(3)24-14-25-45(4)26-15-27-46(5)28-16-29-47(6)30-17-31-48(7)32-18-33-49(8)34-19-35-50(9)36-20-37-51(10)38-21-39-52(11)40-41-68-72(64,65)71-73(66,67)70-58-55(59-53(12)61)57(63)56(62)54(42-60)69-58/h22,24,26,28,30,32,34,36,38,40,54-58,60,62-63H,13-21,23,25,27,29,31,33,35,37,39,41-42H2,1-12H3,(H,59,61)(H,64,65)(H,66,67)/p-2/b44-24+,45-26-,46-28-,47-30-,48-32-,49-34-,50-36-,51-38-,52-40-/t54-,55-,56-,57-,58-/m1/s1",CC(C)=CCC/C(C)=C\CC/C(C)=C/CC/C(C)=C/CC/C(C)=C/CC/C(C)=C/CC/C(C)=C/CC/C(C)=C/CC/C(C)=C/CC/C(C)=C/COP(=O)([O-])OP(=O)(O)O[C@H]1O[C@H](CO)[C@@H](O)[C@H](O)[C@H]1N=C(C)[O-]
octyl &alpha;-D-mannopyranoside,"InChI=1S/C14H28O6/c1-2-3-4-5-6-7-8-19-14-13(18)12(17)11(16)10(9-15)20-14/h10-18H,2-9H2,1H3/t10-,11-,12+,13+,14+/m1/s1",CCCCCCCCO[C@H]1O[C@H](CO)[C@@H](O)[C@H](O)[C@@H]1O
lipid Y (<i>E. coli</i>),"InChI=1S/C50H96NO13P/c1-4-7-10-13-16-19-20-21-22-25-28-31-34-37-45(55)61-42(36-33-30-27-24-18-15-12-9-6-3)39-44(54)51-47-49(48(57)43(40-52)62-50(47)64-65(58,59)60)63-46(56)38-41(53)35-32-29-26-23-17-14-11-8-5-2/h41-43,47-50,52-53,57H,4-40H2,1-3H3,(H,51,54)(H2,58,59,60)/p-2/t41-,42-,43-,47-,48-,49-,50-/m1/s1",CCCCCCCCCCCCCCCC(=O)O[C@H](CCCCCCCCCCC)CC([O-])=N[C@H]1[C@@H](OP(=O)([O-])O)O[C@H](CO)[C@@H](O)[C@@H]1OC(=O)C[C@H](O)CCCCCCCCCCC
"(2E,4Z)-deca-2,4-dienoyl-CoA","InChI=1S/C31H50N7O17P3S/c1-4-5-6-7-8-9-10-11-22(40)59-15-14-33-21(39)12-13-34-29(43)26(42)31(2,3)17-52-58(49,50)55-57(47,48)51-16-20-25(54-56(44,45)46)24(41)30(53-20)38-19-37-23-27(32)35-18-36-28(23)38/h8-11,18-20,24-26,30,41-42H,4-7,12-17H2,1-3H3,(H,33,39)(H,34,43)(H,47,48)(H,49,50)(H2,32,35,36)(H2,44,45,46)/p-4/b9-8-,11-10+/t20-,24-,25-,26+,30-/m1/s1",CCCCC/C=C\C=C\C(=O)SCCN=C([O-])CCN=C([O-])[C@H](O)C(C)(C)COP(=O)(O)OP(=O)(O)OC[C@H]1O[C@@H](n2cnc3c(N)ncnc32)[C@H](O)[C@@H]1OP(=O)([O-])[O-]
"(2<i>E</i>,9<i>Z</i>)-hexadec-2,9-enoyl-CoA","InChI=1S/C37H62N7O17P3S/c1-4-5-6-7-8-9-10-11-12-13-14-15-16-17-28(46)65-21-20-39-27(45)18-19-40-35(49)32(48)37(2,3)23-58-64(55,56)61-63(53,54)57-22-26-31(60-62(50,51)52)30(47)36(59-26)44-25-43-29-33(38)41-24-42-34(29)44/h9-10,16-17,24-26,30-32,36,47-48H,4-8,11-15,18-23H2,1-3H3,(H,39,45)(H,40,49)(H,53,54)(H,55,56)(H2,38,41,42)(H2,50,51,52)/p-4/b10-9-,17-16+/t26-,30-,31-,32+,36-/m1/s1",CCCCCC/C=C\CCCCC/C=C/C(=O)SCCN=C([O-])CCN=C([O-])[C@H](O)C(C)(C)COP(=O)(O)OP(=O)(O)OC[C@H]1O[C@@H](n2cnc3c(N)ncnc32)[C@H](O)[C@@H]1OP(=O)([O-])[O-]
(2<i>E</i>)-octadec-2-enoyl-CoA,"InChI=1S/C39H68N7O17P3S/c1-4-5-6-7-8-9-10-11-12-13-14-15-16-17-18-19-30(48)67-23-22-41-29(47)20-21-42-37(51)34(50)39(2,3)25-60-66(57,58)63-65(55,56)59-24-28-33(62-64(52,53)54)32(49)38(61-28)46-27-45-31-35(40)43-26-44-36(31)46/h18-19,26-28,32-34,38,49-50H,4-17,20-25H2,1-3H3,(H,41,47)(H,42,51)(H,55,56)(H,57,58)(H2,40,43,44)(H2,52,53,54)/p-4/b19-18+/t28-,32-,33-,34+,38-/m1/s1",CCCCCCCCCCCCCCC/C=C/C(=O)SCCN=C([O-])CCN=C([O-])[C@H](O)C(C)(C)COP(=O)(O)OP(=O)(O)OC[C@H]1O[C@@H](n2cnc3c(N)ncnc32)[C@H](O)[C@@H]1OP(=O)([O-])[O-]
"(2<i>E</i>,5<i>Z</i>)-tetradec-2,5-enoyl-CoA","InChI=1S/C35H58N7O17P3S/c1-4-5-6-7-8-9-10-11-12-13-14-15-26(44)63-19-18-37-25(43)16-17-38-33(47)30(46)35(2,3)21-56-62(53,54)59-61(51,52)55-20-24-29(58-60(48,49)50)28(45)34(57-24)42-23-41-27-31(36)39-22-40-32(27)42/h11-12,14-15,22-24,28-30,34,45-46H,4-10,13,16-21H2,1-3H3,(H,37,43)(H,38,47)(H,51,52)(H,53,54)(H2,36,39,40)(H2,48,49,50)/p-4/b12-11-,15-14+/t24-,28-,29-,30+,34-/m1/s1",CCCCCCCC/C=C\C/C=C/C(=O)SCCN=C([O-])CCN=C([O-])[C@H](O)C(C)(C)COP(=O)(O)OP(=O)(O)OC[C@H]1O[C@@H](n2cnc3c(N)ncnc32)[C@H](O)[C@@H]1OP(=O)([O-])[O-]
"(2<i>E</i>,11<i>Z</i>)-octadec-2,11-enoyl-CoA","InChI=1S/C39H66N7O17P3S/c1-4-5-6-7-8-9-10-11-12-13-14-15-16-17-18-19-30(48)67-23-22-41-29(47)20-21-42-37(51)34(50)39(2,3)25-60-66(57,58)63-65(55,56)59-24-28-33(62-64(52,53)54)32(49)38(61-28)46-27-45-31-35(40)43-26-44-36(31)46/h9-10,18-19,26-28,32-34,38,49-50H,4-8,11-17,20-25H2,1-3H3,(H,41,47)(H,42,51)(H,55,56)(H,57,58)(H2,40,43,44)(H2,52,53,54)/p-4/b10-9-,19-18+/t28-,32-,33-,34+,38-/m1/s1",CCCCCC/C=C\CCCCCCC/C=C/C(=O)SCCN=C([O-])CCN=C([O-])[C@H](O)C(C)(C)COP(=O)(O)OP(=O)(O)OC[C@H]1O[C@@H](n2cnc3c(N)ncnc32)[C@H](O)[C@@H]1OP(=O)([O-])[O-]
(2<i>E</i>)-tetradec-2-enoyl-CoA,"InChI=1S/C35H60N7O17P3S/c1-4-5-6-7-8-9-10-11-12-13-14-15-26(44)63-19-18-37-25(43)16-17-38-33(47)30(46)35(2,3)21-56-62(53,54)59-61(51,52)55-20-24-29(58-60(48,49)50)28(45)34(57-24)42-23-41-27-31(36)39-22-40-32(27)42/h14-15,22-24,28-30,34,45-46H,4-13,16-21H2,1-3H3,(H,37,43)(H,38,47)(H,51,52)(H,53,54)(H2,36,39,40)(H2,48,49,50)/p-4/b15-14+/t24-,28-,29-,30+,34-/m1/s1",CCCCCCCCCCC/C=C/C(=O)SCCN=C([O-])CCN=C([O-])[C@H](O)C(C)(C)COP(=O)(O)OP(=O)(O)OC[C@H]1O[C@@H](n2cnc3c(N)ncnc32)[C@H](O)[C@@H]1OP(=O)([O-])[O-]
(2E)-hexadec-2-enoyl-CoA,"InChI=1S/C37H64N7O17P3S/c1-4-5-6-7-8-9-10-11-12-13-14-15-16-17-28(46)65-21-20-39-27(45)18-19-40-35(49)32(48)37(2,3)23-58-64(55,56)61-63(53,54)57-22-26-31(60-62(50,51)52)30(47)36(59-26)44-25-43-29-33(38)41-24-42-34(29)44/h16-17,24-26,30-32,36,47-48H,4-15,18-23H2,1-3H3,(H,39,45)(H,40,49)(H,53,54)(H,55,56)(H2,38,41,42)(H2,50,51,52)/p-4/b17-16+/t26-,30-,31-,32+,36-/m1/s1",CCCCCCCCCCCCC/C=C/C(=O)SCCN=C([O-])CCN=C([O-])[C@H](O)C(C)(C)COP(=O)(O)OP(=O)(O)OC[C@H]1O[C@@H](n2cnc3c(N)ncnc32)[C@H](O)[C@@H]1OP(=O)([O-])[O-]
"(2<i>E</i>,7<i>Z</i>)-hexadec-2,7-dienoyl-CoA","InChI=1S/C37H62N7O17P3S/c1-4-5-6-7-8-9-10-11-12-13-14-15-16-17-28(46)65-21-20-39-27(45)18-19-40-35(49)32(48)37(2,3)23-58-64(55,56)61-63(53,54)57-22-26-31(60-62(50,51)52)30(47)36(59-26)44-25-43-29-33(38)41-24-42-34(29)44/h11-12,16-17,24-26,30-32,36,47-48H,4-10,13-15,18-23H2,1-3H3,(H,39,45)(H,40,49)(H,53,54)(H,55,56)(H2,38,41,42)(H2,50,51,52)/p-4/b12-11-,17-16+/t26-,30-,31-,32+,36-/m1/s1",CCCCCCCC/C=C\CCC/C=C/C(=O)SCCN=C([O-])CCN=C([O-])[C@H](O)C(C)(C)COP(=O)(O)OP(=O)(O)OC[C@H]1O[C@@H](n2cnc3c(N)ncnc32)[C@H](O)[C@@H]1OP(=O)([O-])[O-]
"(2<i>E</i>,7<i>Z</i>)-tetradec-2,7-enoyl-CoA","InChI=1S/C35H58N7O17P3S/c1-4-5-6-7-8-9-10-11-12-13-14-15-26(44)63-19-18-37-25(43)16-17-38-33(47)30(46)35(2,3)21-56-62(53,54)59-61(51,52)55-20-24-29(58-60(48,49)50)28(45)34(57-24)42-23-41-27-31(36)39-22-40-32(27)42/h9-10,14-15,22-24,28-30,34,45-46H,4-8,11-13,16-21H2,1-3H3,(H,37,43)(H,38,47)(H,51,52)(H,53,54)(H2,36,39,40)(H2,48,49,50)/p-4/b10-9-,15-14+/t24-,28-,29-,30+,34-/m1/s1",CCCCCC/C=C\CCC/C=C/C(=O)SCCN=C([O-])CCN=C([O-])[C@H](O)C(C)(C)COP(=O)(O)OP(=O)(O)OC[C@H]1O[C@@H](n2cnc3c(N)ncnc32)[C@H](O)[C@@H]1OP(=O)([O-])[O-]
"(2<i>E</i>,9<i>Z</i>)-octadec-2,9-enoyl-CoA","InChI=1S/C39H66N7O17P3S/c1-4-5-6-7-8-9-10-11-12-13-14-15-16-17-18-19-30(48)67-23-22-41-29(47)20-21-42-37(51)34(50)39(2,3)25-60-66(57,58)63-65(55,56)59-24-28-33(62-64(52,53)54)32(49)38(61-28)46-27-45-31-35(40)43-26-44-36(31)46/h11-12,18-19,26-28,32-34,38,49-50H,4-10,13-17,20-25H2,1-3H3,(H,41,47)(H,42,51)(H,55,56)(H,57,58)(H2,40,43,44)(H2,52,53,54)/p-4/b12-11-,19-18+/t28-,32-,33-,34+,38-/m1/s1",CCCCCCCC/C=C\CCCCC/C=C/C(=O)SCCN=C([O-])CCN=C([O-])[C@H](O)C(C)(C)COP(=O)(O)OP(=O)(O)OC[C@H]1O[C@@H](n2cnc3c(N)ncnc32)[C@H](O)[C@@H]1OP(=O)([O-])[O-]
(R)-methylmalonyl-CoA,"InChI=1S/C25H40N7O19P3S/c1-12(23(37)38)24(39)55-7-6-27-14(33)4-5-28-21(36)18(35)25(2,3)9-48-54(45,46)51-53(43,44)47-8-13-17(50-52(40,41)42)16(34)22(49-13)32-11-31-15-19(26)29-10-30-20(15)32/h10-13,16-18,22,34-35H,4-9H2,1-3H3,(H,27,33)(H,28,36)(H,37,38)(H,43,44)(H,45,46)(H2,26,29,30)(H2,40,41,42)/p-5/t12-,13-,16-,17-,18+,22-/m1/s1",C[C@H](C(=O)[O-])C(=O)SCCN=C([O-])CCN=C([O-])[C@H](O)C(C)(C)COP(=O)(O)OP(=O)(O)OC[C@H]1O[C@@H](n2cnc3c(N)ncnc32)[C@H](O)[C@@H]1OP(=O)([O-])[O-]
(S)-methylmalonyl-CoA,"InChI=1S/C25H40N7O19P3S/c1-12(23(37)38)24(39)55-7-6-27-14(33)4-5-28-21(36)18(35)25(2,3)9-48-54(45,46)51-53(43,44)47-8-13-17(50-52(40,41)42)16(34)22(49-13)32-11-31-15-19(26)29-10-30-20(15)32/h10-13,16-18,22,34-35H,4-9H2,1-3H3,(H,27,33)(H,28,36)(H,37,38)(H,43,44)(H,45,46)(H2,26,29,30)(H2,40,41,42)/p-5/t12-,13+,16+,17+,18-,22+/m0/s1",C[C@@H](C(=O)[O-])C(=O)SCCN=C([O-])CCN=C([O-])[C@H](O)C(C)(C)COP(=O)(O)OP(=O)(O)OC[C@H]1O[C@@H](n2cnc3c(N)ncnc32)[C@H](O)[C@@H]1OP(=O)([O-])[O-]
butanoyl-CoA,"InChI=1S/C25H42N7O17P3S/c1-4-5-16(34)53-9-8-27-15(33)6-7-28-23(37)20(36)25(2,3)11-46-52(43,44)49-51(41,42)45-10-14-19(48-50(38,39)40)18(35)24(47-14)32-13-31-17-21(26)29-12-30-22(17)32/h12-14,18-20,24,35-36H,4-11H2,1-3H3,(H,27,33)(H,28,37)(H,41,42)(H,43,44)(H2,26,29,30)(H2,38,39,40)/p-4/t14-,18-,19-,20+,24-/m1/s1",CCCC(=O)SCCN=C([O-])CCN=C([O-])[C@H](O)C(C)(C)COP(=O)(O)OP(=O)(O)OC[C@H]1O[C@@H](n2cnc3c(N)ncnc32)[C@H](O)[C@@H]1OP(=O)([O-])[O-]
propanoyl-CoA,"InChI=1S/C24H40N7O17P3S/c1-4-15(33)52-8-7-26-14(32)5-6-27-22(36)19(35)24(2,3)10-45-51(42,43)48-50(40,41)44-9-13-18(47-49(37,38)39)17(34)23(46-13)31-12-30-16-20(25)28-11-29-21(16)31/h11-13,17-19,23,34-35H,4-10H2,1-3H3,(H,26,32)(H,27,36)(H,40,41)(H,42,43)(H2,25,28,29)(H2,37,38,39)/p-4/t13-,17-,18-,19+,23-/m1/s1",CCC(=O)SCCN=C([O-])CCN=C([O-])[C@H](O)C(C)(C)COP(=O)(O)OP(=O)(O)OC[C@H]1O[C@@H](n2cnc3c(N)ncnc32)[C@H](O)[C@@H]1OP(=O)([O-])[O-]
crotonyl-CoA,"InChI=1S/C25H40N7O17P3S/c1-4-5-16(34)53-9-8-27-15(33)6-7-28-23(37)20(36)25(2,3)11-46-52(43,44)49-51(41,42)45-10-14-19(48-50(38,39)40)18(35)24(47-14)32-13-31-17-21(26)29-12-30-22(17)32/h4-5,12-14,18-20,24,35-36H,6-11H2,1-3H3,(H,27,33)(H,28,37)(H,41,42)(H,43,44)(H2,26,29,30)(H2,38,39,40)/p-4/b5-4+/t14-,18-,19-,20+,24-/m1/s1",C/C=C/C(=O)SCCN=C([O-])CCN=C([O-])[C@H](O)C(C)(C)COP(=O)(O)OP(=O)(O)OC[C@H]1O[C@@H](n2cnc3c(N)ncnc32)[C@H](O)[C@@H]1OP(=O)([O-])[O-]
octanoyl-CoA,"InChI=1S/C29H50N7O17P3S/c1-4-5-6-7-8-9-20(38)57-13-12-31-19(37)10-11-32-27(41)24(40)29(2,3)15-50-56(47,48)53-55(45,46)49-14-18-23(52-54(42,43)44)22(39)28(51-18)36-17-35-21-25(30)33-16-34-26(21)36/h16-18,22-24,28,39-40H,4-15H2,1-3H3,(H,31,37)(H,32,41)(H,45,46)(H,47,48)(H2,30,33,34)(H2,42,43,44)/p-4/t18-,22-,23-,24+,28-/m1/s1",CCCCCCCC(=O)SCCN=C([O-])CCN=C([O-])[C@H](O)C(C)(C)COP(=O)(O)OP(=O)(O)OC[C@H]1O[C@@H](n2cnc3c(N)ncnc32)[C@H](O)[C@@H]1OP(=O)([O-])[O-]
isopropyl &beta;-D-thiogalactopyranoside,"InChI=1S/C9H18O5S/c1-4(2)15-9-8(13)7(12)6(11)5(3-10)14-9/h4-13H,3H2,1-2H3/t5-,6+,7+,8-,9+/m1/s1",CC(C)S[C@@H]1O[C@H](CO)[C@H](O)[C@H](O)[C@H]1O
hexanoyl-CoA,"InChI=1S/C27H46N7O17P3S/c1-4-5-6-7-18(36)55-11-10-29-17(35)8-9-30-25(39)22(38)27(2,3)13-48-54(45,46)51-53(43,44)47-12-16-21(50-52(40,41)42)20(37)26(49-16)34-15-33-19-23(28)31-14-32-24(19)34/h14-16,20-22,26,37-38H,4-13H2,1-3H3,(H,29,35)(H,30,39)(H,43,44)(H,45,46)(H2,28,31,32)(H2,40,41,42)/p-4/t16-,20-,21-,22+,26-/m1/s1",CCCCCC(=O)SCCN=C([O-])CCN=C([O-])[C@H](O)C(C)(C)COP(=O)(O)OP(=O)(O)OC[C@H]1O[C@@H](n2cnc3c(N)ncnc32)[C@H](O)[C@@H]1OP(=O)([O-])[O-]
digitonin,"InChI=1S/C56H92O29/c1-19-7-10-56(75-17-19)20(2)31-45(85-56)37(67)32-22-6-5-21-11-26(24(61)12-55(21,4)23(22)8-9-54(31,32)3)76-50-42(72)39(69)44(30(16-60)80-50)81-53-48(47(36(66)29(15-59)79-53)83-49-40(70)33(63)25(62)18-74-49)84-52-43(73)46(35(65)28(14-58)78-52)82-51-41(71)38(68)34(64)27(13-57)77-51/h19-53,57-73H,5-18H2,1-4H3/t19-,20+,21+,22-,23+,24-,25-,26-,27-,28-,29-,30-,31+,32-,33+,34-,35-,36-,37+,38+,39-,40-,41-,42-,43-,44+,45-,46+,47+,48-,49+,50-,51+,52+,53+,54-,55+,56-/m1/s1",C[C@@H]1CC[C@@]2(OC1)O[C@H]1[C@@H](O)[C@H]3[C@@H]4CC[C@H]5C[C@@H](O[C@@H]6O[C@H](CO)[C@H](O[C@@H]7O[C@H](CO)[C@@H](O)[C@H](O[C@@H]8OC[C@@H](O)[C@H](O)[C@H]8O)[C@H]7O[C@@H]7O[C@H](CO)[C@@H](O)[C@H](O[C@@H]8O[C@H](CO)[C@@H](O)[C@H](O)[C@H]8O)[C@H]7O)[C@H](O)[C@H]6O)[C@H](O)C[C@]5(C)[C@H]4CC[C@]3(C)[C@H]1[C@@H]2C
decanoyl-CoA,"InChI=1S/C31H54N7O17P3S/c1-4-5-6-7-8-9-10-11-22(40)59-15-14-33-21(39)12-13-34-29(43)26(42)31(2,3)17-52-58(49,50)55-57(47,48)51-16-20-25(54-56(44,45)46)24(41)30(53-20)38-19-37-23-27(32)35-18-36-28(23)38/h18-20,24-26,30,41-42H,4-17H2,1-3H3,(H,33,39)(H,34,43)(H,47,48)(H,49,50)(H2,32,35,36)(H2,44,45,46)/p-4/t20-,24-,25-,26+,30-/m1/s1",CCCCCCCCCC(=O)SCCN=C([O-])CCN=C([O-])[C@H](O)C(C)(C)COP(=O)(O)OP(=O)(O)OC[C@H]1O[C@@H](n2cnc3c(N)ncnc32)[C@H](O)[C@@H]1OP(=O)([O-])[O-]
enterobacterial common antigen-phosphatidylglycerol,,C[C@H]9(O[C@H](O[C@H]1([C@H](O)[C@H](NC(C)=O)[C@@H](O[C@H](C(=O)[O-])1)O[C@H]8([C@H](O)[C@@H](NC(C)=O)[C@@H](O[C@@H]2([C@@H](O)[C@H](O[C@H](C)[C@H](NC(C)=O)2)O[C@H]3([C@H](O)[C@H](NC(C)=O)[C@@H](O[C@H](C(=O)[O-])3)O[C@H]7([C@H](O)[C@@H](NC(C)=O)[C@@H](O[C@@H]4([C@@H](O)[C@H](O[C@H](C)[C@H](NC(C)=O)4)O[C@H]5([C@H](O)[C@H](NC(C)=O)[C@@H](O[C@H](C(=O)[O-])5)O[C@H]6([C@H](O)[C@@H](NC(C)=O)[C@@H](OP([O-])(=O)OC[C@@H](OC(=O)[R2])COC(=O)[R1])O[C@H](CO)6))))O[C@H](CO)7))))O[C@H](CO)8)))[C@H](O)[C@@H](O[R])[C@@H](NC(C)=O)9)
lauroyl-CoA,"InChI=1S/C33H58N7O17P3S/c1-4-5-6-7-8-9-10-11-12-13-24(42)61-17-16-35-23(41)14-15-36-31(45)28(44)33(2,3)19-54-60(51,52)57-59(49,50)53-18-22-27(56-58(46,47)48)26(43)32(55-22)40-21-39-25-29(34)37-20-38-30(25)40/h20-22,26-28,32,43-44H,4-19H2,1-3H3,(H,35,41)(H,36,45)(H,49,50)(H,51,52)(H2,34,37,38)(H2,46,47,48)/p-4/t22-,26-,27-,28+,32-/m1/s1",CCCCCCCCCCCC(=O)SCCN=C([O-])CCN=C([O-])[C@H](O)C(C)(C)COP(=O)(O)OP(=O)(O)OC[C@H]1O[C@@H](n2cnc3c(N)ncnc32)[C@H](O)[C@@H]1OP(=O)([O-])[O-]
(5Z)-dodecenoyl-CoA,"InChI=1S/C33H56N7O17P3S/c1-4-5-6-7-8-9-10-11-12-13-24(42)61-17-16-35-23(41)14-15-36-31(45)28(44)33(2,3)19-54-60(51,52)57-59(49,50)53-18-22-27(56-58(46,47)48)26(43)32(55-22)40-21-39-25-29(34)37-20-38-30(25)40/h9-10,20-22,26-28,32,43-44H,4-8,11-19H2,1-3H3,(H,35,41)(H,36,45)(H,49,50)(H,51,52)(H2,34,37,38)(H2,46,47,48)/p-4/b10-9-/t22-,26-,27-,28+,32-/m1/s1",CCCCCC/C=C\CCCC(=O)SCCN=C([O-])CCN=C([O-])[C@H](O)C(C)(C)COP(=O)(O)OP(=O)(O)OC[C@H]1O[C@@H](n2cnc3c(N)ncnc32)[C@H](O)[C@@H]1OP(=O)([O-])[O-]
furfural,InChI=1S/C5H4O2/c6-4-5-2-1-3-7-5/h1-4H,O=Cc1ccco1
chlorogenate,"InChI=1S/C16H18O9/c17-9-3-1-8(5-10(9)18)2-4-13(20)25-12-7-16(24,15(22)23)6-11(19)14(12)21/h1-5,11-12,14,17-19,21,24H,6-7H2,(H,22,23)/p-1/b4-2+/t11-,12-,14-,16+/m1/s1",O=C(/C=C/c1ccc([O-])c(O)c1)O[C@@H]1C[C@](O)(C(=O)O)C[C@@H](O)[C@H]1O
carbamate,"InChI=1S/CH3NO2/c2-1(3)4/h2H2,(H,3,4)/p-1",NC(=O)[O-]
(3Z)-oct-3-enoyl-CoA,"InChI=1S/C29H48N7O17P3S/c1-4-5-6-7-8-9-20(38)57-13-12-31-19(37)10-11-32-27(41)24(40)29(2,3)15-50-56(47,48)53-55(45,46)49-14-18-23(52-54(42,43)44)22(39)28(51-18)36-17-35-21-25(30)33-16-34-26(21)36/h7-8,16-18,22-24,28,39-40H,4-6,9-15H2,1-3H3,(H,31,37)(H,32,41)(H,45,46)(H,47,48)(H2,30,33,34)(H2,42,43,44)/p-4/b8-7-/t18-,22-,23-,24+,28-/m1/s1",CCCC/C=C\CC(=O)SCCN=C([O-])CCN=C([O-])[C@H](O)C(C)(C)COP(=O)(O)OP(=O)(O)OC[C@H]1O[C@@H](n2cnc3c(N)ncnc32)[C@H](O)[C@@H]1OP(=O)([O-])[O-]
(3<i>Z</i>)-tetradec-3-enoyl-CoA,"InChI=1S/C35H60N7O17P3S/c1-4-5-6-7-8-9-10-11-12-13-14-15-26(44)63-19-18-37-25(43)16-17-38-33(47)30(46)35(2,3)21-56-62(53,54)59-61(51,52)55-20-24-29(58-60(48,49)50)28(45)34(57-24)42-23-41-27-31(36)39-22-40-32(27)42/h13-14,22-24,28-30,34,45-46H,4-12,15-21H2,1-3H3,(H,37,43)(H,38,47)(H,51,52)(H,53,54)(H2,36,39,40)(H2,48,49,50)/p-4/b14-13-/t24-,28-,29-,30+,34-/m1/s1",CCCCCCCCCC/C=C\CC(=O)SCCN=C([O-])CCN=C([O-])[C@H](O)C(C)(C)COP(=O)(O)OP(=O)(O)OC[C@H]1O[C@@H](n2cnc3c(N)ncnc32)[C@H](O)[C@@H]1OP(=O)([O-])[O-]
1-deoxy-D-xylulose,"InChI=1S/C5H10O4/c1-3(7)5(9)4(8)2-6/h4-6,8-9H,2H2,1H3/t4-,5-/m1/s1",CC(=O)[C@@H](O)[C@H](O)CO
"6-methoxy-3-methyl-2-<i>all-trans</i>-octaprenyl-1,4-benzoquinol","InChI=1S/C48H74O3/c1-36(2)19-12-20-37(3)21-13-22-38(4)23-14-24-39(5)25-15-26-40(6)27-16-28-41(7)29-17-30-42(8)31-18-32-43(9)33-34-45-44(10)46(49)35-47(51-11)48(45)50/h19,21,23,25,27,29,31,33,35,49-50H,12-18,20,22,24,26,28,30,32,34H2,1-11H3/b37-21+,38-23+,39-25+,40-27+,41-29+,42-31+,43-33+",COc1cc(O)c(C)c(C/C=C(/C)CC/C=C(/C)CC/C=C(/C)CC/C=C(/C)CC/C=C(/C)CC/C=C(/C)CC/C=C(/C)CCC=C(C)C)c1O
"&alpha;-(2,6-anhydro-3-deoxy-D-arabino-heptulopyranosid)onate 7-phosphonate","InChI=1S/C7H15O8P/c8-3-1-4(7(10)11)15-5(6(3)9)2-16(12,13)14/h3-11H,1-2H2,(H2,12,13,14)/p-1/t3-,4+,5-,6+/m1/s1",O=P([O-])(O)C[C@H]1O[C@H](C(O)O)C[C@@H](O)[C@@H]1O
myristoyl-CoA,"InChI=1S/C35H62N7O17P3S/c1-4-5-6-7-8-9-10-11-12-13-14-15-26(44)63-19-18-37-25(43)16-17-38-33(47)30(46)35(2,3)21-56-62(53,54)59-61(51,52)55-20-24-29(58-60(48,49)50)28(45)34(57-24)42-23-41-27-31(36)39-22-40-32(27)42/h22-24,28-30,34,45-46H,4-21H2,1-3H3,(H,37,43)(H,38,47)(H,51,52)(H,53,54)(H2,36,39,40)(H2,48,49,50)/p-4/t24-,28-,29-,30+,34-/m1/s1",CCCCCCCCCCCCCC(=O)SCCN=C([O-])CCN=C([O-])[C@H](O)C(C)(C)COP(=O)(O)OP(=O)(O)OC[C@H]1O[C@@H](n2cnc3c(N)ncnc32)[C@H](O)[C@@H]1OP(=O)([O-])[O-]
isopropyl &beta;-D-galactopyranoside,"InChI=1S/C9H18O6/c1-4(2)14-9-8(13)7(12)6(11)5(3-10)15-9/h4-13H,3H2,1-2H3/t5-,6+,7+,8-,9-/m1/s1",CC(C)O[C@@H]1O[C@H](CO)[C@H](O)[C@H](O)[C@H]1O
oleoyl-CoA,"InChI=1S/C39H68N7O17P3S/c1-4-5-6-7-8-9-10-11-12-13-14-15-16-17-18-19-30(48)67-23-22-41-29(47)20-21-42-37(51)34(50)39(2,3)25-60-66(57,58)63-65(55,56)59-24-28-33(62-64(52,53)54)32(49)38(61-28)46-27-45-31-35(40)43-26-44-36(31)46/h11-12,26-28,32-34,38,49-50H,4-10,13-25H2,1-3H3,(H,41,47)(H,42,51)(H,55,56)(H,57,58)(H2,40,43,44)(H2,52,53,54)/p-4/b12-11-/t28-,32-,33-,34+,38-/m1/s1",CCCCCCCC/C=C\CCCCCCCC(=O)SCCN=C([O-])CCN=C([O-])[C@H](O)C(C)(C)COP(=O)(O)OP(=O)(O)OC[C@H]1O[C@@H](n2cnc3c(N)ncnc32)[C@H](O)[C@@H]1OP(=O)([O-])[O-]
<i>N</i>-acetyl -D- glucosaminitol,"InChI=1S/C8H17NO6/c1-4(12)9-5(2-10)7(14)8(15)6(13)3-11/h5-8,10-11,13-15H,2-3H2,1H3,(H,9,12)/t5-,6+,7+,8+/m0/s1",CC(O)=N[C@@H](CO)[C@@H](O)[C@H](O)[C@H](O)CO
palmitoyl-CoA,"InChI=1S/C37H66N7O17P3S/c1-4-5-6-7-8-9-10-11-12-13-14-15-16-17-28(46)65-21-20-39-27(45)18-19-40-35(49)32(48)37(2,3)23-58-64(55,56)61-63(53,54)57-22-26-31(60-62(50,51)52)30(47)36(59-26)44-25-43-29-33(38)41-24-42-34(29)44/h24-26,30-32,36,47-48H,4-23H2,1-3H3,(H,39,45)(H,40,49)(H,53,54)(H,55,56)(H2,38,41,42)(H2,50,51,52)/p-4/t26-,30-,31-,32+,36-/m1/s1",CCCCCCCCCCCCCCCC(=O)SCCN=C([O-])CCN=C([O-])[C@H](O)C(C)(C)COP(=O)(O)OP(=O)(O)OC[C@H]1O[C@@H](n2cnc3c(N)ncnc32)[C@H](O)[C@@H]1OP(=O)([O-])[O-]
6-<i>O</i>-acetyl-&alpha;-D-glucopyranosyl-(1&rarr;4)-D-glucose,"InChI=1S/C14H24O12/c1-4(16)23-3-6-7(17)8(18)11(21)14(25-6)26-12-5(2-15)24-13(22)10(20)9(12)19/h5-15,17-22H,2-3H2,1H3/t5-,6-,7-,8+,9-,10-,11-,12-,13?,14-/m1/s1",CC(=O)OC[C@H]1O[C@H](O[C@H]2[C@H](O)[C@@H](O)C(O)O[C@@H]2CO)[C@H](O)[C@@H](O)[C@@H]1O
(7Z)-tetradecenoyl-CoA,"InChI=1S/C35H60N7O17P3S/c1-4-5-6-7-8-9-10-11-12-13-14-15-26(44)63-19-18-37-25(43)16-17-38-33(47)30(46)35(2,3)21-56-62(53,54)59-61(51,52)55-20-24-29(58-60(48,49)50)28(45)34(57-24)42-23-41-27-31(36)39-22-40-32(27)42/h9-10,22-24,28-30,34,45-46H,4-8,11-21H2,1-3H3,(H,37,43)(H,38,47)(H,51,52)(H,53,54)(H2,36,39,40)(H2,48,49,50)/p-4/b10-9-/t24-,28-,29-,30+,34-/m1/s1",CCCCCC/C=C\CCCCCC(=O)SCCN=C([O-])CCN=C([O-])[C@H](O)C(C)(C)COP(=O)(O)OP(=O)(O)OC[C@H]1O[C@@H](n2cnc3c(N)ncnc32)[C@H](O)[C@@H]1OP(=O)([O-])[O-]
"&beta;-(2,6-anhydro-3-deoxy-D-arabino-heptulopyranosid)onate 7-phosphate","InChI=1S/C7H13O9P/c8-3-1-4(7(10)11)16-5(6(3)9)2-15-17(12,13)14/h3-6,8-9H,1-2H2,(H,10,11)(H2,12,13,14)/p-3/t3-,4-,5-,6+/m1/s1",O=C([O-])[C@H]1C[C@@H](O)[C@H](O)[C@@H](COP(=O)([O-])[O-])O1
(5Z)-tetradecenoyl-CoA,"InChI=1S/C35H60N7O17P3S/c1-4-5-6-7-8-9-10-11-12-13-14-15-26(44)63-19-18-37-25(43)16-17-38-33(47)30(46)35(2,3)21-56-62(53,54)59-61(51,52)55-20-24-29(58-60(48,49)50)28(45)34(57-24)42-23-41-27-31(36)39-22-40-32(27)42/h11-12,22-24,28-30,34,45-46H,4-10,13-21H2,1-3H3,(H,37,43)(H,38,47)(H,51,52)(H,53,54)(H2,36,39,40)(H2,48,49,50)/p-4/b12-11-/t24-,28-,29-,30+,34-/m1/s1",CCCCCCCC/C=C\CCCC(=O)SCCN=C([O-])CCN=C([O-])[C@H](O)C(C)(C)COP(=O)(O)OP(=O)(O)OC[C@H]1O[C@@H](n2cnc3c(N)ncnc32)[C@H](O)[C@@H]1OP(=O)([O-])[O-]
5-fluoro-xylulose,"InChI=1S/C5H9FO4/c6-1-3(8)5(10)4(9)2-7/h3,5,7-8,10H,1-2H2/t3-,5+/m1/s1",O=C(CO)[C@@H](O)[C@H](O)CF
stearoyl-CoA,"InChI=1S/C39H70N7O17P3S/c1-4-5-6-7-8-9-10-11-12-13-14-15-16-17-18-19-30(48)67-23-22-41-29(47)20-21-42-37(51)34(50)39(2,3)25-60-66(57,58)63-65(55,56)59-24-28-33(62-64(52,53)54)32(49)38(61-28)46-27-45-31-35(40)43-26-44-36(31)46/h26-28,32-34,38,49-50H,4-25H2,1-3H3,(H,41,47)(H,42,51)(H,55,56)(H,57,58)(H2,40,43,44)(H2,52,53,54)/p-4/t28-,32-,33-,34+,38-/m1/s1",CCCCCCCCCCCCCCCCCC(=O)SCCN=C([O-])CCN=C([O-])[C@H](O)C(C)(C)COP(=O)(O)OP(=O)(O)OC[C@H]1O[C@@H](n2cnc3c(N)ncnc32)[C@H](O)[C@@H]1OP(=O)([O-])[O-]
1-thio-&beta;-D-glucose,"InChI=1S/C6H12O5S/c7-1-2-3(8)4(9)5(10)6(12)11-2/h2-10,12H,1H2/t2-,3-,4+,5-,6+/m1/s1",OC[C@H]1O[C@@H](S)[C@H](O)[C@@H](O)[C@@H]1O
arachidoyl-CoA,"InChI=1S/C41H74N7O17P3S/c1-4-5-6-7-8-9-10-11-12-13-14-15-16-17-18-19-20-21-32(50)69-25-24-43-31(49)22-23-44-39(53)36(52)41(2,3)27-62-68(59,60)65-67(57,58)61-26-30-35(64-66(54,55)56)34(51)40(63-30)48-29-47-33-37(42)45-28-46-38(33)48/h28-30,34-36,40,51-52H,4-27H2,1-3H3,(H,43,49)(H,44,53)(H,57,58)(H,59,60)(H2,42,45,46)(H2,54,55,56)/p-4/t30-,34-,35-,36+,40-/m1/s1",CCCCCCCCCCCCCCCCCCCC(=O)SCCN=C([O-])CCN=C([O-])[C@H](O)C(C)(C)COP(=O)(O)OP(=O)(O)OC[C@H]1O[C@@H](n2cnc3c(N)ncnc32)[C@H](O)[C@@H]1OP(=O)([O-])[O-]
methyl &alpha;-D-mannopyranoside,"InChI=1S/C7H14O6/c1-12-7-6(11)5(10)4(9)3(2-8)13-7/h3-11H,2H2,1H3/t3-,4-,5+,6+,7+/m1/s1",CO[C@H]1O[C@H](CO)[C@@H](O)[C@H](O)[C@@H]1O
<i>cis</i>-vaccenoyl-CoA,"InChI=1S/C39H68N7O17P3S/c1-4-5-6-7-8-9-10-11-12-13-14-15-16-17-18-19-30(48)67-23-22-41-29(47)20-21-42-37(51)34(50)39(2,3)25-60-66(57,58)63-65(55,56)59-24-28-33(62-64(52,53)54)32(49)38(61-28)46-27-45-31-35(40)43-26-44-36(31)46/h9-10,26-28,32-34,38,49-50H,4-8,11-25H2,1-3H3,(H,41,47)(H,42,51)(H,55,56)(H,57,58)(H2,40,43,44)(H2,52,53,54)/p-4/b10-9-/t28-,32-,33-,34+,38-/m1/s1",CCCCCC/C=C\CCCCCCCCCC(=O)SCCN=C([O-])CCN=C([O-])[C@H](O)C(C)(C)COP(=O)(O)OP(=O)(O)OC[C@H]1O[C@@H](n2cnc3c(N)ncnc32)[C@H](O)[C@@H]1OP(=O)([O-])[O-]
1-<i>O</i>-acetyl-&alpha;-maltose,"InChI=1S/C14H24O12/c1-4(17)23-13-11(22)9(20)12(6(3-16)25-13)26-14-10(21)8(19)7(18)5(2-15)24-14/h5-16,18-22H,2-3H2,1H3/t5-,6-,7-,8+,9-,10-,11-,12-,13+,14-/m1/s1",CC(=O)O[C@H]1O[C@H](CO)[C@@H](O[C@H]2O[C@H](CO)[C@@H](O)[C@H](O)[C@H]2O)[C@H](O)[C@H]1O
(7Z)-hexadecenoyl-CoA,"InChI=1S/C37H64N7O17P3S/c1-4-5-6-7-8-9-10-11-12-13-14-15-16-17-28(46)65-21-20-39-27(45)18-19-40-35(49)32(48)37(2,3)23-58-64(55,56)61-63(53,54)57-22-26-31(60-62(50,51)52)30(47)36(59-26)44-25-43-29-33(38)41-24-42-34(29)44/h11-12,24-26,30-32,36,47-48H,4-10,13-23H2,1-3H3,(H,39,45)(H,40,49)(H,53,54)(H,55,56)(H2,38,41,42)(H2,50,51,52)/p-4/b12-11-/t26-,30-,31-,32+,36-/m1/s1",CCCCCCCC/C=C\CCCCCC(=O)SCCN=C([O-])CCN=C([O-])[C@H](O)C(C)(C)COP(=O)(O)OP(=O)(O)OC[C@H]1O[C@@H](n2cnc3c(N)ncnc32)[C@H](O)[C@@H]1OP(=O)([O-])[O-]
"&alpha;-(2,6-anhydro-3-deoxy-D-arabino-heptulopyranosid)onate 7-phosphate","InChI=1S/C7H13O9P/c8-3-1-4(7(10)11)16-5(6(3)9)2-15-17(12,13)14/h3-6,8-9H,1-2H2,(H,10,11)(H2,12,13,14)/p-3/t3-,4+,5-,6+/m1/s1",O=C([O-])[C@@H]1C[C@@H](O)[C@H](O)[C@@H](COP(=O)([O-])[O-])O1
palmitoleoyl-CoA,"InChI=1S/C37H64N7O17P3S/c1-4-5-6-7-8-9-10-11-12-13-14-15-16-17-28(46)65-21-20-39-27(45)18-19-40-35(49)32(48)37(2,3)23-58-64(55,56)61-63(53,54)57-22-26-31(60-62(50,51)52)30(47)36(59-26)44-25-43-29-33(38)41-24-42-34(29)44/h9-10,24-26,30-32,36,47-48H,4-8,11-23H2,1-3H3,(H,39,45)(H,40,49)(H,53,54)(H,55,56)(H2,38,41,42)(H2,50,51,52)/p-4/b10-9-/t26-,30-,31-,32+,36-/m1/s1",CCCCCC/C=C\CCCCCCCC(=O)SCCN=C([O-])CCN=C([O-])[C@H](O)C(C)(C)COP(=O)(O)OP(=O)(O)OC[C@H]1O[C@@H](n2cnc3c(N)ncnc32)[C@H](O)[C@@H]1OP(=O)([O-])[O-]
6-acetyl-D-glucose,"InChI=1S/C8H14O7/c1-3(9)14-2-4-5(10)6(11)7(12)8(13)15-4/h4-8,10-13H,2H2,1H3/t4-,5-,6+,7-,8?/m1/s1",CC(=O)OC[C@H]1OC(O)[C@H](O)[C@@H](O)[C@@H]1O
(<i>R</i>)-3-hydroxyoctanoyl-CoA,"InChI=1S/C29H50N7O18P3S/c1-4-5-6-7-17(37)12-20(39)58-11-10-31-19(38)8-9-32-27(42)24(41)29(2,3)14-51-57(48,49)54-56(46,47)50-13-18-23(53-55(43,44)45)22(40)28(52-18)36-16-35-21-25(30)33-15-34-26(21)36/h15-18,22-24,28,37,40-41H,4-14H2,1-3H3,(H,31,38)(H,32,42)(H,46,47)(H,48,49)(H2,30,33,34)(H2,43,44,45)/p-4/t17-,18-,22-,23-,24+,28-/m1/s1",CCCCC[C@@H](O)CC(=O)SCCN=C([O-])CCN=C([O-])[C@H](O)C(C)(C)COP(=O)(O)OP(=O)(O)OC[C@H]1O[C@@H](n2cnc3c(N)ncnc32)[C@H](O)[C@@H]1OP(=O)([O-])[O-]
1-O-methyl-&beta;-D-xylopyranose,"InChI=1S/C6H12O5/c1-10-6-5(9)4(8)3(7)2-11-6/h3-9H,2H2,1H3/t3-,4+,5-,6-/m1/s1",CO[C@@H]1OC[C@@H](O)[C@H](O)[C@H]1O
glyphosate,"InChI=1S/C3H8NO5P/c5-3(6)1-4-2-10(7,8)9/h4H,1-2H2,(H,5,6)(H2,7,8,9)/p-1",O=C([O-])CNCP(=O)(O)O
"1,1,1-trichloro-2,2-bis(4-chlorophenyl)ethane","InChI=1S/C14H9Cl5/c15-11-5-1-9(2-6-11)13(14(17,18)19)10-3-7-12(16)8-4-10/h1-8,13H",Clc1ccc(C(c2ccc(Cl)cc2)C(Cl)(Cl)Cl)cc1
(S)-3-hydroxy-(5Z)-dodecenoyl-CoA,"InChI=1S/C33H56N7O18P3S/c1-4-5-6-7-8-9-10-11-21(41)16-24(43)62-15-14-35-23(42)12-13-36-31(46)28(45)33(2,3)18-55-61(52,53)58-60(50,51)54-17-22-27(57-59(47,48)49)26(44)32(56-22)40-20-39-25-29(34)37-19-38-30(25)40/h9-10,19-22,26-28,32,41,44-45H,4-8,11-18H2,1-3H3,(H,35,42)(H,36,46)(H,50,51)(H,52,53)(H2,34,37,38)(H2,47,48,49)/p-4/b10-9-/t21-,22+,26+,27+,28-,32+/m0/s1",CCCCCC/C=C\C[C@H](O)CC(=O)SCCN=C([O-])CCN=C([O-])[C@H](O)C(C)(C)COP(=O)(O)OP(=O)(O)OC[C@H]1O[C@@H](n2cnc3c(N)ncnc32)[C@H](O)[C@@H]1OP(=O)([O-])[O-]
(<i>S</i>)-3-hydroxyhexanoyl-CoA,"InChI=1S/C27H46N7O18P3S/c1-4-5-15(35)10-18(37)56-9-8-29-17(36)6-7-30-25(40)22(39)27(2,3)12-49-55(46,47)52-54(44,45)48-11-16-21(51-53(41,42)43)20(38)26(50-16)34-14-33-19-23(28)31-13-32-24(19)34/h13-16,20-22,26,35,38-39H,4-12H2,1-3H3,(H,29,36)(H,30,40)(H,44,45)(H,46,47)(H2,28,31,32)(H2,41,42,43)/p-4/t15-,16+,20+,21+,22-,26+/m0/s1",CCC[C@H](O)CC(=O)SCCN=C([O-])CCN=C([O-])[C@H](O)C(C)(C)COP(=O)(O)OP(=O)(O)OC[C@H]1O[C@@H](n2cnc3c(N)ncnc32)[C@H](O)[C@@H]1OP(=O)([O-])[O-]
(3<i>S</i>)-3-hydroxyoctanoyl-CoA,"InChI=1S/C29H50N7O18P3S/c1-4-5-6-7-17(37)12-20(39)58-11-10-31-19(38)8-9-32-27(42)24(41)29(2,3)14-51-57(48,49)54-56(46,47)50-13-18-23(53-55(43,44)45)22(40)28(52-18)36-16-35-21-25(30)33-15-34-26(21)36/h15-18,22-24,28,37,40-41H,4-14H2,1-3H3,(H,31,38)(H,32,42)(H,46,47)(H,48,49)(H2,30,33,34)(H2,43,44,45)/p-4/t17-,18+,22+,23+,24-,28+/m0/s1",CCCCC[C@H](O)CC(=O)SCCN=C([O-])CCN=C([O-])[C@H](O)C(C)(C)COP(=O)(O)OP(=O)(O)OC[C@H]1O[C@@H](n2cnc3c(N)ncnc32)[C@H](O)[C@@H]1OP(=O)([O-])[O-]
(S)-3-hydroxydodecanoyl-CoA,"InChI=1S/C33H58N7O18P3S/c1-4-5-6-7-8-9-10-11-21(41)16-24(43)62-15-14-35-23(42)12-13-36-31(46)28(45)33(2,3)18-55-61(52,53)58-60(50,51)54-17-22-27(57-59(47,48)49)26(44)32(56-22)40-20-39-25-29(34)37-19-38-30(25)40/h19-22,26-28,32,41,44-45H,4-18H2,1-3H3,(H,35,42)(H,36,46)(H,50,51)(H,52,53)(H2,34,37,38)(H2,47,48,49)/p-4/t21-,22+,26+,27+,28-,32+/m0/s1",CCCCCCCCC[C@H](O)CC(=O)SCCN=C([O-])CCN=C([O-])[C@H](O)C(C)(C)COP(=O)(O)OP(=O)(O)OC[C@H]1O[C@@H](n2cnc3c(N)ncnc32)[C@H](O)[C@@H]1OP(=O)([O-])[O-]
(<i>S</i>)-3-hydroxydecanoyl-CoA,"InChI=1S/C31H54N7O18P3S/c1-4-5-6-7-8-9-19(39)14-22(41)60-13-12-33-21(40)10-11-34-29(44)26(43)31(2,3)16-53-59(50,51)56-58(48,49)52-15-20-25(55-57(45,46)47)24(42)30(54-20)38-18-37-23-27(32)35-17-36-28(23)38/h17-20,24-26,30,39,42-43H,4-16H2,1-3H3,(H,33,40)(H,34,44)(H,48,49)(H,50,51)(H2,32,35,36)(H2,45,46,47)/p-4/t19-,20+,24+,25+,26-,30+/m0/s1",CCCCCCC[C@H](O)CC(=O)SCCN=C([O-])CCN=C([O-])[C@H](O)C(C)(C)COP(=O)(O)OP(=O)(O)OC[C@H]1O[C@@H](n2cnc3c(N)ncnc32)[C@H](O)[C@@H]1OP(=O)([O-])[O-]
cyclic-CMP,"InChI=1S/C9H12N3O7P/c10-5-1-2-12(9(14)11-5)8-6(13)7-4(18-8)3-17-20(15,16)19-7/h1-2,4,6-8,13H,3H2,(H,15,16)(H2,10,11,14)/p-1/t4-,6-,7-,8-/m1/s1",N=c1ccn([C@@H]2O[C@@H]3COP(=O)(O)O[C@H]3[C@H]2O)c([O-])n1
benzoyl-CoA,"InChI=1S/C28H40N7O17P3S/c1-28(2,22(38)25(39)31-9-8-18(36)30-10-11-56-27(40)16-6-4-3-5-7-16)13-49-55(46,47)52-54(44,45)48-12-17-21(51-53(41,42)43)20(37)26(50-17)35-15-34-19-23(29)32-14-33-24(19)35/h3-7,14-15,17,20-22,26,37-38H,8-13H2,1-2H3,(H,30,36)(H,31,39)(H,44,45)(H,46,47)(H2,29,32,33)(H2,41,42,43)/p-4/t17-,20-,21-,22+,26-/m1/s1",CC(C)(COP(=O)(O)OP(=O)(O)OC[C@H]1O[C@@H](n2cnc3c(N)ncnc32)[C@H](O)[C@@H]1OP(=O)([O-])[O-])[C@@H](O)C([O-])=NCCC([O-])=NCCSC(=O)c1ccccc1
erythromycin A,"InChI=1S/C37H67NO13/c1-14-25-37(10,45)30(41)20(4)27(39)18(2)16-35(8,44)32(51-34-28(40)24(38(11)12)15-19(3)47-34)21(5)29(22(6)33(43)49-25)50-26-17-36(9,46-13)31(42)23(7)48-26/h18-26,28-32,34,40-42,44-45H,14-17H2,1-13H3/p+1/t18-,19-,20+,21+,22-,23+,24+,25-,26+,28-,29+,30-,31+,32-,34+,35-,36-,37-/m1/s1",CC[C@H]1OC(=O)[C@H](C)[C@@H](O[C@H]2C[C@@](C)(OC)[C@@H](O)[C@H](C)O2)[C@H](C)[C@@H](O[C@@H]2O[C@H](C)C[C@H]([NH+](C)C)[C@H]2O)[C@](C)(O)C[C@@H](C)C(=O)[C@H](C)[C@@H](O)[C@]1(C)O
(3Z)-dec-3-enoyl-CoA,"InChI=1S/C31H52N7O17P3S/c1-4-5-6-7-8-9-10-11-22(40)59-15-14-33-21(39)12-13-34-29(43)26(42)31(2,3)17-52-58(49,50)55-57(47,48)51-16-20-25(54-56(44,45)46)24(41)30(53-20)38-19-37-23-27(32)35-18-36-28(23)38/h9-10,18-20,24-26,30,41-42H,4-8,11-17H2,1-3H3,(H,33,39)(H,34,43)(H,47,48)(H,49,50)(H2,32,35,36)(H2,44,45,46)/p-4/b10-9-/t20-,24-,25-,26+,30-/m1/s1",CCCCCC/C=C\CC(=O)SCCN=C([O-])CCN=C([O-])[C@H](O)C(C)(C)COP(=O)(O)OP(=O)(O)OC[C@H]1O[C@@H](n2cnc3c(N)ncnc32)[C@H](O)[C@@H]1OP(=O)([O-])[O-]
(3Z)-dodec-3-enoyl-CoA,"InChI=1S/C33H56N7O17P3S/c1-4-5-6-7-8-9-10-11-12-13-24(42)61-17-16-35-23(41)14-15-36-31(45)28(44)33(2,3)19-54-60(51,52)57-59(49,50)53-18-22-27(56-58(46,47)48)26(43)32(55-22)40-21-39-25-29(34)37-20-38-30(25)40/h11-12,20-22,26-28,32,43-44H,4-10,13-19H2,1-3H3,(H,35,41)(H,36,45)(H,49,50)(H,51,52)(H2,34,37,38)(H2,46,47,48)/p-4/b12-11-/t22-,26-,27-,28+,32-/m1/s1",CCCCCCCC/C=C\CC(=O)SCCN=C([O-])CCN=C([O-])[C@H](O)C(C)(C)COP(=O)(O)OP(=O)(O)OC[C@H]1O[C@@H](n2cnc3c(N)ncnc32)[C@H](O)[C@@H]1OP(=O)([O-])[O-]
"(2<i>R</i>)-2,3-dihydroxy-3-methylbutanoate","InChI=1S/C5H10O4/c1-5(2,9)3(6)4(7)8/h3,6,9H,1-2H3,(H,7,8)/p-1/t3-/m0/s1",CC(C)(O)[C@@H](O)C(=O)[O-]
methylene blue,"InChI=1S/C16H18N3S/c1-18(2)11-5-7-13-15(9-11)20-16-10-12(19(3)4)6-8-14(16)17-13/h5-10H,1-4H3/q+1",CN(C)c1ccc2nc3ccc(N(C)C)cc3[s+]c2c1
cibacron blue 3GA,"InChI=1S/C29H20ClN7O11S3/c30-27-35-28(33-16-7-3-4-8-19(16)49(40,41)42)37-29(36-27)34-17-10-9-13(11-20(17)50(43,44)45)32-18-12-21(51(46,47)48)24(31)23-22(18)25(38)14-5-1-2-6-15(14)26(23)39/h1-12,32H,31H2,(H,40,41,42)(H,43,44,45)(H,46,47,48)(H2,33,34,35,36,37)/p-3",Nc1c(S(=O)(=O)[O-])cc(Nc2ccc(N=c3[nH]c(Cl)nc(=Nc4ccccc4S(=O)(=O)[O-])[nH]3)c(S(=O)(=O)[O-])c2)c2c1C(=O)c1ccccc1C2=O
methyl red,"InChI=1S/C15H15N3O2/c1-18(2)12-9-7-11(8-10-12)16-17-14-6-4-3-5-13(14)15(19)20/h3-10H,1-2H3,(H,19,20)/p-1/b17-16+",CN(C)c1ccc(/N=N/c2ccccc2C(=O)[O-])cc1
Reactive blue 5,"InChI=1S/C29H24ClN7O11S3/c30-27-35-28(33-13-4-3-5-15(10-13)49(40,41)42)37-29(36-27)34-18-11-14(8-9-20(18)50(43,44)45)32-19-12-21(51(46,47)48)24(31)23-22(19)25(38)16-6-1-2-7-17(16)26(23)39/h1-12,25-26,32,38-39H,31H2,(H,40,41,42)(H,43,44,45)(H,46,47,48)(H2,33,34,35,36,37)/p-3",Nc1c(S(=O)(=O)[O-])cc(Nc2ccc(S(=O)(=O)[O-])c(N=c3[nH]c(Cl)nc(=Nc4cccc(S(=O)(=O)[O-])c4)[nH]3)c2)c2c1C(O)c1ccccc1C2O
cyclohexane,InChI=1S/C6H12/c1-2-4-6-5-3-1/h1-6H2,C1CCCCC1
ethyl red,"InChI=1S/C17H19N3O2/c1-3-20(4-2)14-11-9-13(10-12-14)18-19-16-8-6-5-7-15(16)17(21)22/h5-12H,3-4H2,1-2H3,(H,21,22)/p-1/b19-18+",CCN(CC)c1ccc(/N=N/c2ccccc2C(=O)[O-])cc1
turanose,"InChI=1S/C12H22O11/c13-1-4(16)7(18)11(5(17)2-14)23-12-10(21)9(20)8(19)6(3-15)22-12/h4,6-16,18-21H,1-3H2/t4-,6-,7-,8-,9+,10-,11-,12-/m1/s1",O=C(CO)[C@@H](O[C@H]1O[C@H](CO)[C@@H](O)[C@H](O)[C@H]1O)[C@H](O)[C@H](O)CO
Reactive blue 19,"InChI=1S/C22H18N2O11S3/c23-20-17(37(29,30)31)11-16(18-19(20)22(26)15-4-2-1-3-14(15)21(18)25)24-12-5-7-13(8-6-12)36(27,28)10-9-35-38(32,33)34/h1-8,11,24H,9-10,23H2,(H,29,30,31)(H,32,33,34)/p-2",Nc1c(S(=O)(=O)[O-])cc(Nc2ccc(S(=O)(=O)CCOS(=O)(=O)[O-])cc2)c2c1C(=O)c1ccccc1C2=O
isoprimeverose,"InChI=1S/C11H20O10/c12-3-1-19-11(9(17)5(3)13)20-2-4-6(14)7(15)8(16)10(18)21-4/h3-18H,1-2H2/t3-,4-,5+,6-,7+,8-,9-,10?,11-/m1/s1",OC1O[C@H](CO[C@H]2OC[C@@H](O)[C@H](O)[C@H]2O)[C@@H](O)[C@H](O)[C@H]1O
lactulose,"InChI=1S/C12H22O11/c13-1-4-6(16)7(17)8(18)11(21-4)22-9-5(2-14)23-12(20,3-15)10(9)19/h4-11,13-20H,1-3H2/t4-,5-,6+,7+,8-,9-,10+,11+,12?/m1/s1",OC[C@H]1O[C@@H](O[C@@H]2[C@@H](CO)O[C@](O)(CO)[C@H]2O)[C@H](O)[C@@H](O)[C@H]1O
&alpha;-D-glucopyranosyl-(1&rarr;2)-D-galactopyranose,"InChI=1S/C12H22O11/c13-1-3-6(16)8(18)10(11(20)21-3)23-12-9(19)7(17)5(15)4(2-14)22-12/h3-20H,1-2H2/t3-,4-,5-,6+,7+,8+,9-,10-,11?,12-/m1/s1",OC[C@H]1OC(O)[C@H](O[C@H]2O[C@H](CO)[C@@H](O)[C@H](O)[C@H]2O)[C@@H](O)[C@H]1O
3-O-&beta;-D-galactopyranosyl-D-arabinose,"InChI=1S/C11H20O10/c12-1-4(15)10(5(16)2-13)21-11-9(19)8(18)7(17)6(3-14)20-11/h1,4-11,13-19H,2-3H2/t4-,5-,6-,7+,8+,9-,10+,11+/m1/s1",O=C[C@@H](O)[C@H](O[C@@H]1O[C@H](CO)[C@H](O)[C@H](O)[C@H]1O)[C@H](O)CO
3-oxo-(9Z)-octadecenoyl-CoA,"InChI=1S/C39H66N7O18P3S/c1-4-5-6-7-8-9-10-11-12-13-14-15-16-17-27(47)22-30(49)68-21-20-41-29(48)18-19-42-37(52)34(51)39(2,3)24-61-67(58,59)64-66(56,57)60-23-28-33(63-65(53,54)55)32(50)38(62-28)46-26-45-31-35(40)43-25-44-36(31)46/h11-12,25-26,28,32-34,38,50-51H,4-10,13-24H2,1-3H3,(H,41,48)(H,42,52)(H,56,57)(H,58,59)(H2,40,43,44)(H2,53,54,55)/p-4/b12-11-/t28-,32-,33-,34+,38-/m1/s1",CCCCCCCC/C=C\CCCCCC(=O)CC(=O)SCCN=C([O-])CCN=C([O-])[C@H](O)C(C)(C)COP(=O)(O)OP(=O)(O)OC[C@H]1O[C@@H](n2cnc3c(N)ncnc32)[C@H](O)[C@@H]1OP(=O)([O-])[O-]
allolactose,"InChI=1S/C12H22O11/c13-1-3-5(14)8(17)10(19)12(23-3)21-2-4-6(15)7(16)9(18)11(20)22-4/h3-20H,1-2H2/t3-,4-,5+,6-,7+,8+,9-,10-,11?,12-/m1/s1",OC[C@H]1O[C@@H](OC[C@H]2OC(O)[C@H](O)[C@@H](O)[C@@H]2O)[C@H](O)[C@@H](O)[C@H]1O
3-oxo-(9Z)-hexadecenoyl-CoA,"InChI=1S/C37H62N7O18P3S/c1-4-5-6-7-8-9-10-11-12-13-14-15-25(45)20-28(47)66-19-18-39-27(46)16-17-40-35(50)32(49)37(2,3)22-59-65(56,57)62-64(54,55)58-21-26-31(61-63(51,52)53)30(48)36(60-26)44-24-43-29-33(38)41-23-42-34(29)44/h9-10,23-24,26,30-32,36,48-49H,4-8,11-22H2,1-3H3,(H,39,46)(H,40,50)(H,54,55)(H,56,57)(H2,38,41,42)(H2,51,52,53)/p-4/b10-9-/t26-,30-,31-,32+,36-/m1/s1",CCCCCC/C=C\CCCCCC(=O)CC(=O)SCCN=C([O-])CCN=C([O-])[C@H](O)C(C)(C)COP(=O)(O)OP(=O)(O)OC[C@H]1O[C@@H](n2cnc3c(N)ncnc32)[C@H](O)[C@@H]1OP(=O)([O-])[O-]
1-(&beta;-D ribofuranosyl)nicotinamide,"InChI=1S/C11H14N2O5/c12-10(17)6-2-1-3-13(4-6)11-9(16)8(15)7(5-14)18-11/h1-4,7-9,11,14-16H,5H2,(H-,12,17)/p+1/t7-,8-,9-,11-/m1/s1",N=C(O)c1ccc[n+]([C@@H]2O[C@H](CO)[C@@H](O)[C@H]2O)c1
3-oxo-(5Z)-tetradecenoyl-CoA,"InChI=1S/C35H58N7O18P3S/c1-4-5-6-7-8-9-10-11-12-13-23(43)18-26(45)64-17-16-37-25(44)14-15-38-33(48)30(47)35(2,3)20-57-63(54,55)60-62(52,53)56-19-24-29(59-61(49,50)51)28(46)34(58-24)42-22-41-27-31(36)39-21-40-32(27)42/h11-12,21-22,24,28-30,34,46-47H,4-10,13-20H2,1-3H3,(H,37,44)(H,38,48)(H,52,53)(H,54,55)(H2,36,39,40)(H2,49,50,51)/p-4/b12-11-/t24-,28-,29-,30+,34-/m1/s1",CCCCCCCC/C=C\CC(=O)CC(=O)SCCN=C([O-])CCN=C([O-])[C@H](O)C(C)(C)COP(=O)(O)OP(=O)(O)OC[C@H]1O[C@@H](n2cnc3c(N)ncnc32)[C@H](O)[C@@H]1OP(=O)([O-])[O-]
3-oxo-(11Z)-octadecenoyl-CoA,"InChI=1S/C39H66N7O18P3S/c1-4-5-6-7-8-9-10-11-12-13-14-15-16-17-27(47)22-30(49)68-21-20-41-29(48)18-19-42-37(52)34(51)39(2,3)24-61-67(58,59)64-66(56,57)60-23-28-33(63-65(53,54)55)32(50)38(62-28)46-26-45-31-35(40)43-25-44-36(31)46/h9-10,25-26,28,32-34,38,50-51H,4-8,11-24H2,1-3H3,(H,41,48)(H,42,52)(H,56,57)(H,58,59)(H2,40,43,44)(H2,53,54,55)/p-4/b10-9-/t28-,32-,33-,34+,38-/m1/s1",CCCCCC/C=C\CCCCCCCC(=O)CC(=O)SCCN=C([O-])CCN=C([O-])[C@H](O)C(C)(C)COP(=O)(O)OP(=O)(O)OC[C@H]1O[C@@H](n2cnc3c(N)ncnc32)[C@H](O)[C@@H]1OP(=O)([O-])[O-]
3-oxooctadecanoyl-CoA,"InChI=1S/C39H68N7O18P3S/c1-4-5-6-7-8-9-10-11-12-13-14-15-16-17-27(47)22-30(49)68-21-20-41-29(48)18-19-42-37(52)34(51)39(2,3)24-61-67(58,59)64-66(56,57)60-23-28-33(63-65(53,54)55)32(50)38(62-28)46-26-45-31-35(40)43-25-44-36(31)46/h25-26,28,32-34,38,50-51H,4-24H2,1-3H3,(H,41,48)(H,42,52)(H,56,57)(H,58,59)(H2,40,43,44)(H2,53,54,55)/p-4/t28-,32-,33-,34+,38-/m1/s1",CCCCCCCCCCCCCCCC(=O)CC(=O)SCCN=C([O-])CCN=C([O-])[C@H](O)C(C)(C)COP(=O)(O)OP(=O)(O)OC[C@H]1O[C@@H](n2cnc3c(N)ncnc32)[C@H](O)[C@@H]1OP(=O)([O-])[O-]
3-oxo-(7Z)-hexadecenoyl-CoA,"InChI=1S/C37H62N7O18P3S/c1-4-5-6-7-8-9-10-11-12-13-14-15-25(45)20-28(47)66-19-18-39-27(46)16-17-40-35(50)32(49)37(2,3)22-59-65(56,57)62-64(54,55)58-21-26-31(61-63(51,52)53)30(48)36(60-26)44-24-43-29-33(38)41-23-42-34(29)44/h11-12,23-24,26,30-32,36,48-49H,4-10,13-22H2,1-3H3,(H,39,46)(H,40,50)(H,54,55)(H,56,57)(H2,38,41,42)(H2,51,52,53)/p-4/b12-11-/t26-,30-,31-,32+,36-/m1/s1",CCCCCCCC/C=C\CCCC(=O)CC(=O)SCCN=C([O-])CCN=C([O-])[C@H](O)C(C)(C)COP(=O)(O)OP(=O)(O)OC[C@H]1O[C@@H](n2cnc3c(N)ncnc32)[C@H](O)[C@@H]1OP(=O)([O-])[O-]
3-oxo-(7Z)-tetradecenoyl-CoA,"InChI=1S/C35H58N7O18P3S/c1-4-5-6-7-8-9-10-11-12-13-23(43)18-26(45)64-17-16-37-25(44)14-15-38-33(48)30(47)35(2,3)20-57-63(54,55)60-62(52,53)56-19-24-29(59-61(49,50)51)28(46)34(58-24)42-22-41-27-31(36)39-21-40-32(27)42/h9-10,21-22,24,28-30,34,46-47H,4-8,11-20H2,1-3H3,(H,37,44)(H,38,48)(H,52,53)(H,54,55)(H2,36,39,40)(H2,49,50,51)/p-4/b10-9-/t24-,28-,29-,30+,34-/m1/s1",CCCCCC/C=C\CCCC(=O)CC(=O)SCCN=C([O-])CCN=C([O-])[C@H](O)C(C)(C)COP(=O)(O)OP(=O)(O)OC[C@H]1O[C@@H](n2cnc3c(N)ncnc32)[C@H](O)[C@@H]1OP(=O)([O-])[O-]
3-oxomyristoyl-CoA,"InChI=1S/C35H60N7O18P3S/c1-4-5-6-7-8-9-10-11-12-13-23(43)18-26(45)64-17-16-37-25(44)14-15-38-33(48)30(47)35(2,3)20-57-63(54,55)60-62(52,53)56-19-24-29(59-61(49,50)51)28(46)34(58-24)42-22-41-27-31(36)39-21-40-32(27)42/h21-22,24,28-30,34,46-47H,4-20H2,1-3H3,(H,37,44)(H,38,48)(H,52,53)(H,54,55)(H2,36,39,40)(H2,49,50,51)/p-4/t24-,28-,29-,30+,34-/m1/s1",CCCCCCCCCCCC(=O)CC(=O)SCCN=C([O-])CCN=C([O-])[C@H](O)C(C)(C)COP(=O)(O)OP(=O)(O)OC[C@H]1O[C@@H](n2cnc3c(N)ncnc32)[C@H](O)[C@@H]1OP(=O)([O-])[O-]
3-oxopalmitoyl-CoA,"InChI=1S/C37H64N7O18P3S/c1-4-5-6-7-8-9-10-11-12-13-14-15-25(45)20-28(47)66-19-18-39-27(46)16-17-40-35(50)32(49)37(2,3)22-59-65(56,57)62-64(54,55)58-21-26-31(61-63(51,52)53)30(48)36(60-26)44-24-43-29-33(38)41-23-42-34(29)44/h23-24,26,30-32,36,48-49H,4-22H2,1-3H3,(H,39,46)(H,40,50)(H,54,55)(H,56,57)(H2,38,41,42)(H2,51,52,53)/p-4/t26-,30-,31-,32+,36-/m1/s1",CCCCCCCCCCCCCC(=O)CC(=O)SCCN=C([O-])CCN=C([O-])[C@H](O)C(C)(C)COP(=O)(O)OP(=O)(O)OC[C@H]1O[C@@H](n2cnc3c(N)ncnc32)[C@H](O)[C@@H]1OP(=O)([O-])[O-]
demethylmenaquinol-8,"InChI=1S/C50H72O2/c1-38(2)19-12-20-39(3)21-13-22-40(4)23-14-24-41(5)25-15-26-42(6)27-16-28-43(7)29-17-30-44(8)31-18-32-45(9)35-36-46-37-49(51)47-33-10-11-34-48(47)50(46)52/h10-11,19,21,23,25,27,29,31,33-35,37,51-52H,12-18,20,22,24,26,28,30,32,36H2,1-9H3/b39-21+,40-23+,41-25+,42-27+,43-29+,44-31+,45-35+",CC(C)=CCC/C(C)=C\CC/C(C)=C\CC/C(C)=C\CC/C(C)=C\CC/C(C)=C\CC/C(C)=C\CC/C(C)=C\Cc1cc(O)c2ccccc2c1O
(S)-3-hydroxy-(7Z)-hexadecenoyl-CoA,"InChI=1S/C37H64N7O18P3S/c1-4-5-6-7-8-9-10-11-12-13-14-15-25(45)20-28(47)66-19-18-39-27(46)16-17-40-35(50)32(49)37(2,3)22-59-65(56,57)62-64(54,55)58-21-26-31(61-63(51,52)53)30(48)36(60-26)44-24-43-29-33(38)41-23-42-34(29)44/h11-12,23-26,30-32,36,45,48-49H,4-10,13-22H2,1-3H3,(H,39,46)(H,40,50)(H,54,55)(H,56,57)(H2,38,41,42)(H2,51,52,53)/p-4/b12-11-/t25-,26+,30+,31+,32-,36+/m0/s1",CCCCCCCC/C=C\CCC[C@H](O)CC(=O)SCCN=C([O-])CCN=C([O-])[C@H](O)C(C)(C)COP(=O)(O)OP(=O)(O)OC[C@H]1O[C@@H](n2cnc3c(N)ncnc32)[C@H](O)[C@@H]1OP(=O)([O-])[O-]
(S)-3-hydroxy-(7Z)-tetradecenoyl-CoA,"InChI=1S/C35H60N7O18P3S/c1-4-5-6-7-8-9-10-11-12-13-23(43)18-26(45)64-17-16-37-25(44)14-15-38-33(48)30(47)35(2,3)20-57-63(54,55)60-62(52,53)56-19-24-29(59-61(49,50)51)28(46)34(58-24)42-22-41-27-31(36)39-21-40-32(27)42/h9-10,21-24,28-30,34,43,46-47H,4-8,11-20H2,1-3H3,(H,37,44)(H,38,48)(H,52,53)(H,54,55)(H2,36,39,40)(H2,49,50,51)/p-4/b10-9-/t23-,24+,28+,29+,30-,34+/m0/s1",CCCCCC/C=C\CCC[C@H](O)CC(=O)SCCN=C([O-])CCN=C([O-])[C@H](O)C(C)(C)COP(=O)(O)OP(=O)(O)OC[C@H]1O[C@@H](n2cnc3c(N)ncnc32)[C@H](O)[C@@H]1OP(=O)([O-])[O-]
(S)-3-hydroxy-stearoyl-CoA,"InChI=1S/C39H70N7O18P3S/c1-4-5-6-7-8-9-10-11-12-13-14-15-16-17-27(47)22-30(49)68-21-20-41-29(48)18-19-42-37(52)34(51)39(2,3)24-61-67(58,59)64-66(56,57)60-23-28-33(63-65(53,54)55)32(50)38(62-28)46-26-45-31-35(40)43-25-44-36(31)46/h25-28,32-34,38,47,50-51H,4-24H2,1-3H3,(H,41,48)(H,42,52)(H,56,57)(H,58,59)(H2,40,43,44)(H2,53,54,55)/p-4/t27-,28+,32+,33+,34-,38+/m0/s1",CCCCCCCCCCCCCCC[C@H](O)CC(=O)SCCN=C([O-])CCN=C([O-])[C@H](O)C(C)(C)COP(=O)(O)OP(=O)(O)OC[C@H]1O[C@@H](n2cnc3c(N)ncnc32)[C@H](O)[C@@H]1OP(=O)([O-])[O-]
(S)-3-hydroxy-(9Z)-octadecenoyl-CoA,"InChI=1S/C39H68N7O18P3S/c1-4-5-6-7-8-9-10-11-12-13-14-15-16-17-27(47)22-30(49)68-21-20-41-29(48)18-19-42-37(52)34(51)39(2,3)24-61-67(58,59)64-66(56,57)60-23-28-33(63-65(53,54)55)32(50)38(62-28)46-26-45-31-35(40)43-25-44-36(31)46/h11-12,25-28,32-34,38,47,50-51H,4-10,13-24H2,1-3H3,(H,41,48)(H,42,52)(H,56,57)(H,58,59)(H2,40,43,44)(H2,53,54,55)/p-4/b12-11-/t27-,28+,32+,33+,34-,38+/m0/s1",CCCCCCCC/C=C\CCCCC[C@H](O)CC(=O)SCCN=C([O-])CCN=C([O-])[C@H](O)C(C)(C)COP(=O)(O)OP(=O)(O)OC[C@H]1O[C@@H](n2cnc3c(N)ncnc32)[C@H](O)[C@@H]1OP(=O)([O-])[O-]
(S)-3-hydroxy-(9Z)-hexadecenoyl-CoA,"InChI=1S/C37H64N7O18P3S/c1-4-5-6-7-8-9-10-11-12-13-14-15-25(45)20-28(47)66-19-18-39-27(46)16-17-40-35(50)32(49)37(2,3)22-59-65(56,57)62-64(54,55)58-21-26-31(61-63(51,52)53)30(48)36(60-26)44-24-43-29-33(38)41-23-42-34(29)44/h9-10,23-26,30-32,36,45,48-49H,4-8,11-22H2,1-3H3,(H,39,46)(H,40,50)(H,54,55)(H,56,57)(H2,38,41,42)(H2,51,52,53)/p-4/b10-9-/t25-,26+,30+,31+,32-,36+/m0/s1",CCCCCC/C=C\CCCCC[C@H](O)CC(=O)SCCN=C([O-])CCN=C([O-])[C@H](O)C(C)(C)COP(=O)(O)OP(=O)(O)OC[C@H]1O[C@@H](n2cnc3c(N)ncnc32)[C@H](O)[C@@H]1OP(=O)([O-])[O-]
(S)-3-hydroxy-(5Z)-tetradecenoyl-CoA,"InChI=1S/C35H60N7O18P3S/c1-4-5-6-7-8-9-10-11-12-13-23(43)18-26(45)64-17-16-37-25(44)14-15-38-33(48)30(47)35(2,3)20-57-63(54,55)60-62(52,53)56-19-24-29(59-61(49,50)51)28(46)34(58-24)42-22-41-27-31(36)39-21-40-32(27)42/h11-12,21-24,28-30,34,43,46-47H,4-10,13-20H2,1-3H3,(H,37,44)(H,38,48)(H,52,53)(H,54,55)(H2,36,39,40)(H2,49,50,51)/p-4/b12-11-/t23-,24+,28+,29+,30-,34+/m0/s1",CCCCCCCC/C=C\C[C@H](O)CC(=O)SCCN=C([O-])CCN=C([O-])[C@H](O)C(C)(C)COP(=O)(O)OP(=O)(O)OC[C@H]1O[C@@H](n2cnc3c(N)ncnc32)[C@H](O)[C@@H]1OP(=O)([O-])[O-]
(S)-3-hydroxy-(11Z)-octadecenoyl-CoA,"InChI=1S/C39H68N7O18P3S/c1-4-5-6-7-8-9-10-11-12-13-14-15-16-17-27(47)22-30(49)68-21-20-41-29(48)18-19-42-37(52)34(51)39(2,3)24-61-67(58,59)64-66(56,57)60-23-28-33(63-65(53,54)55)32(50)38(62-28)46-26-45-31-35(40)43-25-44-36(31)46/h9-10,25-28,32-34,38,47,50-51H,4-8,11-24H2,1-3H3,(H,41,48)(H,42,52)(H,56,57)(H,58,59)(H2,40,43,44)(H2,53,54,55)/p-4/b10-9-/t27-,28+,32+,33+,34-,38+/m0/s1",CCCCCC/C=C\CCCCCCC[C@H](O)CC(=O)SCCN=C([O-])CCN=C([O-])[C@H](O)C(C)(C)COP(=O)(O)OP(=O)(O)OC[C@H]1O[C@@H](n2cnc3c(N)ncnc32)[C@H](O)[C@@H]1OP(=O)([O-])[O-]
(2E)-dec-2-enoyl-CoA,"InChI=1S/C31H52N7O17P3S/c1-4-5-6-7-8-9-10-11-22(40)59-15-14-33-21(39)12-13-34-29(43)26(42)31(2,3)17-52-58(49,50)55-57(47,48)51-16-20-25(54-56(44,45)46)24(41)30(53-20)38-19-37-23-27(32)35-18-36-28(23)38/h10-11,18-20,24-26,30,41-42H,4-9,12-17H2,1-3H3,(H,33,39)(H,34,43)(H,47,48)(H,49,50)(H2,32,35,36)(H2,44,45,46)/p-4/b11-10+/t20-,24-,25-,26+,30-/m1/s1",CCCCCCC/C=C/C(=O)SCCN=C([O-])CCN=C([O-])[C@H](O)C(C)(C)COP(=O)(O)OP(=O)(O)OC[C@H]1O[C@@H](n2cnc3c(N)ncnc32)[C@H](O)[C@@H]1OP(=O)([O-])[O-]
(2<i>E</i>)-oct-2-enoyl-CoA,"InChI=1S/C29H48N7O17P3S/c1-4-5-6-7-8-9-20(38)57-13-12-31-19(37)10-11-32-27(41)24(40)29(2,3)15-50-56(47,48)53-55(45,46)49-14-18-23(52-54(42,43)44)22(39)28(51-18)36-17-35-21-25(30)33-16-34-26(21)36/h8-9,16-18,22-24,28,39-40H,4-7,10-15H2,1-3H3,(H,31,37)(H,32,41)(H,45,46)(H,47,48)(H2,30,33,34)(H2,42,43,44)/p-4/b9-8+/t18-,22-,23-,24+,28-/m1/s1",CCCCC/C=C/C(=O)SCCN=C([O-])CCN=C([O-])[C@H](O)C(C)(C)COP(=O)(O)OP(=O)(O)OC[C@H]1O[C@@H](n2cnc3c(N)ncnc32)[C@H](O)[C@@H]1OP(=O)([O-])[O-]
(2<i>E</i>)-hex-2-enoyl-CoA,"InChI=1S/C27H44N7O17P3S/c1-4-5-6-7-18(36)55-11-10-29-17(35)8-9-30-25(39)22(38)27(2,3)13-48-54(45,46)51-53(43,44)47-12-16-21(50-52(40,41)42)20(37)26(49-16)34-15-33-19-23(28)31-14-32-24(19)34/h6-7,14-16,20-22,26,37-38H,4-5,8-13H2,1-3H3,(H,29,35)(H,30,39)(H,43,44)(H,45,46)(H2,28,31,32)(H2,40,41,42)/p-4/b7-6+/t16-,20-,21-,22+,26-/m1/s1",CCC/C=C/C(=O)SCCN=C([O-])CCN=C([O-])[C@H](O)C(C)(C)COP(=O)(O)OP(=O)(O)OC[C@H]1O[C@@H](n2cnc3c(N)ncnc32)[C@H](O)[C@@H]1OP(=O)([O-])[O-]
"(2E,5Z)-dodec-2,5-dienoyl-CoA","InChI=1S/C33H54N7O17P3S/c1-4-5-6-7-8-9-10-11-12-13-24(42)61-17-16-35-23(41)14-15-36-31(45)28(44)33(2,3)19-54-60(51,52)57-59(49,50)53-18-22-27(56-58(46,47)48)26(43)32(55-22)40-21-39-25-29(34)37-20-38-30(25)40/h9-10,12-13,20-22,26-28,32,43-44H,4-8,11,14-19H2,1-3H3,(H,35,41)(H,36,45)(H,49,50)(H,51,52)(H2,34,37,38)(H2,46,47,48)/p-4/b10-9-,13-12+/t22-,26-,27-,28+,32-/m1/s1",CCCCCC/C=C\C/C=C/C(=O)SCCN=C([O-])CCN=C([O-])[C@H](O)C(C)(C)COP(=O)(O)OP(=O)(O)OC[C@H]1O[C@@H](n2cnc3c(N)ncnc32)[C@H](O)[C@@H]1OP(=O)([O-])[O-]
"(2<i>E</i>,4<i>E</i>)-dec-2,4-dienoyl-CoA","InChI=1S/C31H50N7O17P3S/c1-4-5-6-7-8-9-10-11-22(40)59-15-14-33-21(39)12-13-34-29(43)26(42)31(2,3)17-52-58(49,50)55-57(47,48)51-16-20-25(54-56(44,45)46)24(41)30(53-20)38-19-37-23-27(32)35-18-36-28(23)38/h8-11,18-20,24-26,30,41-42H,4-7,12-17H2,1-3H3,(H,33,39)(H,34,43)(H,47,48)(H,49,50)(H2,32,35,36)(H2,44,45,46)/p-4/b9-8+,11-10+/t20-,24-,25-,26+,30-/m1/s1",CCCCC/C=C/C=C/C(=O)SCCN=C([O-])CCN=C([O-])[C@H](O)C(C)(C)COP(=O)(O)OP(=O)(O)OC[C@H]1O[C@@H](n2cnc3c(N)ncnc32)[C@H](O)[C@@H]1OP(=O)([O-])[O-]
(2<i>E</i>)-dodec-2-enoyl-CoA,"InChI=1S/C33H56N7O17P3S/c1-4-5-6-7-8-9-10-11-12-13-24(42)61-17-16-35-23(41)14-15-36-31(45)28(44)33(2,3)19-54-60(51,52)57-59(49,50)53-18-22-27(56-58(46,47)48)26(43)32(55-22)40-21-39-25-29(34)37-20-38-30(25)40/h12-13,20-22,26-28,32,43-44H,4-11,14-19H2,1-3H3,(H,35,41)(H,36,45)(H,49,50)(H,51,52)(H2,34,37,38)(H2,46,47,48)/p-4/b13-12+/t22-,26-,27-,28+,32-/m1/s1",CCCCCCCCC/C=C/C(=O)SCCN=C([O-])CCN=C([O-])[C@H](O)C(C)(C)COP(=O)(O)OP(=O)(O)OC[C@H]1O[C@@H](n2cnc3c(N)ncnc32)[C@H](O)[C@@H]1OP(=O)([O-])[O-]
&alpha;-cyclodextrin,"InChI=1S/C36H60O30/c37-1-7-25-13(43)19(49)31(55-7)62-26-8(2-38)57-33(21(51)15(26)45)64-28-10(4-40)59-35(23(53)17(28)47)66-30-12(6-42)60-36(24(54)18(30)48)65-29-11(5-41)58-34(22(52)16(29)46)63-27-9(3-39)56-32(61-25)20(50)14(27)44/h7-54H,1-6H2/t7-,8-,9-,10-,11-,12-,13-,14-,15-,16-,17-,18-,19-,20-,21-,22-,23-,24-,25-,26-,27-,28-,29-,30-,31-,32-,33-,34-,35-,36-/m1/s1",OC[C@H]1O[C@H]2O[C@H]3[C@H](O)[C@@H](O)[C@@H](O[C@H]4[C@H](O)[C@@H](O)[C@@H](O[C@H]5[C@H](O)[C@@H](O)[C@@H](O[C@H]6[C@H](O)[C@@H](O)[C@@H](O[C@H]7[C@H](O)[C@@H](O)[C@@H](O[C@H]1[C@H](O)[C@H]2O)O[C@@H]7CO)O[C@@H]6CO)O[C@@H]5CO)O[C@@H]4CO)O[C@@H]3CO
"(3<i>E</i>,5<i>Z</i>)-tetradeca-3,5-dienoyl-CoA","InChI=1S/C35H58N7O17P3S/c1-4-5-6-7-8-9-10-11-12-13-14-15-26(44)63-19-18-37-25(43)16-17-38-33(47)30(46)35(2,3)21-56-62(53,54)59-61(51,52)55-20-24-29(58-60(48,49)50)28(45)34(57-24)42-23-41-27-31(36)39-22-40-32(27)42/h11-14,22-24,28-30,34,45-46H,4-10,15-21H2,1-3H3,(H,37,43)(H,38,47)(H,51,52)(H,53,54)(H2,36,39,40)(H2,48,49,50)/p-4/b12-11-,14-13+/t24-,28-,29-,30+,34-/m1/s1",CCCCCCCC/C=C\C=C\CC(=O)SCCN=C([O-])CCN=C([O-])[C@H](O)C(C)(C)COP(=O)(O)OP(=O)(O)OC[C@H]1O[C@@H](n2cnc3c(N)ncnc32)[C@H](O)[C@@H]1OP(=O)([O-])[O-]
&gamma;-cyclodextrin,"InChI=1S/C48H80O40/c49-1-9-33-17(57)25(65)41(73-9)82-34-10(2-50)75-43(27(67)19(34)59)84-36-12(4-52)77-45(29(69)21(36)61)86-38-14(6-54)79-47(31(71)23(38)63)88-40-16(8-56)80-48(32(72)24(40)64)87-39-15(7-55)78-46(30(70)22(39)62)85-37-13(5-53)76-44(28(68)20(37)60)83-35-11(3-51)74-42(81-33)26(66)18(35)58/h9-72H,1-8H2/t9-,10-,11-,12-,13-,14-,15-,16-,17-,18-,19-,20-,21-,22-,23-,24-,25-,26-,27-,28-,29-,30-,31-,32-,33-,34-,35-,36-,37-,38-,39-,40-,41-,42-,43-,44-,45-,46-,47-,48-/m1/s1",OC[C@H]1O[C@@H]2O[C@H]3[C@H](O)[C@@H](O)[C@@H](O[C@H]4[C@H](O)[C@@H](O)[C@@H](O[C@H]5[C@H](O)[C@@H](O)[C@@H](O[C@H]6[C@H](O)[C@@H](O)[C@@H](O[C@H]7[C@H](O)[C@@H](O)[C@@H](O[C@H]8[C@H](O)[C@@H](O)[C@@H](O[C@H]9[C@H](O)[C@@H](O)[C@@H](O[C@H]1[C@H](O)[C@H]2O)O[C@@H]9CO)O[C@@H]8CO)O[C@@H]7CO)O[C@@H]6CO)O[C@@H]5CO)O[C@@H]4CO)O[C@@H]3CO
"(3Z,5E)-dodec-3,5-dienoyl-CoA","InChI=1S/C33H54N7O17P3S/c1-4-5-6-7-8-9-10-11-12-13-24(42)61-17-16-35-23(41)14-15-36-31(45)28(44)33(2,3)19-54-60(51,52)57-59(49,50)53-18-22-27(56-58(46,47)48)26(43)32(55-22)40-21-39-25-29(34)37-20-38-30(25)40/h9-12,20-22,26-28,32,43-44H,4-8,13-19H2,1-3H3,(H,35,41)(H,36,45)(H,49,50)(H,51,52)(H2,34,37,38)(H2,46,47,48)/p-4/b10-9+,12-11-/t22-,26-,27-,28+,32-/m1/s1",CCCCCC/C=C/C=C\CC(=O)SCCN=C([O-])CCN=C([O-])[C@H](O)C(C)(C)COP(=O)(O)OP(=O)(O)OC[C@H]1O[C@@H](n2cnc3c(N)ncnc32)[C@H](O)[C@@H]1OP(=O)([O-])[O-]
2-hydroxypropyl-&beta;-cyclodextrin,"InChI=1S/C63H112O42/c1-22(64)8-85-15-29-50-36(71)43(78)57(92-29)100-51-30(16-86-9-23(2)65)94-59(45(80)38(51)73)102-53-32(18-88-11-25(4)67)96-61(47(82)40(53)75)104-55-34(20-90-13-27(6)69)98-63(49(84)42(55)77)105-56-35(21-91-14-28(7)70)97-62(48(83)41(56)76)103-54-33(19-89-12-26(5)68)95-60(46(81)39(54)74)101-52-31(17-87-10-24(3)66)93-58(99-50)44(79)37(52)72/h22-84H,8-21H2,1-7H3/t22?,23?,24?,25?,26?,27?,28?,29-,30-,31-,32-,33-,34-,35-,36+,37+,38+,39+,40+,41+,42+,43+,44+,45+,46+,47+,48+,49+,50-,51-,52-,53-,54-,55-,56-,57-,58-,59-,60-,61-,62-,63-/m1/s1",CC(O)COC[C@H]1O[C@@H]2O[C@H]3[C@@H](O)[C@H](O)[C@@H](O[C@H]4[C@@H](O)[C@H](O)[C@@H](O[C@H]5[C@@H](O)[C@H](O)[C@@H](O[C@H]6[C@@H](O)[C@H](O)[C@@H](O[C@H]7[C@@H](O)[C@H](O)[C@@H](O[C@H]8[C@@H](O)[C@H](O)[C@@H](O[C@H]1[C@@H](O)[C@@H]2O)O[C@@H]8COCC(C)O)O[C@@H]7COCC(C)O)O[C@@H]6COCC(C)O)O[C@@H]5COCC(C)O)O[C@@H]4COCC(C)O)O[C@@H]3COCC(C)O
&beta;-cyclodextrin,"InChI=1S/C42H70O35/c43-1-8-29-15(50)22(57)36(64-8)72-30-9(2-44)66-38(24(59)17(30)52)74-32-11(4-46)68-40(26(61)19(32)54)76-34-13(6-48)70-42(28(63)21(34)56)77-35-14(7-49)69-41(27(62)20(35)55)75-33-12(5-47)67-39(25(60)18(33)53)73-31-10(3-45)65-37(71-29)23(58)16(31)51/h8-63H,1-7H2/t8-,9-,10-,11-,12-,13-,14-,15-,16-,17-,18-,19-,20-,21-,22-,23-,24-,25-,26-,27-,28-,29-,30-,31-,32-,33-,34-,35-,36-,37-,38-,39-,40-,41-,42-/m1/s1",OC[C@H]1O[C@@H]2O[C@H]3[C@H](O)[C@@H](O)[C@@H](O[C@H]4[C@H](O)[C@@H](O)[C@@H](O[C@H]5[C@H](O)[C@@H](O)[C@@H](O[C@H]6[C@H](O)[C@@H](O)[C@@H](O[C@H]7[C@H](O)[C@@H](O)[C@@H](O[C@H]8[C@H](O)[C@@H](O)[C@@H](O[C@H]1[C@H](O)[C@H]2O)O[C@@H]8CO)O[C@@H]7CO)O[C@@H]6CO)O[C@@H]5CO)O[C@@H]4CO)O[C@@H]3CO
ethyl acetate,"InChI=1S/C4H8O2/c1-3-6-4(2)5/h3H2,1-2H3",CCOC(C)=O
acetoacetyl-CoA,"InChI=1S/C25H40N7O18P3S/c1-13(33)8-16(35)54-7-6-27-15(34)4-5-28-23(38)20(37)25(2,3)10-47-53(44,45)50-52(42,43)46-9-14-19(49-51(39,40)41)18(36)24(48-14)32-12-31-17-21(26)29-11-30-22(17)32/h11-12,14,18-20,24,36-37H,4-10H2,1-3H3,(H,27,34)(H,28,38)(H,42,43)(H,44,45)(H2,26,29,30)(H2,39,40,41)/p-4/t14-,18-,19-,20+,24-/m1/s1",CC(=O)CC(=O)SCCN=C([O-])CCN=C([O-])[C@H](O)C(C)(C)COP(=O)(O)OP(=O)(O)OC[C@H]1O[C@@H](n2cnc3c(N)ncnc32)[C@H](O)[C@@H]1OP(=O)([O-])[O-]
sulindac,"InChI=1S/C20H17FO3S/c1-12-17(9-13-3-6-15(7-4-13)25(2)24)16-8-5-14(21)10-19(16)18(12)11-20(22)23/h3-10H,11H2,1-2H3,(H,22,23)/p-1/b17-9-",CC1=C(CC(=O)[O-])c2cc(F)ccc2C1=Cc1ccc(S(C)=O)cc1
aspirin,"InChI=1S/C9H8O4/c1-6(10)13-8-5-3-2-4-7(8)9(11)12/h2-5H,1H3,(H,11,12)/p-1",CC(=O)Oc1ccccc1C(=O)[O-]
(S)-3-hydroxyhexadecanoyl-CoA,"InChI=1S/C37H66N7O18P3S/c1-4-5-6-7-8-9-10-11-12-13-14-15-25(45)20-28(47)66-19-18-39-27(46)16-17-40-35(50)32(49)37(2,3)22-59-65(56,57)62-64(54,55)58-21-26-31(61-63(51,52)53)30(48)36(60-26)44-24-43-29-33(38)41-23-42-34(29)44/h23-26,30-32,36,45,48-49H,4-22H2,1-3H3,(H,39,46)(H,40,50)(H,54,55)(H,56,57)(H2,38,41,42)(H2,51,52,53)/p-4/t25-,26+,30+,31+,32-,36+/m0/s1",CCCCCCCCCCCCC[C@H](O)CC(=O)SCCN=C([O-])CCN=C([O-])[C@H](O)C(C)(C)COP(=O)(O)OP(=O)(O)OC[C@H]1O[C@@H](n2cnc3c(N)ncnc32)[C@H](O)[C@@H]1OP(=O)([O-])[O-]
"(2R,4S)-2-methyl-2,3,3,4-tetrahydroxytetrahydrofuran","InChI=1S/C5H10O5/c1-4(7)5(8,9)3(6)2-10-4/h3,6-9H,2H2,1H3/t3-,4+/m0/s1",C[C@@]1(O)OC[C@H](O)C1(O)O
(<i>R</i>)-pantolactone,"InChI=1S/C6H10O3/c1-6(2)3-9-5(8)4(6)7/h4,7H,3H2,1-2H3/t4-/m0/s1",CC1(C)COC(=O)[C@@H]1O
"3-(5,6-dihydroxycyclohexa-1,3-dien-1-yl)propanoate","InChI=1S/C9H12O4/c10-7-3-1-2-6(9(7)13)4-5-8(11)12/h1-3,7,9-10,13H,4-5H2,(H,11,12)/p-1/t7-,9+/m1/s1",O=C([O-])CCC1=CC=C[C@@H](O)[C@H]1O
<i>N</i>-ethylmaleimide,"InChI=1S/C6H7NO2/c1-2-7-5(8)3-4-6(7)9/h3-4H,2H2,1H3",CCN1C(=O)C=CC1=O
&beta; -methyl maltoside,"InChI=1S/C13H24O11/c1-21-12-10(20)8(18)11(5(3-15)23-12)24-13-9(19)7(17)6(16)4(2-14)22-13/h4-20H,2-3H2,1H3/t4-,5-,6-,7+,8-,9-,10-,11?,12-,13?/m1/s1",CO[C@@H]1O[C@H](CO)C(OC2O[C@H](CO)[C@@H](O)[C@H](O)[C@H]2O)[C@H](O)[C@H]1O
hydroxyacetone,"InChI=1S/C3H6O2/c1-3(5)2-4/h4H,2H2,1H3",CC(=O)CO
L-arginino-succinate,"InChI=1S/C10H18N4O6/c11-5(8(17)18)2-1-3-13-10(12)14-6(9(19)20)4-7(15)16/h5-6H,1-4,11H2,(H,15,16)(H,17,18)(H,19,20)(H3,12,13,14)/p-1/t5-,6?/m0/s1",N=C(NCCC[C@H](N)C(=O)O)NC(CC(=O)[O-])C(=O)O
formycin 5'-PO4,"InChI=1S/C10H14N5O7P/c11-10-6-4(12-2-13-10)5(14-15-6)9-8(17)7(16)3(22-9)1-21-23(18,19)20/h2-3,7-9,16-17H,1H2,(H,14,15)(H2,11,12,13)(H2,18,19,20)/p-2",Nc1ncnc2c(C3OC(COP(=O)([O-])[O-])C(O)C3O)[nH]nc12
"2-methoxy-6-<i>all trans</i>-octaprenyl-1,4-benzoquinol","InChI=1S/C47H72O3/c1-36(2)18-11-19-37(3)20-12-21-38(4)22-13-23-39(5)24-14-25-40(6)26-15-27-41(7)28-16-29-42(8)30-17-31-43(9)32-33-44-34-45(48)35-46(50-10)47(44)49/h18,20,22,24,26,28,30,32,34-35,48-49H,11-17,19,21,23,25,27,29,31,33H2,1-10H3/b37-20+,38-22+,39-24+,40-26+,41-28+,42-30+,43-32+",COc1cc(O)cc(C/C=C(/C)CC/C=C(/C)CC/C=C(/C)CC/C=C(/C)CC/C=C(/C)CC/C=C(/C)CC/C=C(/C)CCC=C(C)C)c1O
(<i>S</i>)-5-hydroxyisourate,"InChI=1S/C5H4N4O4/c10-2-5(13)1(6-3(11)8-2)7-4(12)9-5/h13H,(H3,6,7,8,9,10,11,12)/t5-/m0/s1",O=C1N=C(O)[C@]2(O)NC(O)=NC2=N1
hydroxylamine,"InChI=1S/H3NO/c1-2/h2H,1H2",NO
"2,4-diamino-6-ethyl-5,3'-(2-trifluoromethyl-4-sulphonamidophenoxy)prop-1'-yloxypyrimidine","InChI=1S/C16H20F3N5O4S/c1-2-11-13(14(20)24-15(21)23-11)28-7-3-6-27-12-5-4-9(29(22,25)26)8-10(12)16(17,18)19/h4-5,8H,2-3,6-7H2,1H3,(H2,22,25,26)(H4,20,21,23,24)",CCc1[nH]c(=N)[nH]c(=N)c1OCCCOc1ccc(S(N)(=O)=O)cc1C(F)(F)F
3-dehydro-L-gulonate,"InChI=1S/C6H10O7/c7-1-2(8)3(9)4(10)5(11)6(12)13/h2-3,5,7-9,11H,1H2,(H,12,13)/p-1/t2-,3+,5-/m0/s1",O=C([O-])[C@@H](O)C(=O)[C@H](O)[C@@H](O)CO
farnesylfarnesylgeraniol,"InChI=1S/C40H66O/c1-33(2)17-10-18-34(3)19-11-20-35(4)21-12-22-36(5)23-13-24-37(6)25-14-26-38(7)27-15-28-39(8)29-16-30-40(9)31-32-41/h17,19,21,23,25,27,29,31,41H,10-16,18,20,22,24,26,28,30,32H2,1-9H3/b34-19+,35-21+,36-23+,37-25+,38-27+,39-29+,40-31+",CC(C)=CCC/C(C)=C\CC/C(C)=C\CC/C(C)=C\CC/C(C)=C\CC/C(C)=C\CC/C(C)=C\CC/C(C)=C\CO
3-propylphosphoenolpyruvate,"InChI=1S/C6H11O6P/c1-2-3-4-5(6(7)8)12-13(9,10)11/h4H,2-3H2,1H3,(H,7,8)(H2,9,10,11)/p-3",CCC/C=C(/OP(=O)([O-])[O-])C(=O)[O-]
2-sulfanylethan-1-ol,"InChI=1S/C2H6OS/c3-1-2-4/h3-4H,1-2H2",OCCS
dihydrolipoamide,"InChI=1S/C8H17NOS2/c9-8(10)4-2-1-3-7(12)5-6-11/h7,11-12H,1-6H2,(H2,9,10)/t7-/m1/s1",N=C(O)CCCC[C@@H](S)CCS
4-methylene diaminopimelate,"InChI=1S/C8H14N2O4/c1-4(2-5(9)7(11)12)3-6(10)8(13)14/h5-6H,1-3,9-10H2,(H,11,12)(H,13,14)",C=C(CC(N)C(=O)O)CC(N)C(=O)O
(<i>R</i>)-1-aminopropan-2-ol,"InChI=1S/C3H9NO/c1-3(5)2-4/h3,5H,2,4H2,1H3/p+1/t3-/m1/s1",C[C@@H](O)C[NH3+]
D-galactosylamine,"InChI=1S/C6H13NO5/c7-6-5(11)4(10)3(9)2(1-8)12-6/h2-6,8-11H,1,7H2/p+1",[NH3+]C1OC(CO)C(O)C(O)C1O
Batimastat,"InChI=1S/C23H31N3O4S2/c1-15(2)12-17(18(22(28)26-30)14-32-20-10-7-11-31-20)21(27)25-19(23(29)24-3)13-16-8-5-4-6-9-16/h4-11,15,17-19,30H,12-14H2,1-3H3,(H,24,29)(H,25,27)(H,26,28)/t17-,18+,19+/m1/s1",CN=C(O)[C@H](Cc1ccccc1)N=C(O)[C@H](CC(C)C)[C@H](CSc1cccs1)C(O)=NO
chloral hydrate,"InChI=1S/C2H3Cl3O2/c3-2(4,5)1(6)7/h1,6-7H",OC(O)C(Cl)(Cl)Cl
pentamidine,"InChI=1S/C19H24N4O2/c20-18(21)14-4-8-16(9-5-14)24-12-2-1-3-13-25-17-10-6-15(7-11-17)19(22)23/h4-11H,1-3,12-13H2,(H3,20,21)(H3,22,23)",N=C(N)c1ccc(OCCCCCOc2ccc(C(=N)N)cc2)cc1
<i>N</i>-(4-aminobenzoyl)-L-glutamate,"InChI=1S/C12H14N2O5/c13-8-3-1-7(2-4-8)11(17)14-9(12(18)19)5-6-10(15)16/h1-4,9H,5-6,13H2,(H,14,17)(H,15,16)(H,18,19)/p-2",Nc1ccc(C(=O)NC(CCC(=O)[O-])C(=O)[O-])cc1
tetrachlorosalicylanilide,"InChI=1S/C13H7Cl4NO2/c14-8-7(12(19)11(17)10(16)9(8)15)13(20)18-6-4-2-1-3-5-6/h1-5,19H,(H,18,20)",OC(=Nc1ccccc1)c1c(O)c(Cl)c(Cl)c(Cl)c1Cl
2-phenylacetamidine,"InChI=1S/C8H10N2/c9-8(10)6-7-4-2-1-3-5-7/h1-5H,6H2,(H3,9,10)/p+1",NC(=[NH2+])Cc1ccccc1
nigericin,"InChI=1S/C40H68O11/c1-21-11-12-28(46-33(21)26(6)36(42)43)17-29-18-30(45-10)27(7)40(48-29)25(5)19-38(9,51-40)32-13-14-37(8,49-32)35-23(3)16-31(47-35)34-22(2)15-24(4)39(44,20-41)50-34/h21-35,41,44H,11-20H2,1-10H3,(H,42,43)/t21-,22-,23-,24+,25+,26+,27+,28+,29+,30+,31+,32+,33+,34-,35+,37-,38-,39-,40+/m0/s1",CO[C@@H]1C[C@@H](C[C@@H]2CC[C@H](C)[C@H]([C@@H](C)C(=O)O)O2)O[C@]2(O[C@](C)([C@H]3CC[C@@](C)([C@@H]4O[C@@H]([C@H]5O[C@@](O)(CO)[C@H](C)C[C@@H]5C)C[C@@H]4C)O3)C[C@H]2C)[C@@H]1C
nifuroxime,,
valinomycin,"InChI=1S/C54H90N6O18/c1-22(2)34-49(67)73-31(19)43(61)55-38(26(9)10)53(71)77-41(29(15)16)47(65)59-36(24(5)6)51(69)75-33(21)45(63)57-39(27(11)12)54(72)78-42(30(17)18)48(66)60-35(23(3)4)50(68)74-32(20)44(62)56-37(25(7)8)52(70)76-40(28(13)14)46(64)58-34/h22-42H,1-21H3,(H,55,61)(H,56,62)(H,57,63)(H,58,64)(H,59,65)(H,60,66)/t31-,32-,33-,34+,35+,36+,37-,38-,39-,40+,41+,42+/m0/s1",CC(C)[C@@H]1N=C(O)[C@H](C)OC(=O)[C@@H](C(C)C)N=C(O)[C@@H](C(C)C)OC(=O)[C@H](C(C)C)N=C(O)[C@H](C)OC(=O)[C@@H](C(C)C)N=C(O)[C@@H](C(C)C)OC(=O)[C@H](C(C)C)N=C(O)[C@H](C)OC(=O)[C@@H](C(C)C)N=C(O)[C@@H](C(C)C)OC1=O
cisplatin,,N.N.[Cl-].[Cl-].[Pt+4]
1-<i>O</i>-methyl-&beta;-D-glucose,,
3-decynoyl-<i>N</i>-acetylcysteamine,"InChI=1S/C14H23NO2S/c1-3-4-5-6-7-8-9-10-14(17)15(11-12-18)13(2)16/h18H,3-7,10-12H2,1-2H3",CCCCCCC#CCC(=O)N(CCS)C(C)=O
cyanidin-3-<i>O</i>-rutinoside-5-<i>O</i>-&beta;-D-glucoside,"InChI=1S/C33H40O20/c1-10-21(38)24(41)27(44)31(48-10)47-9-20-23(40)26(43)29(46)33(53-20)51-18-7-13-16(49-30(18)11-2-3-14(36)15(37)4-11)5-12(35)6-17(13)50-32-28(45)25(42)22(39)19(8-34)52-32/h2-7,10,19-29,31-34,38-46H,8-9H2,1H3,(H2-,35,36,37)/t10-,19+,20+,21-,22+,23+,24+,25-,26-,27+,28+,29+,31+,32+,33+/m0/s1",C[C@@H]1O[C@@H](OC[C@H]2O[C@@H](Oc3cc4c(O[C@@H]5O[C@H](CO)[C@@H](O)[C@H](O)[C@H]5O)cc(O)cc4[o+]c3-c3ccc(O)c([O-])c3)[C@H](O)[C@@H](O)[C@@H]2O)[C@H](O)[C@H](O)[C@H]1O
(acetamidomethyl)phosphonate,"InChI=1S/C3H8NO4P/c1-3(5)4-2-9(6,7)8/h2H2,1H3,(H,4,5)(H2,6,7,8)/p-1",CC([O-])=NCP(=O)(O)O
2-mercaptoglutarate,"InChI=1S/C5H8O4S/c6-4(7)2-1-3(10)5(8)9/h3,10H,1-2H2,(H,6,7)(H,8,9)/p-2",O=C([O-])CCC(S)C(=O)[O-]
"5-phospho-&alpha;-D-ribose 1,2-cyclic phosphate","InChI=1S/C5H10O10P2/c6-3-2(1-12-16(7,8)9)13-5-4(3)14-17(10,11)15-5/h2-6H,1H2,(H,10,11)(H2,7,8,9)/p-3/t2-,3-,4-,5-/m1/s1",O=P([O-])([O-])OC[C@H]1O[C@@H]2OP(=O)([O-])O[C@@H]2[C@@H]1O
"3,3-dimethyl-2-oxobutyric acid 5-(6-aminopurin-9-yl)-3,4-dihydroxytetrahydrofuran-2-ylmethyl ester","InChI=1S/C16H21N5O6/c1-16(2,3)11(24)15(25)26-4-7-9(22)10(23)14(27-7)21-6-20-8-12(17)18-5-19-13(8)21/h5-7,9-10,14,22-23H,4H2,1-3H3,(H2,17,18,19)",CC(C)(C)C(=O)C(=O)OCC1OC(n2cnc3c(N)ncnc32)C(O)C1O
"2,3-dimethyl-1,4-naphthoquinone","InChI=1S/C12H10O2/c1-7-8(2)12(14)10-6-4-3-5-9(10)11(7)13/h3-6H,1-2H3",CC1=C(C)C(=O)c2ccccc2C1=O
2-thiouridine 5'-triphosphate,"InChI=1S/C9H15N2O14P3S/c12-5-1-2-11(9(29)10-5)8-7(14)6(13)4(23-8)3-22-27(18,19)25-28(20,21)24-26(15,16)17/h1-2,4,6-8,13-14H,3H2,(H,18,19)(H,20,21)(H,10,12,29)(H2,15,16,17)/p-4/t4-,6-,7-,8-/m1/s1",O=P([O-])([O-])OP(=O)(O)OP(=O)([O-])OC[C@H]1O[C@@H](n2ccc([O-])nc2=S)[C@H](O)[C@@H]1O
dHAPTP,"InChI=1S/C10H16N5O13P3/c16-5-1-7(15-4-13-8-9(14-17)11-3-12-10(8)15)26-6(5)2-25-30(21,22)28-31(23,24)27-29(18,19)20/h3-7,16-17H,1-2H2,(H,21,22)(H,23,24)(H,11,12,14)(H2,18,19,20)/p-4/t5-,6+,7+/m0/s1",O=P([O-])([O-])OP(=O)([O-])OP(=O)([O-])OC[C@H]1O[C@@H](n2cnc3c(NO)ncnc32)C[C@@H]1O
cloxacillin,"InChI=1S/C19H18ClN3O5S/c1-8-11(12(22-28-8)9-6-4-5-7-10(9)20)15(24)21-13-16(25)23-14(18(26)27)19(2,3)29-17(13)23/h4-7,13-14,17H,1-3H3,(H,21,24)(H,26,27)/p-1/t13-,14+,17-/m1/s1",Cc1onc(-c2ccccc2Cl)c1C([O-])=N[C@@H]1C(=O)N2[C@@H]1SC(C)(C)[C@@H]2C(=O)O
2-acyl-sn-glycero-3-phosphoethanolamine (n-C16:0),"InChI=1S/C21H44NO7P/c1-2-3-4-5-6-7-8-9-10-11-12-13-14-15-21(24)29-20(18-23)19-28-30(25,26)27-17-16-22/h20,23H,2-19,22H2,1H3,(H,25,26)/t20-/m1/s1",CCCCCCCCCCCCCCCC(=O)O[C@H](CO)COP(=O)(O)OCCN
tetramethylammonium,"InChI=1S/C4H12N/c1-5(2,3)4/h1-4H3/q+1",C[N+](C)(C)C
4-picoline N-oxide,"InChI=1S/C6H7NO/c1-6-2-4-7(8)5-3-6/h2-5H,1H3",Cc1cc[n+]([O-])cc1
thiamine triphosphate,"InChI=1S/C12H19N4O10P3S/c1-8-11(30-7-16(8)6-10-5-14-9(2)15-12(10)13)3-4-24-28(20,21)26-29(22,23)25-27(17,18)19/h5,7H,3-4,6H2,1-2H3,(H5-,13,14,15,17,18,19,20,21,22,23)/p-3",Cc1ncc(C[n+]2csc(CCOP(=O)([O-])OP(=O)([O-])OP(=O)([O-])[O-])c2C)c(=N)[nH]1
ethylpyruvate,"InChI=1S/C5H8O3/c1-3-8-5(7)4(2)6/h3H2,1-2H3",CCOC(=O)C(C)=O
"&beta;-D-fructose 2,6-bisphosphate","InChI=1S/C6H14O12P2/c7-2-6(18-20(13,14)15)5(9)4(8)3(17-6)1-16-19(10,11)12/h3-5,7-9H,1-2H2,(H2,10,11,12)(H2,13,14,15)/p-4/t3-,4-,5+,6+/m1/s1",O=P([O-])([O-])OC[C@H]1O[C@@](CO)(OP(=O)([O-])[O-])[C@@H](O)[C@@H]1O
"3-chloro-1,2-propanediol","InChI=1S/C3H7ClO2/c4-1-3(6)2-5/h3,5-6H,1-2H2",OCC(O)CCl
2-phthalimidoglutarate,"InChI=1S/C13H11NO6/c15-10(16)6-5-9(13(19)20)14-11(17)7-3-1-2-4-8(7)12(14)18/h1-4,9H,5-6H2,(H,15,16)(H,19,20)/p-2/t9-/m0/s1",O=C([O-])CC[C@@H](C(=O)[O-])N1C(=O)c2ccccc2C1=O
UDP-&alpha;-D-fucopyranose,"InChI=1S/C15H24N2O16P2/c1-5-8(19)10(21)12(23)14(30-5)32-35(27,28)33-34(25,26)29-4-6-9(20)11(22)13(31-6)17-3-2-7(18)16-15(17)24/h2-3,5-6,8-14,19-23H,4H2,1H3,(H,25,26)(H,27,28)(H,16,18,24)/p-2/t5-,6-,8+,9-,10+,11-,12-,13-,14-/m1/s1",C[C@H]1O[C@H](OP(=O)(O)OP(=O)([O-])OC[C@H]2O[C@@H](n3ccc([O-])nc3=O)[C@H](O)[C@@H]2O)[C@H](O)[C@@H](O)[C@H]1O
"(1R,5S,6S)-2-succinyl-5-enolpyruvyl-6-hydroxycyclohex-2-ene-1-carboxylate","InChI=1S/C14H16O9/c1-6(13(19)20)23-9-4-2-7(8(15)3-5-10(16)17)11(12(9)18)14(21)22/h2,9,11-12,18H,1,3-5H2,(H,16,17)(H,19,20)(H,21,22)/p-3/t9-,11+,12+/m0/s1",C=C(O[C@H]1CC=C(C(=O)CCC(=O)[O-])[C@@H](C(=O)[O-])[C@@H]1O)C(=O)[O-]
"1,2-dioctanoyl-1,2,4-butanetriol","InChI=1S/C20H38O5/c1-3-5-7-9-11-13-19(22)24-17-18(15-16-21)25-20(23)14-12-10-8-6-4-2/h18,21H,3-17H2,1-2H3",CCCCCCCC(=O)OCC(CCO)OC(=O)CCCCCCC
2-chlorophenylhydrazine,"InChI=1S/C6H7ClN2/c7-5-3-1-2-4-6(5)9-8/h1-4,9H,8H2",NNc1ccccc1Cl
acetylenedicarboxylate,"InChI=1S/C4H2O4/c5-3(6)1-2-4(7)8/h(H,5,6)(H,7,8)/p-2",O=C([O-])C#CC(=O)[O-]
"1,4-bis-{[N-(1-imino-1-guanidino-methyl)]sulfanylmethyl}-3,6-dimethyl-benzene","InChI=1S/C14H22N8S2/c1-7-3-10(6-24-14(20)22-12(17)18)8(2)4-9(7)5-23-13(19)21-11(15)16/h3-4H,5-6H2,1-2H3,(H5,15,16,19,21)(H5,17,18,20,22)/p+4",Cc1cc(CSC(=N)NC(=[NH2+])[NH3+])c(C)cc1CSC(=N)NC(=[NH2+])[NH3+]
(2<i>E</i>)-5-carboxy-2-pentenoyl-CoA,"InChI=1S/C27H42N7O19P3S/c1-27(2,22(40)25(41)30-8-7-16(35)29-9-10-57-18(38)6-4-3-5-17(36)37)12-50-56(47,48)53-55(45,46)49-11-15-21(52-54(42,43)44)20(39)26(51-15)34-14-33-19-23(28)31-13-32-24(19)34/h4,6,13-15,20-22,26,39-40H,3,5,7-12H2,1-2H3,(H,29,35)(H,30,41)(H,36,37)(H,45,46)(H,47,48)(H2,28,31,32)(H2,42,43,44)/p-5/b6-4+/t15-,20-,21-,22+,26-/m1/s1",CC(C)(COP(=O)(O)OP(=O)(O)OC[C@H]1O[C@@H](n2cnc3c(N)ncnc32)[C@H](O)[C@@H]1OP(=O)([O-])[O-])[C@@H](O)C([O-])=NCCC([O-])=NCCSC(=O)/C=C/CCC(=O)[O-]
josamycin,"InChI=1S/C42H69NO15/c1-23(2)19-32(47)56-40-27(6)53-34(22-42(40,8)50)57-37-26(5)54-41(36(49)35(37)43(9)10)58-38-29(17-18-44)20-24(3)30(46)16-14-12-13-15-25(4)52-33(48)21-31(39(38)51-11)55-28(7)45/h12-14,16,18,23-27,29-31,34-41,46,49-50H,15,17,19-22H2,1-11H3/p+1/b13-12+,16-14+/t24-,25-,26-,27+,29+,30+,31-,34+,35-,36-,37-,38+,39+,40+,41+,42-/m1/s1",CO[C@@H]1[C@@H](O[C@@H]2O[C@H](C)[C@@H](O[C@H]3C[C@@](C)(O)[C@@H](OC(=O)CC(C)C)[C@H](C)O3)[C@H]([NH+](C)C)[C@H]2O)[C@@H](CC=O)C[C@@H](C)[C@@H](O)/C=C/C=C/C[C@@H](C)OC(=O)C[C@H]1OC(C)=O
8-anilinonaphthalenesulfonate,"InChI=1S/C16H13NO3S/c18-21(19,20)15-11-5-7-12-6-4-10-14(16(12)15)17-13-8-2-1-3-9-13/h1-11,17H,(H,18,19,20)/p-1",O=S(=O)([O-])c1cccc2cccc(Nc3ccccc3)c12
tylosin,"InChI=1S/C46H77NO17/c1-13-33-30(22-58-45-42(57-12)41(56-11)37(52)26(5)60-45)18-23(2)14-15-31(49)24(3)19-29(16-17-48)39(25(4)32(50)20-34(51)62-33)64-44-38(53)36(47(9)10)40(27(6)61-44)63-35-21-46(8,55)43(54)28(7)59-35/h14-15,17-18,24-30,32-33,35-45,50,52-55H,13,16,19-22H2,1-12H3/p+1/b15-14+,23-18+/t24-,25+,26-,27-,28+,29+,30-,32-,33-,35+,36-,37-,38-,39-,40-,41-,42-,43+,44+,45-,46-/m1/s1",CC[C@H]1OC(=O)C[C@@H](O)[C@H](C)[C@@H](O[C@@H]2O[C@H](C)[C@@H](O[C@H]3C[C@@](C)(O)[C@@H](O)[C@H](C)O3)[C@H]([NH+](C)C)[C@H]2O)[C@@H](CC=O)C[C@@H](C)C(=O)/C=C/C(C)=C/[C@@H]1CO[C@@H]1O[C@H](C)[C@@H](O)[C@@H](OC)[C@H]1OC
(R)-4'-phosphopantothenoyl-L-cysteine,"InChI=1S/C12H23N2O9PS/c1-12(2,6-23-24(20,21)22)9(16)10(17)13-4-3-8(15)14-7(5-25)11(18)19/h7,9,16,25H,3-6H2,1-2H3,(H,13,17)(H,14,15)(H,18,19)(H2,20,21,22)/p-3/t7-,9-/m0/s1",CC(C)(COP(=O)(O)O)[C@@H](O)C([O-])=NCCC([O-])=N[C@@H](CS)C(=O)[O-]
<i>S</i>-methyl-5-thio-D-ribulose 1-phosphate,"InChI=1S/C6H13O7PS/c1-15-3-5(8)6(9)4(7)2-13-14(10,11)12/h5-6,8-9H,2-3H2,1H3,(H2,10,11,12)/p-2/t5-,6+/m1/s1",CSC[C@@H](O)[C@@H](O)C(=O)COP(=O)([O-])[O-]
"1,4-benzoquinone",InChI=1S/C6H4O2/c7-5-1-2-6(8)4-3-5/h1-4H,O=C1C=CC(=O)C=C1
<i>n</i>-butylamine,"InChI=1S/C4H11N/c1-2-3-4-5/h2-5H2,1H3/p+1",CCCC[NH3+]
<i>N</i>-acetylglutamyl-phosphate,"InChI=1S/C7H12NO8P/c1-4(9)8-5(7(11)12)2-3-6(10)16-17(13,14)15/h5H,2-3H2,1H3,(H,8,9)(H,11,12)(H2,13,14,15)/p-3/t5-/m0/s1",CC([O-])=N[C@@H](CCC(=O)OP(=O)([O-])O)C(=O)[O-]
&alpha;-monofluoromethylarginine,"InChI=1S/C7H15FN4O2/c8-4-7(11,5(13)14)2-1-3-12-6(9)10/h1-4,11H2,(H,13,14)(H4,9,10,12)",N=C(N)NCCCC(N)(CF)C(=O)O
(8<i>S</i>)-8-amino-7-oxononanoate,"InChI=1S/C9H17NO3/c1-7(10)8(11)5-3-2-4-6-9(12)13/h7H,2-6,10H2,1H3,(H,12,13)/t7-/m0/s1",C[C@H](N)C(=O)CCCCCC(=O)O
kojic acid,"InChI=1S/C6H6O4/c7-2-4-1-5(8)6(9)3-10-4/h1,3,7,9H,2H2/p-1",O=c1cc(CO)occ1[O-]
fluoroaluminate,InChI=1S/Al.4FH/h;4*1H/q+3;;;;/p-4,[Al+3].[F-].[F-].[F-].[F-]
5'-chloroformycin,"InChI=1S/C10H12ClN5O4/c11-10-13-3-4(15-16-5(3)9(12)14-10)8-7(19)6(18)2(1-17)20-8/h2,6-8,17-19H,1H2,(H,15,16)(H2,12,13,14)/t2-,6-,7-,8+/m1/s1",Nc1nc(Cl)nc2c([C@@H]3O[C@H](CO)[C@@H](O)[C@H]3O)[nH]nc12
4-amino-2-methyl-5-pyrimidinemethanol,"InChI=1S/C6H9N3O/c1-4-8-2-5(3-10)6(7)9-4/h2,10H,3H2,1H3,(H2,7,8,9)",Cc1ncc(CO)c(=N)[nH]1
maltohexaose,"InChI=1S/C36H62O31/c37-1-7-13(43)14(44)21(51)32(58-7)64-27-9(3-39)60-34(23(53)16(27)46)66-29-11(5-41)62-36(25(55)18(29)48)67-30-12(6-42)61-35(24(54)19(30)49)65-28-10(4-40)59-33(22(52)17(28)47)63-26-8(2-38)57-31(56)20(50)15(26)45/h7-56H,1-6H2/t7-,8-,9-,10-,11-,12-,13-,14+,15-,16-,17-,18-,19-,20-,21-,22-,23-,24-,25-,26-,27-,28-,29-,30-,31?,32-,33-,34-,35-,36-/m1/s1",OC[C@H]1O[C@H](O[C@H]2[C@H](O)[C@@H](O)[C@@H](O[C@H]3[C@H](O)[C@@H](O)[C@@H](O[C@H]4[C@H](O)[C@@H](O)[C@@H](O[C@H]5[C@H](O)[C@@H](O)[C@@H](O[C@H]6[C@H](O)[C@@H](O)C(O)O[C@@H]6CO)O[C@@H]5CO)O[C@@H]4CO)O[C@@H]3CO)O[C@@H]2CO)[C@H](O)[C@@H](O)[C@@H]1O
"2,4-diamino-6-methyl-5,3'-(3-trifluoromethylphenoxy)prop-1'-yloxypyrimidine","InChI=1S/C15H17F3N4O2/c1-9-12(13(19)22-14(20)21-9)24-7-3-6-23-11-5-2-4-10(8-11)15(16,17)18/h2,4-5,8H,3,6-7H2,1H3,(H4,19,20,21,22)",Cc1[nH]c(=N)[nH]c(=N)c1OCCCOc1cccc(C(F)(F)F)c1
maltopentaose,"InChI=1S/C30H52O26/c31-1-6-11(36)12(37)18(43)27(49-6)54-23-8(3-33)51-29(20(45)14(23)39)56-25-10(5-35)52-30(21(46)16(25)41)55-24-9(4-34)50-28(19(44)15(24)40)53-22-7(2-32)48-26(47)17(42)13(22)38/h6-47H,1-5H2/t6-,7-,8-,9-,10-,11-,12+,13-,14-,15-,16-,17-,18-,19-,20-,21-,22-,23-,24-,25-,26?,27-,28-,29-,30-/m1/s1",OC[C@H]1O[C@H](O[C@H]2[C@H](O)[C@@H](O)[C@@H](O[C@H]3[C@H](O)[C@@H](O)[C@@H](O[C@H]4[C@H](O)[C@@H](O)[C@@H](O[C@H]5[C@H](O)[C@@H](O)C(O)O[C@@H]5CO)O[C@@H]4CO)O[C@@H]3CO)O[C@@H]2CO)[C@H](O)[C@@H](O)[C@@H]1O
5-enolpyruvoyl-shikimate 3-phosphate,"InChI=1S/C10H13O10P/c1-4(9(12)13)19-6-2-5(10(14)15)3-7(8(6)11)20-21(16,17)18/h3,6-8,11H,1-2H2,(H,12,13)(H,14,15)(H2,16,17,18)/p-4/t6-,7-,8+/m1/s1",C=C(O[C@@H]1CC(C(=O)[O-])=C[C@@H](OP(=O)([O-])[O-])[C@H]1O)C(=O)[O-]
maltoheptaose,"InChI=1S/C42H72O36/c43-1-8-15(50)16(51)24(59)37(67-8)74-31-10(3-45)69-39(26(61)18(31)53)76-33-12(5-47)71-41(28(63)20(33)55)78-35-14(7-49)72-42(29(64)22(35)57)77-34-13(6-48)70-40(27(62)21(34)56)75-32-11(4-46)68-38(25(60)19(32)54)73-30-9(2-44)66-36(65)23(58)17(30)52/h8-65H,1-7H2/t8-,9-,10-,11-,12-,13-,14-,15-,16+,17-,18-,19-,20-,21-,22-,23-,24-,25-,26-,27-,28-,29-,30-,31-,32-,33-,34-,35-,36?,37-,38-,39-,40-,41-,42-/m1/s1",OC[C@H]1O[C@H](O[C@H]2[C@H](O)[C@@H](O)[C@@H](O[C@H]3[C@H](O)[C@@H](O)[C@@H](O[C@H]4[C@H](O)[C@@H](O)[C@@H](O[C@H]5[C@H](O)[C@@H](O)[C@@H](O[C@H]6[C@H](O)[C@@H](O)[C@@H](O[C@H]7[C@H](O)[C@@H](O)C(O)O[C@@H]7CO)O[C@@H]6CO)O[C@@H]5CO)O[C@@H]4CO)O[C@@H]3CO)O[C@@H]2CO)[C@H](O)[C@@H](O)[C@@H]1O
ethyl-2-methylacetoacetate,"InChI=1S/C7H12O3/c1-4-10-7(9)5(2)6(3)8/h5H,4H2,1-3H3/t5-/m1/s1",CCOC(=O)[C@H](C)C(C)=O
2-(4-amino-4-carboxybutyl)aziridine-2-carboxylate,"InChI=1S/C8H14N2O4/c9-5(6(11)12)2-1-3-8(4-10-8)7(13)14/h5,10H,1-4,9H2,(H,11,12)(H,13,14)/p-1/t5-,8-/m0/s1",N[C@@H](CCC[C@@]1(C(=O)O)CN1)C(=O)[O-]
2-deoxyglucose 6-phosphate,"InChI=1S/C6H13O8P/c7-2-1-4(8)6(10)5(9)3-14-15(11,12)13/h2,4-6,8-10H,1,3H2,(H2,11,12,13)/p-2/t4-,5-,6+/m1/s1",O=CC[C@@H](O)[C@H](O)[C@H](O)COP(=O)([O-])[O-]
3-demethylubiquinol-<i>8</i>,"InChI=1S/C48H74O4/c1-35(2)19-12-20-36(3)21-13-22-37(4)23-14-24-38(5)25-15-26-39(6)27-16-28-40(7)29-17-30-41(8)31-18-32-42(9)33-34-44-43(10)45(49)47(51)48(52-11)46(44)50/h19,21,23,25,27,29,31,33,49-51H,12-18,20,22,24,26,28,30,32,34H2,1-11H3/b36-21+,37-23+,38-25+,39-27+,40-29+,41-31+,42-33+",COc1c(O)c(O)c(C)c(C/C=C(/C)CC/C=C(/C)CC/C=C(/C)CC/C=C(/C)CC/C=C(/C)CC/C=C(/C)CC/C=C(/C)CCC=C(C)C)c1O
diethyldithiocarbamate,"InChI=1S/C5H11NS2/c1-3-6(4-2)5(7)8/h3-4H2,1-2H3,(H,7,8)/p-1",CCN(CC)C(=S)[S-]
sodium arsenite,,O=[As][O-].[Na+]
D-<i>glycero</i>-&beta;-D-<i>manno</i>-heptose 1-phosphate,"InChI=1S/C7H15O10P/c8-1-2(9)6-4(11)3(10)5(12)7(16-6)17-18(13,14)15/h2-12H,1H2,(H2,13,14,15)/p-2/t2-,3+,4+,5+,6-,7+/m1/s1",O=P([O-])([O-])O[C@@H]1O[C@H]([C@H](O)CO)[C@@H](O)[C@H](O)[C@@H]1O
guanidinium,"InChI=1S/CH5N3/c2-1(3)4/h(H5,2,3,4)/p+1",NC(N)=[NH2+]
<i>N</i>-acetyl-D-muramate 6-phosphate,"InChI=1S/C11H20NO11P/c1-4(10(15)16)22-9-7(12-5(2)13)11(17)23-6(8(9)14)3-21-24(18,19)20/h4,6-9,11,14,17H,3H2,1-2H3,(H,12,13)(H,15,16)(H2,18,19,20)/p-3/t4-,6-,7-,8-,9-,11?/m1/s1",CC([O-])=N[C@H]1C(O)O[C@H](COP(=O)([O-])O)[C@@H](O)[C@@H]1O[C@H](C)C(=O)[O-]
levallorphan,"InChI=1S/C19H25NO/c1-2-10-20-11-9-19-8-4-3-5-16(19)18(20)12-14-6-7-15(21)13-17(14)19/h2,6-7,13,16,18,21H,1,3-5,8-12H2/p+1/t16?,18-,19-/m1/s1",C=CC[NH+]1CC[C@]23CCCCC2[C@H]1Cc1ccc(O)cc13
coumaroyl amide,,
actinonin,"InChI=1S/C19H35N3O5/c1-4-5-6-8-14(11-16(24)21-27)18(25)20-17(13(2)3)19(26)22-10-7-9-15(22)12-23/h13-15,17,23,27H,4-12H2,1-3H3,(H,20,25)(H,21,24)/t14-,15+,17+/m1/s1",CCCCC[C@H](CC(O)=NO)C(O)=N[C@H](C(=O)N1CCC[C@H]1CO)C(C)C
4-hydroxy-3-nitrophenylacetaldehyde,"InChI=1S/C8H7NO4/c10-4-3-6-1-2-8(11)7(5-6)9(12)13/h1-2,4-5,11H,3H2",O=CCc1ccc(O)c([N+](=O)[O-])c1
cyclogutamate,"InChI=1S/C8H13NO4/c9-8(7(12)13)3-1-2-5(4-8)6(10)11/h5H,1-4,9H2,(H,10,11)(H,12,13)/p-1/t5-,8-/m1/s1",N[C@]1(C(=O)O)CCC[C@@H](C(=O)[O-])C1
<i>N</i><sup>4</sup>-methylcytidine,"InChI=1S/C11H16N2O5/c1-12-7-3-2-5(11(17)13-7)10-9(16)8(15)6(4-14)18-10/h2-3,5-6,8-10,14-16H,4H2,1H3,(H,12,13,17)/t5?,6-,8-,9-,10+/m1/s1",CN=C1C=CC([C@@H]2O[C@H](CO)[C@@H](O)[C@H]2O)C(O)=N1
2-methylphosphinoyl-2-hydroxyacetate,"InChI=1S/C5H11O4P/c1-5(8,4(6)7)10(2,3)9/h8H,1-3H3,(H,6,7)/p-1",CC(O)(C(=O)[O-])P(C)(C)=O
7-methyl-preQ<sub>0</sub>,"InChI=1S/C8H11N5O/c1-13-3-4(2-9)5-6(13)11-8(10)12-7(5)14/h3H,2,9H2,1H3,(H3,10,11,12,14)/p+1",Cn1cc(C[NH3+])c2c(O)nc(=N)[nH]c21
phosphoglycolohydroxamate,"InChI=1S/C2H6NO6P/c4-2(3-5)1-9-10(6,7)8/h5H,1H2,(H,3,4)(H2,6,7,8)/p-2",O=P(O)(O)OCC([O-])=N[O-]
3-carboxybenzaldehyde,"InChI=1S/C8H6O3/c9-5-6-2-1-3-7(4-6)8(10)11/h1-5H,(H,10,11)/p-1",O=Cc1cccc(C(=O)[O-])c1
psicofuranine,"InChI=1S/C11H15N5O5/c12-9-6-10(14-3-13-9)16(4-15-6)11(2-18)8(20)7(19)5(1-17)21-11/h3-5,7-8,17-20H,1-2H2,(H2,12,13,14)/t5-,7-,8-,11-/m1/s1",Nc1ncnc2c1ncn2[C@]1(CO)O[C@H](CO)[C@@H](O)[C@H]1O
galactofuranosyl-glucosyl-O-acetyl-rhamanosyl-N-acetylglucosamyl-undecaprenyl diphosphate,"InChI=1S/C83H137NO27P2/c1-51(2)26-16-27-52(3)28-17-29-53(4)30-18-31-54(5)32-19-33-55(6)34-20-35-56(7)36-21-37-57(8)38-22-39-58(9)40-23-41-59(10)42-24-43-60(11)44-25-45-61(12)46-47-102-112(97,98)111-113(99,100)110-80-68(84-63(14)87)77(71(92)66(49-86)105-80)108-83-79(104-64(15)88)78(69(90)62(13)103-83)109-82-74(95)72(93)70(91)67(106-82)50-101-81-75(96)73(94)76(107-81)65(89)48-85/h26,28,30,32,34,36,38,40,42,44,46,62,65-83,85-86,89-96H,16-25,27,29,31,33,35,37,39,41,43,45,47-50H2,1-15H3,(H,84,87)(H,97,98)(H,99,100)/p-2/b52-28+,53-30+,54-32+,55-34+,56-36+,57-38+,58-40+,59-42+,60-44+,61-46+",CC(=O)OC1C(OC2C(O)C(CO)OC(OP(=O)(O)OP(=O)([O-])OC/C=C(/C)CC/C=C(/C)CC/C=C(/C)CC/C=C(/C)CC/C=C(/C)CC/C=C(/C)CC/C=C(/C)CC/C=C(/C)CC/C=C(/C)CC/C=C(/C)CCC=C(C)C)C2N=C(C)[O-])OC(C)C(O)C1OC1OC(COC2OC(C(O)CO)C(O)C2O)C(O)C(O)C1O
4-(&gamma;-L-glutamylamino)butanoate,"InChI=1S/C9H16N2O5/c10-6(9(15)16)3-4-7(12)11-5-1-2-8(13)14/h6H,1-5,10H2,(H,11,12)(H,13,14)(H,15,16)/p-1/t6-/m0/s1",N[C@@H](CCC([O-])=NCCCC(=O)O)C(=O)O
undecaprenyl phosphate-4-amino-4-formyl-L-arabinose,"InChI=1S/C61H100NO8P/c1-47(2)23-13-24-48(3)25-14-26-49(4)27-15-28-50(5)29-16-30-51(6)31-17-32-52(7)33-18-34-53(8)35-19-36-54(9)37-20-38-55(10)39-21-40-56(11)41-22-42-57(12)43-44-69-71(66,67)70-60-58(64)59(65)61(62,45-63)46-68-60/h23,25,27,29,31,33,35,37,39,41,43,45,58-60,64-65H,13-22,24,26,28,30,32,34,36,38,40,42,44,46,62H2,1-12H3,(H,66,67)/p-1/b48-25+,49-27+,50-29+,51-31+,52-33+,53-35+,54-37+,55-39+,56-41+,57-43+/t58-,59-,60+,61?/m1/s1",CC(C)=CCC/C(C)=C\CC/C(C)=C\CC/C(C)=C\CC/C(C)=C\CC/C(C)=C\CC/C(C)=C\CC/C(C)=C\CC/C(C)=C\CC/C(C)=C\CC/C(C)=C\COP(=O)([O-])O[C@@H]1OCC(N)(C=O)[C@H](O)[C@H]1O
<i>p</i>-mercuribenzoate,"InChI=1S/C7H5O2.Hg/c8-7(9)6-4-2-1-3-5-6;/h2-5H,(H,8,9);/p-1",O=C([O-])C1=CC=C=C[CH]1.[Hg]
nicotinic acid N-oxide,"InChI=1S/C6H5NO3/c8-6(9)5-2-1-3-7(10)4-5/h1-4H,(H,8,9)/p-1",O=C([O-])c1ccc[n+]([O-])c1
methotrexate,"InChI=1S/C20H22N8O5/c1-28(9-11-8-23-17-15(24-11)16(21)26-20(22)27-17)12-4-2-10(3-5-12)18(31)25-13(19(32)33)6-7-14(29)30/h2-5,8,13H,6-7,9H2,1H3,(H,25,31)(H,29,30)(H,32,33)(H4,21,22,23,26,27)/p-2/t13-/m0/s1",CN(Cc1cnc2nc(=N)[nH]c(N)c2n1)c1ccc(C(=O)N[C@@H](CCC(=O)[O-])C(=O)[O-])cc1
arsenous acid,InChI=1S/AsH3O3/c2-1(3)4/h2-4H,O[As](O)O
"4-(2-aminophenyl)-2,4-dioxobutanoate","InChI=1S/C10H9NO4/c11-7-4-2-1-3-6(7)8(12)5-9(13)10(14)15/h1-4H,5,11H2,(H,14,15)/p-1",Nc1ccccc1C(=O)CC(=O)C(=O)[O-]
L-Ala-D-Gln,"InChI=1S/C8H15N3O4/c1-4(9)8(15)11-5(7(10)14)2-3-6(12)13/h4-5H,2-3,9H2,1H3,(H2,10,14)(H,11,15)(H,12,13)",CC(N)C(O)=NC(CCC(=O)O)C(=N)O
mono-methyl hydrogen succinate,"InChI=1S/C5H8O4/c1-9-5(8)3-2-4(6)7/h2-3H2,1H3,(H,6,7)/p-1",COC(=O)CCC(=O)[O-]
2-hydroxyethyldisulfide,"InChI=1S/C4H10O2S2/c5-1-3-7-8-4-2-6/h5-6H,1-4H2",OCCSSCCO
"2-amino-3-carboxy-1,4-naphthoquinone","InChI=1S/C11H7NO4/c12-8-7(11(15)16)9(13)5-3-1-2-4-6(5)10(8)14/h1-4H,12H2,(H,15,16)",NC1=C(C(=O)O)C(=O)c2ccccc2C1=O
TsaD degradation products,,
(3<i>R</i>)-3-hydroxybutanoyl-CoA,"InChI=1S/C25H42N7O18P3S/c1-13(33)8-16(35)54-7-6-27-15(34)4-5-28-23(38)20(37)25(2,3)10-47-53(44,45)50-52(42,43)46-9-14-19(49-51(39,40)41)18(36)24(48-14)32-12-31-17-21(26)29-11-30-22(17)32/h11-14,18-20,24,33,36-37H,4-10H2,1-3H3,(H,27,34)(H,28,38)(H,42,43)(H,44,45)(H2,26,29,30)(H2,39,40,41)/p-4/t13-,14-,18-,19-,20+,24-/m1/s1",C[C@@H](O)CC(=O)SCCN=C([O-])CCN=C([O-])[C@H](O)C(C)(C)COP(=O)(O)OP(=O)(O)OC[C@H]1O[C@@H](n2cnc3c(N)ncnc32)[C@H](O)[C@@H]1OP(=O)([O-])[O-]
tellurate,"InChI=1S/H2O4Te/c1-5(2,3)4/h(H2,1,2,3,4)/p-2",O=[Te](=O)([O-])[O-]
(<i>S</i>)-3-hydroxybutanoyl-CoA,"InChI=1S/C25H42N7O18P3S/c1-13(33)8-16(35)54-7-6-27-15(34)4-5-28-23(38)20(37)25(2,3)10-47-53(44,45)50-52(42,43)46-9-14-19(49-51(39,40)41)18(36)24(48-14)32-12-31-17-21(26)29-11-30-22(17)32/h11-14,18-20,24,33,36-37H,4-10H2,1-3H3,(H,27,34)(H,28,38)(H,42,43)(H,44,45)(H2,26,29,30)(H2,39,40,41)/p-4/t13-,14+,18+,19+,20-,24+/m0/s1",C[C@H](O)CC(=O)SCCN=C([O-])CCN=C([O-])[C@H](O)C(C)(C)COP(=O)(O)OP(=O)(O)OC[C@H]1O[C@@H](n2cnc3c(N)ncnc32)[C@H](O)[C@@H]1OP(=O)([O-])[O-]
2-aminoacetaldehyde,"InChI=1S/C2H5NO/c3-1-2-4/h2H,1,3H2/p+1",[NH3+]CC=O
prenyl phosphate,"InChI=1S/C5H11O4P/c1-5(2)3-4-9-10(6,7)8/h3H,4H2,1-2H3,(H2,6,7,8)/p-2",CC(C)=CCOP(=O)([O-])[O-]
tetrahydrothiophene,InChI=1S/C4H8S/c1-2-4-5-3-1/h1-4H2,C1CCSC1
"2,2'-azino-bis-(3-ethylbenzothiazoline-6-sulfonate)","InChI=1S/C18H18N4O6S4/c1-3-21-13-7-5-11(31(23,24)25)9-15(13)29-17(21)19-20-18-22(4-2)14-8-6-12(32(26,27)28)10-16(14)30-18/h5-10H,3-4H2,1-2H3,(H,23,24,25)(H,26,27,28)/p-2/b19-17-,20-18+",CCn1c(=N/N=c2\sc3cc(S(=O)(=O)[O-])ccc3n2CC)sc2cc(S(=O)(=O)[O-])ccc21
pyrazole,"InChI=1S/C3H4N2/c1-2-4-5-3-1/h1-3H,(H,4,5)",c1cn[nH]c1
"<i>N,N</i>'-dicyclohexylcarbodiimide","InChI=1S/C13H22N2/c1-3-7-12(8-4-1)14-11-15-13-9-5-2-6-10-13/h12-13H,1-10H2",C(=NC1CCCCC1)=NC1CCCCC1
orotidine 5'-phosphate,"InChI=1S/C10H13N2O11P/c13-5-1-3(9(16)17)12(10(18)11-5)8-7(15)6(14)4(23-8)2-22-24(19,20)21/h1,4,6-8,14-15H,2H2,(H,16,17)(H,11,13,18)(H2,19,20,21)/p-3/t4-,6-,7-,8-/m1/s1",O=C([O-])c1cc([O-])nc(=O)n1[C@@H]1O[C@H](COP(=O)([O-])O)[C@@H](O)[C@H]1O
L-indospicine,"InChI=1S/C7H15N3O2/c8-5(7(11)12)3-1-2-4-6(9)10/h5H,1-4,8H2,(H3,9,10)(H,11,12)/p+1/t5-/m0/s1",N=C(N)CCCC[C@H]([NH3+])C(=O)O
bacimethrin,"InChI=1S/C6H9N3O2/c1-11-6-8-2-4(3-10)5(7)9-6/h2,10H,3H2,1H3,(H2,7,8,9)",COc1ncc(CO)c(=N)[nH]1
(<i>E</i>)-3-(methoxycarbonyl)pent-2-enedioate,"InChI=1S/C7H8O6/c1-13-7(12)4(2-5(8)9)3-6(10)11/h2H,3H2,1H3,(H,8,9)(H,10,11)/p-2/b4-2+",COC(=O)/C(=C\C(=O)[O-])CC(=O)[O-]
&alpha;-allenylagmatine,"InChI=1S/C8H16N4/c1-2-4-7(9)5-3-6-12-8(10)11/h4,7H,1,3,5-6,9H2,(H4,10,11,12)",C=C=CC(N)CCCNC(=N)N
(6R)-6-fluoro-5-enolpyruvoylshikimate 3-phosphate,"InChI=1S/C11H14FO9P/c1-4(13)11(17)20-9-7(12)5(10(15)16)3-6(8(9)14)21-22(2,18)19/h3,6-9,13-14H,1H2,2H3,(H,15,16)(H,18,19)/p-3/t6-,7+,8+,9+/m0/s1",C=C([O-])C(=O)O[C@H]1[C@H](O)[C@@H](OP(C)(=O)[O-])C=C(C(=O)[O-])[C@H]1F
isochorismate,"InChI=1S/C10H10O6/c1-5(9(12)13)16-7-4-2-3-6(8(7)11)10(14)15/h2-4,7-8,11H,1H2,(H,12,13)(H,14,15)/p-2/t7-,8-/m0/s1",C=C(O[C@H]1C=CC=C(C(=O)[O-])[C@@H]1O)C(=O)[O-]
2-amino-3-phosphonopropanoate,"InChI=1S/C3H8NO5P/c4-2(3(5)6)1-10(7,8)9/h2H,1,4H2,(H,5,6)(H2,7,8,9)/p-1",NC(CP(=O)(O)O)C(=O)[O-]
4-phosphooxy-L-threonine,"InChI=1S/C4H10NO7P/c5-3(4(7)8)2(6)1-12-13(9,10)11/h2-3,6H,1,5H2,(H,7,8)(H2,9,10,11)/p-2/t2-,3+/m1/s1",N[C@H](C(=O)[O-])[C@H](O)COP(=O)([O-])O
HCl,InChI=1S/ClH/h1H,Cl
3-oxo-(5Z)-dodecenoyl-CoA,"InChI=1S/C33H54N7O18P3S/c1-4-5-6-7-8-9-10-11-21(41)16-24(43)62-15-14-35-23(42)12-13-36-31(46)28(45)33(2,3)18-55-61(52,53)58-60(50,51)54-17-22-27(57-59(47,48)49)26(44)32(56-22)40-20-39-25-29(34)37-19-38-30(25)40/h9-10,19-20,22,26-28,32,44-45H,4-8,11-18H2,1-3H3,(H,35,42)(H,36,46)(H,50,51)(H,52,53)(H2,34,37,38)(H2,47,48,49)/p-4/b10-9-/t22-,26-,27-,28+,32-/m1/s1",CCCCCC/C=C\CC(=O)CC(=O)SCCN=C([O-])CCN=C([O-])[C@H](O)C(C)(C)COP(=O)(O)OP(=O)(O)OC[C@H]1O[C@@H](n2cnc3c(N)ncnc32)[C@H](O)[C@@H]1OP(=O)([O-])[O-]
"2,4-diamino-6-ethyl-5,3'-(2-cyclohexylphenoxy)prop-1'-yloxypyrimidine","InChI=1S/C23H32N4O3/c1-3-19-21(22(24)27-23(25)26-19)30-14-6-13-29-20-8-5-4-7-18(20)17-11-9-16(10-12-17)15(2)28/h4-5,7-8,16-17H,3,6,9-14H2,1-2H3,(H4,24,25,26,27)",CCc1[nH]c(=N)[nH]c(=N)c1OCCCOc1ccccc1C1CCC(C(C)=O)CC1
3-oxohexanoyl-CoA,"InChI=1S/C27H44N7O18P3S/c1-4-5-15(35)10-18(37)56-9-8-29-17(36)6-7-30-25(40)22(39)27(2,3)12-49-55(46,47)52-54(44,45)48-11-16-21(51-53(41,42)43)20(38)26(50-16)34-14-33-19-23(28)31-13-32-24(19)34/h13-14,16,20-22,26,38-39H,4-12H2,1-3H3,(H,29,36)(H,30,40)(H,44,45)(H,46,47)(H2,28,31,32)(H2,41,42,43)/p-4/t16-,20-,21-,22+,26-/m1/s1",CCCC(=O)CC(=O)SCCN=C([O-])CCN=C([O-])[C@H](O)C(C)(C)COP(=O)(O)OP(=O)(O)OC[C@H]1O[C@@H](n2cnc3c(N)ncnc32)[C@H](O)[C@@H]1OP(=O)([O-])[O-]
(2<i>S</i>)-2-isopropylmalate,"InChI=1S/C7H12O5/c1-4(2)7(12,6(10)11)3-5(8)9/h4,12H,3H2,1-2H3,(H,8,9)(H,10,11)/p-2/t7-/m0/s1",CC(C)[C@@](O)(CC(=O)[O-])C(=O)[O-]
3-oxododecanoyl-CoA,"InChI=1S/C33H56N7O18P3S/c1-4-5-6-7-8-9-10-11-21(41)16-24(43)62-15-14-35-23(42)12-13-36-31(46)28(45)33(2,3)18-55-61(52,53)58-60(50,51)54-17-22-27(57-59(47,48)49)26(44)32(56-22)40-20-39-25-29(34)37-19-38-30(25)40/h19-20,22,26-28,32,44-45H,4-18H2,1-3H3,(H,35,42)(H,36,46)(H,50,51)(H,52,53)(H2,34,37,38)(H2,47,48,49)/p-4/t22-,26-,27-,28+,32-/m1/s1",CCCCCCCCCC(=O)CC(=O)SCCN=C([O-])CCN=C([O-])[C@H](O)C(C)(C)COP(=O)(O)OP(=O)(O)OC[C@H]1O[C@@H](n2cnc3c(N)ncnc32)[C@H](O)[C@@H]1OP(=O)([O-])[O-]
EGTA,"InChI=1S/C14H24N2O10/c17-11(18)7-15(8-12(19)20)1-3-25-5-6-26-4-2-16(9-13(21)22)10-14(23)24/h1-10H2,(H,17,18)(H,19,20)(H,21,22)(H,23,24)/p-4",O=C([O-])CN(CCOCCOCCN(CC(=O)[O-])CC(=O)[O-])CC(=O)[O-]
3-oxooctanoyl-CoA,"InChI=1S/C29H48N7O18P3S/c1-4-5-6-7-17(37)12-20(39)58-11-10-31-19(38)8-9-32-27(42)24(41)29(2,3)14-51-57(48,49)54-56(46,47)50-13-18-23(53-55(43,44)45)22(40)28(52-18)36-16-35-21-25(30)33-15-34-26(21)36/h15-16,18,22-24,28,40-41H,4-14H2,1-3H3,(H,31,38)(H,32,42)(H,46,47)(H,48,49)(H2,30,33,34)(H2,43,44,45)/p-4/t18-,22-,23-,24+,28-/m1/s1",CCCCCC(=O)CC(=O)SCCN=C([O-])CCN=C([O-])[C@H](O)C(C)(C)COP(=O)(O)OP(=O)(O)OC[C@H]1O[C@@H](n2cnc3c(N)ncnc32)[C@H](O)[C@@H]1OP(=O)([O-])[O-]
"(2R,3S,6S)-3-fluoro-2,6-diaminopimelate","InChI=1S/C7H13FN2O4/c8-3(5(10)7(13)14)1-2-4(9)6(11)12/h3-5H,1-2,9-10H2,(H,11,12)(H,13,14)/t3-,4-,5-/m0/s1",N[C@H](C(=O)O)[C@@H](F)CC[C@H](N)C(=O)O
3-oxodecanoyl-CoA,"InChI=1S/C31H52N7O18P3S/c1-4-5-6-7-8-9-19(39)14-22(41)60-13-12-33-21(40)10-11-34-29(44)26(43)31(2,3)16-53-59(50,51)56-58(48,49)52-15-20-25(55-57(45,46)47)24(42)30(54-20)38-18-37-23-27(32)35-17-36-28(23)38/h17-18,20,24-26,30,42-43H,4-16H2,1-3H3,(H,33,40)(H,34,44)(H,48,49)(H,50,51)(H2,32,35,36)(H2,45,46,47)/p-4/t20-,24-,25-,26+,30-/m1/s1",CCCCCCCC(=O)CC(=O)SCCN=C([O-])CCN=C([O-])[C@H](O)C(C)(C)COP(=O)(O)OP(=O)(O)OC[C@H]1O[C@@H](n2cnc3c(N)ncnc32)[C@H](O)[C@@H]1OP(=O)([O-])[O-]
"(2<i>R</i>,3<i>S</i>)-3-isopropylmalate","InChI=1S/C7H12O5/c1-3(2)4(6(9)10)5(8)7(11)12/h3-5,8H,1-2H3,(H,9,10)(H,11,12)/p-2/t4-,5+/m0/s1",CC(C)[C@H](C(=O)[O-])[C@@H](O)C(=O)[O-]
3-oxoadipoyl-CoA,"InChI=1S/C27H42N7O20P3S/c1-27(2,22(41)25(42)30-6-5-16(36)29-7-8-58-18(39)9-14(35)3-4-17(37)38)11-51-57(48,49)54-56(46,47)50-10-15-21(53-55(43,44)45)20(40)26(52-15)34-13-33-19-23(28)31-12-32-24(19)34/h12-13,15,20-22,26,40-41H,3-11H2,1-2H3,(H,29,36)(H,30,42)(H,37,38)(H,46,47)(H,48,49)(H2,28,31,32)(H2,43,44,45)/p-5/t15-,20-,21-,22+,26-/m1/s1",CC(C)(COP(=O)(O)OP(=O)(O)OC[C@H]1O[C@@H](n2cnc3c(N)ncnc32)[C@H](O)[C@@H]1OP(=O)([O-])[O-])[C@@H](O)C([O-])=NCCC([O-])=NCCSC(=O)CC(=O)CCC(=O)[O-]
(<i>S</i>)-dihydroorotate,"InChI=1S/C5H6N2O4/c8-3-1-2(4(9)10)6-5(11)7-3/h2H,1H2,(H,9,10)(H2,6,7,8,11)/p-1/t2-/m0/s1",O=C(O)[C@@H]1CC([O-])=NC(O)=N1
"3-amino-1,2,4-triazole","InChI=1S/C2H4N4/c3-2-4-1-5-6-2/h1H,(H3,3,4,5,6)",N=c1nc[nH][nH]1
<i>S</i>-(2-succinyl)-L-cysteine,"InChI=1S/C7H11NO6S/c8-3(6(11)12)2-15-4(7(13)14)1-5(9)10/h3-4H,1-2,8H2,(H,9,10)(H,11,12)(H,13,14)/p-2/t3-,4?/m0/s1",N[C@@H](CSC(CC(=O)[O-])C(=O)O)C(=O)[O-]
"adenosine 5'[&beta;,&gamma;-methylene]triphosphate","InChI=1S/C11H18N5O14P3/c12-9-6-10(14-2-13-9)16(3-15-6)11-8(18)7(17)5(29-11)1-26-32(22,23)30-33(24,25)28-4-27-31(19,20)21/h2-3,5,7-8,11,17-18H,1,4H2,(H,22,23)(H,24,25)(H2,12,13,14)(H2,19,20,21)/p-4/t5-,7-,8-,11-/m1/s1",Nc1ncnc2c1ncn2[C@@H]1O[C@H](COP(=O)([O-])OP(=O)([O-])OCOP(=O)([O-])[O-])[C@@H](O)[C@H]1O
adenosine 5'-indole-3-propionic adenylate,,
"9-[6(S),9-diamino-5,6,7,8,9-pentadeoxy-&beta;-D-ribo-nonafuranosyl]-9H-purin-6-amine","InChI=1S/C14H23N7O3/c15-3-1-2-7(16)4-8-10(22)11(23)14(24-8)21-6-20-9-12(17)18-5-19-13(9)21/h5-8,10-11,14,22-23H,1-4,15-16H2,(H2,17,18,19)/p+2/t7?,8-,10-,11-,14-/m1/s1",Nc1ncnc2c1ncn2[C@@H]1O[C@H](CC([NH3+])CCC[NH3+])[C@@H](O)[C@H]1O
carolacton,,
thiamine thiothiazolone diphosphate,"InChI=1S/C12H18N4O7P2S2/c1-7-10(3-4-22-25(20,21)23-24(17,18)19)27-12(26)16(7)6-9-5-14-8(2)15-11(9)13/h5H,3-4,6H2,1-2H3,(H,20,21)(H2,13,14,15)(H2,17,18,19)/p-3",Cc1ncc(Cn2c(C)c(CCOP(=O)([O-])OP(=O)([O-])[O-])sc2=S)c(=N)[nH]1
"(3<i>R</i>)-3,4-dihydroxybutanal","InChI=1S/C4H8O3/c5-2-1-4(7)3-6/h2,4,6-7H,1,3H2/t4-/m1/s1",O=CC[C@@H](O)CO
2-mercaptosuccinate,"InChI=1S/C4H6O4S/c5-3(6)1-2(9)4(7)8/h2,9H,1H2,(H,5,6)(H,7,8)/p-2",O=C([O-])CC(S)C(=O)[O-]
succinamate,"InChI=1S/C4H7NO3/c5-3(6)1-2-4(7)8/h1-2H2,(H2,5,6)(H,7,8)/p-1",N=C([O-])CCC(=O)O
"<i>N</i>-(2,3-dihydroxybenzoyl)-L-serine trimer","InChI=1S/C30H29N3O16/c34-10-16(31-25(41)13-4-1-7-19(35)22(13)38)29(46)49-12-18(33-27(43)15-6-3-9-21(37)24(15)40)30(47)48-11-17(28(44)45)32-26(42)14-5-2-8-20(36)23(14)39/h1-9,16-18,34-40H,10-12H2,(H,31,41)(H,32,42)(H,33,43)(H,44,45)/p-1/t16-,17-,18-/m0/s1",O=C(O)[C@H](COC(=O)[C@H](COC(=O)[C@H](CO)N=C(O)c1cccc([O-])c1O)N=C(O)c1cccc(O)c1O)N=C(O)c1cccc(O)c1O
L-mannonate,"InChI=1S/C6H12O7/c7-1-2(8)3(9)4(10)5(11)6(12)13/h2-5,7-11H,1H2,(H,12,13)/p-1/t2-,3-,4+,5+/m0/s1",O=C([O-])[C@H](O)[C@H](O)[C@@H](O)[C@@H](O)CO
SN-38G,"InChI=1S/C28H28N2O11/c1-3-12-13-7-11(40-26-22(33)20(31)21(32)23(41-26)25(35)36)5-6-17(13)29-19-14(12)9-30-18(19)8-16-15(24(30)34)10-39-27(37)28(16,38)4-2/h5-8,20-23,26,31-33,38H,3-4,9-10H2,1-2H3,(H,35,36)/p-1/t20-,21-,22+,23-,26+,28-/m0/s1",CCc1c2c(nc3ccc(O[C@@H]4O[C@H](C(=O)[O-])[C@@H](O)[C@H](O)[C@H]4O)cc13)-c1cc3c(c(=O)n1C2)COC(=O)[C@]3(O)CC
CHAPS,"InChI=1S/C32H58N2O7S/c1-21(8-11-29(38)33-14-6-15-34(4,5)16-7-17-42(39,40)41)24-9-10-25-30-26(20-28(37)32(24,25)3)31(2)13-12-23(35)18-22(31)19-27(30)36/h21-28,30,35-37H,6-20H2,1-5H3,(H-,33,38,39,40,41)/t21-,22+,23-,24-,25+,26+,27-,28+,30+,31+,32-/m1/s1",C[C@H](CCC(O)=NCCC[N+](C)(C)CCCS(=O)(=O)[O-])[C@H]1CC[C@H]2[C@@H]3[C@H](O)C[C@@H]4C[C@H](O)CC[C@]4(C)[C@H]3C[C@H](O)[C@]12C
menaquinol-<i>8</i>,"InChI=1S/C51H74O2/c1-38(2)20-13-21-39(3)22-14-23-40(4)24-15-25-41(5)26-16-27-42(6)28-17-29-43(7)30-18-31-44(8)32-19-33-45(9)36-37-47-46(10)50(52)48-34-11-12-35-49(48)51(47)53/h11-12,20,22,24,26,28,30,32,34-36,52-53H,13-19,21,23,25,27,29,31,33,37H2,1-10H3/b39-22+,40-24+,41-26+,42-28+,43-30+,44-32+,45-36+",CC(C)=CCC/C(C)=C\CC/C(C)=C\CC/C(C)=C\CC/C(C)=C\CC/C(C)=C\CC/C(C)=C\CC/C(C)=C\Cc1c(C)c(O)c2ccccc2c1O
rhamanosyl-N-acetylglucosamyl-undecaprenyl diphosphate,"InChI=1S/C69H115NO16P2/c1-48(2)25-15-26-49(3)27-16-28-50(4)29-17-30-51(5)31-18-32-52(6)33-19-34-53(7)35-20-36-54(8)37-21-38-55(9)39-22-40-56(10)41-23-42-57(11)43-24-44-58(12)45-46-81-87(77,78)86-88(79,80)85-68-62(70-60(14)72)67(64(74)61(47-71)83-68)84-69-66(76)65(75)63(73)59(13)82-69/h25,27,29,31,33,35,37,39,41,43,45,59,61-69,71,73-76H,15-24,26,28,30,32,34,36,38,40,42,44,46-47H2,1-14H3,(H,70,72)(H,77,78)(H,79,80)/p-2/b49-27+,50-29+,51-31+,52-33+,53-35+,54-37+,55-39+,56-41+,57-43+,58-45+",CC(C)=CCC/C(C)=C\CC/C(C)=C\CC/C(C)=C\CC/C(C)=C\CC/C(C)=C\CC/C(C)=C\CC/C(C)=C\CC/C(C)=C\CC/C(C)=C\CC/C(C)=C\COP(=O)([O-])OP(=O)(O)OC1OC(CO)C(O)C(OC2OC(C)C(O)C(O)C2O)C1N=C(C)[O-]
"(1R,2S,5S,6S)-2-succinyl-5-enolpyruvyl-6-hydroxycyclohex-3-ene-1-carboxylate","InChI=1S/C14H16O9/c1-6(13(19)20)23-9-4-2-7(8(15)3-5-10(16)17)11(12(9)18)14(21)22/h2,4,7,9,11-12,18H,1,3,5H2,(H,16,17)(H,19,20)(H,21,22)/p-3/t7-,9+,11-,12-/m1/s1",C=C(O[C@H]1C=C[C@H](C(=O)CCC(=O)[O-])[C@@H](C(=O)[O-])[C@@H]1O)C(=O)[O-]
"cyclopropane phosphatidylethanolamine (dihexadec-9,10-cyclo-anoyl, n-C16:0 cyclo)","InChI=1S/C39H74NO8P/c1-3-5-7-15-21-33-29-35(33)23-17-11-9-13-19-25-38(41)45-31-37(32-47-49(43,44)46-28-27-40)48-39(42)26-20-14-10-12-18-24-36-30-34(36)22-16-8-6-4-2/h33-37H,3-32,40H2,1-2H3,(H,43,44)/t33?,34?,35?,36?,37-/m1/s1",CCCCCCC1CC1CCCCCCCC(=O)OC[C@H](COP(=O)(O)OCCN)OC(=O)CCCCCCCC1CC1CCCCCC
glyoxal,InChI=1S/C2H2O2/c3-1-2-4/h1-2H,O=CC=O
1-acyl-sn-glycero-3-phosphoglycerol (n-C18:0),"InChI=1S/C24H49O9P/c1-2-3-4-5-6-7-8-9-10-11-12-13-14-15-16-17-24(28)31-19-23(27)21-33-34(29,30)32-20-22(26)18-25/h22-23,25-27H,2-21H2,1H3,(H,29,30)/p-1/t22-,23+/m0/s1",CCCCCCCCCCCCCCCCCC(=O)OC[C@@H](O)COP(=O)([O-])OC[C@@H](O)CO
"(R)-3-(3,4-dihydroxyphenyl)lactate","InChI=1S/C9H10O5/c10-6-2-1-5(3-7(6)11)4-8(12)9(13)14/h1-3,8,10-12H,4H2,(H,13,14)/p-1/t8-/m1/s1",O=C(O)[C@H](O)Cc1ccc([O-])c(O)c1
alafosfalin,"InChI=1S/C5H13N2O4P/c1-3(6)5(8)7-4(2)12(9,10)11/h3-4H,6H2,1-2H3,(H,7,8)(H2,9,10,11)/p-1/t3-,4+/m0/s1",C[C@H](N)C([O-])=N[C@@H](C)P(=O)(O)O
amobarbital,"InChI=1S/C11H18N2O3/c1-4-11(6-5-7(2)3)8(14)12-10(16)13-9(11)15/h7H,4-6H2,1-3H3,(H2,12,13,14,15,16)/p-1",CCC1(CCC(C)C)C([O-])=NC(=O)N=C1O
p-chlorophenylglyoxal,InChI=1S/C8H5ClO2/c9-7-3-1-6(2-4-7)8(11)5-10/h1-5H,O=CC(=O)c1ccc(Cl)cc1
<i>N</i>-acetyl-L-glutamate 5-semialdehyde,"InChI=1S/C7H11NO4/c1-5(10)8-6(7(11)12)3-2-4-9/h4,6H,2-3H2,1H3,(H,8,10)(H,11,12)/p-1/t6-/m0/s1",CC([O-])=N[C@@H](CCC=O)C(=O)O
hoechst 33342,"InChI=1S/C27H28N6O/c1-3-34-21-8-4-18(5-9-21)26-28-22-10-6-19(16-24(22)30-26)27-29-23-11-7-20(17-25(23)31-27)33-14-12-32(2)13-15-33/h4-11,16-17H,3,12-15H2,1-2H3,(H,28,30)(H,29,31)",CCOc1ccc(-c2nc3cc(-c4nc5ccc(N6CCN(C)CC6)cc5[nH]4)ccc3[nH]2)cc1
Tween 80,"InChI=1S/C32H60O10/c1-2-3-4-5-6-7-8-9-10-11-12-13-14-15-16-17-30(36)40-25-24-37-26-28(38-21-18-33)32-31(41-23-20-35)29(27-42-32)39-22-19-34/h9-10,28-29,31-35H,2-8,11-27H2,1H3",CCCCCCCC/C=C/CCCCCCCC(=O)OCCOCC(OCCO)C1OCC(OCCO)C1OCCO
"1,3-dioctanoylglycerol","InChI=1S/C18H34O5/c1-3-5-7-9-11-13-16(19)22-15-18(21)23-17(20)14-12-10-8-6-4-2/h18,21H,3-15H2,1-2H3",CCCCCCCC(=O)OCC(O)OC(=O)CCCCCCC
"4,5-<i>seco</i>-dopa","InChI=1S/C9H11NO6/c10-6(8(13)14)3-5(1-2-11)4-7(12)9(15)16/h1-2,4,6,12H,3,10H2,(H,13,14)(H,15,16)/p-1/b5-1-,7-4+/t6-/m0/s1",N[C@@H](CC(=C/C=O)/C=C(/[O-])C(=O)O)C(=O)O
5-mercuriocytidine,"InChI=1S/C9H12N3O5.Hg/c10-5-1-2-12(9(16)11-5)8-7(15)6(14)4(3-13)17-8;/h2,4,6-8,13-15H,3H2,(H2,10,11,16);/t4-,6-,7-,8-;/m1./s1",N=c1[c]cn([C@@H]2O[C@H](CO)[C@@H](O)[C@H]2O)c(O)n1.[Hg]
hexadecanesulfonyl fluoride,"InChI=1S/C16H33FO2S/c1-2-3-4-5-6-7-8-9-10-11-12-13-14-15-16-20(17,18)19/h2-16H2,1H3",CCCCCCCCCCCCCCCCS(=O)(=O)F
"4-pregnen-20,21-diol-3-one","InChI=1S/C21H32O3/c1-20-9-7-14(23)11-13(20)3-4-15-16-5-6-18(19(24)12-22)21(16,2)10-8-17(15)20/h11,15-19,22,24H,3-10,12H2,1-2H3/t15-,16-,17-,18?,19?,20-,21-/m0/s1",C[C@]12CCC(=O)C=C1CC[C@@H]1[C@@H]2CC[C@]2(C)C(C(O)CO)CC[C@@H]12
(<i>Z</i>)-2-methyl-peroxyaminoacrylate,"InChI=1S/C4H7NO3/c1-3(2-5)4(6)8-7/h2,7H,5H2,1H3/b3-2-",C/C(=C/N)C(=O)OO
succinate semialdehyde,"InChI=1S/C4H6O3/c5-3-1-2-4(6)7/h3H,1-2H2,(H,6,7)/p-1",O=CCCC(=O)[O-]
"D-<i>glycero</i>-&alpha;-D-<i>manno</i>-heptose 1,7-bisphosphate","InChI=1S/C7H16O13P2/c8-2(1-18-21(12,13)14)6-4(10)3(9)5(11)7(19-6)20-22(15,16)17/h2-11H,1H2,(H2,12,13,14)(H2,15,16,17)/p-4/t2-,3+,4+,5+,6-,7-/m1/s1",O=P([O-])([O-])OC[C@@H](O)[C@H]1O[C@H](OP(=O)([O-])[O-])[C@@H](O)[C@@H](O)[C@@H]1O
prenol,"InChI=1S/C5H10O/c1-5(2)3-4-6/h3,6H,4H2,1-2H3",CC(C)=CCO
<i>O</i>-phosphoethanolamine,"InChI=1S/C2H8NO4P/c3-1-2-7-8(4,5)6/h1-3H2,(H2,4,5,6)/p-1",NCCOP(=O)([O-])O
tacrolimus,"InChI=1S/C44H69NO12/c1-10-13-31-19-25(2)18-26(3)20-37(54-8)40-38(55-9)22-28(5)44(52,57-40)41(49)42(50)45-17-12-11-14-32(45)43(51)56-39(29(6)34(47)24-35(31)48)27(4)21-30-15-16-33(46)36(23-30)53-7/h10,19,21,26,28-34,36-40,46-47,52H,1,11-18,20,22-24H2,2-9H3/b25-19+,27-21+/t26-,28+,29+,30?,31+,32-,33+,34-,36+,37-,38-,39+,40+,44+/m0/s1",C=CC[C@@H]1/C=C(\C)C[C@H](C)C[C@H](OC)[C@H]2O[C@@](O)(C(=O)C(=O)N3CCCC[C@H]3C(=O)O[C@H](/C(C)=C\C3CC[C@@H](O)[C@H](OC)C3)[C@H](C)[C@@H](O)CC1=O)[C@H](C)C[C@@H]2OC
&beta;-D-cellobiose,"InChI=1S/C12H22O11/c13-1-3-5(15)6(16)9(19)12(22-3)23-10-4(2-14)21-11(20)8(18)7(10)17/h3-20H,1-2H2/t3-,4-,5-,6+,7-,8-,9-,10-,11-,12+/m1/s1",OC[C@H]1O[C@@H](O[C@H]2[C@H](O)[C@@H](O)[C@H](O)O[C@@H]2CO)[C@H](O)[C@@H](O)[C@@H]1O
<i>o</i>-phenanthroline,InChI=1S/C12H8N2/c1-3-9-5-6-10-4-2-8-14-12(10)11(9)13-7-1/h1-8H,c1cnc2c(c1)ccc1cccnc12
"N<SUP>1</SUP>, N<SUP>8</SUP>-bis(ethyl)spermidine","InChI=1S/C13H27N3O2/c1-3-12(17)15-10-6-5-8-14-9-7-11-16-13(18)4-2/h14H,3-11H2,1-2H3,(H,15,17)(H,16,18)/p+1",CCC(O)=NCCCC[NH2+]CCCN=C(O)CC
ammonia,InChI=1S/H3N/h1H3,N
<i>meso</i>-tartrate,"InChI=1S/C4H6O6/c5-1(3(7)8)2(6)4(9)10/h1-2,5-6H,(H,7,8)(H,9,10)/p-2/t1-,2+",O=C([O-])[C@@H](O)[C@@H](O)C(=O)[O-]
N(6)-methylformycin A,"InChI=1S/C11H15N5O4/c1-16-3-13-5-6(14-15-7(5)11(16)12)10-9(19)8(18)4(2-17)20-10/h3-4,8-10,17-19H,2,12H2,1H3/t4-,8-,9-,10+/m0/s1",Cn1cnc2c([C@H]3O[C@@H](CO)[C@H](O)[C@@H]3O)nnc-2c1N
<i>N</i><sup>1</sup>-(5-phospho-&beta;-D-ribosyl)glycinamide,"InChI=1S/C7H15N2O8P/c8-1-4(10)9-7-6(12)5(11)3(17-7)2-16-18(13,14)15/h3,5-7,11-12H,1-2,8H2,(H,9,10)(H2,13,14,15)/p-1/t3-,5-,6-,7-/m1/s1",NCC([O-])=N[C@@H]1O[C@H](COP(=O)(O)O)[C@@H](O)[C@H]1O
3-(imidazol-5-yl)pyruvate,"InChI=1S/C6H6N2O3/c9-5(6(10)11)1-4-2-7-3-8-4/h2-3H,1H2,(H,7,8)(H,10,11)/p-1",O=C([O-])C(=O)Cc1cnc[nH]1
NaCN,,[C-]#N.[Na+]
4-hydroxybenzaldehyde,"InChI=1S/C7H6O2/c8-5-6-1-3-7(9)4-2-6/h1-5,9H",O=Cc1ccc(O)cc1
(<i>E</i>)-glutaconate,"InChI=1S/C5H6O4/c6-4(7)2-1-3-5(8)9/h1-2H,3H2,(H,6,7)(H,8,9)/p-2/b2-1+",O=C([O-])/C=C/CC(=O)[O-]
&beta;-thiogardideazafolate,"InChI=1S/C29H33N6O15PS/c30-29-32-17-6-1-13(9-16(17)25(43)34-29)10-35(15-4-2-14(3-5-15)24(42)31-18(27(44)45)7-8-21(38)39)20(37)12-52-11-19(36)33-26-22(40)23(41)28(49-26)50-51(46,47)48/h1-6,9,18,22-23,26,28,40-41H,7-8,10-12H2,(H,31,42)(H,33,36)(H,38,39)(H,44,45)(H2,46,47,48)(H3,30,32,34,43)/p-4",N=c1nc([O-])c2cc(CN(C(=O)CSCC([O-])=NC3OC(OP(=O)(O)O)C(O)C3O)c3ccc(C(=O)NC(CCC(=O)[O-])C(=O)[O-])cc3)ccc2[nH]1
"3-amino-1,2-propanediol","InChI=1S/C3H9NO2/c4-1-3(6)2-5/h3,5-6H,1-2,4H2/p+1",[NH3+]CC(O)CO
thetin,"InChI=1S/C4H8O2S/c1-7(2)3-4(5)6/h3H2,1-2H3",C[S+](C)CC(=O)[O-]
"&alpha;-oxo-1-carboxy-5,6-dihydrothiopyranpropanoate S-oxide","InChI=1S/C9H10O6S/c10-6(7(11)12)5-9(8(13)14)1-3-16(15)4-2-9/h1,3H,2,4-5H2,(H,11,12)(H,13,14)/p-2",O=C([O-])C(=O)CC1(C(=O)[O-])C=CS(=O)CC1
2-(&alpha;-hydroxyethyl)thiamine diphosphate,"InChI=1S/C14H22N4O8P2S/c1-8-12(4-5-25-28(23,24)26-27(20,21)22)29-14(9(2)19)18(8)7-11-6-16-10(3)17-13(11)15/h6,9,19H,4-5,7H2,1-3H3,(H4-,15,16,17,20,21,22,23,24)/p-2",Cc1ncc(C[n+]2c(C(C)O)sc(CCOP(=O)([O-])OP(=O)([O-])[O-])c2C)c(=N)[nH]1
3-methylbut-3-en-1-yl diphosphate,"InChI=1S/C5H12O7P2/c1-5(2)3-4-11-14(9,10)12-13(6,7)8/h1,3-4H2,2H3,(H,9,10)(H2,6,7,8)/p-3",C=C(C)CCOP(=O)([O-])OP(=O)([O-])[O-]
5-methylanthranilate,"InChI=1S/C8H9NO2/c1-5-2-3-7(9)6(4-5)8(10)11/h2-4H,9H2,1H3,(H,10,11)/p-1",Cc1ccc(N)c(C(=O)[O-])c1
"2,3-dihydroxy-5-methyl-1,4-benzoquinone","InChI=1S/C7H6O4/c1-3-2-4(8)6(10)7(11)5(3)9/h2,10-11H,1H3/p-1",CC1=CC(=O)C([O-])=C(O)C1=O
ethyleneglycol phosphate,"InChI=1S/C2H7O5P/c3-1-2-7-8(4,5)6/h3H,1-2H2,(H2,4,5,6)/p-2",O=P([O-])([O-])OCCO
6-phospho-&beta;-D-glucosaminyl-(1->4)-<i>N</i>-acetyl-D-glucosamine,"InChI=1S/C14H27N2O13P/c1-4(18)16-8-11(21)12(5(2-17)27-13(8)22)29-14-7(15)10(20)9(19)6(28-14)3-26-30(23,24)25/h5-14,17,19-22H,2-3,15H2,1H3,(H,16,18)(H2,23,24,25)/p-1/t5-,6-,7-,8-,9-,10-,11-,12-,13?,14+/m1/s1",CC([O-])=N[C@H]1C(O)O[C@H](CO)[C@@H](O[C@@H]2O[C@H](COP(=O)(O)O)[C@@H](O)[C@H](O)[C@H]2N)[C@@H]1O
5'-[(3-aminopropyl)methylamino]-5'-deoxyadenosine,"InChI=1S/C14H23N7O3/c1-16-3-2-4-17-5-8-10(22)11(23)14(24-8)21-7-20-9-12(15)18-6-19-13(9)21/h6-8,10-11,14,16-17,22-23H,2-5H2,1H3,(H2,15,18,19)/p+2/t8-,10-,11-,14-/m1/s1",C[NH2+]CCCNC[C@H]1O[C@@H](n2cnc3c([NH3+])ncnc32)[C@H](O)[C@@H]1O
(<i>E</i>)-2-fluoro-<i>p</i>-hydroxycinnamate,,
dihydrouridine-diphosphate-<i>N</i>-acetylmuramoyl-L-alanyl-D-glutamate,"InChI=1S/C28H45N5O23P2/c1-10(23(42)31-13(26(44)45)4-5-17(37)38)29-24(43)11(2)52-22-18(30-12(3)35)27(54-14(8-34)20(22)40)55-58(49,50)56-57(47,48)51-9-15-19(39)21(41)25(53-15)33-7-6-16(36)32-28(33)46/h10-11,13-15,18-22,25,27,34,39-41H,4-9H2,1-3H3,(H,29,43)(H,30,35)(H,31,42)(H,37,38)(H,44,45)(H,47,48)(H,49,50)(H,32,36,46)/p-4/t10-,11+,13+,14+,15+,18+,19+,20+,21+,22+,25+,27+/m0/s1",CC([O-])=N[C@H]1[C@@H](OP(=O)(O)OP(=O)(O)OC[C@H]2O[C@@H](N3CCC([O-])=NC3=O)[C@H](O)[C@@H]2O)O[C@H](CO)[C@@H](O)[C@@H]1O[C@H](C)C(O)=N[C@@H](C)C([O-])=N[C@H](CCC(=O)[O-])C(=O)O
"2-hydroxycyclohepta-1,4,6-triene-1-carboxyl-CoA","InChI=1S/C29H42N7O18P3S/c1-29(2,23(40)26(41)32-9-8-19(38)31-10-11-58-28(42)16-6-4-3-5-7-17(16)37)13-51-57(48,49)54-56(46,47)50-12-18-22(53-55(43,44)45)21(39)27(52-18)36-15-35-20-24(30)33-14-34-25(20)36/h3-6,14-15,18,21-23,27,37,39-40H,7-13H2,1-2H3,(H,31,38)(H,32,41)(H,46,47)(H,48,49)(H2,30,33,34)(H2,43,44,45)/p-4/t18-,21-,22-,23+,27-/m1/s1",CC(C)(COP(=O)(O)OP(=O)(O)OC[C@H]1O[C@@H](n2cnc3c(N)ncnc32)[C@H](O)[C@@H]1OP(=O)([O-])O)[C@@H](O)C([O-])=NCCC([O-])=NCCSC(=O)C1=C([O-])CC=CC=C1
"D,L-&alpha;-methylphosphinothricin","InChI=1S/C6H14NO4P/c1-6(7,5(8)9)3-4-12(2,10)11/h3-4,7H2,1-2H3,(H,8,9)(H,10,11)/p-1",CC(N)(CCP(C)(=O)O)C(=O)[O-]
3-propylcatechol,"InChI=1S/C9H12O2/c1-2-4-7-5-3-6-8(10)9(7)11/h3,5-6,10-11H,2,4H2,1H3",CCCc1cccc(O)c1O
"3,5-<i>cis</i>-dodecadienoyl-CoA","InChI=1S/C33H54N7O17P3S/c1-4-5-6-7-8-9-10-11-12-13-24(42)61-17-16-35-23(41)14-15-36-31(45)28(44)33(2,3)19-54-60(51,52)57-59(49,50)53-18-22-27(56-58(46,47)48)26(43)32(55-22)40-21-39-25-29(34)37-20-38-30(25)40/h9-12,20-22,26-28,32,43-44H,4-8,13-19H2,1-3H3,(H,35,41)(H,36,45)(H,49,50)(H,51,52)(H2,34,37,38)(H2,46,47,48)/p-4/b10-9-,12-11-/t22-,26-,27-,28+,32-/m1/s1",CCCCCC/C=C\C=C/CC(=O)SCCN=C([O-])CCN=C([O-])[C@H](O)C(C)(C)COP(=O)(O)OP(=O)(O)OC[C@H]1O[C@@H](n2cnc3c(N)ncnc32)[C@H](O)[C@@H]1OP(=O)([O-])[O-]
2-oxepin-2(3H)-ylideneacetyl-CoA,"InChI=1S/C29H42N7O18P3S/c1-29(2,24(40)27(41)32-8-7-19(37)31-9-11-58-20(38)12-17-6-4-3-5-10-49-17)14-51-57(47,48)54-56(45,46)50-13-18-23(53-55(42,43)44)22(39)28(52-18)36-16-35-21-25(30)33-15-34-26(21)36/h3-5,10,12,15-16,18,22-24,28,39-40H,6-9,11,13-14H2,1-2H3,(H,31,37)(H,32,41)(H,45,46)(H,47,48)(H2,30,33,34)(H2,42,43,44)/p-4/b17-12+/t18-,22-,23-,24+,28-/m1/s1",CC(C)(COP(=O)(O)OP(=O)(O)OC[C@H]1O[C@@H](n2cnc3c(N)ncnc32)[C@H](O)[C@@H]1OP(=O)([O-])[O-])[C@@H](O)C([O-])=NCCC([O-])=NCCSC(=O)C=C1CC=CC=CO1
<i>N</i>-methyl-L-valine,"InChI=1S/C6H13NO2/c1-4(2)5(7-3)6(8)9/h4-5,7H,1-3H3,(H,8,9)/t5-/m0/s1",CN[C@H](C(=O)O)C(C)C
"two disacharide linked murein units, pentapeptide crosslinked tetrapeptide (A2pm->D-ala) (middle of chain)","InChI=1S/C77H121N15O40/c1-27(62(108)83-31(5)72(118)119)81-69(115)40-16-13-17-43(74(122)123)92-65(111)30(4)82-68(114)39(15-12-14-38(78)73(120)121)90-70(116)41(18-20-49(101)102)88-64(110)29(3)80-67(113)33(7)126-61-53(87-37(11)100)77(129-48(25-96)60(61)132-75-51(85-35(9)98)55(106)54(105)45(22-93)127-75)130-58-47(24-95)128-76(52(56(58)107)86-36(10)99)131-59-46(23-94)124-26-44(84-34(8)97)57(59)125-32(6)66(112)79-28(2)63(109)89-42(71(117)91-40)19-21-50(103)104/h26-33,38-43,45-48,51-61,75-77,93-96,105-107H,12-25,78H2,1-11H3,(H,79,112)(H,80,113)(H,81,115)(H,82,114)(H,83,108)(H,84,97)(H,85,98)(H,86,99)(H,87,100)(H,88,110)(H,89,109)(H,90,116)(H,91,117)(H,92,111)(H,101,102)(H,103,104)(H,118,119)(H,120,121)(H,122,123)",CC(O)=NC1=COC(CO)C2OC3OC(CO)C(OC4OC(CO)C(OC5OC(CO)C(O)C(O)C5N=C(C)O)C(OC(C)C(O)=NC(C)C(O)=NC(CCC(=O)O)C(O)=NC(CCCC(N)C(=O)O)C(O)=NC(C)C(O)=NC(C(=O)O)CCCC(C(O)=NC(C)C(O)=NC(C)C(=O)O)N=C(O)C(CCC(=O)O)N=C(O)C(C)N=C(O)C(C)OC12)C4N=C(C)O)C(O)C3N=C(C)O
(2S)-2-amino-4-deoxy-chorismate,"InChI=1S/C10H11NO5/c1-5(9(12)13)16-7-4-2-3-6(8(7)11)10(14)15/h2-4,7-8H,1,11H2,(H,12,13)(H,14,15)/p-1/t7-,8-/m0/s1",C=C(O[C@H]1C=CC=C(C(=O)O)[C@@H]1N)C(=O)[O-]
"cyclopropane phosphatidylglycerol (dihexadec-9,10-cyclo-anoyl, n-C16:0 cyclo)","InChI=1S/C40H75O10P/c1-3-5-7-15-21-33-27-35(33)23-17-11-9-13-19-25-39(43)47-31-38(32-49-51(45,46)48-30-37(42)29-41)50-40(44)26-20-14-10-12-18-24-36-28-34(36)22-16-8-6-4-2/h33-38,41-42H,3-32H2,1-2H3,(H,45,46)/p-1/t33?,34?,35?,36?,37-,38+/m0/s1",CCCCCCC1CC1CCCCCCCC(=O)OC[C@H](COP(=O)([O-])OC[C@@H](O)CO)OC(=O)CCCCCCCC1CC1CCCCCC
4-methylsalicylate,"InChI=1S/C8H8O3/c1-5-2-3-6(8(10)11)7(9)4-5/h2-4,9H,1H3,(H,10,11)/p-1",Cc1ccc(C(=O)O)c([O-])c1
succinate semialdehyde-thiamine diphosphate,"InChI=1S/C16H24N4O10P2S/c1-10-13(33-9-20(10)8-12-7-18-11(2)19-16(12)17)5-6-28-31(24,25)30-32(26,27)29-15(23)4-3-14(21)22/h7,9,15,23H,3-6,8H2,1-2H3,(H4-,17,18,19,21,22,24,25,26,27)/p-2",Cc1ncc(C[n+]2csc(CCOP(=O)([O-])OP(=O)([O-])OC(O)CCC(=O)[O-])c2C)c(=N)[nH]1
"&beta;-glucose 1,6-bisphosphate","InChI=1S/C6H14O12P2/c7-3-2(1-16-19(10,11)12)17-6(5(9)4(3)8)18-20(13,14)15/h2-9H,1H2,(H2,10,11,12)(H2,13,14,15)/p-4/t2-,3-,4+,5-,6+/m1/s1",O=P([O-])([O-])OC[C@H]1O[C@@H](OP(=O)([O-])[O-])[C@H](O)[C@@H](O)[C@@H]1O
hydrogen selenide,InChI=1S/H2Se/h1H2,[SeH2]
"&alpha;-D-glucose 1,6-bisphosphate","InChI=1S/C6H14O12P2/c7-3-2(1-16-19(10,11)12)17-6(5(9)4(3)8)18-20(13,14)15/h2-9H,1H2,(H2,10,11,12)(H2,13,14,15)/p-4/t2-,3-,4+,5-,6-/m1/s1",O=P([O-])([O-])OC[C@H]1O[C@H](OP(=O)([O-])[O-])[C@H](O)[C@@H](O)[C@@H]1O
captopril,"InChI=1S/C9H15NO3S/c1-6(5-14)8(11)10-4-2-3-7(10)9(12)13/h6-7,14H,2-5H2,1H3,(H,12,13)/t6-,7+/m1/s1",C[C@H](CS)C(=O)N1CCC[C@H]1C(=O)O
<i>N</i>-monomethylethanolamine,"InChI=1S/C3H9NO/c1-4-2-3-5/h4-5H,2-3H2,1H3/p+1",C[NH2+]CCO
bacimethrin pyrophosphate,"InChI=1S/C6H11N3O8P2/c1-15-6-8-2-4(5(7)9-6)3-16-19(13,14)17-18(10,11)12/h2H,3H2,1H3,(H,13,14)(H2,7,8,9)(H2,10,11,12)/p-3",COc1ncc(COP(=O)([O-])OP(=O)([O-])[O-])c(=N)[nH]1
plumbagin,"InChI=1S/C11H8O3/c1-6-5-9(13)10-7(11(6)14)3-2-4-8(10)12/h2-5,12H,1H3",CC1=CC(=O)c2c(O)cccc2C1=O
As<sub>2</sub>SbH<sub>3</sub>O<sub>6</sub>,"InChI=1S/As2H2O5.H2O.Sb/c3-1(4)7-2(5)6;;/h3,5H;1H2;/q-2;;+3/p-1",[O-][As](O)O[As]([O-])O.[OH-].[Sb+3]
pyruvic oxime,"InChI=1S/C3H5NO3/c1-2(4-7)3(5)6/h7H,1H3,(H,5,6)/p-1/b4-2+",C/C(=N\O)C(=O)[O-]
<i>N<sup>5</sup></i>-carboxyaminoimidazole ribonucleotide,"InChI=1S/C9H14N3O9P/c13-6-4(2-20-22(17,18)19)21-8(7(6)14)12-3-10-1-5(12)11-9(15)16/h1,3-4,6-8,11,13-14H,2H2,(H,15,16)(H2,17,18,19)/p-3/t4-,6-,7-,8-/m1/s1",O=C([O-])Nc1cncn1[C@@H]1O[C@H](COP(=O)([O-])[O-])[C@@H](O)[C@H]1O
"2-deoxy-2,3-dehydro-<i>N</i>-acetylneuraminate","InChI=1S/C11H17NO8/c1-4(14)12-8-5(15)2-7(11(18)19)20-10(8)9(17)6(16)3-13/h2,5-6,8-10,13,15-17H,3H2,1H3,(H,12,14)(H,18,19)/p-1/t5-,6+,8+,9+,10+/m0/s1",CC([O-])=N[C@H]1[C@H]([C@H](O)[C@H](O)CO)OC(C(=O)O)=C[C@@H]1O
L-homoserine lactone,"InChI=1S/C4H7NO2/c5-3-1-2-7-4(3)6/h3H,1-2,5H2/p+1/t3-/m0/s1",[NH3+][C@H]1CCOC1=O
aminoethylserine,"InChI=1S/C5H12N2O3/c6-1-2-10-3-4(7)5(8)9/h4H,1-3,6-7H2,(H,8,9)",NCCOCC(N)C(=O)O
"L-galactono-1,4-lactone","InChI=1S/C6H10O6/c7-1-2(8)5-3(9)4(10)6(11)12-5/h2-5,7-10H,1H2/t2-,3-,4-,5+/m0/s1",O=C1O[C@H]([C@@H](O)CO)[C@@H](O)[C@@H]1O
&gamma;-L-glutamyl-glycylglycine,"InChI=1S/C9H15N3O6/c10-5(9(17)18)1-2-6(13)11-3-7(14)12-4-8(15)16/h5H,1-4,10H2,(H,11,13)(H,12,14)(H,15,16)(H,17,18)/p-1/t5-/m0/s1",N[C@@H](CCC([O-])=NCC(O)=NCC(=O)O)C(=O)O
keto-&omega;-methylpantoyl lactone,"InChI=1S/C6H8O4/c1-6(2)3(7)4(8)10-5(6)9/h5,9H,1-2H3",CC1(C)C(=O)C(=O)OC1O
"2,6-diamino-4-hydroxy-5-(<i>N</i>-methyl)formamidopyrimidine","InChI=1S/C6H9N5O2/c1-11(2-12)3-4(7)9-6(8)10-5(3)13/h2H,1H3,(H5,7,8,9,10,13)",CN(C=O)c1c(O)nc(=N)[nH]c1N
"D-ribono-1,4-lactone","InChI=1S/C5H8O5/c6-1-2-3(7)4(8)5(9)10-2/h2-4,6-8H,1H2/t2-,3-,4-/m1/s1",O=C1O[C@H](CO)[C@@H](O)[C@H]1O
dehydroascorbate (bicyclic form),"InChI=1S/C6H8O7/c7-2-1-12-6(11)3(2)13-4(8)5(6,9)10/h2-3,7,9-11H,1H2/t2-,3+,6-/m0/s1",O=C1O[C@@H]2[C@@H](O)CO[C@]2(O)C1(O)O
"D-galactono-1,4-lactone","InChI=1S/C6H10O6/c7-1-2(8)5-3(9)4(10)6(11)12-5/h2-5,7-10H,1H2/t2-,3-,4-,5+/m1/s1",O=C1O[C@@H]([C@H](O)CO)[C@H](O)[C@H]1O
selenophosphate,"InChI=1S/H3O3PSe/c1-4(2,3)5/h(H3,1,2,3,5)/p-2",[O-]P([O-])(O)=[Se]
&alpha;-hydroxyglutarate-&gamma;-lactone,"InChI=1S/C5H6O4/c6-4-2-1-3(9-4)5(7)8/h3H,1-2H2,(H,7,8)/p-1/t3-/m0/s1",O=C1CC[C@@H](C(=O)[O-])O1
citreoviridin,"InChI=1S/C23H30O6/c1-15(14-22(4)21(25)23(5,26)17(3)29-22)11-9-7-8-10-12-18-16(2)19(27-6)13-20(24)28-18/h7-14,17,21,25-26H,1-6H3/b8-7+,11-9+,12-10+,15-14+/t17-,21+,22+,23+/m1/s1",COc1cc(=O)oc(/C=C/C=C/C=C/C(C)=C/[C@]2(C)O[C@H](C)[C@](C)(O)[C@H]2O)c1C
&beta;-L-aspartylhydroxamate,"InChI=1S/C4H8N2O4/c5-2(4(8)9)1-3(7)6-10/h2,10H,1,5H2,(H,6,7)(H,8,9)/t2-/m0/s1",N[C@@H](CC(O)=NO)C(=O)O
p-hydroxymercuribenzoate,"InChI=1S/C7H5O2.Hg.H2O/c8-7(9)6-4-2-1-3-5-6;;/h2-5H,(H,8,9);;1H2/q;+1;/p-2",O=C([O-])C1=CC=C=C[CH]1.[Hg+].[OH-]
carbonate,"InChI=1S/CH2O3/c2-1(3)4/h(H2,2,3,4)/p-2",O=C([O-])[O-]
N<SUP>2</SUP>-succinylglutamate,"InChI=1S/C9H13NO7/c11-6(2-4-8(14)15)10-5(9(16)17)1-3-7(12)13/h5H,1-4H2,(H,10,11)(H,12,13)(H,14,15)(H,16,17)/p-3/t5-/m0/s1",O=C([O-])CCC([O-])=N[C@@H](CCC(=O)[O-])C(=O)O
dioxane,InChI=1S/C4H8O2/c1-2-6-4-3-5-1/h1-4H2,C1COCCO1
(S)-3-hydroxytetradecanoyl-CoA,"InChI=1S/C35H62N7O18P3S/c1-4-5-6-7-8-9-10-11-12-13-23(43)18-26(45)64-17-16-37-25(44)14-15-38-33(48)30(47)35(2,3)20-57-63(54,55)60-62(52,53)56-19-24-29(59-61(49,50)51)28(46)34(58-24)42-22-41-27-31(36)39-21-40-32(27)42/h21-24,28-30,34,43,46-47H,4-20H2,1-3H3,(H,37,44)(H,38,48)(H,52,53)(H,54,55)(H2,36,39,40)(H2,49,50,51)/p-4/t23-,24+,28+,29+,30-,34+/m0/s1",CCCCCCCCCCC[C@H](O)CC(=O)SCCN=C([O-])CCN=C([O-])[C@H](O)C(C)(C)COP(=O)(O)OP(=O)(O)OC[C@H]1O[C@@H](n2cnc3c(N)ncnc32)[C@H](O)[C@@H]1OP(=O)([O-])[O-]
aminoacetone,"InChI=1S/C3H7NO/c1-3(5)2-4/h2,4H2,1H3/p+1",CC(=O)C[NH3+]
L-rhamnonate,"InChI=1S/C6H12O6/c1-2(7)3(8)4(9)5(10)6(11)12/h2-5,7-10H,1H3,(H,11,12)/p-1/t2-,3-,4+,5+/m0/s1",C[C@H](O)[C@H](O)[C@@H](O)[C@@H](O)C(=O)[O-]
"8-aminoethyl-2,6-anhydro-3,8-dideoxy-D-glycero-D-talo-octonate","InChI=1S/C8H15NO6/c9-2-4(11)7-6(12)3(10)1-5(15-7)8(13)14/h3-7,10-12H,1-2,9H2,(H,13,14)/t3-,4-,5+,6-,7-/m1/s1",NC[C@@H](O)[C@H]1O[C@H](C(=O)O)C[C@@H](O)[C@H]1O
5-oxo-L-proline,"InChI=1S/C5H7NO3/c7-4-2-1-3(6-4)5(8)9/h3H,1-2H2,(H,6,7)(H,8,9)/p-1/t3-/m0/s1",O=C(O)[C@@H]1CCC([O-])=N1
hypotaurine,"InChI=1S/C2H7NO2S/c3-1-2-6(4)5/h1-3H2,(H,4,5)",NCCS(=O)O
4-deoxypyridoxine,"InChI=1S/C8H11NO2/c1-5-7(4-10)3-9-6(2)8(5)11/h3,10-11H,4H2,1-2H3",Cc1ncc(CO)c(C)c1O
"3,4-dihydroxyphenylacetyl-CoA","InChI=1S/C29H42N7O19P3S/c1-29(2,24(42)27(43)32-6-5-19(39)31-7-8-59-20(40)10-15-3-4-16(37)17(38)9-15)12-52-58(49,50)55-57(47,48)51-11-18-23(54-56(44,45)46)22(41)28(53-18)36-14-35-21-25(30)33-13-34-26(21)36/h3-4,9,13-14,18,22-24,28,37-38,41-42H,5-8,10-12H2,1-2H3,(H,31,39)(H,32,43)(H,47,48)(H,49,50)(H2,30,33,34)(H2,44,45,46)/p-4/t18-,22-,23-,24+,28-/m1/s1",CC(C)(COP(=O)(O)OP(=O)(O)OC[C@H]1O[C@@H](n2cnc3c(N)ncnc32)[C@H](O)[C@@H]1OP(=O)(O)O)[C@@H](O)C([O-])=NCCC([O-])=NCCSC(=O)Cc1ccc([O-])c([O-])c1
4-(&gamma;-L-glutamylamino)butanal,"InChI=1S/C9H16N2O4/c10-7(9(14)15)3-4-8(13)11-5-1-2-6-12/h6-7H,1-5,10H2,(H,11,13)(H,14,15)/t7-/m0/s1",N[C@@H](CCC(O)=NCCCC=O)C(=O)O
L-thiazolidine-4-carboxylate,"InChI=1S/C4H7NO2S/c6-4(7)3-1-8-2-5-3/h3,5H,1-2H2,(H,6,7)/p-1",O=C([O-])C1CSCN1
"2,3-pentane-dione","InChI=1S/C5H8O2/c1-3-5(7)4(2)6/h3H2,1-2H3",CCC(=O)C(C)=O
diisopropyl fluorophosphate,"InChI=1S/C6H14FO3P/c1-5(2)9-11(7,8)10-6(3)4/h5-6H,1-4H3",CC(C)OP(=O)(F)OC(C)C
"L-galactono-1,5-lactone","InChI=1S/C6H10O6/c7-1-2-3(8)4(9)5(10)6(11)12-2/h2-5,7-10H,1H2/t2-,3+,4+,5-/m0/s1",O=C1O[C@@H](CO)[C@@H](O)[C@@H](O)[C@@H]1O
"<i>N</i>-acetyl-D-glucosamino-1,5-lactone","InChI=1S/C8H13NO6/c1-3(11)9-5-7(13)6(12)4(2-10)15-8(5)14/h4-7,10,12-13H,2H2,1H3,(H,9,11)/t4-,5-,6-,7-/m1/s1",CC(O)=N[C@H]1C(=O)O[C@H](CO)[C@@H](O)[C@@H]1O
"D-glucono-1,5-lactone","InChI=1S/C6H10O6/c7-1-2-3(8)4(9)5(10)6(11)12-2/h2-5,7-10H,1H2/t2-,3-,4+,5-/m1/s1",O=C1O[C@H](CO)[C@@H](O)[C@H](O)[C@H]1O
11-deoxycorticosterone,"InChI=1S/C21H30O3/c1-20-9-7-14(23)11-13(20)3-4-15-16-5-6-18(19(24)12-22)21(16,2)10-8-17(15)20/h11,15-18,22H,3-10,12H2,1-2H3/t15-,16-,17-,18+,20-,21-/m0/s1",C[C@]12CC[C@H]3[C@@H](CCC4=CC(=O)CC[C@@]43C)[C@@H]1CC[C@@H]2C(=O)CO
3-dehydro-2-deoxy-D-gluconate,"InChI=1S/C6H10O6/c7-2-4(9)6(12)3(8)1-5(10)11/h4,6-7,9,12H,1-2H2,(H,10,11)/p-1/t4-,6+/m1/s1",O=C([O-])CC(=O)[C@H](O)[C@H](O)CO
S-adenosyl-L-(2 hydroxyl-4-methylthio)butanoate,"InChI=1S/C15H21N5O6S/c1-27(3-2-7(21)15(24)25)4-8-10(22)11(23)14(26-8)20-6-19-9-12(16)17-5-18-13(9)20/h5-8,10-11,14,21-23H,2-4H2,1H3,(H2-,16,17,18,24,25)/t7?,8-,10-,11-,14-,27?/m1/s1",C[S+](CCC(O)C(=O)[O-])C[C@H]1O[C@@H](n2cnc3c(N)ncnc32)[C@H](O)[C@@H]1O
IDP-ribose,"InChI=1S/C15H22N4O15P2/c20-8-5(32-14(10(8)22)19-4-18-7-12(19)16-3-17-13(7)24)1-30-35(26,27)34-36(28,29)31-2-6-9(21)11(23)15(25)33-6/h3-6,8-11,14-15,20-23,25H,1-2H2,(H3,16,17,24,26,27,28,29)/p-2/t5-,6-,8-,9-,10-,11-,14-,15-/m1/s1",O=P([O-])(OC[C@H]1O[C@@H](O)[C@H](O)[C@@H]1O)OP(=O)([O-])OC[C@H]1O[C@@H]([n+]2c[nH]c3c([O-])ncnc32)[C@H](O)[C@@H]1O
diimidotriphosphate,"InChI=1S/H7N2O8P3/c3-11(4,1-12(5,6)7)2-13(8,9)10/h(H7,1,2,3,4,5,6,7,8,9,10)",O=P(O)(O)NP(=O)(O)NP(=O)(O)O
N<sup>6</sup>-(1-carboxyethyl)-L-lysine,,
5'-amino-5'-deoxyadenosine,"InChI=1S/C10H14N6O3/c11-1-4-6(17)7(18)10(19-4)16-3-15-5-8(12)13-2-14-9(5)16/h2-4,6-7,10,17-18H,1,11H2,(H2,12,13,14)/p+1/t4-,6-,7-,10-/m1/s1",Nc1ncnc2c1ncn2[C@@H]1O[C@H](C[NH3+])[C@@H](O)[C@H]1O
D-3-hydroxy-4-trans-decenoyl-CoA,,
N-acetylmuramate(alpha-methyl)-L-alanyl-D-glutamate,"InChI=1S/C20H33N3O12/c1-8(17(29)23-11(19(31)32)5-6-13(26)27)21-18(30)9(2)34-16-14(22-10(3)25)20(33-4)35-12(7-24)15(16)28/h8-9,11-12,14-16,20,24,28H,5-7H2,1-4H3,(H,21,30)(H,22,25)(H,23,29)(H,26,27)(H,31,32)/p-2/t8-,9+,11+,12+,14+,15+,16+,20-/m0/s1",CO[C@H]1O[C@H](CO)[C@@H](O)[C@H](O[C@H](C)C(O)=N[C@@H](C)C(O)=N[C@H](CCC(=O)[O-])C(=O)O)[C@H]1N=C(C)[O-]
1-hydroxy-2-naphthoyl-CoA,"InChI=1S/C32H42N7O18P3S/c1-32(2,26(43)29(44)35-10-9-21(40)34-11-12-61-31(45)19-8-7-17-5-3-4-6-18(17)23(19)41)14-54-60(51,52)57-59(49,50)53-13-20-25(56-58(46,47)48)24(42)30(55-20)39-16-38-22-27(33)36-15-37-28(22)39/h3-8,15-16,20,24-26,30,41-43H,9-14H2,1-2H3,(H,34,40)(H,35,44)(H,49,50)(H,51,52)(H2,33,36,37)(H2,46,47,48)/p-4/t20-,24-,25-,26+,30-/m1/s1",CC(C)(COP(=O)(O)OP(=O)(O)OC[C@H]1O[C@@H](n2cnc3c(N)ncnc32)[C@H](O)[C@@H]1OP(=O)([O-])O)[C@@H](O)C([O-])=NCCC([O-])=NCCSC(=O)c1ccc2ccccc2c1[O-]
monofluoromethylornithine,"InChI=1S/C6H13FN2O2/c7-4-6(9,5(10)11)2-1-3-8/h1-4,8-9H2,(H,10,11)/p+1",NC(CF)(CCC[NH3+])C(=O)O
"3,4,4-trihydroxy-5-phosphooxypentan-2-one","InChI=1S/C5H11O8P/c1-3(6)4(7)5(8,9)2-13-14(10,11)12/h4,7-9H,2H2,1H3,(H2,10,11,12)/p-2",CC(=O)C(O)C(O)(O)COP(=O)([O-])[O-]
<i>N</i>-heptylpantothenamide,"InChI=1S/C16H32N2O4/c1-4-5-6-7-8-10-17-13(20)9-11-18-15(22)14(21)16(2,3)12-19/h14,19,21H,4-12H2,1-3H3,(H,17,20)(H,18,22)/t14-/m0/s1",CCCCCCCN=C(O)CCN=C(O)[C@H](O)C(C)(C)CO
6-phosphonouridine 5'-monophosphate,"InChI=1S/C9H14N2O12P2/c12-4-1-5(24(16,17)18)11(9(15)10-4)8-7(14)6(13)3(23-8)2-22-25(19,20)21/h1,3,6-8,13-14H,2H2,(H,10,12,15)(H2,16,17,18)(H2,19,20,21)/p-4/t3-,6-,7-,8-/m1/s1",O=c1nc([O-])cc(P(=O)([O-])[O-])n1[C@@H]1O[C@H](COP(=O)([O-])O)[C@@H](O)[C@H]1O
adenylyl-imidodiphosphate,"InChI=1S/C10H17N6O12P3/c11-8-5-9(13-2-12-8)16(3-14-5)10-7(18)6(17)4(27-10)1-26-31(24,25)28-30(22,23)15-29(19,20)21/h2-4,6-7,10,17-18H,1H2,(H,24,25)(H2,11,12,13)(H4,15,19,20,21,22,23)/p-4/t4-,6-,7-,10-/m1/s1",Nc1ncnc2c1ncn2[C@@H]1O[C@H](COP(=O)([O-])OP(=O)([O-])NP(=O)([O-])[O-])[C@@H](O)[C@H]1O
adenosine tetraphosphopyridoxal,"InChI=1S/C18H24N6O18P4/c1-8-13(26)10(3-25)9(2-20-8)4-37-43(29,30)40-45(33,34)42-46(35,36)41-44(31,32)38-5-11-14(27)15(28)18(39-11)24-7-23-12-16(19)21-6-22-17(12)24/h2-3,6-7,11,14-15,18,26-28H,4-5H2,1H3,(H,29,30)(H,31,32)(H,33,34)(H,35,36)(H2,19,21,22)/p-4/t11-,14-,15-,18-/m1/s1",Cc1ncc(COP(=O)([O-])OP(=O)([O-])OP(=O)(O)OP(=O)([O-])OC[C@H]2O[C@@H](n3cnc4c(N)ncnc43)[C@H](O)[C@@H]2O)c(C=O)c1[O-]
glycine methyl ester,"InChI=1S/C3H7NO2/c1-6-3(5)2-4/h2,4H2,1H3",COC(=O)CN
acyl phosphatidylglycerol (n-C12:0),"InChI=1S/C42H81O11P/c1-4-7-10-13-16-19-22-25-28-31-40(44)49-34-38(43)35-51-54(47,48)52-37-39(53-42(46)33-30-27-24-21-18-15-12-9-6-3)36-50-41(45)32-29-26-23-20-17-14-11-8-5-2/h38-39,43H,4-37H2,1-3H3,(H,47,48)/p-1/t38-,39+/m0/s1",CCCCCCCCCCCC(=O)OC[C@H](O)COP(=O)([O-])OC[C@@H](COC(=O)CCCCCCCCCCC)OC(=O)CCCCCCCCCCC
biuret,"InChI=1S/C2H5N3O2/c3-1(6)5-2(4)7/h(H5,3,4,5,6,7)",N=C(O)NC(=N)O
"<i>cis</i>-6,7-dihydro-6-7-dimethylpterin","InChI=1S/C8H11N5O/c1-3-4(2)11-6-5(10-3)7(14)13-8(9)12-6/h3-4H,1-2H3,(H3,9,11,12,13,14)",CC1N=c2[nH]c(=N)nc(O)c2=NC1C
5-oxo-D-proline,"InChI=1S/C5H7NO3/c7-4-2-1-3(6-4)5(8)9/h3H,1-2H2,(H,6,7)(H,8,9)/p-1/t3-/m1/s1",O=C(O)[C@H]1CCC([O-])=N1
"2,3,4-trihydroxybenzoate","InChI=1S/C7H6O5/c8-4-2-1-3(7(11)12)5(9)6(4)10/h1-2,8-10H,(H,11,12)",O=C(O)c1ccc(O)c(O)c1O
phenylmethanesulfonyl fluoride,"InChI=1S/C7H7FO2S/c8-11(9,10)6-7-4-2-1-3-5-7/h1-5H,6H2",O=S(=O)(F)Cc1ccccc1
N-&alpha;-acetyl-arginine,"InChI=1S/C8H16N4O3/c1-5(13)12-6(7(14)15)3-2-4-11-8(9)10/h6H,2-4H2,1H3,(H,12,13)(H,14,15)(H4,9,10,11)",CC(O)=NC(CCCNC(=N)N)C(=O)O
dithiophosphate,"InChI=1S/H3O2PS2/c1-3(2,4)5/h(H3,1,2,4,5)/p-2",[O-]P([O-])(=S)S
L-alanyl-L-&alpha;-thiophenylglycine,"InChI=1S/C11H14N2O3S/c1-7(12)9(14)13-10(11(15)16)17-8-5-3-2-4-6-8/h2-7,10H,12H2,1H3,(H,13,14)(H,15,16)",CC(N)C(O)=NC(Sc1ccccc1)C(=O)O
<i>p</i>-chloromercuribenzoate,"InChI=1S/C7H5O2.ClH.Hg/c8-7(9)6-4-2-1-3-5-6;;/h2-5H,(H,8,9);1H;/q;;+1/p-2",O=C([O-])C1=CC=C=C[CH]1.[Cl-].[Hg+]
"2,3-dioctanoylglyceramide","InChI=1S/C19H35NO5/c1-3-5-7-9-11-13-17(21)24-15-16(19(20)23)25-18(22)14-12-10-8-6-4-2/h16H,3-15H2,1-2H3,(H2,20,23)",CCCCCCCC(=O)OCC(OC(=O)CCCCCCC)C(=N)O
<i>aldehydo</i>-L-arabinuronate,"InChI=1S/C5H8O6/c6-1-2(7)3(8)4(9)5(10)11/h1-4,7-9H,(H,10,11)/p-1/t2-,3+,4+/m0/s1",O=C[C@H](O)[C@@H](O)[C@@H](O)C(=O)[O-]
&alpha;-D-ribose 1-(acetamidomethylphosphonate) 5-triphosphate,"InChI=1S/C8H19NO17P4/c1-4(10)9-3-27(13,14)24-8-7(12)6(11)5(23-8)2-22-29(18,19)26-30(20,21)25-28(15,16)17/h5-8,11-12H,2-3H2,1H3,(H,9,10)(H,13,14)(H,18,19)(H,20,21)(H2,15,16,17)/p-5/t5-,6-,7-,8-/m1/s1",CC([O-])=NCP(=O)([O-])O[C@H]1O[C@H](COP(=O)([O-])OP(=O)(O)OP(=O)([O-])[O-])[C@@H](O)[C@H]1O
"(2<i>Z</i>,4<i>E</i>)-2-hydroxy-6-oxonona-2,4-diene-1,9-dioate","InChI=1S/C9H10O6/c10-6(4-5-8(12)13)2-1-3-7(11)9(14)15/h1-3,11H,4-5H2,(H,12,13)(H,14,15)/p-2/b2-1+,7-3-",O=C([O-])CCC(=O)/C=C/C=C(\[O-])C(=O)O
xanthine,"InChI=1S/C5H4N4O2/c10-4-2-3(7-1-6-2)8-5(11)9-4/h1H,(H3,6,7,8,9,10,11)",Oc1nc(O)c2nc[nH]c2n1
methacrylate,"InChI=1S/C4H6O2/c1-3(2)4(5)6/h1H2,2H3,(H,5,6)/p-1",C=C(C)C(=O)[O-]
S-acetyl phosphopantetheine,"InChI=1S/C13H25N2O8PS/c1-9(16)25-7-6-14-11(18)4-5-15-12(19)10(17)8-13(2,3)23-24(20,21)22/h10,17H,4-8H2,1-3H3,(H,14,18)(H,15,19)(H2,20,21,22)/p-2/t10-/m1/s1",CC(=O)SCCN=C([O-])CCN=C([O-])[C@H](O)CC(C)(C)OP(=O)(O)O
"(2S,4S)-2-methyl-2,4-dihydroxydihydrofuran-3-one","InChI=1S/C5H8O4/c1-5(8)4(7)3(6)2-9-5/h3,6,8H,2H2,1H3/t3-,5-/m0/s1",C[C@]1(O)OC[C@H](O)C1=O
3'-phosphoadenylyl-sulfate,"InChI=1S/C10H15N5O13P2S/c11-8-5-9(13-2-12-8)15(3-14-5)10-6(16)7(27-29(17,18)19)4(26-10)1-25-30(20,21)28-31(22,23)24/h2-4,6-7,10,16H,1H2,(H,20,21)(H2,11,12,13)(H2,17,18,19)(H,22,23,24)/p-4/t4-,6-,7-,10-/m1/s1",Nc1ncnc2c1ncn2[C@@H]1O[C@H](COP(=O)([O-])OS(=O)(=O)[O-])[C@@H](OP(=O)([O-])[O-])[C@H]1O
carboxymethoxylamine,"InChI=1S/C2H5NO3/c3-6-1-2(4)5/h1,3H2,(H,4,5)/p-1",NOCC(=O)[O-]
<i>N</i>-(quinolin-8-yl)methanesulfonamide,"InChI=1S/C10H9N2O2S/c1-15(13,14)12-9-6-2-4-8-5-3-7-11-10(8)9/h2-7H,1H3/q-1",CS(=O)(=O)[N-]c1cccc2cccnc12
butyrylcholine,"InChI=1S/C9H20NO2/c1-5-6-9(11)12-8-7-10(2,3)4/h5-8H2,1-4H3/q+1",CCCC(=O)OCC[N+](C)(C)C
&alpha;-methylmethionine,"InChI=1S/C6H13NO2S/c1-6(7,5(8)9)3-4-10-2/h3-4,7H2,1-2H3,(H,8,9)/t6-/m0/s1",CSCC[C@](C)(N)C(=O)O
dehydroascorbate,"InChI=1S/C6H5O6/c7-1-2(8)5-3(9)4(10)6(11)12-5/h2,7-8H,1H2/q-1",O=C1O[C-](C(O)CO)C(=O)C1=O
N-&alpha;-acetyl-DL-norvaline,"InChI=1S/C7H13NO3/c1-3-4-6(7(10)11)8-5(2)9/h6H,3-4H2,1-2H3,(H,8,9)(H,10,11)",CCCC(N=C(C)O)C(=O)O
5-dehydro-4-deoxy-D-glucarate,"InChI=1S/C6H8O7/c7-2(4(9)6(12)13)1-3(8)5(10)11/h2,4,7,9H,1H2,(H,10,11)(H,12,13)/p-2/t2-,4+/m0/s1",O=C([O-])C(=O)C[C@H](O)[C@@H](O)C(=O)[O-]
preuroporphyrinogen,"InChI=1S/C40H46N4O17/c45-17-32-25(12-40(60)61)21(4-8-36(52)53)29(44-32)15-31-24(11-39(58)59)20(3-7-35(50)51)28(43-31)14-30-23(10-38(56)57)19(2-6-34(48)49)27(42-30)13-26-22(9-37(54)55)18(16-41-26)1-5-33(46)47/h16,41-45H,1-15,17H2,(H,46,47)(H,48,49)(H,50,51)(H,52,53)(H,54,55)(H,56,57)(H,58,59)(H,60,61)/p-8",O=C([O-])CCc1c[nH]c(Cc2[nH]c(Cc3[nH]c(Cc4[nH]c(CO)c(CC(=O)[O-])c4CCC(=O)[O-])c(CC(=O)[O-])c3CCC(=O)[O-])c(CC(=O)[O-])c2CCC(=O)[O-])c1CC(=O)[O-]
moiramide B,"InChI=1S/C25H31N3O5/c1-5-6-8-13-19(29)26-18(17-11-9-7-10-12-17)14-20(30)27-22(15(2)3)23(31)21-16(4)24(32)28-25(21)33/h5-13,15-16,18,21-22H,14H2,1-4H3,(H,26,29)(H,27,30)(H,28,32,33)/b6-5+,13-8+/t16-,18-,21+,22-/m0/s1",C/C=C/C=C/C(O)=N[C@@H](CC(O)=N[C@H](C(=O)[C@@H]1C(=O)N=C(O)[C@H]1C)C(C)C)c1ccccc1
2-oxo-3-sulfanylpropanoate,"InChI=1S/C3H4O3S/c4-2(1-7)3(5)6/h7H,1H2,(H,5,6)/p-1",O=C([O-])C(=O)CS
FMPP,"InChI=1S/C7H7FN4O/c8-1-3-2-10-5-4(3)6(13)12-7(9)11-5/h2H,1H2,(H4,9,10,11,12,13)",N=c1nc(O)c2c(CF)c[nH]c2[nH]1
3-methylphosphoenolpyruvate,"InChI=1S/C4H7O6P/c1-2-3(4(5)6)10-11(7,8)9/h2H,1H3,(H,5,6)(H2,7,8,9)/p-3/b3-2-",C/C=C(\OP(=O)([O-])[O-])C(=O)[O-]
citraconate,"InChI=1S/C5H6O4/c1-3(5(8)9)2-4(6)7/h2H,1H3,(H,6,7)(H,8,9)/p-2/b3-2-",C/C(=C/C(=O)[O-])C(=O)[O-]
1-deoxy-L-glycero-tetrulose 4-phosphate,"InChI=1S/C4H9O6P/c1-3(5)4(6)2-10-11(7,8)9/h4,6H,2H2,1H3,(H2,7,8,9)/p-2/t4-/m1/s1",CC(=O)[C@H](O)COP(=O)([O-])[O-]
"(2S,3R,6S)-3-fluoro-2,6-diaminopimelate","InChI=1S/C7H13FN2O4/c8-3(5(10)7(13)14)1-2-4(9)6(11)12/h3-5H,1-2,9-10H2,(H,11,12)(H,13,14)/t3-,4+,5-/m1/s1",N[C@@H](CC[C@@H](F)[C@@H](N)C(=O)O)C(=O)O
3-amino-1-hydroxyacetone 1-phosphate,"InChI=1S/C3H8NO5P/c4-1-3(5)2-9-10(6,7)8/h1-2,4H2,(H2,6,7,8)/p-1",NCC(=O)COP(=O)([O-])O
D-tartrate,"InChI=1S/C4H6O6/c5-1(3(7)8)2(6)4(9)10/h1-2,5-6H,(H,7,8)(H,9,10)/p-2/t1-,2-/m0/s1",O=C([O-])[C@@H](O)[C@H](O)C(=O)[O-]
L-homocysteine thiolactone,"InChI=1S/C4H7NOS/c5-3-1-2-7-4(3)6/h3H,1-2,5H2/p+1/t3-/m0/s1",[NH3+][C@H]1CCSC1=O
dianisidine,"InChI=1S/C14H16N2O2/c1-17-13-7-9(3-5-11(13)15)10-4-6-12(16)14(8-10)18-2/h3-8H,15-16H2,1-2H3",COc1cc(-c2ccc(N)c(OC)c2)ccc1N
N-ethylsuccinimide,"InChI=1S/C6H9NO2/c1-2-7-5(8)3-4-6(7)9/h2-4H2,1H3",CCN1C(=O)CCC1=O
benzylguanidine,"InChI=1S/C8H11N3/c9-8(10)11-6-7-4-2-1-3-5-7/h1-5H,6H2,(H4,9,10,11)/p+1",NC(=[NH2+])NCc1ccccc1
<i>N</i>-methyl-<i>N</i>-picrylnitramine,,
5'-(dimethylsulfonio)-5'-deoxyadenosine,"InChI=1S/C12H18N5O3S/c1-21(2)3-6-8(18)9(19)12(20-6)17-5-16-7-10(13)14-4-15-11(7)17/h4-6,8-9,12,18-19H,3H2,1-2H3,(H2,13,14,15)/q+1/t6-,8-,9-,12-/m1/s1",C[S+](C)C[C@H]1O[C@@H](n2cnc3c(N)ncnc32)[C@H](O)[C@@H]1O
1-<i>O</i>-methyl-&alpha;-D-glucose,,
2-keto-4-hydroxybutanoate,"InChI=1S/C4H6O4/c5-2-1-3(6)4(7)8/h5H,1-2H2,(H,7,8)/p-1",O=C([O-])C(=O)CCO
"2,4-dioxo-4-phenylbutanoate","InChI=1S/C10H8O4/c11-8(6-9(12)10(13)14)7-4-2-1-3-5-7/h1-5H,6H2,(H,13,14)/p-1",O=C([O-])C(=O)CC(=O)c1ccccc1
"<i>N</i>,<i>N</i>-dimethylacetamide",InChI=1S/C4H9NO/c1-4(6)5(2)3/h1-3H3,CC(=O)N(C)C
naphthalen-1-yl propanoate,"InChI=1S/C13H12O2/c1-2-13(14)15-12-9-5-7-10-6-3-4-8-11(10)12/h3-9H,2H2,1H3",CCC(=O)Oc1cccc2ccccc12
tryptamine guanosine carbamate,"InChI=1S/C21H23N7O6/c22-20-26-17-14(18(31)27-20)25-9-28(17)19-16(30)15(29)13(34-19)8-33-21(32)23-6-5-10-7-24-12-4-2-1-3-11(10)12/h1-4,7,9,13,15-16,19,24,29-30H,5-6,8H2,(H,23,32)(H3,22,26,27,31)/t13-,15-,16-,19-/m1/s1",N=c1nc(O)c2ncn([C@@H]3O[C@H](COC(O)=NCCc4c[nH]c5ccccc45)[C@@H](O)[C@H]3O)c2[nH]1
naphthalen-1-yl butanoate,"InChI=1S/C14H14O2/c1-2-6-14(15)16-13-10-5-8-11-7-3-4-9-12(11)13/h3-5,7-10H,2,6H2,1H3",CCCC(=O)Oc1cccc2ccccc12
4-oxo-N-acetylneuraminate,"InChI=1S/C11H17NO9/c1-4(14)12-7-5(15)2-11(20,10(18)19)21-9(7)8(17)6(16)3-13/h6-9,13,16-17,20H,2-3H2,1H3,(H,12,14)(H,18,19)/p-1/t6-,7-,8-,9-,11?/m1/s1",CC([O-])=N[C@@H]1C(=O)CC(O)(C(=O)O)O[C@H]1[C@H](O)[C@H](O)CO
(<i>Z</i>)-3-aminoacrylate,"InChI=1S/C3H5NO2/c4-2-1-3(5)6/h1-2H,4H2,(H,5,6)/p-1/b2-1-",N/C=C\C(=O)[O-]
thiourea dioxide,"InChI=1S/CH4N2O2S/c2-1(3)6(4)5/h(H3,2,3)(H,4,5)",N=C(N)S(=O)O
"three disacharide linked murein units (tetrapeptide crosslinked tetrapeptide (A2pm->D-ala), one uncrosslinked tetrapaptide) (middle of chain)","InChI=1S/C111H175N21O59/c1-38-89(155)128-60(27-30-71(149)150)101(167)131-57(98(164)119-43(6)103(170)171)23-18-24-61(106(176)177)132-92(158)41(4)117-96(162)55(21-16-19-53(112)104(172)173)129-99(165)58(25-28-69(145)146)126-90(156)39(2)116-95(161)46(9)181-88-76(125-52(15)144)111(187-82-65(33-135)183-108(73(79(82)153)122-49(12)141)189-84-64(32-134)178-37-62(120-47(10)139)81(84)179-44(7)93(159)114-38)186-68(36-138)86(88)191-109-74(123-50(13)142)80(154)83(66(34-136)184-109)188-110-75(124-51(14)143)87(85(67(35-137)185-110)190-107-72(121-48(11)140)78(152)77(151)63(31-133)182-107)180-45(8)94(160)115-40(3)91(157)127-59(26-29-70(147)148)100(166)130-56(22-17-20-54(113)105(174)175)97(163)118-42(5)102(168)169/h37-46,53-61,63-68,72-88,107-111,133-138,151-154H,16-36,112-113H2,1-15H3,(H,114,159)(H,115,160)(H,116,161)(H,117,162)(H,118,163)(H,119,164)(H,120,139)(H,121,140)(H,122,141)(H,123,142)(H,124,143)(H,125,144)(H,126,156)(H,127,157)(H,128,155)(H,129,165)(H,130,166)(H,131,167)(H,132,158)(H,145,146)(H,147,148)(H,149,150)(H,168,169)(H,170,171)(H,172,173)(H,174,175)(H,176,177)/p-6",CC([O-])=NC1=COC(CO)C2OC3OC(CO)C(OC4OC(CO)C(OC5OC(CO)C(OC6OC(CO)C(OC7OC(CO)C(O)C(O)C7N=C(C)[O-])C(OC(C)C(O)=NC(C)C(O)=NC(CCC(=O)O)C(O)=NC(CCCC(N)C(=O)O)C(O)=NC(C)C(=O)O)C6N=C(C)[O-])C(O)C5N=C(C)[O-])C(OC(C)C(O)=NC(C)C(O)=NC(CCC(=O)O)C(O)=NC(CCCC(N)C(=O)O)C(O)=NC(C)C(O)=NC(C(=O)O)CCCC(C(O)=NC(C)C(=O)O)N=C(O)C(CCC(=O)O)N=C(O)C(C)N=C(O)C(C)OC12)C4N=C(C)[O-])C(O)C3N=C(C)[O-]
dicloxacillin,"InChI=1S/C19H17Cl2N3O5S/c1-7-10(12(23-29-7)11-8(20)5-4-6-9(11)21)15(25)22-13-16(26)24-14(18(27)28)19(2,3)30-17(13)24/h4-6,13-14,17H,1-3H3,(H,22,25)(H,27,28)/p-1/t13-,14+,17+/m1/s1",Cc1onc(-c2c(Cl)cccc2Cl)c1C([O-])=N[C@@H]1C(=O)N2[C@@H](C(=O)O)C(C)(C)S[C@@H]12
2-acyl-sn-glycero-3-phosphoethanolamine (n-C12:0),"InChI=1S/C17H36NO7P/c1-2-3-4-5-6-7-8-9-10-11-17(20)25-16(14-19)15-24-26(21,22)23-13-12-18/h16,19H,2-15,18H2,1H3,(H,21,22)/t16-/m1/s1",CCCCCCCCCCCC(=O)O[C@H](CO)COP(=O)(O)OCCN
1-piperideine 6-carboxylate,"InChI=1S/C6H9NO2/c8-6(9)5-3-1-2-4-7-5/h4-5H,1-3H2,(H,8,9)/p-1/t5-/m0/s1",O=C([O-])[C@@H]1CCCC=N1
adenosine-N1-oxide,"InChI=1S/C10H13N5O5/c11-8-5-9(13-2-12-8)14(3-15(5)19)10-7(18)6(17)4(1-16)20-10/h2-4,6-7,10,16-18H,1H2,(H2,11,12,13)/t4-,6-,7-,10-/m1/s1",Nc1ncnc2c1[n+]([O-])cn2[C@@H]1O[C@H](CO)[C@@H](O)[C@H]1O
1-pyrroline,"InChI=1S/C4H7N/c1-2-4-5-3-1/h3H,1-2,4H2/p+1",C1=[NH+]CCC1
ethylthioacetoacetate,"InChI=1S/C6H10O3S/c1-2-10-4-5(7)3-6(8)9/h2-4H2,1H3,(H,8,9)",CCSCC(=O)CC(=O)O
glycerol 2-phosphate,"InChI=1S/C3H9O6P/c4-1-3(2-5)9-10(6,7)8/h3-5H,1-2H2,(H2,6,7,8)/p-2",O=P([O-])([O-])OC(CO)CO
4-methylmorpholine N-oxide,"InChI=1S/C5H12NO2/c1-6(7)2-4-8-5-3-6/h7H,2-5H2,1H3/q+1",C[N+]1(O)CCOCC1
triethyl phosphate,"InChI=1S/C6H15O4P/c1-4-8-11(7,9-5-2)10-6-3/h4-6H2,1-3H3",CCOP(=O)(OCC)OCC
DL-p-phenylalanine,"InChI=1S/C9H10FNO2/c10-7-3-1-6(2-4-7)5-8(11)9(12)13/h1-4,8H,5,11H2,(H,12,13)",NC(Cc1ccc(F)cc1)C(=O)O
glutarate semialdehyde,"InChI=1S/C5H8O3/c6-4-2-1-3-5(7)8/h4H,1-3H2,(H,7,8)/p-1",O=CCCCC(=O)[O-]
"1,2-dioctanoyl-1,2,6-hexanetriol","InChI=1S/C22H42O5/c1-3-5-7-9-11-16-21(24)26-19-20(15-13-14-18-23)27-22(25)17-12-10-8-6-4-2/h20,23H,3-19H2,1-2H3",CCCCCCCC(=O)OCC(CCCCO)OC(=O)CCCCCCC
3-hydroxypropanal dimer,"InChI=1S/C6H12O4/c7-3-1-6-9-4-2-5(8)10-6/h5-8H,1-4H2",OCCC1OCCC(O)O1
5-phospho-D-arabinonate,"InChI=1S/C5H11O9P/c6-2(1-14-15(11,12)13)3(7)4(8)5(9)10/h2-4,6-8H,1H2,(H,9,10)(H2,11,12,13)/p-3/t2-,3-,4+/m1/s1",O=C([O-])[C@@H](O)[C@H](O)[C@H](O)COP(=O)([O-])[O-]
3-(carboxymethylaminomethyl)-4-hydroxybenzoate,"InChI=1S/C10H11NO5/c12-8-2-1-6(10(15)16)3-7(8)4-11-5-9(13)14/h1-3,11-12H,4-5H2,(H,13,14)(H,15,16)/p-1",O=C(O)CNCc1cc(C(=O)O)ccc1[O-]
tris,"InChI=1S/C4H11NO3/c5-4(1-6,2-7)3-8/h6-8H,1-3,5H2/p+1",[NH3+]C(CO)(CO)CO
dihydrocurcumin,"InChI=1S/C21H22O6/c1-26-20-11-14(5-9-18(20)24)3-7-16(22)13-17(23)8-4-15-6-10-19(25)21(12-15)27-2/h3,5-7,9-13,22,24-25H,4,8H2,1-2H3/b7-3+,16-13-",COc1cc(/C=C/C(O)=C/C(=O)CCc2ccc(O)c(OC)c2)ccc1O
"&alpha;-D-ribose 1,5-bisphosphate","InChI=1S/C5H12O11P2/c6-3-2(1-14-17(8,9)10)15-5(4(3)7)16-18(11,12)13/h2-7H,1H2,(H2,8,9,10)(H2,11,12,13)/p-4/t2-,3-,4-,5-/m1/s1",O=P([O-])([O-])OC[C@H]1O[C@H](OP(=O)([O-])[O-])[C@H](O)[C@@H]1O
carbonyl cyanide p-trifluoromethoxyphenylhydrazone,"InChI=1S/C10H7F3N4O/c11-10(12,13)18-9-3-1-7(2-4-9)16-17-8(5-14)6-15/h1-4,8,16-17H",N#CC(C#N)NNc1ccc(OC(F)(F)F)cc1
5'-phosphoribosyl-4-(N-succinocarboxamide)-5-aminoimidazole,"InChI=1S/C13H19N4O12P/c14-10-7(11(22)16-4(13(23)24)1-6(18)19)15-3-17(10)12-9(21)8(20)5(29-12)2-28-30(25,26)27/h3-5,8-9,12,20-21H,1-2,14H2,(H,16,22)(H,18,19)(H,23,24)(H2,25,26,27)/p-4/t4?,5-,8-,9-,12-/m1/s1",Nc1c(C([O-])=NC(CC(=O)[O-])C(=O)[O-])ncn1[C@@H]1O[C@H](COP(=O)([O-])O)[C@@H](O)[C@H]1O
CO<SUB>2</SUB>,InChI=1S/CO2/c2-1-3,O=C=O
<i>N</i>-acetylanthranilate,"InChI=1S/C9H9NO3/c1-6(11)10-8-5-3-2-4-7(8)9(12)13/h2-5H,1H3,(H,10,11)(H,12,13)/p-1",CC([O-])=Nc1ccccc1C(=O)O
&alpha;-difluoromethylarginine,"InChI=1S/C7H14F2N4O2/c8-4(9)7(12,5(14)15)2-1-3-13-6(10)11/h4H,1-3,12H2,(H,14,15)(H4,10,11,13)",N=C(N)NCCCC(N)(C(=O)O)C(F)F
8-hydroxyquinoline,"InChI=1S/C9H7NO/c11-8-5-1-3-7-4-2-6-10-9(7)8/h1-6,11H",Oc1cccc2cccnc12
kynurenate,"InChI=1S/C10H7NO3/c12-9-5-8(10(13)14)11-7-4-2-1-3-6(7)9/h1-5H,(H,11,12)(H,13,14)/p-2",O=C([O-])c1cc(=O)c2ccccc2[nH]1
A9145C,"InChI=1S/C15H21N7O5/c16-6(1-2-7(17)15(25)26)3-8-10(23)11(24)14(27-8)22-5-21-9-12(18)19-4-20-13(9)22/h3-7,10-11,14,23-24H,1-2,16-17H2,(H,25,26)(H2,18,19,20)/p+1/b8-3+",Nc1ncnc2c1ncn2C1O/C(=C\C([NH3+])CCC(N)C(=O)O)C(O)C1O
5-dehydro-D-gluconate,"InChI=1S/C6H10O7/c7-1-2(8)3(9)4(10)5(11)6(12)13/h3-5,7,9-11H,1H2,(H,12,13)/p-1/t3-,4+,5-/m1/s1",O=C(CO)[C@@H](O)[C@H](O)[C@@H](O)C(=O)[O-]
H<SUB>2</SUB>,InChI=1S/H2/h1H,[H]
"1-(p-butylphenyl)-2,2-dimethyl-4,6-diamino-1,2-dihydro-s-triazine","InChI=1S/C15H23N5/c1-4-5-6-11-7-9-12(10-8-11)20-14(17)18-13(16)19-15(20,2)3/h7-10H,4-6H2,1-3H3,(H4,16,17,18,19)",CCCCc1ccc(N2C(=N)NC(=N)NC2(C)C)cc1
3-hydroxypropanoate,"InChI=1S/C3H6O3/c4-2-1-3(5)6/h4H,1-2H2,(H,5,6)/p-1",O=C([O-])CCO
ethyl-(2R)-methyl-(3S)-hydroxybutanoate,"InChI=1S/C7H14O3/c1-4-10-7(9)5(2)6(3)8/h5-6,8H,4H2,1-3H3/t5-,6+/m1/s1",CCOC(=O)[C@H](C)[C@H](C)O
L-2-amino-2-carboxyethane-sulfonamide,"InChI=1S/C3H8N2O4S/c4-2(3(6)7)1-10(5,8)9/h2H,1,4H2,(H,6,7)(H2,5,8,9)",NC(CS(N)(=O)=O)C(=O)O
2-dehydro-3-deoxy-D-gluconate 6-phosphate,"InChI=1S/C6H11O9P/c7-3(1-4(8)6(10)11)5(9)2-15-16(12,13)14/h3,5,7,9H,1-2H2,(H,10,11)(H2,12,13,14)/p-3/t3-,5+/m0/s1",O=C([O-])C(=O)C[C@H](O)[C@H](O)COP(=O)([O-])[O-]
diethylpyrocarbonate,"InChI=1S/C6H10O5/c1-3-9-5(7)11-6(8)10-4-2/h3-4H2,1-2H3",CCOC(=O)OC(=O)OCC
N-amino DAP,"InChI=1S/C7H15N3O4/c8-4(6(11)12)2-1-3-5(10-9)7(13)14/h4-5,10H,1-3,8-9H2,(H,11,12)(H,13,14)/p-1",NNC(CCCC(N)C(=O)[O-])C(=O)O
"D-<i>glycero</i>-&beta;-D-<i>manno</i>-heptose 1,7-bisphosphate","InChI=1S/C7H16O13P2/c8-2(1-18-21(12,13)14)6-4(10)3(9)5(11)7(19-6)20-22(15,16)17/h2-11H,1H2,(H2,12,13,14)(H2,15,16,17)/p-4/t2-,3+,4+,5+,6-,7+/m1/s1",O=P([O-])([O-])OC[C@@H](O)[C@H]1O[C@@H](OP(=O)([O-])[O-])[C@@H](O)[C@@H](O)[C@@H]1O
pteroyl-&gamma;-glutamyl-&gamma;-glutamylglutamate,"InChI=1S/C29H33N9O12/c30-29-37-23-22(25(44)38-29)33-15(12-32-23)11-31-14-3-1-13(2-4-14)24(43)36-18(28(49)50)6-9-20(40)34-16(26(45)46)5-8-19(39)35-17(27(47)48)7-10-21(41)42/h1-4,12,16-18,31H,5-11H2,(H,34,40)(H,35,39)(H,36,43)(H,41,42)(H,45,46)(H,47,48)(H,49,50)(H3,30,32,37,38,44)/p-4/t16-,17-,18-/m0/s1",N=c1nc([O-])c2nc(CNc3ccc(C(=O)N[C@@H](CCC([O-])=N[C@@H](CCC([O-])=N[C@@H](CCC(=O)[O-])C(=O)O)C(=O)O)C(=O)O)cc3)cnc2[nH]1
"1,6-anhydro-<i>N</i>-acetyl-&beta;-D-muramate","InChI=1S/C11H17NO7/c1-4(10(15)16)18-9-7(12-5(2)13)11-17-3-6(19-11)8(9)14/h4,6-9,11,14H,3H2,1-2H3,(H,12,13)(H,15,16)/p-1/t4-,6-,7-,8-,9-,11-/m1/s1",CC([O-])=N[C@H]1[C@@H]2OC[C@@H](O2)[C@@H](O)[C@@H]1O[C@H](C)C(=O)O
pyrithiamine phosphate,"InChI=1S/C14H19N4O4P/c1-10-12(5-7-22-23(19,20)21)4-3-6-18(10)9-13-8-16-11(2)17-14(13)15/h3-4,6,8H,5,7,9H2,1-2H3,(H3-,15,16,17,19,20,21)/p-1",Cc1ncc(C[n+]2cccc(CCOP(=O)([O-])[O-])c2C)c(=N)[nH]1
ppApp,,
calpeptin,"InChI=1S/C20H30N2O4/c1-4-5-11-17(13-23)21-19(24)18(12-15(2)3)22-20(25)26-14-16-9-7-6-8-10-16/h6-10,13,15,17-18H,4-5,11-12,14H2,1-3H3,(H,21,24)(H,22,25)/t17-,18-/m0/s1",CCCC[C@@H](C=O)N=C(O)[C@H](CC(C)C)N=C(O)OCc1ccccc1
"2-((2-bromoethyl)-2-{[(2-hydroxyethyl)amino]carbonyl}-4,6-dinitroanilino)ethyl methanesulfonate","InChI=1S/C14H19BrN4O9S/c1-29(26,27)28-7-5-17(4-2-15)13-11(14(21)16-3-6-20)8-10(18(22)23)9-12(13)19(24)25/h8-9,20H,2-7H2,1H3,(H,16,21)",CS(=O)(=O)OCCN(CCBr)c1c(C(O)=NCCO)cc([N+](=O)[O-])cc1[N+](=O)[O-]
malonyl-CoA,"InChI=1S/C24H38N7O19P3S/c1-24(2,19(37)22(38)27-4-3-13(32)26-5-6-54-15(35)7-14(33)34)9-47-53(44,45)50-52(42,43)46-8-12-18(49-51(39,40)41)17(36)23(48-12)31-11-30-16-20(25)28-10-29-21(16)31/h10-12,17-19,23,36-37H,3-9H2,1-2H3,(H,26,32)(H,27,38)(H,33,34)(H,42,43)(H,44,45)(H2,25,28,29)(H2,39,40,41)/p-5/t12-,17-,18-,19+,23-/m1/s1",CC(C)(COP(=O)(O)OP(=O)(O)OC[C@H]1O[C@@H](n2cnc3c(N)ncnc32)[C@H](O)[C@@H]1OP(=O)([O-])[O-])[C@@H](O)C([O-])=NCCC([O-])=NCCSC(=O)CC(=O)[O-]
1-ethyl-3-(3-dimethylaminopropyl)-carbodiimide,"InChI=1S/C8H17N3/c1-4-9-8-10-6-5-7-11(2)3/h4-7H2,1-3H3/p+1",CC[NH+]=C=NCCCN(C)C
"5-(glutathion-<i>S</i>-yl)-1,2,4-trihydroxybenzene","InChI=1S/C16H21N3O9S/c17-7(16(27)28)1-2-13(23)19-8(15(26)18-5-14(24)25)6-29-12-4-10(21)9(20)3-11(12)22/h3-4,7-8,20-22H,1-2,5-6,17H2,(H,18,26)(H,19,23)(H,24,25)(H,27,28)/p-1/t7-,8-/m0/s1",N[C@@H](CCC(O)=N[C@@H](CSc1cc(O)c([O-])cc1O)C(O)=NCC(=O)O)C(=O)O
aluminium fluoride,InChI=1S/Al.3FH/h;3*1H/q+3;;;/p-3,[Al+3].[F-].[F-].[F-]
1-hydroxy-2-butanone,"InChI=1S/C4H8O2/c1-2-4(6)3-5/h5H,2-3H2,1H3",CCC(=O)CO
1-carboxymethylpyridinium,"InChI=1S/C7H7NO2/c9-7(10)6-8-4-2-1-3-5-8/h1-5H,6H2",O=C([O-])C[n+]1ccccc1
casuarine,"InChI=1S/C8H15NO5/c10-2-3-6(12)8(14)5-7(13)4(11)1-9(3)5/h3-8,10-14H,1-2H2/p+1/t3-,4+,5-,6-,7-,8-/m1/s1",OC[C@@H]1[C@@H](O)[C@H](O)[C@H]2[C@H](O)[C@@H](O)C[NH+]21
3'-dephospho-CoA,"InChI=1S/C21H35N7O13P2S/c1-21(2,16(32)19(33)24-4-3-12(29)23-5-6-44)8-39-43(36,37)41-42(34,35)38-7-11-14(30)15(31)20(40-11)28-10-27-13-17(22)25-9-26-18(13)28/h9-11,14-16,20,30-32,44H,3-8H2,1-2H3,(H,23,29)(H,24,33)(H,34,35)(H,36,37)(H2,22,25,26)/p-2/t11-,14-,15-,16+,20-/m1/s1",CC(C)(COP(=O)(O)OP(=O)(O)OC[C@H]1O[C@@H](n2cnc3c(N)ncnc32)[C@H](O)[C@@H]1O)[C@@H](O)C([O-])=NCCC([O-])=NCCS
<i>N</i><sup>2</sup>-hydroxyguanosine 5'-monophosphate,"InChI=1S/C10H14N5O9P/c16-5-3(1-23-25(20,21)22)24-9(6(5)17)15-2-11-4-7(15)12-10(14-19)13-8(4)18/h2-3,5-6,9,16-17,19H,1H2,(H2,20,21,22)(H2,12,13,14,18)/p-2/t3-,5-,6-,9-/m1/s1",O=P([O-])(O)OC[C@H]1O[C@@H](n2cnc3c([O-])nc(NO)nc32)[C@H](O)[C@@H]1O
carboxymethyl-CoA,"InChI=1S/C23H38N7O18P3S/c1-23(2,18(35)21(36)26-4-3-13(31)25-5-6-52-8-14(32)33)9-45-51(42,43)48-50(40,41)44-7-12-17(47-49(37,38)39)16(34)22(46-12)30-11-29-15-19(24)27-10-28-20(15)30/h10-12,16-18,22,34-35H,3-9H2,1-2H3,(H,25,31)(H,26,36)(H,32,33)(H,40,41)(H,42,43)(H2,24,27,28)(H2,37,38,39)/p-5/t12-,16-,17-,18+,22-/m1/s1",CC(C)(COP(=O)(O)OP(=O)(O)OC[C@H]1O[C@@H](n2cnc3c(N)ncnc32)[C@H](O)[C@@H]1OP(=O)([O-])[O-])[C@@H](O)C([O-])=NCCC([O-])=NCCSCC(=O)[O-]
2-acyl-sn-glycero-3-phosphoethanolamine (n-C18:0),"InChI=1S/C23H48NO7P/c1-2-3-4-5-6-7-8-9-10-11-12-13-14-15-16-17-23(26)31-22(20-25)21-30-32(27,28)29-19-18-24/h22,25H,2-21,24H2,1H3,(H,27,28)/t22-/m1/s1",CCCCCCCCCCCCCCCCCC(=O)O[C@H](CO)COP(=O)(O)OCCN
4-hydroxybenzoyl-CoA,"InChI=1S/C28H40N7O18P3S/c1-28(2,22(39)25(40)31-8-7-18(37)30-9-10-57-27(41)15-3-5-16(36)6-4-15)12-50-56(47,48)53-55(45,46)49-11-17-21(52-54(42,43)44)20(38)26(51-17)35-14-34-19-23(29)32-13-33-24(19)35/h3-6,13-14,17,20-22,26,36,38-39H,7-12H2,1-2H3,(H,30,37)(H,31,40)(H,45,46)(H,47,48)(H2,29,32,33)(H2,42,43,44)/p-4/t17-,20-,21-,22+,26-/m1/s1",CC(C)(COP(=O)(O)OP(=O)(O)OC[C@H]1O[C@@H](n2cnc3c(N)ncnc32)[C@H](O)[C@@H]1OP(=O)([O-])O)[C@@H](O)C([O-])=NCCC([O-])=NCCSC(=O)c1ccc([O-])cc1
2-deoxy-2-amino glucitol-6-phosphate,"InChI=1S/C6H16NO8P/c7-3(1-8)5(10)6(11)4(9)2-15-16(12,13)14/h3-6,8-11H,1-2,7H2,(H2,12,13,14)/p-1/t3-,4+,5+,6+/m0/s1",N[C@@H](CO)[C@@H](O)[C@H](O)[C@H](O)COP(=O)([O-])O
succinyl-CoA,"InChI=1S/C25H40N7O19P3S/c1-25(2,20(38)23(39)28-6-5-14(33)27-7-8-55-16(36)4-3-15(34)35)10-48-54(45,46)51-53(43,44)47-9-13-19(50-52(40,41)42)18(37)24(49-13)32-12-31-17-21(26)29-11-30-22(17)32/h11-13,18-20,24,37-38H,3-10H2,1-2H3,(H,27,33)(H,28,39)(H,34,35)(H,43,44)(H,45,46)(H2,26,29,30)(H2,40,41,42)/p-5/t13-,18-,19-,20+,24-/m1/s1",CC(C)(COP(=O)(O)OP(=O)(O)OC[C@H]1O[C@@H](n2cnc3c(N)ncnc32)[C@H](O)[C@@H]1OP(=O)([O-])[O-])[C@@H](O)C([O-])=NCCC([O-])=NCCSC(=O)CCC(=O)[O-]
1-acyl-sn-glycero-3-phosphoglycerol (n-C16:0),"InChI=1S/C22H45O9P/c1-2-3-4-5-6-7-8-9-10-11-12-13-14-15-22(26)29-17-21(25)19-31-32(27,28)30-18-20(24)16-23/h20-21,23-25H,2-19H2,1H3,(H,27,28)/p-1/t20-,21+/m0/s1",CCCCCCCCCCCCCCCC(=O)OC[C@@H](O)COP(=O)([O-])OC[C@@H](O)CO
acryloyl-CoA,"InChI=1S/C24H38N7O17P3S/c1-4-15(33)52-8-7-26-14(32)5-6-27-22(36)19(35)24(2,3)10-45-51(42,43)48-50(40,41)44-9-13-18(47-49(37,38)39)17(34)23(46-13)31-12-30-16-20(25)28-11-29-21(16)31/h4,11-13,17-19,23,34-35H,1,5-10H2,2-3H3,(H,26,32)(H,27,36)(H,40,41)(H,42,43)(H2,25,28,29)(H2,37,38,39)/p-4/t13-,17-,18-,19+,23-/m1/s1",C=CC(=O)SCCN=C([O-])CCN=C([O-])[C@H](O)C(C)(C)COP(=O)(O)OP(=O)(O)OC[C@H]1O[C@@H](n2cnc3c(N)ncnc32)[C@H](O)[C@@H]1OP(=O)([O-])[O-]
<i>cis</i>-&beta;-D-glucosyl-2-hydroxycinnamate,"InChI=1S/C15H18O8/c16-7-10-12(19)13(20)14(21)15(23-10)22-9-4-2-1-3-8(9)5-6-11(17)18/h1-6,10,12-16,19-21H,7H2,(H,17,18)/p-1/b6-5-/t10-,12-,13+,14-,15-/m1/s1",O=C([O-])/C=C\c1ccccc1O[C@@H]1O[C@H](CO)[C@@H](O)[C@H](O)[C@H]1O
3-methylbutanoyl-CoA,"InChI=1S/C26H44N7O17P3S/c1-14(2)9-17(35)54-8-7-28-16(34)5-6-29-24(38)21(37)26(3,4)11-47-53(44,45)50-52(42,43)46-10-15-20(49-51(39,40)41)19(36)25(48-15)33-13-32-18-22(27)30-12-31-23(18)33/h12-15,19-21,25,36-37H,5-11H2,1-4H3,(H,28,34)(H,29,38)(H,42,43)(H,44,45)(H2,27,30,31)(H2,39,40,41)/p-4/t15-,19-,20-,21+,25-/m1/s1",CC(C)CC(=O)SCCN=C([O-])CCN=C([O-])[C@H](O)C(C)(C)COP(=O)(O)OP(=O)(O)OC[C@H]1O[C@@H](n2cnc3c(N)ncnc32)[C@H](O)[C@@H]1OP(=O)([O-])[O-]
nicotinamide N-oxide,"InChI=1S/C6H6N2O2/c7-6(9)5-2-1-3-8(10)4-5/h1-4H,(H2,7,9)",N=C(O)c1ccc[n+]([O-])c1
formyl-CoA,"InChI=1S/C22H36N7O17P3S/c1-22(2,17(33)20(34)25-4-3-13(31)24-5-6-50-11-30)8-43-49(40,41)46-48(38,39)42-7-12-16(45-47(35,36)37)15(32)21(44-12)29-10-28-14-18(23)26-9-27-19(14)29/h9-12,15-17,21,32-33H,3-8H2,1-2H3,(H,24,31)(H,25,34)(H,38,39)(H,40,41)(H2,23,26,27)(H2,35,36,37)/p-4/t12-,15-,16-,17+,21-/m1/s1",CC(C)(COP(=O)(O)OP(=O)(O)OC[C@H]1O[C@@H](n2cnc3c(N)ncnc32)[C@H](O)[C@@H]1OP(=O)([O-])[O-])[C@@H](O)C([O-])=NCCC([O-])=NCCSC=O
lumichrome,"InChI=1S/C12H10N4O2/c1-5-3-7-8(4-6(5)2)14-10-9(13-7)11(17)16-12(18)15-10/h3-4H,1-2H3,(H2,14,15,16,17,18)",Cc1cc2nc3nc(O)nc(O)c3nc2cc1C
"3,5-dihydroxybenzoyl-CoA","InChI=1S/C28H40N7O19P3S/c1-28(2,22(40)25(41)31-4-3-18(38)30-5-6-58-27(42)14-7-15(36)9-16(37)8-14)11-51-57(48,49)54-56(46,47)50-10-17-21(53-55(43,44)45)20(39)26(52-17)35-13-34-19-23(29)32-12-33-24(19)35/h7-9,12-13,17,20-22,26,36-37,39-40H,3-6,10-11H2,1-2H3,(H,30,38)(H,31,41)(H,46,47)(H,48,49)(H2,29,32,33)(H2,43,44,45)/p-4/t17-,20-,21-,22+,26-/m1/s1",CC(C)(COP(=O)(O)OP(=O)(O)OC[C@H]1O[C@@H](n2cnc3c(N)ncnc32)[C@H](O)[C@@H]1OP(=O)(O)O)[C@@H](O)C([O-])=NCCC([O-])=NCCSC(=O)c1cc([O-])cc([O-])c1
imidodiphosphate,"InChI=1S/H5NO6P2/c2-8(3,4)1-9(5,6)7/h(H5,1,2,3,4,5,6,7)/p-3",O=P([O-])([O-])NP(=O)([O-])O
phenylacetyl-CoA,"InChI=1S/C29H42N7O17P3S/c1-29(2,24(40)27(41)32-9-8-19(37)31-10-11-57-20(38)12-17-6-4-3-5-7-17)14-50-56(47,48)53-55(45,46)49-13-18-23(52-54(42,43)44)22(39)28(51-18)36-16-35-21-25(30)33-15-34-26(21)36/h3-7,15-16,18,22-24,28,39-40H,8-14H2,1-2H3,(H,31,37)(H,32,41)(H,45,46)(H,47,48)(H2,30,33,34)(H2,42,43,44)/p-4/t18-,22-,23-,24+,28-/m1/s1",CC(C)(COP(=O)(O)OP(=O)(O)OC[C@H]1O[C@@H](n2cnc3c(N)ncnc32)[C@H](O)[C@@H]1OP(=O)([O-])[O-])[C@@H](O)C([O-])=NCCC([O-])=NCCSC(=O)Cc1ccccc1
&alpha;-D-glucuronate 1-phosphate,"InChI=1S/C6H11O10P/c7-1-2(8)4(5(10)11)15-6(3(1)9)16-17(12,13)14/h1-4,6-9H,(H,10,11)(H2,12,13,14)/p-3/t1-,2-,3+,4-,6+/m0/s1",O=C([O-])[C@H]1O[C@H](OP(=O)([O-])[O-])[C@H](O)[C@@H](O)[C@@H]1O
malonyl-CoA methyl ester,"InChI=1S/C25H40N7O19P3S/c1-25(2,20(37)23(38)28-5-4-14(33)27-6-7-55-16(35)8-15(34)46-3)10-48-54(44,45)51-53(42,43)47-9-13-19(50-52(39,40)41)18(36)24(49-13)32-12-31-17-21(26)29-11-30-22(17)32/h11-13,18-20,24,36-37H,4-10H2,1-3H3,(H,27,33)(H,28,38)(H,42,43)(H,44,45)(H2,26,29,30)(H2,39,40,41)/p-4/t13-,18-,19-,20+,24-/m1/s1",COC(=O)CC(=O)SCCN=C([O-])CCN=C([O-])[C@H](O)C(C)(C)COP(=O)(O)OP(=O)(O)OC[C@H]1O[C@@H](n2cnc3c(N)ncnc32)[C@H](O)[C@@H]1OP(=O)([O-])[O-]
L-Ala-D-Met,"InChI=1S/C8H16N2O3S/c1-5(9)7(11)10-6(8(12)13)3-4-14-2/h5-6H,3-4,9H2,1-2H3,(H,10,11)(H,12,13)",CSCCC(N=C(O)C(C)N)C(=O)O
(<i>R</i>)-carnitinyl-CoA,"InChI=1S/C28H49N8O18P3S/c1-28(2,23(41)26(42)31-7-6-18(38)30-8-9-58-19(39)10-16(37)11-36(3,4)5)13-51-57(48,49)54-56(46,47)50-12-17-22(53-55(43,44)45)21(40)27(52-17)35-15-34-20-24(29)32-14-33-25(20)35/h14-17,21-23,27,37,40-41H,6-13H2,1-5H3,(H7-,29,30,31,32,33,38,42,43,44,45,46,47,48,49)/p-3/t16-,17-,21-,22-,23+,27-/m1/s1",CC(C)(COP(=O)([O-])OP(=O)(O)OC[C@H]1O[C@@H](n2cnc3c(N)ncnc32)[C@H](O)[C@@H]1OP(=O)([O-])O)[C@@H](O)C([O-])=NCCC([O-])=NCCSC(=O)C[C@@H](O)C[N+](C)(C)C
methyl D-lactate,"InChI=1S/C4H8O3/c1-3(5)4(6)7-2/h3,5H,1-2H3/t3-/m1/s1",COC(=O)[C@@H](C)O
(3S)-hydroxyadipyl-CoA,"InChI=1S/C27H44N7O20P3S/c1-27(2,22(41)25(42)30-6-5-16(36)29-7-8-58-18(39)9-14(35)3-4-17(37)38)11-51-57(48,49)54-56(46,47)50-10-15-21(53-55(43,44)45)20(40)26(52-15)34-13-33-19-23(28)31-12-32-24(19)34/h12-15,20-22,26,35,40-41H,3-11H2,1-2H3,(H,29,36)(H,30,42)(H,37,38)(H,46,47)(H,48,49)(H2,28,31,32)(H2,43,44,45)/p-5/t14-,15+,20+,21+,22-,26+/m0/s1",CC(C)(COP(=O)(O)OP(=O)(O)OC[C@H]1O[C@@H](n2cnc3c(N)ncnc32)[C@H](O)[C@@H]1OP(=O)([O-])[O-])[C@@H](O)C([O-])=NCCC([O-])=NCCSC(=O)C[C@@H](O)CCC(=O)[O-]
desulfo-CoA,"InChI=1S/C18H31N6O15P3/c1-4-20-16(27)13(26)18(2,3)6-36-42(33,34)39-41(31,32)35-5-9-12(38-40(28,29)30)11(25)17(37-9)24-8-23-10-14(19)21-7-22-15(10)24/h7-9,11-13,17,25-26H,4-6H2,1-3H3,(H,20,27)(H,31,32)(H,33,34)(H2,19,21,22)(H2,28,29,30)/p-4/t9-,11-,12-,13+,17-/m1/s1",CCN=C([O-])[C@H](O)C(C)(C)COP(=O)(O)OP(=O)([O-])OC[C@H]1O[C@@H](n2cnc3c(N)ncnc32)[C@H](O)[C@@H]1OP(=O)([O-])[O-]
crotonobetainyl-CoA,"InChI=1S/C28H47N8O17P3S/c1-28(2,23(40)26(41)31-9-8-18(37)30-10-12-57-19(38)7-6-11-36(3,4)5)14-50-56(47,48)53-55(45,46)49-13-17-22(52-54(42,43)44)21(39)27(51-17)35-16-34-20-24(29)32-15-33-25(20)35/h6-7,15-17,21-23,27,39-40H,8-14H2,1-5H3,(H7-,29,30,31,32,33,37,41,42,43,44,45,46,47,48)/p-3/b7-6+/t17-,21-,22-,23+,27-/m1/s1",CC(C)(COP(=O)([O-])OP(=O)(O)OC[C@H]1O[C@@H](n2cnc3c(N)ncnc32)[C@H](O)[C@@H]1OP(=O)([O-])O)[C@@H](O)C([O-])=NCCC([O-])=NCCSC(=O)/C=C/C[N+](C)(C)C
methyltriphenylphosphonium,"InChI=1S/C19H18P/c1-20(17-11-5-2-6-12-17,18-13-7-3-8-14-18)19-15-9-4-10-16-19/h2-16H,1H3/q+1",C[P+](c1ccccc1)(c1ccccc1)c1ccccc1
3-hydroxybenzoyl-CoA,"InChI=1S/C28H40N7O18P3S/c1-28(2,22(39)25(40)31-7-6-18(37)30-8-9-57-27(41)15-4-3-5-16(36)10-15)12-50-56(47,48)53-55(45,46)49-11-17-21(52-54(42,43)44)20(38)26(51-17)35-14-34-19-23(29)32-13-33-24(19)35/h3-5,10,13-14,17,20-22,26,36,38-39H,6-9,11-12H2,1-2H3,(H,30,37)(H,31,40)(H,45,46)(H,47,48)(H2,29,32,33)(H2,42,43,44)/p-4/t17-,20-,21-,22+,26-/m1/s1",CC(C)(COP(=O)(O)OP(=O)(O)OC[C@H]1O[C@@H](n2cnc3c(N)ncnc32)[C@H](O)[C@@H]1OP(=O)([O-])O)[C@@H](O)C([O-])=NCCC([O-])=NCCSC(=O)c1cccc([O-])c1
2-dimethylbutanoyl-<i>S</i>-methyl-mercaptopropanoate,"InChI=1S/C10H18O3S/c1-5-10(2,3)9(12)14-7-6-8(11)13-4/h5-7H2,1-4H3",CCC(C)(C)C(=O)SCCC(=O)OC
oxalyl-CoA,"InChI=1S/C23H36N7O19P3S/c1-23(2,16(33)19(34)26-4-3-12(31)25-5-6-53-22(37)21(35)36)8-46-52(43,44)49-51(41,42)45-7-11-15(48-50(38,39)40)14(32)20(47-11)30-10-29-13-17(24)27-9-28-18(13)30/h9-11,14-16,20,32-33H,3-8H2,1-2H3,(H,25,31)(H,26,34)(H,35,36)(H,41,42)(H,43,44)(H2,24,27,28)(H2,38,39,40)/p-5/t11-,14-,15-,16+,20-/m1/s1",CC(C)(COP(=O)(O)OP(=O)(O)OC[C@H]1O[C@@H](n2cnc3c(N)ncnc32)[C@H](O)[C@@H]1OP(=O)([O-])[O-])[C@@H](O)C([O-])=NCCC([O-])=NCCSC(=O)C(=O)[O-]
"3,6-diaminoacridine","InChI=1S/C13H11N3/c14-10-3-1-8-5-9-2-4-11(15)7-13(9)16-12(8)6-10/h1-7H,14-15H2",Nc1ccc2cc3ccc(N)cc3nc2c1
3-methylcrotonyl-CoA,"InChI=1S/C26H42N7O17P3S/c1-14(2)9-17(35)54-8-7-28-16(34)5-6-29-24(38)21(37)26(3,4)11-47-53(44,45)50-52(42,43)46-10-15-20(49-51(39,40)41)19(36)25(48-15)33-13-32-18-22(27)30-12-31-23(18)33/h9,12-13,15,19-21,25,36-37H,5-8,10-11H2,1-4H3,(H,28,34)(H,29,38)(H,42,43)(H,44,45)(H2,27,30,31)(H2,39,40,41)/p-4/t15-,19-,20-,21+,25-/m1/s1",CC(C)=CC(=O)SCCN=C([O-])CCN=C([O-])[C@H](O)C(C)(C)COP(=O)(O)OP(=O)(O)OC[C@H]1O[C@@H](n2cnc3c(N)ncnc32)[C@H](O)[C@@H]1OP(=O)([O-])[O-]
5-nitro benzisoxazole,InChI=1S/C7H4N2O3/c10-9(11)6-1-2-7-5(3-6)4-8-12-7/h1-4H,O=[N+]([O-])c1ccc2oncc2c1
isobutanoyl-CoA,"InChI=1S/C25H42N7O17P3S/c1-13(2)24(37)53-8-7-27-15(33)5-6-28-22(36)19(35)25(3,4)10-46-52(43,44)49-51(41,42)45-9-14-18(48-50(38,39)40)17(34)23(47-14)32-12-31-16-20(26)29-11-30-21(16)32/h11-14,17-19,23,34-35H,5-10H2,1-4H3,(H,27,33)(H,28,36)(H,41,42)(H,43,44)(H2,26,29,30)(H2,38,39,40)/p-4/t14-,17-,18-,19+,23-/m1/s1",CC(C)C(=O)SCCN=C([O-])CCN=C([O-])[C@H](O)C(C)(C)COP(=O)(O)OP(=O)(O)OC[C@H]1O[C@@H](n2cnc3c(N)ncnc32)[C@H](O)[C@@H]1OP(=O)([O-])[O-]
"(2Z)-2,4-dihydroxypent-2-enoate","InChI=1S/C5H8O4/c1-3(6)2-4(7)5(8)9/h2-3,6-7H,1H3,(H,8,9)/p-1/b4-2-",CC(O)/C=C(\[O-])C(=O)O
thiabendazole,"InChI=1S/C10H7N3S/c1-2-4-8-7(3-1)12-10(13-8)9-5-14-6-11-9/h1-6H,(H,12,13)",c1ccc2[nH]c(-c3cscn3)nc2c1
"(2<i>E</i>)-3-(5,6-dihydroxycyclohexa-1,3-dien-1-yl)prop-2-enoate","InChI=1S/C9H10O4/c10-7-3-1-2-6(9(7)13)4-5-8(11)12/h1-5,7,9-10,13H,(H,11,12)/p-1/b5-4+/t7-,9+/m1/s1",O=C([O-])/C=C/C1=CC=C[C@@H](O)[C@H]1O
pyrogallol,"InChI=1S/C6H6O3/c7-4-2-1-3-5(8)6(4)9/h1-3,7-9H",Oc1cccc(O)c1O
amiloride,"InChI=1S/C6H8ClN7O/c7-2-4(9)13-3(8)1(12-2)5(15)14-6(10)11/h(H4,8,9,13)(H4,10,11,14,15)",N=C(N)N=C(O)c1nc(Cl)c(N)nc1N
oxalosuccinate,"InChI=1S/C6H6O7/c7-3(8)1-2(5(10)11)4(9)6(12)13/h2H,1H2,(H,7,8)(H,10,11)(H,12,13)/p-3",O=C([O-])CC(C(=O)[O-])C(=O)C(=O)[O-]
<i>O</i>-[L-norvalyl-5]-isourea,"InChI=1S/C6H13N3O3/c7-4(5(10)11)2-1-3-12-6(8)9/h4H,1-3,7H2,(H3,8,9)(H,10,11)/p+1/t4-/m0/s1",N=C(N)OCCC[C@H]([NH3+])C(=O)O
bis(glycerophosphoglycerol),"InChI=1S/C9H22O13P2/c10-1-7(12)3-19-23(15,16)21-5-9(14)6-22-24(17,18)20-4-8(13)2-11/h7-14H,1-6H2,(H,15,16)(H,17,18)/p-2",O=P([O-])(OCC(O)CO)OCC(O)COP(=O)([O-])OCC(O)CO
"<i>N</i>-(2,3-dihydroxybenzoyl)-L-serine","InChI=1S/C10H11NO6/c12-4-6(10(16)17)11-9(15)5-2-1-3-7(13)8(5)14/h1-3,6,12-14H,4H2,(H,11,15)(H,16,17)/p-1/t6-/m0/s1",O=C(O)[C@H](CO)N=C(O)c1cccc([O-])c1O
&alpha;-ethynylagmatine,"InChI=1S/C7H14N4/c1-2-6(8)4-3-5-11-7(9)10/h1,6H,3-5,8H2,(H4,9,10,11)",C#CC(N)CCCNC(=N)N
(6S)-6-fluoro-5-enolpyruvoylshikimate 3-phosphate,"InChI=1S/C11H14FO9P/c1-4(13)11(17)20-9-7(12)5(10(15)16)3-6(8(9)14)21-22(2,18)19/h3,6-9,13-14H,1H2,2H3,(H,15,16)(H,18,19)/p-3/t6-,7-,8+,9+/m0/s1",C=C([O-])C(=O)O[C@H]1[C@H](O)[C@@H](OP(C)(=O)[O-])C=C(C(=O)[O-])[C@@H]1F
3-methylbutanoate,"InChI=1S/C5H10O2/c1-4(2)3-5(6)7/h4H,3H2,1-2H3,(H,6,7)/p-1",CC(C)CC(=O)[O-]
"S-2,3-dicarboxyaziridine","InChI=1S/C4H5NO4/c6-3(7)1-2(5-1)4(8)9/h1-2,5H,(H,6,7)(H,8,9)",O=C(O)C1NC1C(=O)O
5-amino-5-deoxy-D-galactopyranoside,"InChI=1S/C6H13NO5/c8-1-2-3(9)4(10)5(11)6(12)7-2/h2-12H,1H2/p+1/t2-,3+,4+,5-,6?/m1/s1",OC[C@H]1[NH2+]C(O)[C@H](O)[C@@H](O)[C@H]1O
histidinal,"InChI=1S/C6H9N3O/c7-5(3-10)1-6-2-8-4-9-6/h2-5H,1,7H2,(H,8,9)/p+1/t5-/m0/s1",[NH3+][C@H](C=O)Cc1cnc[nH]1
"2,4-diamino-6-ethyl-5,3'-(2-trifluoromethylphenoxy)prop-1'-yloxypyrimidine","InChI=1S/C16H19F3N4O2/c1-2-11-13(14(20)23-15(21)22-11)25-9-5-8-24-12-7-4-3-6-10(12)16(17,18)19/h3-4,6-7H,2,5,8-9H2,1H3,(H4,20,21,22,23)",CCc1[nH]c(=N)[nH]c(=N)c1OCCCOc1ccccc1C(F)(F)F
3-dehydroshikimate,"InChI=1S/C7H8O5/c8-4-1-3(7(11)12)2-5(9)6(4)10/h1,5-6,9-10H,2H2,(H,11,12)/p-1/t5-,6-/m1/s1",O=C([O-])C1=CC(=O)[C@@H](O)[C@H](O)C1
enol-phenylpyruvate,"InChI=1S/C9H8O3/c10-8(9(11)12)6-7-4-2-1-3-5-7/h1-6,10H,(H,11,12)/p-1/b8-6-",O=C(O)/C([O-])=C/c1ccccc1
"(2S,3R,6S)-2,6-diamino-3-hydroxydiaminopimelate","InChI=1S/C7H14N2O5/c8-3(6(11)12)1-2-4(10)5(9)7(13)14/h3-5,10H,1-2,8-9H2,(H,11,12)(H,13,14)/t3-,4?,5-/m0/s1",N[C@H](C(=O)O)C(O)CC[C@H](N)C(=O)O
2-dehydropantoate,"InChI=1S/C6H10O4/c1-6(2,3-7)4(8)5(9)10/h7H,3H2,1-2H3,(H,9,10)/p-1",CC(C)(CO)C(=O)C(=O)[O-]
"2,5-diamino-6-(5-phospho-D-ribosylamino)pyrimidin-4(3H)-one","InChI=1S/C9H16N5O8P/c10-3-6(13-9(11)14-7(3)17)12-8-5(16)4(15)2(22-8)1-21-23(18,19)20/h2,4-5,8,15-16H,1,10H2,(H2,18,19,20)(H4,11,12,13,14,17)/p-2/t2-,4-,5-,8-/m1/s1",N=c1nc([O-])c(N)c(N[C@@H]2O[C@H](COP(=O)([O-])O)[C@@H](O)[C@H]2O)[nH]1
ribavirin-5'-monophosphate,"InChI=1S/C8H13N4O8P/c9-6(15)7-10-2-12(11-7)8-5(14)4(13)3(20-8)1-19-21(16,17)18/h2-5,8,13-14H,1H2,(H2,9,15)(H2,16,17,18)/p-2",NC(=O)c1ncn(C2OC(COP(=O)([O-])[O-])C(O)C2O)n1
"3-oxo-5,6-didehydrosuberyl-CoA semialdehyde","InChI=1S/C29H44N7O19P3S/c1-29(2,24(42)27(43)32-8-7-19(39)31-9-11-59-20(40)12-17(38)6-4-3-5-10-37)14-52-58(49,50)55-57(47,48)51-13-18-23(54-56(44,45)46)22(41)28(53-18)36-16-35-21-25(30)33-15-34-26(21)36/h3-4,10,15-16,18,22-24,28,41-42H,5-9,11-14H2,1-2H3,(H,31,39)(H,32,43)(H,47,48)(H,49,50)(H2,30,33,34)(H2,44,45,46)/p-4/b4-3-/t18-,22-,23-,24+,28-/m1/s1",CC(C)(COP(=O)(O)OP(=O)(O)OC[C@H]1O[C@@H](n2cnc3c(N)ncnc32)[C@H](O)[C@@H]1OP(=O)([O-])[O-])[C@@H](O)C([O-])=NCCC([O-])=NCCSC(=O)CC(=O)C/C=C\CC=O
gabaculine,"InChI=1S/C7H9NO2/c8-6-3-1-2-5(4-6)7(9)10/h1-3,6H,4,8H2,(H,9,10)",NC1C=CC=C(C(=O)O)C1
benzamidoxime,,
isoniazid-NADP,"InChI=1S/C27H33N8O18P3/c28-23-17-25(32-10-31-23)35(11-33-17)27-22(52-54(41,42)43)20(38)16(51-27)9-49-56(46,47)53-55(44,45)48-8-15-19(37)21(39)26(50-15)34-6-3-13(14(7-34)24(29)40)18(36)12-1-4-30-5-2-12/h1-7,10-11,13,15-16,19-22,26-27,37-39H,8-9H2,(H2,29,40)(H,44,45)(H,46,47)(H2,28,31,32)(H2,41,42,43)/p-4/t13?,15-,16-,19-,20-,21-,22-,26-,27-/m1/s1",N=C([O-])C1=CN([C@@H]2O[C@H](COP(=O)([O-])OP(=O)(O)OC[C@H]3O[C@@H](n4cnc5c(N)ncnc54)[C@H](OP(=O)([O-])[O-])[C@@H]3O)[C@@H](O)[C@H]2O)C=CC1C(=O)c1ccncc1
obafluoridin,,
fluoropyruvate,"InChI=1S/C3H3FO3/c4-1-2(5)3(6)7/h1H2,(H,6,7)/p-1",O=C([O-])C(=O)CF
"anthraquinone-2,6-disulfonate","InChI=1S/C14H8O8S2/c15-13-9-3-1-7(23(17,18)19)5-11(9)14(16)10-4-2-8(6-12(10)13)24(20,21)22/h1-6H,(H,17,18,19)(H,20,21,22)/p-2",O=C1c2ccc(S(=O)(=O)[O-])cc2C(=O)c2ccc(S(=O)(=O)[O-])cc21
(-)-epigallocatechin-3-<i>O</i>-gallate,"InChI=1S/C22H18O11/c23-10-5-12(24)11-7-18(33-22(31)9-3-15(27)20(30)16(28)4-9)21(32-17(11)6-10)8-1-13(25)19(29)14(26)2-8/h1-6,18,21,23-30H,7H2/t18-,21-/m1/s1",O=C(O[C@@H]1Cc2c(O)cc(O)cc2O[C@@H]1c1cc(O)c(O)c(O)c1)c1cc(O)c(O)c(O)c1
"4,5-dihydroxyisophthalate","InChI=1S/C8H6O6/c9-5-2-3(7(11)12)1-4(6(5)10)8(13)14/h1-2,9-10H,(H,11,12)(H,13,14)/p-2",O=C(O)c1cc([O-])c([O-])c(C(=O)O)c1
5-bromo-4-chloro-3-indolyl &beta;-galactoside,"InChI=1S/C14H15BrClNO6/c15-5-1-2-6-9(10(5)16)7(3-17-6)22-14-13(21)12(20)11(19)8(4-18)23-14/h1-3,8,11-14,17-21H,4H2/t8?,11-,12?,13-,14+/m0/s1",OCC1O[C@@H](Oc2c[nH]c3ccc(Br)c(Cl)c23)[C@@H](O)C(O)[C@H]1O
&alpha;-xylosyl fluoride,"InChI=1S/C5H9FO4/c6-5-4(9)3(8)2(7)1-10-5/h2-5,7-9H,1H2",OC1COC(F)C(O)C1O
methanetelluronate,"InChI=1S/CH4O3Te/c1-5(2,3)4/h1H3,(H,2,3,4)/p-1",C[Te](=O)(=O)[O-]
adenosine thiamine triphosphate,"InChI=1S/C22H30N9O13P3S/c1-11-15(48-10-30(11)6-13-5-25-12(2)29-19(13)23)3-4-40-45(34,35)43-47(38,39)44-46(36,37)41-7-14-17(32)18(33)22(42-14)31-9-28-16-20(24)26-8-27-21(16)31/h5,8-10,14,17-18,22,32-33H,3-4,6-7H2,1-2H3,(H6-,23,24,25,26,27,29,34,35,36,37,38,39)/p-2/t14-,17-,18-,22-/m1/s1",Cc1ncc(C[n+]2csc(CCOP(=O)([O-])OP(=O)([O-])OP(=O)([O-])OC[C@H]3O[C@@H](n4cnc5c(N)ncnc54)[C@H](O)[C@@H]3O)c2C)c(=N)[nH]1
O-acetyl-rhamanosyl-N-acetylglucosamyl-undecaprenyl diphosphate,"InChI=1S/C71H117NO17P2/c1-49(2)26-16-27-50(3)28-17-29-51(4)30-18-31-52(5)32-19-33-53(6)34-20-35-54(7)36-21-37-55(8)38-22-39-56(9)40-23-41-57(10)42-24-43-58(11)44-25-45-59(12)46-47-83-90(79,80)89-91(81,82)88-70-64(72-61(14)74)68(66(77)63(48-73)86-70)87-71-69(85-62(15)75)67(78)65(76)60(13)84-71/h26,28,30,32,34,36,38,40,42,44,46,60,63-71,73,76-78H,16-25,27,29,31,33,35,37,39,41,43,45,47-48H2,1-15H3,(H,72,74)(H,79,80)(H,81,82)/p-2/b50-28+,51-30+,52-32+,53-34+,54-36+,55-38+,56-40+,57-42+,58-44+,59-46+",CC(=O)OC1C(OC2C(O)C(CO)OC(OP(=O)(O)OP(=O)([O-])OC/C=C(/C)CC/C=C(/C)CC/C=C(/C)CC/C=C(/C)CC/C=C(/C)CC/C=C(/C)CC/C=C(/C)CC/C=C(/C)CC/C=C(/C)CC/C=C(/C)CCC=C(C)C)C2N=C(C)[O-])OC(C)C(O)C1O
"1,4-dihydroxy-2-naphthoyl-CoA","InChI=1S/C32H42N7O19P3S/c1-32(2,26(44)29(45)35-8-7-21(41)34-9-10-62-31(46)18-11-19(40)16-5-3-4-6-17(16)23(18)42)13-55-61(52,53)58-60(50,51)54-12-20-25(57-59(47,48)49)24(43)30(56-20)39-15-38-22-27(33)36-14-37-28(22)39/h3-6,11,14-15,20,24-26,30,40,42-44H,7-10,12-13H2,1-2H3,(H,34,41)(H,35,45)(H,50,51)(H,52,53)(H2,33,36,37)(H2,47,48,49)/p-4/t20-,24-,25-,26+,30-/m1/s1",CC(C)(COP(=O)(O)OP(=O)(O)OC[C@H]1O[C@@H](n2cnc3c(N)ncnc32)[C@H](O)[C@@H]1OP(=O)(O)O)[C@@H](O)C([O-])=NCCC([O-])=NCCSC(=O)c1cc([O-])c2ccccc2c1[O-]
"cyclopropane phosphatidylglycerol (dioctadec-11,12-cyclo-anoyl, n-C18:0 cyclo)","InChI=1S/C44H83O10P/c1-3-5-7-19-25-37-31-39(37)27-21-15-11-9-13-17-23-29-43(47)51-35-42(36-53-55(49,50)52-34-41(46)33-45)54-44(48)30-24-18-14-10-12-16-22-28-40-32-38(40)26-20-8-6-4-2/h37-42,45-46H,3-36H2,1-2H3,(H,49,50)/p-1/t37?,38?,39?,40?,41-,42+/m0/s1",CCCCCCC1CC1CCCCCCCCCC(=O)OC[C@H](COP(=O)([O-])OC[C@@H](O)CO)OC(=O)CCCCCCCCCC1CC1CCCCCC
D-lyxonate,"InChI=1S/C5H10O6/c6-1-2(7)3(8)4(9)5(10)11/h2-4,6-9H,1H2,(H,10,11)/p-1/t2-,3+,4+/m1/s1",O=C([O-])[C@@H](O)[C@@H](O)[C@H](O)CO
1-acyl-sn-glycero-3-phosphoglycerol (n-C14:0),"InChI=1S/C20H41O9P/c1-2-3-4-5-6-7-8-9-10-11-12-13-20(24)27-15-19(23)17-29-30(25,26)28-16-18(22)14-21/h18-19,21-23H,2-17H2,1H3,(H,25,26)/p-1/t18-,19+/m0/s1",CCCCCCCCCCCCCC(=O)OC[C@@H](O)COP(=O)([O-])OC[C@@H](O)CO
3-methylbutanal,"InChI=1S/C5H10O/c1-5(2)3-4-6/h4-5H,3H2,1-2H3",CC(C)CC=O
&beta;-alanyl-L-lysyl-<i>N</i>-&epsilon;-7-amino-4-methylcoumarin-3-acetate,"InChI=1S/C22H29N3O6/c1-13(8-9-23)25-18(21(28)29)5-3-4-10-24-15-6-7-16-14(2)17(12-20(26)27)22(30)31-19(16)11-15/h6-7,11,18,24-25H,1,3-5,8-10,12,23H2,2H3,(H,26,27)(H,28,29)/t18-/m0/s1",C=C(CCN)N[C@@H](CCCCNc1ccc2c(C)c(CC(=O)O)c(=O)oc2c1)C(=O)O
"N,N-Dimethylformamide","InChI=1S/C3H7NO/c1-4(2)3-5/h3H,1-2H3",CN(C)C=O
fluorofumarate,"InChI=1S/C4H3FO4/c5-2(4(8)9)1-3(6)7/h1H,(H,6,7)(H,8,9)/b2-1-",O=C(O)/C=C(\F)C(=O)O
"4,5-dioxopentanoate","InChI=1S/C5H6O4/c6-3-4(7)1-2-5(8)9/h3H,1-2H2,(H,8,9)/p-1",O=CC(=O)CCC(=O)[O-]
DL-methionine sulfone,"InChI=1S/C5H11NO4S/c1-11(9,10)3-2-4(6)5(7)8/h4H,2-3,6H2,1H3,(H,7,8)",CS(=O)(=O)CCC(N)C(=O)O
Tween 20,"InChI=1S/C26H50O10/c1-2-3-4-5-6-7-8-9-10-11-24(30)34-19-18-31-20-22(32-15-12-27)26-25(35-17-14-29)23(21-36-26)33-16-13-28/h22-23,25-29H,2-21H2,1H3",CCCCCCCCCCCC(=O)OCCOCC(OCCO)C1OCC(OCCO)C1OCCO
"1,3-dioctanoyl-1,2,3-butanetriol","InChI=1S/C20H38O5/c1-4-6-8-10-12-14-15-18(21)24-17(3)20(23)25-19(22)16-13-11-9-7-5-2/h17,20,23H,4-16H2,1-3H3",CCCCCCCCC(=O)OC(C)C(O)OC(=O)CCCCCCC
(R)-4'-phosphopantothenoyl-cytidylate,"InChI=1S/C18H30N4O15P2/c1-18(2,8-35-38(29,30)31)14(26)15(27)20-5-3-11(23)37-39(32,33)34-7-9-12(24)13(25)16(36-9)22-6-4-10(19)21-17(22)28/h4,6,9,12-14,16,24-26H,3,5,7-8H2,1-2H3,(H,20,27)(H,32,33)(H2,19,21,28)(H2,29,30,31)/p-3/t9-,12-,13-,14+,16-/m1/s1",CC(C)(COP(=O)([O-])O)[C@@H](O)C([O-])=NCCC(=O)OP(=O)(O)OC[C@H]1O[C@@H](n2ccc(=N)nc2[O-])[C@H](O)[C@@H]1O
"2-amino-6-hydroxymethyl-7,7-dimethyl-7,8-dihydropteridin-4-one","InChI=1S/C9H13N5O2/c1-9(2)4(3-15)11-5-6(14-9)12-8(10)13-7(5)16/h15H,3H2,1-2H3,(H4,10,12,13,14,16)",CC1(C)Nc2[nH]c(=N)nc(O)c2N=C1CO
tetraphenylphosphonium,"InChI=1S/C24H20P/c1-5-13-21(14-6-1)25(22-15-7-2-8-16-22,23-17-9-3-10-18-23)24-19-11-4-12-20-24/h1-20H/q+1",c1ccc([P+](c2ccccc2)(c2ccccc2)c2ccccc2)cc1
D-xylose 5-phosphate,"InChI=1S/C5H11O8P/c6-1-3(7)5(9)4(8)2-13-14(10,11)12/h1,3-5,7-9H,2H2,(H2,10,11,12)/p-2/t3-,4+,5+/m0/s1",O=C[C@H](O)[C@@H](O)[C@H](O)COP(=O)([O-])[O-]
"2,2'-disulfonyl azobenzene","InChI=1S/C12H10N2O6S2/c15-21(16,17)11-7-3-1-5-9(11)13-14-10-6-2-4-8-12(10)22(18,19)20/h1-8H,(H,15,16,17)(H,18,19,20)/p-2",O=S(=O)([O-])c1ccccc1/N=N/c1ccccc1S(=O)(=O)[O-]
"(1<i>S</i>,6<i>R</i>)-2-succinyl-6-hydroxy-2,4-cyclohexadiene-1-carboxylate","InChI=1S/C11H12O6/c12-7(4-5-9(14)15)6-2-1-3-8(13)10(6)11(16)17/h1-3,8,10,13H,4-5H2,(H,14,15)(H,16,17)/p-2/t8-,10+/m1/s1",O=C([O-])CCC(=O)C1=CC=C[C@@H](O)[C@H]1C(=O)[O-]
"2'-deoxyuridine 5'-&alpha;,&beta;-imido-diphosphate","InChI=1S/C9H15N3O10P2/c13-5-3-8(12-2-1-7(14)10-9(12)15)22-6(5)4-21-24(19,20)11-23(16,17)18/h1-2,5-6,8,13H,3-4H2,(H,10,14,15)(H4,11,16,17,18,19,20)/p-3/t5-,6+,8+/m0/s1",O=c1nc([O-])ccn1[C@H]1C[C@H](O)[C@@H](COP(=O)(O)NP(=O)([O-])[O-])O1
prephenate,"InChI=1S/C10H10O6/c11-6-1-3-10(4-2-6,9(15)16)5-7(12)8(13)14/h1-4,6,11H,5H2,(H,13,14)(H,15,16)/p-2/t6-,10+",O=C([O-])C(=O)C[C@]1(C(=O)[O-])C=C[C@@H](O)C=C1
3'-deoxyadenosine,"InChI=1S/C10H13N5O3/c11-8-7-9(13-3-12-8)15(4-14-7)10-6(17)1-5(2-16)18-10/h3-6,10,16-17H,1-2H2,(H2,11,12,13)/t5-,6+,10+/m0/s1",Nc1ncnc2c1ncn2[C@@H]1O[C@H](CO)C[C@H]1O
2-succinylbenzoate,"InChI=1S/C11H10O5/c12-9(5-6-10(13)14)7-3-1-2-4-8(7)11(15)16/h1-4H,5-6H2,(H,13,14)(H,15,16)/p-2",O=C([O-])CCC(=O)c1ccccc1C(=O)[O-]
stigmatellin,"InChI=1S/C30H42O7/c1-10-18(2)13-11-12-14-22(33-6)21(5)29(36-9)19(3)15-16-23-20(4)27(31)26-24(34-7)17-25(35-8)28(32)30(26)37-23/h10-14,17,19,21-22,29,32H,15-16H2,1-9H3/b13-11+,14-12+,18-10+/t19-,21+,22-,29-/m0/s1",C/C=C(C)/C=C/C=C/[C@H](OC)[C@@H](C)[C@@H](OC)[C@@H](C)CCc1oc2c(O)c(OC)cc(OC)c2c(=O)c1C
adenosine 5'-phosphosulfate,"InChI=1S/C10H14N5O10PS/c11-8-5-9(13-2-12-8)15(3-14-5)10-7(17)6(16)4(24-10)1-23-26(18,19)25-27(20,21)22/h2-4,6-7,10,16-17H,1H2,(H,18,19)(H2,11,12,13)(H,20,21,22)/p-2/t4-,6-,7-,10-/m1/s1",Nc1ncnc2c1ncn2[C@@H]1O[C@H](COP(=O)([O-])OS(=O)(=O)[O-])[C@@H](O)[C@H]1O
methylmethanethiosulfonate,"InChI=1S/C2H6O2S2/c1-5-6(2,3)4/h1-2H3",CSS(C)(=O)=O
mannonic amide,"InChI=1S/C6H13NO6/c7-6(13)5(12)4(11)3(10)2(9)1-8/h2-5,8-12H,1H2,(H2,7,13)/t2-,3-,4+,5+/m1/s1",N=C(O)[C@@H](O)[C@@H](O)[C@H](O)[C@H](O)CO
2-(formamido)-N<sup>1</sup>-(5-phospho-&beta;-D-ribosyl)acetamidine,"InChI=1S/C8H16N3O8P/c9-5(1-10-3-12)11-8-7(14)6(13)4(19-8)2-18-20(15,16)17/h3-4,6-8,13-14H,1-2H2,(H2,9,11)(H,10,12)(H2,15,16,17)/p-1/t4-,6-,7-,8-/m1/s1",N=C(CN=C[O-])N[C@@H]1O[C@H](COP(=O)(O)O)[C@@H](O)[C@H]1O
iproniazid,"InChI=1S/C9H13N3O/c1-7(2)11-12-9(13)8-3-5-10-6-4-8/h3-7,11H,1-2H3,(H,12,13)",CC(C)NNC(=O)c1ccncc1
4-deoxy-D-glucarate,"InChI=1S/C6H10O7/c7-2(4(9)6(12)13)1-3(8)5(10)11/h2-4,7-9H,1H2,(H,10,11)(H,12,13)/p-2/t2-,3-,4+/m0/s1",O=C([O-])[C@@H](O)C[C@H](O)[C@@H](O)C(=O)[O-]
4-hydroxyphenylacetyl-CoA,"InChI=1S/C29H42N7O18P3S/c1-29(2,24(41)27(42)32-8-7-19(38)31-9-10-58-20(39)11-16-3-5-17(37)6-4-16)13-51-57(48,49)54-56(46,47)50-12-18-23(53-55(43,44)45)22(40)28(52-18)36-15-35-21-25(30)33-14-34-26(21)36/h3-6,14-15,18,22-24,28,37,40-41H,7-13H2,1-2H3,(H,31,38)(H,32,42)(H,46,47)(H,48,49)(H2,30,33,34)(H2,43,44,45)/p-4/t18-,22-,23-,24+,28-/m1/s1",CC(C)(COP(=O)(O)OP(=O)(O)OC[C@H]1O[C@@H](n2cnc3c(N)ncnc32)[C@H](O)[C@@H]1OP(=O)([O-])O)[C@@H](O)C([O-])=NCCC([O-])=NCCSC(=O)Cc1ccc([O-])cc1
(S)-4-amino-5-oxopentanoate,"InChI=1S/C5H9NO3/c6-4(3-7)1-2-5(8)9/h3-4H,1-2,6H2,(H,8,9)/t4-/m0/s1",N[C@H](C=O)CCC(=O)O
"1,2-diaminopropanoate","InChI=1S/C3H8N2O/c1-2(4)3(5)6/h2H,4H2,1H3,(H2,5,6)/p+1",CC([NH3+])C(=N)O
3-aminopropyl-methyl-phosphinate,"InChI=1S/C4H12NO2P/c1-8(6,7)4-2-3-5/h2-5H2,1H3,(H,6,7)",CP(=O)(O)CCCN
"D,L-5-fluorotryptophan","InChI=1S/C11H11FN2O2/c12-7-1-2-10-8(4-7)6(5-14-10)3-9(13)11(15)16/h1-2,4-5,9,14H,3,13H2,(H,15,16)",NC(Cc1c[nH]c2ccc(F)cc12)C(=O)O
"(2R,3R,6S)-3-fluoro-2,6-diaminopimelate","InChI=1S/C7H13FN2O4/c8-3(5(10)7(13)14)1-2-4(9)6(11)12/h3-5H,1-2,9-10H2,(H,11,12)(H,13,14)/t3-,4+,5+/m1/s1",N[C@H](C(=O)O)[C@H](F)CC[C@H](N)C(=O)O
2-C-methyl-D-erythritol 4-phosphate,"InChI=1S/C5H13O7P/c1-5(8,3-6)4(7)2-12-13(9,10)11/h4,6-8H,2-3H2,1H3,(H2,9,10,11)/p-2/t4-,5+/m1/s1",C[C@](O)(CO)[C@H](O)COP(=O)([O-])[O-]
1-deoxy-1-morpholino-D-fructose,"InChI=1S/C10H19NO6/c12-5-7-8(13)9(14)10(15,17-7)6-11-1-3-16-4-2-11/h7-9,12-15H,1-6H2/t7-,8-,9+,10+/m1/s1",OC[C@H]1O[C@@](O)(CN2CCOCC2)[C@@H](O)[C@@H]1O
4-methylanthranilate,"InChI=1S/C8H9NO2/c1-5-2-3-6(8(10)11)7(9)4-5/h2-4H,9H2,1H3,(H,10,11)/p-1",Cc1ccc(C(=O)[O-])c(N)c1
"hexanediol 1,6-bisphosphate","InChI=1S/C6H16O8P2/c7-15(8,9)13-5-3-1-2-4-6-14-16(10,11)12/h1-6H2,(H2,7,8,9)(H2,10,11,12)/p-4",O=P([O-])([O-])OCCCCCCOP(=O)([O-])[O-]
&beta;-palatinose,"InChI=1S/C12H22O11/c13-1-4-6(15)8(17)9(18)11(22-4)21-2-5-7(16)10(19)12(20,3-14)23-5/h4-11,13-20H,1-3H2/t4-,5-,6-,7-,8+,9-,10+,11+,12-/m1/s1",OC[C@H]1O[C@H](OC[C@H]2O[C@](O)(CO)[C@@H](O)[C@@H]2O)[C@H](O)[C@@H](O)[C@@H]1O
"1,3-propanediol-P","InChI=1S/C3H9O5P/c4-2-1-3-8-9(5,6)7/h4H,1-3H2,(H2,5,6,7)/p-2",O=P([O-])([O-])OCCCO
&alpha;-D-glucosamine 6-phosphate,"InChI=1S/C6H14NO8P/c7-3-5(9)4(8)2(15-6(3)10)1-14-16(11,12)13/h2-6,8-10H,1,7H2,(H2,11,12,13)/p-1/t2-,3-,4-,5-,6+/m1/s1",N[C@@H]1[C@@H](O)[C@H](O)[C@@H](COP(=O)([O-])O)O[C@@H]1O
diacetyl-chitotriose-phosphate,,
&beta;-D-glucuronate,"InChI=1S/C6H10O7/c7-1-2(8)4(5(10)11)13-6(12)3(1)9/h1-4,6-9,12H,(H,10,11)/p-1/t1-,2-,3+,4-,6+/m0/s1",O=C([O-])[C@H]1O[C@@H](O)[C@H](O)[C@H](O)[C@@H]1O
"9-[6(RS)-8-diamino-5,6,7,8-tetradeoxy-&beta;-D-ribo-octofuranosyl]-9H-purin-6-amine","InChI=1S/C13H21N7O3/c14-2-1-6(15)3-7-9(21)10(22)13(23-7)20-5-19-8-11(16)17-4-18-12(8)20/h4-7,9-10,13,21-22H,1-3,14-15H2,(H2,16,17,18)/p+2/t6?,7-,9-,10-,13-/m1/s1",Nc1ncnc2c1ncn2[C@@H]1O[C@H](CC([NH3+])CC[NH3+])[C@@H](O)[C@H]1O
&alpha;-D-glucuronate,"InChI=1S/C6H10O7/c7-1-2(8)4(5(10)11)13-6(12)3(1)9/h1-4,6-9,12H,(H,10,11)/p-1/t1-,2-,3+,4-,6-/m0/s1",O=C([O-])[C@H]1O[C@H](O)[C@H](O)[C@H](O)[C@@H]1O
D-xyluronate,,
&beta;-D-ribulofuranose,"InChI=1S/C5H10O5/c6-2-5(9)4(8)3(7)1-10-5/h3-4,6-9H,1-2H2/t3-,4-,5-/m1/s1",OC[C@@]1(O)OC[C@@H](O)[C@H]1O
"DDP-N-acetylmuramoyl-L-alanyl-&gamma;-D-glutamyl-meso-2,6-diaminoheptanedioate","InChI=1S/C41H67N9O28P2/c1-15(32(58)45-17(3)37(62)63)44-35(61)21(8-6-7-20(42)38(64)65)47-25(53)10-9-22(39(66)67)48-33(59)16(2)43-34(60)18(4)74-31-27(46-19(5)52)40(76-23(13-51)29(31)56)77-80(71,72)78-79(69,70)73-14-24-28(55)30(57)36(75-24)50-12-11-26(54)49-41(50)68/h15-18,20-24,27-31,36,40,51,55-57H,6-14,42H2,1-5H3,(H,43,60)(H,44,61)(H,45,58)(H,46,52)(H,47,53)(H,48,59)(H,62,63)(H,64,65)(H,66,67)(H,69,70)(H,71,72)(H,49,54,68)/p-4/t15-,16+,17-,18-,20-,21+,22-,23-,24-,27-,28-,29-,30-,31-,36-,40-/m1/s1",CC([O-])=N[C@H]1[C@@H](OP(=O)(O)OP(=O)(O)OC[C@H]2O[C@@H](N3CCC([O-])=NC3=O)[C@H](O)[C@@H]2O)O[C@H](CO)[C@@H](O)[C@@H]1O[C@H](C)C(O)=N[C@@H](C)C(O)=N[C@H](CCC([O-])=N[C@@H](CCC[C@@H](N)C(=O)O)C(O)=N[C@H](C)C([O-])=N[C@H](C)C(=O)O)C(=O)O
&alpha;-D-ribulofuranose,"InChI=1S/C5H10O5/c6-2-5(9)4(8)3(7)1-10-5/h3-4,6-9H,1-2H2/t3-,4-,5+/m1/s1",OC[C@]1(O)OC[C@@H](O)[C@H]1O
"2-hydroxycyclohepta-1,4,6-triene-1-carboxylate","InChI=1S/C8H8O3/c9-7-5-3-1-2-4-6(7)8(10)11/h1-4,9H,5H2,(H,10,11)/p-1",O=C(O)C1=C([O-])CC=CC=C1
"DL-1,3-diaminopropan-2-ol","InChI=1S/C3H10N2O/c4-1-3(6)2-5/h3,6H,1-2,4-5H2/p+2",[NH3+]CC(O)C[NH3+]
fumagillin,"InChI=1S/C26H34O7/c1-18(2)13-14-20-25(3,33-20)24-23(30-4)19(15-16-26(24)17-31-26)32-22(29)12-10-8-6-5-7-9-11-21(27)28/h5-13,19-20,23-24H,14-17H2,1-4H3,(H,27,28)/p-1/b7-5+,8-6+,11-9+,12-10+/t19-,20-,23-,24-,25+,26+/m1/s1",CO[C@@H]1[C@H](OC(=O)/C=C/C=C/C=C/C=C/C(=O)[O-])CC[C@]2(CO2)[C@H]1[C@@]1(C)O[C@@H]1CC=C(C)C
&alpha;-D-ribose-1-methylphosphonate-5-triphosphate,"InChI=1S/C6H16O16P4/c1-23(9,10)20-6-5(8)4(7)3(19-6)2-18-25(14,15)22-26(16,17)21-24(11,12)13/h3-8H,2H2,1H3,(H,9,10)(H,14,15)(H,16,17)(H2,11,12,13)/p-5/t3-,4-,5-,6-/m1/s1",CP(=O)([O-])O[C@H]1O[C@H](COP(=O)([O-])OP(=O)([O-])OP(=O)([O-])[O-])[C@@H](O)[C@H]1O
&alpha;-D-fructofuranose 1-phosphate,"InChI=1S/C6H13O9P/c7-1-3-4(8)5(9)6(10,15-3)2-14-16(11,12)13/h3-5,7-10H,1-2H2,(H2,11,12,13)/p-2/t3-,4-,5+,6+/m1/s1",O=P([O-])([O-])OC[C@]1(O)O[C@H](CO)[C@@H](O)[C@@H]1O
"adenosine-2',5'-bisphosphate","InChI=1S/C10H15N5O10P2/c11-8-5-9(13-2-12-8)15(3-14-5)10-7(25-27(20,21)22)6(16)4(24-10)1-23-26(17,18)19/h2-4,6-7,10,16H,1H2,(H2,11,12,13)(H2,17,18,19)(H2,20,21,22)/p-4/t4-,6-,7-,10-/m1/s1",Nc1ncnc2c1ncn2[C@@H]1O[C@H](COP(=O)([O-])[O-])[C@@H](O)[C@H]1OP(=O)([O-])[O-]
&beta;-D-fructofuranose 1-phosphate,"InChI=1S/C6H13O9P/c7-1-3-4(8)5(9)6(10,15-3)2-14-16(11,12)13/h3-5,7-10H,1-2H2,(H2,11,12,13)/p-2/t3-,4-,5+,6-/m1/s1",O=P([O-])([O-])OC[C@@]1(O)O[C@H](CO)[C@@H](O)[C@@H]1O
"3-oxo-5,6-didehydrosuberyl-CoA","InChI=1S/C29H44N7O20P3S/c1-29(2,24(43)27(44)32-8-7-18(38)31-9-10-60-20(41)11-16(37)5-3-4-6-19(39)40)13-53-59(50,51)56-58(48,49)52-12-17-23(55-57(45,46)47)22(42)28(54-17)36-15-35-21-25(30)33-14-34-26(21)36/h3-4,14-15,17,22-24,28,42-43H,5-13H2,1-2H3,(H,31,38)(H,32,44)(H,39,40)(H,48,49)(H,50,51)(H2,30,33,34)(H2,45,46,47)/p-5/b4-3-/t17-,22-,23-,24+,28-/m1/s1",CC(C)(COP(=O)(O)OP(=O)(O)OC[C@H]1O[C@@H](n2cnc3c(N)ncnc32)[C@H](O)[C@@H]1OP(=O)([O-])[O-])[C@@H](O)C([O-])=NCCC([O-])=NCCSC(=O)CC(=O)C/C=C\CC(=O)[O-]
&beta;-D-mannuronate,"InChI=1S/C6H10O7/c7-1-2(8)4(5(10)11)13-6(12)3(1)9/h1-4,6-9,12H,(H,10,11)/p-1/t1-,2-,3-,4-,6+/m0/s1",O=C([O-])[C@H]1O[C@@H](O)[C@@H](O)[C@@H](O)[C@@H]1O
"2,4,6-trimethylphenylglyoxal","InChI=1S/C11H12O2/c1-7-4-8(2)11(9(3)5-7)10(13)6-12/h4-6H,1-3H3",Cc1cc(C)c(C(=O)C=O)c(C)c1
neomycin B,"InChI=1S/C23H46N6O13/c24-2-7-13(32)15(34)10(28)21(37-7)40-18-6(27)1-5(26)12(31)20(18)42-23-17(36)19(9(4-30)39-23)41-22-11(29)16(35)14(33)8(3-25)38-22/h5-23,30-36H,1-4,24-29H2/p+6/t5-,6+,7-,8+,9-,10-,11-,12+,13-,14-,15-,16-,17-,18-,19-,20-,21-,22-,23+/m1/s1",[NH3+]C[C@@H]1O[C@H](O[C@H]2[C@@H](O)[C@H](O[C@@H]3[C@@H](O)[C@H]([NH3+])C[C@H]([NH3+])[C@H]3O[C@H]3O[C@H](C[NH3+])[C@@H](O)[C@H](O)[C@H]3[NH3+])O[C@@H]2CO)[C@H]([NH3+])[C@@H](O)[C@@H]1O
"1,6-anhydrous-N-Acetylmuramyl-tripeptide","InChI=1S/C26H43N5O14/c1-11(28-23(38)12(2)45-21-17(29-13(3)33)10-44-18(9-32)20(21)36)22(37)30-15(7-8-19(34)35)24(39)31-16(26(42)43)6-4-5-14(27)25(40)41/h11-12,14-18,20-21,32,36H,4-10,27H2,1-3H3,(H,28,38)(H,29,33)(H,30,37)(H,31,39)(H,34,35)(H,40,41)(H,42,43)/p-2/t11-,12+,14?,15+,16-,17-,18+,20+,21+/m0/s1",CC([O-])=N[C@H]1CO[C@H](CO)[C@@H](O)[C@@H]1O[C@H](C)C(O)=N[C@@H](C)C(O)=N[C@H](CCC(=O)[O-])C(O)=N[C@@H](CCCC(N)C(=O)O)C(=O)O
a methyl group,,C
lawsone,"InChI=1S/C10H6O3/c11-8-5-9(12)10(13)7-4-2-1-3-6(7)8/h1-5,12H/p-1",O=C1C=C([O-])C(=O)c2ccccc21
&alpha;-L-ribulofuranose,"InChI=1S/C5H10O5/c6-2-5(9)4(8)3(7)1-10-5/h3-4,6-9H,1-2H2/t3-,4-,5+/m0/s1",OC[C@@]1(O)OC[C@H](O)[C@@H]1O
"two disacharide linked murein units, pentapeptide crosslinked tripeptide (A2pm->A2pm) (middle of chain)","InChI=1S/C74H116N14O39/c1-26(60(104)79-29(4)69(113)114)78-65(109)37-15-12-16-41(71(117)118)88-66(110)38(14-11-13-36(75)70(115)116)87-68(112)40(18-20-48(99)100)85-62(106)28(3)77-64(108)31(6)121-59-51(83-35(10)96)74(124-46(24-92)58(59)127-72-49(81-33(8)94)53(102)52(101)43(21-89)122-72)125-56-45(23-91)123-73(50(54(56)103)82-34(9)95)126-57-44(22-90)119-25-42(80-32(7)93)55(57)120-30(5)63(107)76-27(2)61(105)84-39(67(111)86-37)17-19-47(97)98/h25-31,36-41,43-46,49-59,72-74,89-92,101-103H,11-24,75H2,1-10H3,(H,76,107)(H,77,108)(H,78,109)(H,79,104)(H,80,93)(H,81,94)(H,82,95)(H,83,96)(H,84,105)(H,85,106)(H,86,111)(H,87,112)(H,88,110)(H,97,98)(H,99,100)(H,113,114)(H,115,116)(H,117,118)/p-2/t26?,27?,28?,29?,30?,31?,36?,37?,38?,39?,40?,41?,43-,44?,45-,46?,49-,50-,51-,52-,53-,54-,55?,56-,57?,58?,59?,72?,73?,74?/m0/s1",CC([O-])=NC1=COC(CO)C2OC3O[C@@H](CO)[C@H](OC4OC(CO)C(OC5O[C@@H](CO)[C@H](O)[C@@H](O)[C@@H]5N=C(C)[O-])C(OC(C)C(O)=NC(C)C(O)=NC(CCC(=O)O)C(O)=NC(CCCC(N)C(=O)O)C(O)=NC(C(=O)O)CCCC(C(O)=NC(C)C(O)=NC(C)C(=O)O)N=C(O)C(CCC(=O)O)N=C(O)C(C)N=C(O)C(C)OC12)[C@@H]4N=C(C)O)[C@@H](O)[C@@H]3N=C(C)O
&beta;-L-ribulofuranose,"InChI=1S/C5H10O5/c6-2-5(9)4(8)3(7)1-10-5/h3-4,6-9H,1-2H2/t3-,4-,5-/m0/s1",OC[C@]1(O)OC[C@H](O)[C@@H]1O
"2,2'-dipyridyl",InChI=1S/C10H8N2/c1-3-7-11-9(5-1)10-6-2-4-8-12-10/h1-8H,c1ccc(-c2ccccn2)nc1
"1,5-anhydro-D-glucitol","InChI=1S/C6H12O5/c7-1-4-6(10)5(9)3(8)2-11-4/h3-10H,1-2H2/t3-,4+,5+,6+/m0/s1",OC[C@H]1OC[C@H](O)[C@@H](O)[C@@H]1O
ferroxamine,"InChI=1S/C25H45N6O8.Fe/c1-21(32)29(37)18-9-3-6-16-27-22(33)12-14-25(36)31(39)20-10-4-7-17-28-23(34)11-13-24(35)30(38)19-8-2-5-15-26;/h2-20,26H2,1H3,(H,27,33)(H,28,34);/q-3;+6",CC(=O)N([O-])CCCCCN=C(O)CCC(=O)N([O-])CCCCCN=C(O)CCC(=O)N([O-])CCCCCN.[Fe+6]
sedoheptulose anhydride,"InChI=1S/C7H12O6/c8-2-7-6(11)5(10)4(9)3(13-7)1-12-7/h3-6,8-11H,1-2H2/t3-,4-,5-,6+,7-/m1/s1",OC[C@@]12OC[C@@H](O1)[C@@H](O)[C@@H](O)[C@@H]2O
cyanate,InChI=1S/CHNO/c2-1-3/h3H/p-1,N#C[O-]
maltitol,"InChI=1S/C12H24O11/c13-1-4(16)7(18)11(5(17)2-14)23-12-10(21)9(20)8(19)6(3-15)22-12/h4-21H,1-3H2/t4-,5+,6+,7+,8+,9-,10+,11+,12+/m0/s1",OC[C@@H](O)[C@@H](O[C@H]1O[C@H](CO)[C@@H](O)[C@H](O)[C@H]1O)[C@H](O)[C@@H](O)CO
cefuroxime,"InChI=1S/C16H16N4O8S/c1-26-19-9(8-3-2-4-27-8)12(21)18-10-13(22)20-11(15(23)24)7(5-28-16(17)25)6-29-14(10)20/h2-4,10,14H,5-6H2,1H3,(H2,17,25)(H,18,21)(H,23,24)/p-1/b19-9-/t10-,14-/m1/s1",CO/N=C(\C([O-])=N[C@@H]1C(=O)N2C(C(=O)O)=C(COC(=N)O)CS[C@H]12)c1ccco1
xylitol,"InChI=1S/C5H12O5/c6-1-3(8)5(10)4(9)2-7/h3-10H,1-2H2/t3-,4+,5+",OC[C@@H](O)[C@H](O)[C@@H](O)CO
<i>N</i>-dimethylethanolamine,"InChI=1S/C4H11NO/c1-5(2)3-4-6/h6H,3-4H2,1-2H3/p+1",C[NH+](C)CCO
D-mannitol,"InChI=1S/C6H14O6/c7-1-3(9)5(11)6(12)4(10)2-8/h3-12H,1-2H2/t3-,4-,5-,6-/m1/s1",OC[C@@H](O)[C@@H](O)[C@H](O)[C@H](O)CO
2'-methoxythiamine pyrophosphate,"InChI=1S/C12H18N4O8P2S/c1-8-10(3-4-23-26(20,21)24-25(17,18)19)27-7-16(8)6-9-5-14-12(22-2)15-11(9)13/h5,7H,3-4,6H2,1-2H3,(H4-,13,14,15,17,18,19,20,21)/p-2",COc1ncc(C[n+]2csc(CCOP(=O)([O-])OP(=O)([O-])[O-])c2C)c(=N)[nH]1
D-sorbitol,"InChI=1S/C6H14O6/c7-1-3(9)5(11)6(12)4(10)2-8/h3-12H,1-2H2/t3-,4+,5-,6-/m1/s1",OC[C@@H](O)[C@@H](O)[C@H](O)[C@@H](O)CO
miconazole,"InChI=1S/C18H14Cl4N2O/c19-13-2-1-12(16(21)7-13)10-25-18(9-24-6-5-23-11-24)15-4-3-14(20)8-17(15)22/h1-8,11,18H,9-10H2",Clc1ccc(COC(Cn2ccnc2)c2ccc(Cl)cc2Cl)c(Cl)c1
L-ribulose 5-phosphate,"InChI=1S/C5H11O8P/c6-1-3(7)5(9)4(8)2-13-14(10,11)12/h4-6,8-9H,1-2H2,(H2,10,11,12)/p-2/t4-,5+/m0/s1",O=C(CO)[C@@H](O)[C@@H](O)COP(=O)([O-])[O-]
3-deoxy-D-glucose,"InChI=1S/C6H12O5/c7-2-5-3(8)1-4(9)6(10)11-5/h3-10H,1-2H2/t3-,4+,5+,6?/m0/s1",OC[C@H]1OC(O)[C@H](O)C[C@@H]1O
D-ribulose 5-phosphate,"InChI=1S/C5H11O8P/c6-1-3(7)5(9)4(8)2-13-14(10,11)12/h4-6,8-9H,1-2H2,(H2,10,11,12)/p-2/t4-,5+/m1/s1",O=C(CO)[C@H](O)[C@H](O)COP(=O)([O-])[O-]
"3-deoxy-D-glycero-2,5-hexodiulosonate","InChI=1S/C6H8O6/c7-2-5(10)3(8)1-4(9)6(11)12/h3,7-8H,1-2H2,(H,11,12)/p-1/t3-/m0/s1",O=C([O-])C(=O)C[C@H](O)C(=O)CO
<i>keto</i> D-sorbose 1-phosphate,"InChI=1S/C6H13O9P/c7-1-3(8)5(10)6(11)4(9)2-15-16(12,13)14/h3,5-8,10-11H,1-2H2,(H2,12,13,14)/p-2/t3-,5+,6+/m1/s1",O=C(COP(=O)([O-])[O-])[C@H](O)[C@@H](O)[C@H](O)CO
"1,2-di<i>-O-</i>octylglycerol","InChI=1S/C19H40O3/c1-3-5-7-9-11-13-15-21-18-19(17-20)22-16-14-12-10-8-6-4-2/h19-20H,3-18H2,1-2H3",CCCCCCCCOCC(CO)OCCCCCCCC
L-lyxonate,"InChI=1S/C5H10O6/c6-1-2(7)3(8)4(9)5(10)11/h2-4,6-9H,1H2,(H,10,11)/p-1/t2-,3+,4+/m0/s1",O=C([O-])[C@H](O)[C@H](O)[C@@H](O)CO
2-heptyl-1-hydroxy-4(1<i>H</i>)-quinolinone,"InChI=1S/C16H21NO2/c1-2-3-4-5-6-9-13-12-16(18)14-10-7-8-11-15(14)17(13)19/h7-8,10-12,19H,2-6,9H2,1H3",CCCCCCCc1cc(=O)c2ccccc2n1O
D-arabinonate,"InChI=1S/C5H10O6/c6-1-2(7)3(8)4(9)5(10)11/h2-4,6-9H,1H2,(H,10,11)/p-1/t2-,3-,4+/m1/s1",O=C([O-])[C@@H](O)[C@H](O)[C@H](O)CO
"5-chloro-2-propyl-3-[2''-(1H-tetrazol-5-ylmethyl)-[1,1',4',1'']terphenyl-4-yl]-3H-imidazo[4,5-b]pyridine","InChI=1S/C29H23ClN7/c1-2-5-28-31-25-16-17-26(30)32-29(25)37(28)23-14-12-20(13-15-23)19-8-10-21(11-9-19)24-7-4-3-6-22(24)18-27-33-35-36-34-27/h3-4,6-17H,2,5,18H2,1H3/q-1",CCCc1nc2ccc(Cl)nc2n1-c1ccc(-c2ccc(-c3ccccc3Cc3nn[n-]n3)cc2)cc1
GDP-4-dehydro-6-deoxy-&beta;-L-galactose,"InChI=1S/C16H23N5O15P2/c1-4-7(22)9(24)11(26)15(33-4)35-38(30,31)36-37(28,29)32-2-5-8(23)10(25)14(34-5)21-3-18-6-12(21)19-16(17)20-13(6)27/h3-5,8-11,14-15,23-26H,2H2,1H3,(H,28,29)(H,30,31)(H3,17,19,20,27)/p-2/t4-,5+,8+,9+,10+,11-,14+,15+/m0/s1",C[C@@H]1O[C@H](OP(=O)(O)OP(=O)([O-])OC[C@H]2O[C@@H](n3cnc4c([O-])nc(=N)[nH]c43)[C@H](O)[C@@H]2O)[C@@H](O)[C@H](O)C1=O
dibenziodolium,InChI=1S/C12H8I/c1-3-7-11-9(5-1)10-6-2-4-8-12(10)13-11/h1-8H/q+1,c1ccc2c(c1)[I+]c1ccccc1-2
GDP-&beta;-L-fucose,"InChI=1S/C16H25N5O15P2/c1-4-7(22)9(24)11(26)15(33-4)35-38(30,31)36-37(28,29)32-2-5-8(23)10(25)14(34-5)21-3-18-6-12(21)19-16(17)20-13(6)27/h3-5,7-11,14-15,22-26H,2H2,1H3,(H,28,29)(H,30,31)(H3,17,19,20,27)/p-2/t4-,5+,7+,8+,9+,10+,11-,14+,15+/m0/s1",C[C@@H]1O[C@H](OP(=O)(O)OP(=O)([O-])OC[C@H]2O[C@@H](n3cnc4c([O-])nc(=N)[nH]c43)[C@H](O)[C@@H]2O)[C@@H](O)[C@H](O)[C@@H]1O
pantethine,"InChI=1S/C22H42N4O8S2/c1-21(2,13-27)17(31)19(33)25-7-5-15(29)23-9-11-35-36-12-10-24-16(30)6-8-26-20(34)18(32)22(3,4)14-28/h17-18,27-28,31-32H,5-14H2,1-4H3,(H,23,29)(H,24,30)(H,25,33)(H,26,34)/t17-,18-/m0/s1",CC(C)(CO)[C@@H](O)C(O)=NCCC(O)=NCCSSCCN=C(O)CCN=C(O)[C@H](O)C(C)(C)CO
GDP-&alpha;-D-mannose,"InChI=1S/C16H25N5O16P2/c17-16-19-12-6(13(28)20-16)18-3-21(12)14-10(26)8(24)5(34-14)2-33-38(29,30)37-39(31,32)36-15-11(27)9(25)7(23)4(1-22)35-15/h3-5,7-11,14-15,22-27H,1-2H2,(H,29,30)(H,31,32)(H3,17,19,20,28)/p-2/t4-,5-,7-,8-,9+,10-,11+,14-,15-/m1/s1",N=c1nc([O-])c2ncn([C@@H]3O[C@H](COP(=O)([O-])OP(=O)(O)O[C@H]4O[C@H](CO)[C@@H](O)[C@H](O)[C@@H]4O)[C@@H](O)[C@H]3O)c2[nH]1
"cyclic- 3,4-<i>O</i>-oxalyl-L-threonate","InChI=1S/C6H6O7/c7-3(4(8)9)2-1-12-5(10)6(11)13-2/h2-3,7H,1H2,(H,8,9)/p-1",O=C1OCC(C(O)C(=O)[O-])OC1=O
GDP-4-dehydro-&alpha;-D-rhamnose,"InChI=1S/C16H23N5O15P2/c1-4-7(22)9(24)11(26)15(33-4)35-38(30,31)36-37(28,29)32-2-5-8(23)10(25)14(34-5)21-3-18-6-12(21)19-16(17)20-13(6)27/h3-5,8-11,14-15,23-26H,2H2,1H3,(H,28,29)(H,30,31)(H3,17,19,20,27)/p-2/t4-,5-,8-,9+,10-,11+,14-,15-/m1/s1",C[C@H]1O[C@H](OP(=O)(O)OP(=O)([O-])OC[C@H]2O[C@@H](n3cnc4c([O-])nc(=N)[nH]c43)[C@H](O)[C@@H]2O)[C@@H](O)[C@@H](O)C1=O
shikimate 3-phosphate,"InChI=1S/C7H11O8P/c8-4-1-3(7(10)11)2-5(6(4)9)15-16(12,13)14/h2,4-6,8-9H,1H2,(H,10,11)(H2,12,13,14)/p-3/t4-,5-,6+/m1/s1",O=C([O-])C1=C[C@@H](OP(=O)([O-])[O-])[C@@H](O)[C@H](O)C1
"a mature peptidoglycan (with L-alanyl-&gamma;-D-glutamyl-<i>meso</i>-2,6-diaminopimeloyl-D-alanine tetrapeptide)",,C[C@H](NC([C@H](O[C@@H]2([C@@H](NC(=O)C)C3(OCC([C@@H](O[C@@H]1(O[C@H](CO)[C@@H](O[R])[C@H](O)[C@@H](NC(=O)C)1))2)O3)))C)=O)C(N[C@H](CCC(=O)N[C@@H](CCC[C@H](C(=O)[O-])[NH3+])C(N[C@H](C)C(=O)[O-])=O)C(=O)[O-])=O
"1,2-butanediol","InChI=1S/C4H10O2/c1-2-4(6)3-5/h4-6H,2-3H2,1H3",CCC(O)CO
phthalate,"InChI=1S/C8H6O4/c9-7(10)5-3-1-2-4-6(5)8(11)12/h1-4H,(H,9,10)(H,11,12)/p-2",O=C([O-])c1ccccc1C(=O)[O-]
5-amino-1-(5-phospho-D-ribosyl)imidazole-4-carboxylate,"InChI=1S/C9H14N3O9P/c10-7-4(9(15)16)11-2-12(7)8-6(14)5(13)3(21-8)1-20-22(17,18)19/h2-3,5-6,8,13-14H,1,10H2,(H,15,16)(H2,17,18,19)/p-3/t3-,5-,6-,8-/m1/s1",Nc1c(C(=O)[O-])ncn1[C@@H]1O[C@H](COP(=O)([O-])[O-])[C@@H](O)[C@H]1O
coformycin,"InChI=1S/C11H16N4O5/c16-2-6-8(18)9(19)11(20-6)15-4-14-7-5(17)1-12-3-13-10(7)15/h3-6,8-9,11,16-19H,1-2H2,(H,12,13)/p+1/t5-,6-,8-,9-,11-/m1/s1",OC[C@H]1O[C@@H](n2cnc3c2NC=[NH+]C[C@H]3O)[C@H](O)[C@@H]1O
N<sup>2</sup>-succinyl-L-ornithine,"InChI=1S/C9H16N2O5/c10-5-1-2-6(9(15)16)11-7(12)3-4-8(13)14/h6H,1-5,10H2,(H,11,12)(H,13,14)(H,15,16)/p-1/t6-/m0/s1",NCCC[C@H](N=C([O-])CCC(=O)O)C(=O)O
phosphoenol-2-oxobutanoate,"InChI=1S/C4H9O6P/c1-2-3(4(5)6)10-11(7,8)9/h3H,2H2,1H3,(H,5,6)(H2,7,8,9)/p-3",CCC(OP(=O)([O-])[O-])C(=O)[O-]
4-amino-2-methyl-5-(phosphooxymethyl)pyrimidine,"InChI=1S/C6H10N3O4P/c1-4-8-2-5(6(7)9-4)3-13-14(10,11)12/h2H,3H2,1H3,(H2,7,8,9)(H2,10,11,12)/p-2",Cc1ncc(COP(=O)([O-])[O-])c(=N)[nH]1
<i>keto</i>-L-<i>glycero</i>-L-galacto-octuluronate,"InChI=1S/C8H14O9/c9-1-2(10)3(11)4(12)5(13)6(14)7(15)8(16)17/h3-7,9,11-15H,1H2,(H,16,17)/p-1/t3-,4+,5+,6-,7-/m1/s1",O=C(CO)[C@@H](O)[C@H](O)[C@H](O)[C@@H](O)[C@@H](O)C(=O)[O-]
lipoamide,"InChI=1S/C8H15NOS2/c9-8(10)4-2-1-3-7-5-6-11-12-7/h7H,1-6H2,(H2,9,10)/t7-/m1/s1",N=C(O)CCCC[C@@H]1CCSS1
enterobactin,"InChI=1S/C30H27N3O15/c34-19-7-1-4-13(22(19)37)25(40)31-16-10-46-29(44)18(33-27(42)15-6-3-9-21(36)24(15)39)12-48-30(45)17(11-47-28(16)43)32-26(41)14-5-2-8-20(35)23(14)38/h1-9,16-18,34-39H,10-12H2,(H,31,40)(H,32,41)(H,33,42)/t16-,17-,18-/m0/s1",O=C1OC[C@H](N=C(O)c2cccc(O)c2O)C(=O)OC[C@H](N=C(O)c2cccc(O)c2O)C(=O)OC[C@@H]1N=C(O)c1cccc(O)c1O
2-amino-3-(phosphomethylphosphinyl)propanoate,"InChI=1S/C4H11NO7P2/c5-3(4(6)7)1-13(8,9)2-14(10,11)12/h3H,1-2,5H2,(H,6,7)(H,8,9)(H2,10,11,12)/p-2",NC(CP(=O)([O-])CP(=O)(O)O)C(=O)[O-]
5-phospho-&beta;-D-ribosylamine,"InChI=1S/C5H12NO7P/c6-5-4(8)3(7)2(13-5)1-12-14(9,10)11/h2-5,7-8H,1,6H2,(H2,9,10,11)/p-1/t2-,3-,4-,5-/m1/s1",N[C@@H]1O[C@H](COP(=O)([O-])O)[C@@H](O)[C@H]1O
3-(imidazol-4-yl)-2-oxopropyl phosphate,"InChI=1S/C6H9N2O5P/c9-6(3-13-14(10,11)12)1-5-2-7-4-8-5/h2,4H,1,3H2,(H,7,8)(H2,10,11,12)/p-2",O=C(COP(=O)([O-])[O-])Cc1cnc[nH]1
&beta;-D-fructuronate,"InChI=1S/C6H10O7/c7-1-6(12)4(9)2(8)3(13-6)5(10)11/h2-4,7-9,12H,1H2,(H,10,11)/p-1/t2-,3+,4+,6-/m1/s1",O=C([O-])[C@H]1O[C@](O)(CO)[C@@H](O)[C@@H]1O
isopropyl 6-O-acetyl-&beta;-D-thiogalactopyranoside,"InChI=1S/C11H20O6S/c1-5(2)18-11-10(15)9(14)8(13)7(17-11)4-16-6(3)12/h5,7-11,13-15H,4H2,1-3H3",CC(=O)OCC1OC(SC(C)C)C(O)C(O)C1O
CDP-1-palmitoyl-2-myristoylglycerol,"InChI=1S/C42H77N3O15P2/c1-3-5-7-9-11-13-15-16-18-19-21-23-25-27-37(46)55-31-34(58-38(47)28-26-24-22-20-17-14-12-10-8-6-4-2)32-56-61(51,52)60-62(53,54)57-33-35-39(48)40(49)41(59-35)45-30-29-36(43)44-42(45)50/h29-30,34-35,39-41,48-49H,3-28,31-33H2,1-2H3,(H,51,52)(H,53,54)(H2,43,44,50)/p-2/t34-,35-,39-,40-,41-/m1/s1",CCCCCCCCCCCCCCCC(=O)OC[C@H](COP(=O)([O-])OP(=O)(O)OC[C@H]1O[C@@H](n2ccc(=N)nc2[O-])[C@H](O)[C@@H]1O)OC(=O)CCCCCCCCCCCCC
4-amino-4-deoxychorismate,"InChI=1S/C10H11NO5/c1-5(9(12)13)16-8-4-6(10(14)15)2-3-7(8)11/h2-4,7-8H,1,11H2,(H,12,13)(H,14,15)/p-1/t7-,8-/m1/s1",C=C(O[C@@H]1C=C(C(=O)O)C=C[C@H]1N)C(=O)[O-]
CDP-1-palmitoyl-2-palmitoleoylglycerol,"InChI=1S/C44H79N3O15P2/c1-3-5-7-9-11-13-15-17-19-21-23-25-27-29-39(48)57-33-36(60-40(49)30-28-26-24-22-20-18-16-14-12-10-8-6-4-2)34-58-63(53,54)62-64(55,56)59-35-37-41(50)42(51)43(61-37)47-32-31-38(45)46-44(47)52/h14,16,31-32,36-37,41-43,50-51H,3-13,15,17-30,33-35H2,1-2H3,(H,53,54)(H,55,56)(H2,45,46,52)/p-2/b16-14-/t36-,37-,41-,42-,43-/m1/s1",CCCCCC/C=C\CCCCCCCC(=O)O[C@H](COC(=O)CCCCCCCCCCCCCCC)COP(=O)([O-])OP(=O)(O)OC[C@H]1O[C@@H](n2ccc(=N)nc2[O-])[C@H](O)[C@@H]1O
&gamma;-glutamyl-L-putrescine,"InChI=1S/C9H19N3O3/c10-5-1-2-6-12-8(13)4-3-7(11)9(14)15/h7H,1-6,10-11H2,(H,12,13)(H,14,15)/p+1/t7-/m0/s1",N[C@@H](CCC(O)=NCCCC[NH3+])C(=O)O
"CDP-1,2-bis-<i>cis</i>-vaccenoylglycerol","InChI=1S/C48H85N3O15P2/c1-3-5-7-9-11-13-15-17-19-21-23-25-27-29-31-33-43(52)61-37-40(64-44(53)34-32-30-28-26-24-22-20-18-16-14-12-10-8-6-4-2)38-62-67(57,58)66-68(59,60)63-39-41-45(54)46(55)47(65-41)51-36-35-42(49)50-48(51)56/h13-16,35-36,40-41,45-47,54-55H,3-12,17-34,37-39H2,1-2H3,(H,57,58)(H,59,60)(H2,49,50,56)/p-2/b15-13-,16-14-/t40-,41-,45-,46-,47-/m1/s1",CCCCCC/C=C\CCCCCCCCCC(=O)OC[C@H](COP(=O)([O-])OP(=O)(O)OC[C@H]1O[C@@H](n2ccc(=N)nc2[O-])[C@H](O)[C@@H]1O)OC(=O)CCCCCCCCC/C=C\CCCCCC
L-tetrahydro-2-furoic acid,"InChI=1S/C5H8O3/c6-5(7)4-2-1-3-8-4/h4H,1-3H2,(H,6,7)/p-1",O=C([O-])C1CCCO1
CDP-1-myristoyl-2-palmitoleoylglycerol,"InChI=1S/C42H75N3O15P2/c1-3-5-7-9-11-13-15-16-18-20-22-24-26-28-38(47)58-34(31-55-37(46)27-25-23-21-19-17-14-12-10-8-6-4-2)32-56-61(51,52)60-62(53,54)57-33-35-39(48)40(49)41(59-35)45-30-29-36(43)44-42(45)50/h13,15,29-30,34-35,39-41,48-49H,3-12,14,16-28,31-33H2,1-2H3,(H,51,52)(H,53,54)(H2,43,44,50)/p-2/b15-13-/t34-,35-,39-,40-,41-/m1/s1",CCCCCC/C=C\CCCCCCCC(=O)O[C@H](COC(=O)CCCCCCCCCCCCC)COP(=O)([O-])OP(=O)(O)OC[C@H]1O[C@@H](n2ccc(=N)nc2[O-])[C@H](O)[C@@H]1O
"2,5-didehydro-D-gluconate","InChI=1S/C6H8O7/c7-1-2(8)3(9)4(10)5(11)6(12)13/h3-4,7,9-10H,1H2,(H,12,13)/p-1/t3-,4+/m1/s1",O=C([O-])C(=O)[C@@H](O)[C@H](O)C(=O)CO
CDP-1-palmitoyl-2-<i>cis</i>-vaccenoylglycerol,"InChI=1S/C46H83N3O15P2/c1-3-5-7-9-11-13-15-17-18-20-22-24-26-28-30-32-42(51)62-38(35-59-41(50)31-29-27-25-23-21-19-16-14-12-10-8-6-4-2)36-60-65(55,56)64-66(57,58)61-37-39-43(52)44(53)45(63-39)49-34-33-40(47)48-46(49)54/h13,15,33-34,38-39,43-45,52-53H,3-12,14,16-32,35-37H2,1-2H3,(H,55,56)(H,57,58)(H2,47,48,54)/p-2/b15-13-/t38-,39-,43-,44-,45-/m1/s1",CCCCCC/C=C\CCCCCCCCCC(=O)O[C@H](COC(=O)CCCCCCCCCCCCCCC)COP(=O)([O-])OP(=O)(O)OC[C@H]1O[C@@H](n2ccc(=N)nc2[O-])[C@H](O)[C@@H]1O
diisopropyl phosphate,"InChI=1S/C6H15O4P/c1-5(2)9-11(7,8)10-6(3)4/h5-6H,1-4H3,(H,7,8)/p-1",CC(C)OP(=O)([O-])OC(C)C
"CDP-1,2-dioctadecanoylglycerol","InChI=1S/C48H89N3O15P2/c1-3-5-7-9-11-13-15-17-19-21-23-25-27-29-31-33-43(52)61-37-40(64-44(53)34-32-30-28-26-24-22-20-18-16-14-12-10-8-6-4-2)38-62-67(57,58)66-68(59,60)63-39-41-45(54)46(55)47(65-41)51-36-35-42(49)50-48(51)56/h35-36,40-41,45-47,54-55H,3-34,37-39H2,1-2H3,(H,57,58)(H,59,60)(H2,49,50,56)/p-2/t40-,41-,45-,46-,47-/m1/s1",CCCCCCCCCCCCCCCCCC(=O)OC[C@H](COP(=O)([O-])OP(=O)(O)OC[C@H]1O[C@@H](n2ccc(=N)nc2[O-])[C@H](O)[C@@H]1O)OC(=O)CCCCCCCCCCCCCCCCC
muramate,"InChI=1S/C9H17NO7/c1-3(8(13)14)16-7-5(10)9(15)17-4(2-11)6(7)12/h3-7,9,11-12,15H,2,10H2,1H3,(H,13,14)/t3-,4-,5-,6-,7-,9?/m1/s1",C[C@@H](O[C@H]1[C@H](O)[C@@H](CO)OC(O)[C@@H]1N)C(=O)O
"CDP-1,2-dimyristoylglycerol","InChI=1S/C40H73N3O15P2/c1-3-5-7-9-11-13-15-17-19-21-23-25-35(44)53-29-32(56-36(45)26-24-22-20-18-16-14-12-10-8-6-4-2)30-54-59(49,50)58-60(51,52)55-31-33-37(46)38(47)39(57-33)43-28-27-34(41)42-40(43)48/h27-28,32-33,37-39,46-47H,3-26,29-31H2,1-2H3,(H,49,50)(H,51,52)(H2,41,42,48)/p-2/t32-,33-,37-,38-,39-/m1/s1",CCCCCCCCCCCCCC(=O)OC[C@H](COP(=O)([O-])OP(=O)(O)OC[C@H]1O[C@@H](n2ccc(=N)nc2[O-])[C@H](O)[C@@H]1O)OC(=O)CCCCCCCCCCCCC
"1,7-diaminoheptane",InChI=1S/C7H18N2/c8-6-4-2-1-3-5-7-9/h1-9H2/p+2,[NH3+]CCCCCCC[NH3+]
CDP-1-<i>cis</i>-vaccenoyl-2-palmitoleoylglycerol,"InChI=1S/C46H81N3O15P2/c1-3-5-7-9-11-13-15-17-18-20-21-23-25-27-29-31-41(50)59-35-38(62-42(51)32-30-28-26-24-22-19-16-14-12-10-8-6-4-2)36-60-65(55,56)64-66(57,58)61-37-39-43(52)44(53)45(63-39)49-34-33-40(47)48-46(49)54/h13-16,33-34,38-39,43-45,52-53H,3-12,17-32,35-37H2,1-2H3,(H,55,56)(H,57,58)(H2,47,48,54)/p-2/b15-13-,16-14-/t38-,39-,43-,44-,45-/m1/s1",CCCCCC/C=C\CCCCCCCCCC(=O)OC[C@H](COP(=O)([O-])OP(=O)(O)OC[C@H]1O[C@@H](n2ccc(=N)nc2[O-])[C@H](O)[C@@H]1O)OC(=O)CCCCCCC/C=C\CCCCCC
2-dehydro-3-deoxy-D-galactonate 6-phosphate,"InChI=1S/C6H11O9P/c7-3(1-4(8)6(10)11)5(9)2-15-16(12,13)14/h3,5,7,9H,1-2H2,(H,10,11)(H2,12,13,14)/p-3/t3-,5-/m1/s1",O=C([O-])C(=O)C[C@@H](O)[C@H](O)COP(=O)([O-])[O-]
"CDP-1,2-dipalmitoylglycerol","InChI=1S/C44H81N3O15P2/c1-3-5-7-9-11-13-15-17-19-21-23-25-27-29-39(48)57-33-36(60-40(49)30-28-26-24-22-20-18-16-14-12-10-8-6-4-2)34-58-63(53,54)62-64(55,56)59-35-37-41(50)42(51)43(61-37)47-32-31-38(45)46-44(47)52/h31-32,36-37,41-43,50-51H,3-30,33-35H2,1-2H3,(H,53,54)(H,55,56)(H2,45,46,52)/p-2/t36-,37-,41-,42-,43-/m1/s1",CCCCCCCCCCCCCCCC(=O)OC[C@H](COP(=O)([O-])OP(=O)(O)OC[C@H]1O[C@@H](n2ccc(=N)nc2[O-])[C@H](O)[C@@H]1O)OC(=O)CCCCCCCCCCCCCCC
"7,8-diketopelargonate","InChI=1S/C9H14O4/c1-7(10)8(11)5-3-2-4-6-9(12)13/h2-6H2,1H3,(H,12,13)/p-1",CC(=O)C(=O)CCCCCC(=O)[O-]
3-fluoro-L-tyrosine,"InChI=1S/C9H10FNO3/c10-6-3-5(1-2-8(6)12)4-7(11)9(13)14/h1-3,7,12H,4,11H2,(H,13,14)/t7-/m0/s1",N[C@@H](Cc1ccc(O)c(F)c1)C(=O)O
&beta;-D-glucopyranose 1-phosphate,"InChI=1S/C6H13O9P/c7-1-2-3(8)4(9)5(10)6(14-2)15-16(11,12)13/h2-10H,1H2,(H2,11,12,13)/p-2/t2-,3-,4+,5-,6+/m1/s1",O=P([O-])([O-])O[C@@H]1O[C@H](CO)[C@@H](O)[C@H](O)[C@H]1O
cis-cycloglutamate,"InChI=1S/C8H13NO4/c9-8(7(12)13)3-1-2-5(4-8)6(10)11/h5H,1-4,9H2,(H,10,11)(H,12,13)/p-1",NC1(C(=O)O)CCCC(C(=O)[O-])C1
ferrichrome,"InChI=1S/C27H42N9O12.Fe/c1-16(37)34(46)10-4-7-19-25(43)30-14-23(41)28-13-22(40)29-15-24(42)31-20(8-5-11-35(47)17(2)38)26(44)33-21(27(45)32-19)9-6-12-36(48)18(3)39;/h19-21H,4-15H2,1-3H3,(H,28,41)(H,29,40)(H,30,43)(H,31,42)(H,32,45)(H,33,44);/q-3;+3/t19-,20-,21-;/m0./s1",CC(=O)N([O-])CCC[C@@H]1N=C(O)CN=C(O)CN=C(O)CN=C(O)[C@H](CCCN([O-])C(C)=O)N=C(O)[C@H](CCCN([O-])C(C)=O)N=C1O.[Fe+3]
<i>aldehydo</i>-2-keto-3-deoxynonanoate,,
iron(III)-coprogen,"InChI=1S/C35H53N6O13.Fe/c1-23(11-17-42)20-30(45)39(51)14-5-8-27-33(48)38-28(34(49)37-27)9-6-15-40(52)32(47)22-25(3)13-19-54-35(50)29(36-26(4)44)10-7-16-41(53)31(46)21-24(2)12-18-43;/h20-22,27-29,42-43H,5-19H2,1-4H3,(H,36,44)(H,37,49)(H,38,48);/q-3;+3/b23-20+,24-21+,25-22+;/t27-,28-,29-;/m0./s1",CC(O)=N[C@@H](CCCN([O-])C(=O)/C=C(\C)CCO)C(=O)OCC/C(C)=C/C(=O)N([O-])CCC[C@@H]1N=C(O)[C@H](CCCN([O-])C(=O)/C=C(\C)CCO)N=C1O.[Fe+3]
5'-(aminoiminomethyl)amino-5'-deoxyadenosine,"InChI=1S/C10H16N9O3/c11-8-5-9(15-2-14-8)18(3-16-5)10-7(21)6(20)4(22-10)1-17-19(12)13/h2-4,6-7,10,20-21H,1H2,(H2,11,14,15)(H4,12,13,17)/q+1/t4-,6-,7-,10-/m1/s1",Nc1ncnc2c1ncn2[C@@H]1O[C@H](CN=[N+](N)N)[C@@H](O)[C@H]1O
ferricrocin,"InChI=1S/C28H44N9O13.Fe/c1-16(39)35(48)10-4-7-19-25(44)29-14-24(43)32-22(15-38)26(45)30-13-23(42)31-20(8-5-11-36(49)17(2)40)27(46)34-21(28(47)33-19)9-6-12-37(50)18(3)41;/h19-22,38H,4-15H2,1-3H3,(H,29,44)(H,30,45)(H,31,42)(H,32,43)(H,33,47)(H,34,46);/q-3;+3/t19-,20-,21-,22-;/m0./s1",CC(=O)N([O-])CCC[C@@H]1N=C(O)CN=C(O)[C@H](CO)N=C(O)CN=C(O)[C@H](CCCN([O-])C(C)=O)N=C(O)[C@H](CCCN([O-])C(C)=O)N=C1O.[Fe+3]
2-cis-octenoyl-CoA,,
Fe(III) hydroxamate,,C3([R3])(=O[Fe]12(O=C([R2])NO1)(O=C([R1])NO2)ON3)
N-acetylmuramate(beta-methyl)-L-alanyl-D-glutamate,"InChI=1S/C20H33N3O12/c1-8(17(29)23-11(19(31)32)5-6-13(26)27)21-18(30)9(2)34-16-14(22-10(3)25)20(33-4)35-12(7-24)15(16)28/h8-9,11-12,14-16,20,24,28H,5-7H2,1-4H3,(H,21,30)(H,22,25)(H,23,29)(H,26,27)(H,31,32)/p-2/t8-,9?,11+,12+,14+,15+,16+,20+/m0/s1",CO[C@@H]1O[C@H](CO)[C@@H](O)[C@H](O[C@H](C)C(O)=N[C@@H](C)C(O)=N[C@H](CCC(=O)[O-])C(=O)O)[C@H]1N=C(C)[O-]
peptidoglycan dimer with tetrapeptide and tripepetide stems (<i>meso</i> diaminopimelate containing),"InChI=1S/C71H115N13O40/c1-24(57(98)83-37(66(111)112)16-18-43(93)81-35(14-10-12-33(72)63(105)106)61(102)76-26(3)62(103)104)74-59(100)27(4)116-55-47(79-31(8)91)68(115)118-41(22-87)53(55)123-70-46(78-30(7)90)51(97)52(40(21-86)120-70)122-71-48(80-32(9)92)56(54(42(23-88)121-71)124-69-45(77-29(6)89)50(96)49(95)39(20-85)119-69)117-28(5)60(101)75-25(2)58(99)84-38(67(113)114)17-19-44(94)82-36(65(109)110)15-11-13-34(73)64(107)108/h24-28,33-42,45-56,68-71,85-88,95-97,115H,10-23,72-73H2,1-9H3,(H,74,100)(H,75,101)(H,76,102)(H,77,89)(H,78,90)(H,79,91)(H,80,92)(H,81,93)(H,82,94)(H,83,98)(H,84,99)(H,103,104)(H,105,106)(H,107,108)(H,109,110)(H,111,112)(H,113,114)/p-4/t24-,25-,26+,27+,28+,33+,34+,35-,36-,37+,38+,39+,40+,41+,42+,45+,46+,47+,48+,49+,50+,51+,52+,53+,54+,55+,56+,68-,69-,70-,71?/m0/s1",CC([O-])=N[C@@H]1[C@@H](O[C@H](C)C(O)=N[C@@H](C)C(O)=N[C@H](CCC(O)=N[C@@H](CCC[C@@H](N)C(=O)O)C(O)=N[C@H](C)C(=O)O)C(=O)O)[C@H](O[C@@H]2O[C@H](CO)[C@@H](OC3O[C@H](CO)[C@@H](O[C@@H]4O[C@H](CO)[C@@H](O)[C@H](O)[C@H]4N=C(C)[O-])[C@H](O[C@H](C)C(O)=N[C@@H](C)C(O)=N[C@H](CCC(O)=N[C@@H](CCC[C@@H](N)C(=O)O)C(=O)O)C(=O)O)[C@H]3N=C(C)[O-])[C@H](O)[C@H]2N=C(C)[O-])[C@@H](CO)O[C@@H]1O
m<sup>5</sup>UTP,"InChI=1S/C16H18N4O3/c1-2-19(11-12-21)15-7-3-13(4-8-15)17-18-14-5-9-16(10-6-14)20(22)23/h3-10,21H,2,11-12H2,1H3/b18-17+",CCN(CCO)c1ccc(/N=N/c2ccc([N+](=O)[O-])cc2)cc1
peptidoglycan dimer with pentapeptide and tetrapeptide stems (<I>meso</i>-diaminopimelate containing),"InChI=1S/C77H125N15O42/c1-26(61(106)83-29(4)68(113)114)82-66(111)39(16-12-14-37(78)70(117)118)89-47(101)20-18-41(72(121)122)91-62(107)27(2)80-64(109)31(6)126-59-51(87-35(10)99)74(125)128-45(24-95)57(59)133-76-50(86-34(9)98)55(105)56(44(23-94)130-76)132-77-52(88-36(11)100)60(58(46(25-96)131-77)134-75-49(85-33(8)97)54(104)53(103)43(22-93)129-75)127-32(7)65(110)81-28(3)63(108)92-42(73(123)124)19-21-48(102)90-40(17-13-15-38(79)71(119)120)67(112)84-30(5)69(115)116/h26-32,37-46,49-60,74-77,93-96,103-105,125H,12-25,78-79H2,1-11H3,(H,80,109)(H,81,110)(H,82,111)(H,83,106)(H,84,112)(H,85,97)(H,86,98)(H,87,99)(H,88,100)(H,89,101)(H,90,102)(H,91,107)(H,92,108)(H,113,114)(H,115,116)(H,117,118)(H,119,120)(H,121,122)(H,123,124)/p-4/t26-,27+,28+,29-,30-,31-,32-,37-,38-,39+,40+,41-,42-,43-,44-,45-,46-,49-,50-,51-,52-,53-,54-,55-,56-,57-,58-,59-,60-,74+,75+,76+,77?/m1/s1",CC([O-])=N[C@@H]1[C@@H](O[C@H](C)C(O)=N[C@@H](C)C(O)=N[C@H](CCC(O)=N[C@@H](CCC[C@@H](N)C(=O)O)C(O)=N[C@H](C)C(O)=N[C@H](C)C(=O)O)C(=O)O)[C@H](O[C@@H]2O[C@H](CO)[C@@H](OC3O[C@H](CO)[C@@H](O[C@@H]4O[C@H](CO)[C@@H](O)[C@H](O)[C@H]4N=C(C)[O-])[C@H](O[C@H](C)C(O)=N[C@@H](C)C(O)=N[C@H](CCC(O)=N[C@@H](CCC[C@@H](N)C(=O)O)C(O)=N[C@H](C)C(=O)O)C(=O)O)[C@H]3N=C(C)[O-])[C@H](O)[C@H]2N=C(C)[O-])[C@@H](CO)O[C@@H]1O
"D,L- &gamma;-hydroxyphosphinothricin","InChI=1S/C5H12NO5P/c1-12(10,11)4(7)2-3(6)5(8)9/h3-4,7H,2,6H2,1H3,(H,8,9)(H,10,11)/p-1",CP(=O)(O)C(O)CC(N)C(=O)[O-]
peptidoglycan dimer with pentapeptide stems (<i>meso</i>-diaminopimelate containing),"InChI=1S/C80H130N16O43/c1-27(63(110)87-31(5)71(118)119)85-69(116)41(17-13-15-39(81)73(122)123)93-49(105)21-19-43(75(126)127)95-65(112)29(3)83-67(114)33(7)131-61-53(91-37(11)103)77(130)133-47(25-99)59(61)138-79-52(90-36(10)102)57(109)58(46(24-98)135-79)137-80-54(92-38(12)104)62(60(48(26-100)136-80)139-78-51(89-35(9)101)56(108)55(107)45(23-97)134-78)132-34(8)68(115)84-30(4)66(113)96-44(76(128)129)20-22-50(106)94-42(18-14-16-40(82)74(124)125)70(117)86-28(2)64(111)88-32(6)72(120)121/h27-34,39-48,51-62,77-80,97-100,107-109,130H,13-26,81-82H2,1-12H3,(H,83,114)(H,84,115)(H,85,116)(H,86,117)(H,87,110)(H,88,111)(H,89,101)(H,90,102)(H,91,103)(H,92,104)(H,93,105)(H,94,106)(H,95,112)(H,96,113)(H,118,119)(H,120,121)(H,122,123)(H,124,125)(H,126,127)(H,128,129)/p-4/t27-,28-,29+,30+,31-,32-,33-,34-,39-,40-,41+,42+,43-,44-,45-,46-,47-,48-,51-,52-,53-,54-,55-,56-,57-,58-,59-,60-,61-,62-,77+,78+,79+,80?/m1/s1",CC([O-])=N[C@@H]1[C@@H](O[C@H](C)C(O)=N[C@@H](C)C(O)=N[C@H](CCC(O)=N[C@@H](CCC[C@@H](N)C(=O)O)C(O)=N[C@H](C)C(O)=N[C@H](C)C(=O)O)C(=O)O)[C@H](O[C@@H]2O[C@H](CO)[C@@H](OC3O[C@H](CO)[C@@H](O[C@@H]4O[C@H](CO)[C@@H](O)[C@H](O)[C@H]4N=C(C)[O-])[C@H](O[C@H](C)C(O)=N[C@@H](C)C(O)=N[C@H](CCC(O)=N[C@@H](CCC[C@@H](N)C(=O)O)C(O)=N[C@H](C)C(O)=N[C@H](C)C(=O)O)C(=O)O)[C@H]3N=C(C)[O-])[C@H](O)[C@H]2N=C(C)[O-])[C@@H](CO)O[C@@H]1O
"methyl-2,3-dihydroxyphenylpropanoate","InChI=1S/C10H12O4/c1-14-9(12)6-5-7-3-2-4-8(11)10(7)13/h2-4,11,13H,5-6H2,1H3",COC(=O)CCc1cccc(O)c1O
peptidoglycan dimer with tetrapeptide stems (<i>meso</i>-diaminopimelate containing),"InChI=1S/C74H120N14O41/c1-25(59(102)87-39(69(116)117)17-19-45(97)85-37(15-11-13-35(75)67(112)113)63(106)79-27(3)65(108)109)77-61(104)29(5)121-57-49(83-33(9)95)71(120)123-43(23-91)55(57)128-73-48(82-32(8)94)53(101)54(42(22-90)125-73)127-74-50(84-34(10)96)58(56(44(24-92)126-74)129-72-47(81-31(7)93)52(100)51(99)41(21-89)124-72)122-30(6)62(105)78-26(2)60(103)88-40(70(118)119)18-20-46(98)86-38(16-12-14-36(76)68(114)115)64(107)80-28(4)66(110)111/h25-30,35-44,47-58,71-74,89-92,99-101,120H,11-24,75-76H2,1-10H3,(H,77,104)(H,78,105)(H,79,106)(H,80,107)(H,81,93)(H,82,94)(H,83,95)(H,84,96)(H,85,97)(H,86,98)(H,87,102)(H,88,103)(H,108,109)(H,110,111)(H,112,113)(H,114,115)(H,116,117)(H,118,119)/p-4/t25-,26-,27+,28+,29+,30+,35+,36+,37-,38-,39+,40+,41+,42+,43+,44+,47+,48+,49+,50+,51+,52+,53+,54+,55+,56+,57+,58+,71-,72-,73-,74?/m0/s1",CC([O-])=N[C@@H]1[C@@H](O[C@H](C)C(O)=N[C@@H](C)C(O)=N[C@H](CCC(O)=N[C@@H](CCC[C@@H](N)C(=O)O)C(O)=N[C@H](C)C(=O)O)C(=O)O)[C@H](O[C@@H]2O[C@H](CO)[C@@H](OC3O[C@H](CO)[C@@H](O[C@@H]4O[C@H](CO)[C@@H](O)[C@H](O)[C@H]4N=C(C)[O-])[C@H](O[C@H](C)C(O)=N[C@@H](C)C(O)=N[C@H](CCC(O)=N[C@@H](CCC[C@@H](N)C(=O)O)C(O)=N[C@H](C)C(=O)O)C(=O)O)[C@H]3N=C(C)[O-])[C@H](O)[C@H]2N=C(C)[O-])[C@@H](CO)O[C@@H]1O
"2-methyl-1,4-benzoquinone","InChI=1S/C7H6O2/c1-5-4-6(8)2-3-7(5)9/h2-4H,1H3",CC1=CC(=O)C=CC1=O
peptidoglycan dimer with pentapeptide and tripeptide stems (<i>meso</i>-diaminopimelate containing),"InChI=1S/C74H120N14O41/c1-25(59(102)80-28(4)65(108)109)79-64(107)37(15-11-13-35(75)66(110)111)85-45(97)19-17-39(69(116)117)87-60(103)26(2)77-62(105)29(5)121-57-49(83-33(9)95)71(120)123-43(23-91)55(57)128-73-48(82-32(8)94)53(101)54(42(22-90)125-73)127-74-50(84-34(10)96)58(56(44(24-92)126-74)129-72-47(81-31(7)93)52(100)51(99)41(21-89)124-72)122-30(6)63(106)78-27(3)61(104)88-40(70(118)119)18-20-46(98)86-38(68(114)115)16-12-14-36(76)67(112)113/h25-30,35-44,47-58,71-74,89-92,99-101,120H,11-24,75-76H2,1-10H3,(H,77,105)(H,78,106)(H,79,107)(H,80,102)(H,81,93)(H,82,94)(H,83,95)(H,84,96)(H,85,97)(H,86,98)(H,87,103)(H,88,104)(H,108,109)(H,110,111)(H,112,113)(H,114,115)(H,116,117)(H,118,119)/p-4/t25-,26+,27+,28-,29-,30-,35-,36-,37+,38+,39-,40-,41-,42-,43-,44-,47-,48-,49-,50-,51-,52-,53-,54-,55-,56-,57-,58-,71+,72+,73+,74?/m1/s1",CC([O-])=N[C@@H]1[C@@H](O[C@H](C)C(O)=N[C@@H](C)C(O)=N[C@H](CCC(O)=N[C@@H](CCC[C@@H](N)C(=O)O)C(O)=N[C@H](C)C(O)=N[C@H](C)C(=O)O)C(=O)O)[C@H](O[C@@H]2O[C@H](CO)[C@@H](OC3O[C@H](CO)[C@@H](O[C@@H]4O[C@H](CO)[C@@H](O)[C@H](O)[C@H]4N=C(C)[O-])[C@H](O[C@H](C)C(O)=N[C@@H](C)C(O)=N[C@H](CCC(O)=N[C@@H](CCC[C@@H](N)C(=O)O)C(=O)O)C(=O)O)[C@H]3N=C(C)[O-])[C@H](O)[C@H]2N=C(C)[O-])[C@@H](CO)O[C@@H]1O
dihydrooxonate,"InChI=1S/C4H5N3O4/c8-2(9)1-5-3(10)7-4(11)6-1/h1H,(H,8,9)(H3,5,6,7,10,11)/p-1",O=C([O-])C1N=C(O)NC(O)=N1
peptidoglycan dimer with tripeptide stems (<i>meso</i>-diaminopimelate containing),"InChI=1S/C68H110N12O39/c1-23(55(94)79-35(63(106)107)15-17-41(89)77-33(61(102)103)13-9-11-31(69)59(98)99)71-57(96)25(3)111-53-45(75-29(7)87)65(110)113-39(21-83)51(53)118-67-44(74-28(6)86)49(93)50(38(20-82)115-67)117-68-46(76-30(8)88)54(52(40(22-84)116-68)119-66-43(73-27(5)85)48(92)47(91)37(19-81)114-66)112-26(4)58(97)72-24(2)56(95)80-36(64(108)109)16-18-42(90)78-34(62(104)105)14-10-12-32(70)60(100)101/h23-26,31-40,43-54,65-68,81-84,91-93,110H,9-22,69-70H2,1-8H3,(H,71,96)(H,72,97)(H,73,85)(H,74,86)(H,75,87)(H,76,88)(H,77,89)(H,78,90)(H,79,94)(H,80,95)(H,98,99)(H,100,101)(H,102,103)(H,104,105)(H,106,107)(H,108,109)/p-4/t23-,24-,25+,26+,31+,32+,33-,34-,35+,36+,37+,38+,39+,40+,43+,44+,45+,46+,47+,48+,49+,50+,51+,52+,53+,54+,65-,66-,67-,68?/m0/s1",CC([O-])=N[C@@H]1[C@@H](O[C@H](C)C(O)=N[C@@H](C)C(O)=N[C@H](CCC(O)=N[C@@H](CCC[C@@H](N)C(=O)O)C(=O)O)C(=O)O)[C@H](O[C@@H]2O[C@H](CO)[C@@H](OC3O[C@H](CO)[C@@H](O[C@@H]4O[C@H](CO)[C@@H](O)[C@H](O)[C@H]4N=C(C)[O-])[C@H](O[C@H](C)C(O)=N[C@@H](C)C(O)=N[C@H](CCC(O)=N[C@@H](CCC[C@@H](N)C(=O)O)C(=O)O)C(=O)O)[C@H]3N=C(C)[O-])[C@H](O)[C@H]2N=C(C)[O-])[C@@H](CO)O[C@@H]1O
ppGp,"InChI=1S/C10H16N5O14P3/c11-10-13-7-4(8(17)14-10)12-2-15(7)9-5(16)6(28-30(18,19)20)3(27-9)1-26-32(24,25)29-31(21,22)23/h2-3,5-6,9,16H,1H2,(H,24,25)(H2,18,19,20)(H2,21,22,23)(H3,11,13,14,17)/p-5/t3-,5-,6-,9-/m1/s1",N=c1nc([O-])c2ncn([C@@H]3O[C@H](COP(=O)(O)OP(=O)([O-])[O-])[C@@H](OP(=O)([O-])[O-])[C@H]3O)c2[nH]1
dTDP-4-dehydro-6-deoxy-&alpha;-D-glucopyranose,"InChI=1S/C16H24N2O15P2/c1-6-4-18(16(24)17-14(6)23)10-3-8(19)9(31-10)5-29-34(25,26)33-35(27,28)32-15-13(22)12(21)11(20)7(2)30-15/h4,7-10,12-13,15,19,21-22H,3,5H2,1-2H3,(H,25,26)(H,27,28)(H,17,23,24)/p-2/t7-,8+,9-,10-,12+,13-,15-/m1/s1",Cc1cn([C@H]2C[C@H](O)[C@@H](COP(=O)([O-])OP(=O)(O)O[C@H]3O[C@H](C)C(=O)[C@H](O)[C@H]3O)O2)c(=O)nc1[O-]
glycine ethyl ester,"InChI=1S/C4H9NO2/c1-2-7-4(6)3-5/h2-3,5H2,1H3",CCOC(=O)CN
L-glyceraldehyde 3-phosphate,"InChI=1S/C3H7O6P/c4-1-3(5)2-9-10(6,7)8/h1,3,5H,2H2,(H2,6,7,8)/p-2/t3-/m1/s1",O=C[C@@H](O)COP(=O)([O-])[O-]
&gamma;-glutamyl-ethylamide,"InChI=1S/C7H14N2O3/c1-2-9-6(10)4-3-5(8)7(11)12/h5H,2-4,8H2,1H3,(H,9,10)(H,11,12)/t5-/m0/s1",CCN=C(O)CC[C@H](N)C(=O)O
D-glyceraldehyde 3-phosphate,"InChI=1S/C3H7O6P/c4-1-3(5)2-9-10(6,7)8/h1,3,5H,2H2,(H2,6,7,8)/p-2/t3-/m0/s1",O=C[C@H](O)COP(=O)([O-])[O-]
3-<i>sn</i>-phosphatidyl-1'-(3'-acyl)-glycerol (n-C18:0),"InChI=1S/C60H117O11P/c1-4-7-10-13-16-19-22-25-28-31-34-37-40-43-46-49-58(62)67-52-56(61)53-69-72(65,66)70-55-57(71-60(64)51-48-45-42-39-36-33-30-27-24-21-18-15-12-9-6-3)54-68-59(63)50-47-44-41-38-35-32-29-26-23-20-17-14-11-8-5-2/h56-57,61H,4-55H2,1-3H3,(H,65,66)/p-1/t56-,57+/m0/s1",CCCCCCCCCCCCCCCCCC(=O)OC[C@H](O)COP(=O)([O-])OC[C@@H](COC(=O)CCCCCCCCCCCCCCCCC)OC(=O)CCCCCCCCCCCCCCCCC
&beta;-D-tagatopyranose,"InChI=1S/C6H12O6/c7-2-6(11)5(10)4(9)3(8)1-12-6/h3-5,7-11H,1-2H2/t3-,4+,5+,6-/m1/s1",OC[C@@]1(O)OC[C@@H](O)[C@H](O)[C@@H]1O
N<sup>2</sup>-succinyl-L-glutamate 5-semialdehyde,"InChI=1S/C9H13NO6/c11-5-1-2-6(9(15)16)10-7(12)3-4-8(13)14/h5-6H,1-4H2,(H,10,12)(H,13,14)(H,15,16)/p-2/t6-/m0/s1",O=CCC[C@H](N=C([O-])CCC(=O)[O-])C(=O)O
"6,7-dihydro-6-methyl-pterin","InChI=1S/C7H9N5O/c1-3-2-9-5-4(10-3)6(13)12-7(8)11-5/h3H,2H2,1H3,(H3,8,9,11,12,13)",CC1CN=c2[nH]c(=N)nc(O)c2=N1
galactarate,"InChI=1S/C6H10O8/c7-1(3(9)5(11)12)2(8)4(10)6(13)14/h1-4,7-10H,(H,11,12)(H,13,14)/p-2/t1-,2+,3+,4-",O=C([O-])[C@@H](O)[C@H](O)[C@H](O)[C@@H](O)C(=O)[O-]
(3R)-oxaloglycolate,"InChI=1S/C4H4O6/c5-1(3(7)8)2(6)4(9)10/h1,5H,(H,7,8)(H,9,10)/p-2/t1-/m1/s1",O=C([O-])C(=O)[C@@H](O)C(=O)[O-]
D-glucarate,"InChI=1S/C6H10O8/c7-1(3(9)5(11)12)2(8)4(10)6(13)14/h1-4,7-10H,(H,11,12)(H,13,14)/p-2/t1-,2-,3-,4+/m0/s1",O=C([O-])[C@@H](O)[C@@H](O)[C@H](O)[C@@H](O)C(=O)[O-]
enalapril,"InChI=1S/C20H28N2O5/c1-3-27-20(26)16(12-11-15-8-5-4-6-9-15)21-14(2)18(23)22-13-7-10-17(22)19(24)25/h4-6,8-9,14,16-17,21H,3,7,10-13H2,1-2H3,(H,24,25)/t14-,16+,17-/m0/s1",CCOC(=O)[C@@H](CCc1ccccc1)N[C@@H](C)C(=O)N1CCC[C@H]1C(=O)O
"&alpha;,&alpha;-trehalose 6-phosphate","InChI=1S/C12H23O14P/c13-1-3-5(14)7(16)9(18)11(24-3)26-12-10(19)8(17)6(15)4(25-12)2-23-27(20,21)22/h3-19H,1-2H2,(H2,20,21,22)/p-2/t3-,4-,5-,6-,7+,8+,9-,10-,11-,12-/m1/s1",O=P([O-])([O-])OC[C@H]1O[C@H](O[C@H]2O[C@H](CO)[C@@H](O)[C@H](O)[C@H]2O)[C@H](O)[C@@H](O)[C@@H]1O
pimeloyl-CoA,"InChI=1S/C28H46N7O19P3S/c1-28(2,23(41)26(42)31-9-8-17(36)30-10-11-58-19(39)7-5-3-4-6-18(37)38)13-51-57(48,49)54-56(46,47)50-12-16-22(53-55(43,44)45)21(40)27(52-16)35-15-34-20-24(29)32-14-33-25(20)35/h14-16,21-23,27,40-41H,3-13H2,1-2H3,(H,30,36)(H,31,42)(H,37,38)(H,46,47)(H,48,49)(H2,29,32,33)(H2,43,44,45)/p-5/t16-,21-,22-,23+,27-/m1/s1",CC(C)(COP(=O)(O)OP(=O)(O)OC[C@H]1O[C@@H](n2cnc3c(N)ncnc32)[C@H](O)[C@@H]1OP(=O)([O-])[O-])[C@@H](O)C([O-])=NCCC([O-])=NCCSC(=O)CCCCCC(=O)[O-]
2&beta;-deoxy Kdo,"InChI=1S/C8H14O7/c9-2-4(11)7-6(12)3(10)1-5(15-7)8(13)14/h3-7,9-12H,1-2H2,(H,13,14)/t3-,4-,5+,6-,7?/m1/s1",O=C(O)[C@@H]1C[C@@H](O)[C@@H](O)C([C@H](O)CO)O1
&beta;-gentiobiose,"InChI=1S/C12H22O11/c13-1-3-5(14)8(17)10(19)12(23-3)21-2-4-6(15)7(16)9(18)11(20)22-4/h3-20H,1-2H2/t3-,4-,5-,6-,7+,8+,9-,10-,11-,12-/m1/s1",OC[C@H]1O[C@@H](OC[C@H]2O[C@@H](O)[C@H](O)[C@@H](O)[C@@H]2O)[C@H](O)[C@@H](O)[C@@H]1O
thiourea,"InChI=1S/CH4N2S/c2-1(3)4/h(H4,2,3,4)",N=C(N)S
AsSb<sub>2</sub>H<sub>3</sub>O<sub>6</sub>,InChI=1S/AsHO3.2H2O.O.2Sb/c2-1(3)4;;;;;/h2H;2*1H2;;;/q-2;;;;2*+2/p-2,[O-][As]([O-])O.[OH-].[OH-].[O].[Sb+2].[Sb+2]
&alpha;-D-fructofuranose 6-phosphate,"InChI=1S/C6H13O9P/c7-2-6(10)5(9)4(8)3(15-6)1-14-16(11,12)13/h3-5,7-10H,1-2H2,(H2,11,12,13)/p-2/t3-,4-,5+,6+/m1/s1",O=P([O-])([O-])OC[C@H]1O[C@@](O)(CO)[C@@H](O)[C@@H]1O
dihydrolipoate,"InChI=1S/C8H16O2S2/c9-8(10)4-2-1-3-7(12)5-6-11/h7,11-12H,1-6H2,(H,9,10)/p-1/t7-/m1/s1",O=C([O-])CCCC[C@@H](S)CCS
&beta;-D-fructofuranose 6-phosphate,"InChI=1S/C6H13O9P/c7-2-6(10)5(9)4(8)3(15-6)1-14-16(11,12)13/h3-5,7-10H,1-2H2,(H2,11,12,13)/p-2/t3-,4-,5+,6-/m1/s1",O=P([O-])([O-])OC[C@H]1O[C@](O)(CO)[C@@H](O)[C@@H]1O
"1,2-dioctanoyl-1-amino-2,3-propanediol","InChI=1S/C19H37NO4/c1-3-5-7-9-11-13-18(22)20-15-17(16-21)24-19(23)14-12-10-8-6-4-2/h17,21H,3-16H2,1-2H3,(H,20,22)",CCCCCCCC(=O)OC(CO)CN=C(O)CCCCCCC
3-dehydro-L-gulonate 6-phosphate,"InChI=1S/C6H11O10P/c7-2(1-16-17(13,14)15)3(8)4(9)5(10)6(11)12/h2-3,5,7-8,10H,1H2,(H,11,12)(H2,13,14,15)/p-3/t2-,3+,5-/m0/s1",O=C([O-])[C@@H](O)C(=O)[C@H](O)[C@@H](O)COP(=O)([O-])[O-]
"5,6-dimethylbenzimidazole","InChI=1S/C9H10N2/c1-6-3-8-9(4-7(6)2)11-5-10-8/h3-5H,1-2H3,(H,10,11)",Cc1cc2nc[nH]c2cc1C
&alpha;-D-ribose-1-(2-<i>N</i>-acetamidomethylphosphonate) 5-phosphate,"InChI=1S/C8H17NO11P2/c1-4(10)9-3-21(13,14)20-8-7(12)6(11)5(19-8)2-18-22(15,16)17/h5-8,11-12H,2-3H2,1H3,(H,9,10)(H,13,14)(H2,15,16,17)/p-3/t5-,6-,7-,8-/m1/s1",CC([O-])=NCP(=O)([O-])O[C@H]1O[C@H](COP(=O)([O-])O)[C@@H](O)[C@H]1O
guanine,"InChI=1S/C5H5N5O/c6-5-9-3-2(4(11)10-5)7-1-8-3/h1H,(H4,6,7,8,9,10,11)",N=c1nc(O)c2nc[nH]c2[nH]1
reduced methyl viologen,"InChI=1S/C12H16N2/c1-13-7-3-11(4-8-13)12-5-9-14(2)10-6-12/h3-12H,1-2H3",CN1C=CC(C2C=CN(C)C=C2)C=C1
adenine,"InChI=1S/C5H5N5/c6-4-3-5(9-1-7-3)10-2-8-4/h1-2H,(H3,6,7,8,9,10)",Nc1nc[nH]c2ncnc1-2
4-(oxoacetyl)phenoxyacetate,"InChI=1S/C10H8O5/c11-5-9(12)7-1-3-8(4-2-7)15-6-10(13)14/h1-5H,6H2,(H,13,14)/p-1",O=CC(=O)c1ccc(OCC(=O)[O-])cc1
maltotriose,"InChI=1S/C18H32O16/c19-1-4-7(22)8(23)12(27)17(31-4)34-15-6(3-21)32-18(13(28)10(15)25)33-14-5(2-20)30-16(29)11(26)9(14)24/h4-29H,1-3H2/t4-,5-,6-,7-,8+,9-,10-,11-,12-,13-,14-,15-,16?,17-,18-/m1/s1",OC[C@H]1O[C@H](O[C@H]2[C@H](O)[C@@H](O)[C@@H](O[C@H]3[C@H](O)[C@@H](O)C(O)O[C@@H]3CO)O[C@@H]2CO)[C@H](O)[C@@H](O)[C@@H]1O
<i>S</i>-adenosyl 3-(methylsulfanyl)propylamine,"InChI=1S/C14H23N6O3S/c1-24(4-2-3-15)5-8-10(21)11(22)14(23-8)20-7-19-9-12(16)17-6-18-13(9)20/h6-8,10-11,14,21-22H,2-5,15H2,1H3,(H2,16,17,18)/q+1/p+1/t8-,10-,11-,14-,24?/m1/s1",C[S+](CCC[NH3+])C[C@H]1O[C@@H](n2cnc3c(N)ncnc32)[C@H](O)[C@@H]1O
raffinose,"InChI=1S/C18H32O16/c19-1-5-8(22)11(25)13(27)16(31-5)30-3-7-9(23)12(26)14(28)17(32-7)34-18(4-21)15(29)10(24)6(2-20)33-18/h5-17,19-29H,1-4H2/t5-,6-,7-,8+,9-,10-,11+,12+,13-,14-,15+,16+,17-,18+/m1/s1",OC[C@H]1O[C@H](OC[C@H]2O[C@H](O[C@]3(CO)O[C@H](CO)[C@@H](O)[C@@H]3O)[C@H](O)[C@@H](O)[C@@H]2O)[C@H](O)[C@@H](O)[C@H]1O
L-alanine amide,"InChI=1S/C3H8N2O/c1-2(4)3(5)6/h2H,4H2,1H3,(H2,5,6)/p+1/t2-/m0/s1",C[C@H]([NH3+])C(=N)O
melezitose,"InChI=1S/C18H32O16/c19-1-5-8(23)11(26)13(28)16(30-5)32-15-10(25)7(3-21)33-18(15,4-22)34-17-14(29)12(27)9(24)6(2-20)31-17/h5-17,19-29H,1-4H2/t5-,6-,7-,8-,9-,10-,11+,12+,13-,14-,15+,16-,17-,18+/m1/s1",OC[C@H]1O[C@@](CO)(O[C@H]2O[C@H](CO)[C@@H](O)[C@H](O)[C@H]2O)[C@@H](O[C@H]2O[C@H](CO)[C@@H](O)[C@H](O)[C@H]2O)[C@@H]1O
"(2S,4S)-2-methyl-2,3,3,4-tetrahydroxytetrahydrofuran","InChI=1S/C5H10O5/c1-4(7)5(8,9)3(6)2-10-4/h3,6-9H,2H2,1H3/t3-,4-/m0/s1",C[C@]1(O)OC[C@H](O)C1(O)O
phenylglyoxal,InChI=1S/C8H6O2/c9-6-8(10)7-4-2-1-3-5-7/h1-6H,O=CC(=O)c1ccccc1
puromycin,"InChI=1S/C22H29N7O5/c1-28(2)19-17-20(25-10-24-19)29(11-26-17)22-18(31)16(15(9-30)34-22)27-21(32)14(23)8-12-4-6-13(33-3)7-5-12/h4-7,10-11,14-16,18,22,30-31H,8-9,23H2,1-3H3,(H,27,32)/p+1/t14?,15-,16-,18-,22-/m0/s1",COc1ccc(CC([NH3+])C(O)=N[C@@H]2[C@H](O)[C@@H](n3cnc4c(N(C)C)ncnc43)O[C@H]2CO)cc1
chlorate,"InChI=1S/ClHO3/c2-1(3)4/h(H,2,3,4)",Cl(=O)(O)=O
&alpha;-D-fructofuranose,"InChI=1S/C6H12O6/c7-1-3-4(9)5(10)6(11,2-8)12-3/h3-5,7-11H,1-2H2/t3-,4-,5+,6+/m1/s1",OC[C@H]1O[C@@](O)(CO)[C@@H](O)[C@@H]1O
<i>N</i>-succinyl-2-amino-6-ketopimelate,"InChI=1S/C11H15NO8/c13-7(11(19)20)3-1-2-6(10(17)18)12-8(14)4-5-9(15)16/h6H,1-5H2,(H,12,14)(H,15,16)(H,17,18)(H,19,20)/p-3/t6-/m0/s1",O=C([O-])CCC([O-])=N[C@@H](CCCC(=O)C(=O)O)C(=O)[O-]
&beta;-D-fructofuranose,"InChI=1S/C6H12O6/c7-1-3-4(9)5(10)6(11,2-8)12-3/h3-5,7-11H,1-2H2/t3-,4-,5+,6-/m1/s1",OC[C@H]1O[C@](O)(CO)[C@@H](O)[C@@H]1O
trimethylacetaldehyde,"InChI=1S/C5H10O/c1-5(2,3)4-6/h4H,1-3H3",CC(C)(C)C=O
3-deoxy-D-glycero-&beta;-D-galacto-nonulosonate,"InChI=1S/C9H16O9/c10-2-4(12)6(14)7-5(13)3(11)1-9(17,18-7)8(15)16/h3-7,10-14,17H,1-2H2,(H,15,16)/p-1/t3-,4+,5+,6+,7+,9-/m0/s1",O=C([O-])[C@]1(O)C[C@H](O)[C@@H](O)[C@H]([C@H](O)[C@H](O)CO)O1
&alpha;-naphthyl acetate,"InChI=1S/C12H10O2/c1-9(13)14-12-8-4-6-10-5-2-3-7-11(10)12/h2-8H,1H3",CC(=O)Oc1cccc2ccccc12
3-deoxy-D-glycero-&alpha;-D-galacto-nonulosonate,"InChI=1S/C9H16O9/c10-2-4(12)6(14)7-5(13)3(11)1-9(17,18-7)8(15)16/h3-7,10-14,17H,1-2H2,(H,15,16)/p-1/t3-,4+,5+,6+,7+,9+/m0/s1",O=C([O-])[C@@]1(O)C[C@H](O)[C@@H](O)[C@H]([C@H](O)[C@H](O)CO)O1
&gamma;-L-glutamyl 5-phosphate,"InChI=1S/C5H10NO7P/c6-3(5(8)9)1-2-4(7)13-14(10,11)12/h3H,1-2,6H2,(H,8,9)(H2,10,11,12)/p-2/t3-/m0/s1",N[C@@H](CCC(=O)OP(=O)([O-])O)C(=O)[O-]
&alpha;-maltose 6'-phosphate,"InChI=1S/C12H23O14P/c13-1-3-10(7(16)8(17)11(19)24-3)26-12-9(18)6(15)5(14)4(25-12)2-23-27(20,21)22/h3-19H,1-2H2,(H2,20,21,22)/p-2/t3-,4-,5-,6+,7-,8-,9-,10-,11+,12-/m1/s1",O=P([O-])([O-])OC[C@H]1O[C@H](O[C@H]2[C@H](O)[C@@H](O)[C@@H](O)O[C@@H]2CO)[C@H](O)[C@@H](O)[C@@H]1O
<i>N</i>-acetyl-&alpha;-D-muramate 1-phosphate,"InChI=1S/C11H20NO11P/c1-4(10(16)17)21-9-7(12-5(2)14)11(23-24(18,19)20)22-6(3-13)8(9)15/h4,6-9,11,13,15H,3H2,1-2H3,(H,12,14)(H,16,17)(H2,18,19,20)/p-3/t4-,6-,7-,8-,9-,11-/m1/s1",CC([O-])=N[C@H]1[C@@H](OP(=O)([O-])O)O[C@H](CO)[C@@H](O)[C@@H]1O[C@H](C)C(=O)[O-]
5'-(methylsulfanyl)formycin,"InChI=1S/C11H15N5O3S/c1-20-2-4-8(17)9(18)10(19-4)6-5-7(16-15-6)11(12)14-3-13-5/h3-4,8-10,17-18H,2H2,1H3,(H,15,16)(H2,12,13,14)/t4-,8-,9-,10+/m1/s1",CSC[C@H]1O[C@@H](c2[nH]nc3c(N)ncnc23)[C@H](O)[C@@H]1O
melibionate,"InChI=1S/C12H22O12/c13-1-4-6(16)8(18)10(20)12(24-4)23-2-3(14)5(15)7(17)9(19)11(21)22/h3-10,12-20H,1-2H2,(H,21,22)/p-1/t3-,4-,5-,6+,7+,8+,9-,10-,12+/m1/s1",O=C([O-])[C@H](O)[C@@H](O)[C@H](O)[C@H](O)CO[C@H]1O[C@H](CO)[C@H](O)[C@H](O)[C@H]1O
3-hydroxypropanal,"InChI=1S/C3H6O2/c4-2-1-3-5/h2,5H,1,3H2",O=CCCO
"(1S,2R)-3-ethylcyclohexa-3,5-diene-1,2-diol","InChI=1S/C8H12O2/c1-2-6-4-3-5-7(9)8(6)10/h3-5,7-10H,2H2,1H3/t7-,8+/m0/s1",CCC1=CC=C[C@H](O)[C@@H]1O
6-azauridine diphosphate,"InChI=1S/C8H13N3O12P2/c12-4-1-9-11(8(15)10-4)7-6(14)5(13)3(22-7)2-21-25(19,20)23-24(16,17)18/h1,3,5-7,13-14H,2H2,(H,19,20)(H,10,12,15)(H2,16,17,18)/p-3/t3-,5-,6-,7-/m1/s1",O=c1nc([O-])cnn1[C@@H]1O[C@H](COP(=O)(O)OP(=O)([O-])[O-])[C@@H](O)[C@H]1O
L-dopa,"InChI=1S/C9H11NO4/c10-6(9(13)14)3-5-1-2-7(11)8(12)4-5/h1-2,4,6,11-12H,3,10H2,(H,13,14)/t6-/m0/s1",N[C@@H](Cc1ccc(O)c(O)c1)C(=O)O
3-phosphooxypyruvate,"InChI=1S/C3H5O7P/c4-2(3(5)6)1-10-11(7,8)9/h1H2,(H,5,6)(H2,7,8,9)/p-3",O=C([O-])C(=O)COP(=O)([O-])[O-]
3-ethylcatechol,"InChI=1S/C8H10O2/c1-2-6-4-3-5-7(9)8(6)10/h3-5,9-10H,2H2,1H3",CCc1cccc(O)c1O
