Inter ID,InChI,Smile
Inter_0000000000,"InChI=1S/C14H26N2O10/c1-4(19)16-8-11(22)9(20)5(2-17)25-14(8)26-12-6(3-18)24-13(23)7(15)10(12)21/h5-14,17-18,20-23H,2-3,15H2,1H3,(H,16,19)/t5-,6-,7-,8-,9-,10-,11-,12-,13?,14+/m1/s1",CC(O)=N[C@H]1[C@H](O[C@H]2[C@H](O)[C@@H](N)C(O)O[C@@H]2CO)O[C@H](CO)[C@@H](O)[C@@H]1O
Inter_0000000001,"InChI=1S/C9H10O/c10-8-4-7-9-5-2-1-3-6-9/h1-7,10H,8H2",
Inter_0000000002,"InChI=1S/C27H35N9O15P2/c1-10-3-12-13(4-11(10)2)35(24-18(32-12)25(42)34-27(43)33-24)5-14(37)19(39)15(38)6-48-52(44,45)51-53(46,47)49-7-16-20(40)21(41)26(50-16)36-9-31-17-22(28)29-8-30-23(17)36/h3-4,8-9,14-16,19-21,26,32,37-41H,5-7H2,1-2H3,(H,44,45)(H,46,47)(H2,28,29,30)(H2,33,34,42,43)",Cc1cc2c(cc1C)N(CC(O)C(O)C(O)COP(=O)(O)OP(=O)(O)OCC1OC(n3cnc4c(N)ncnc43)C(O)C1O)c1nc(O)nc(O)c1N2
Inter_0000000003,"InChI=1S/C27H33N9O15P2/c1-10-3-12-13(4-11(10)2)35(24-18(32-12)25(42)34-27(43)33-24)5-14(37)19(39)15(38)6-48-52(44,45)51-53(46,47)49-7-16-20(40)21(41)26(50-16)36-9-31-17-22(28)29-8-30-23(17)36/h3-4,8-9,14-16,19-21,26,37-41H,5-7H2,1-2H3,(H5,28,29,30,34,42,43,44,45,46,47)/p+1",Cc1cc2nc3c(O)nc(=O)nc-3n(CC(O)C(O)C(O)COP(=O)(O)OP(=O)(O)OCC3OC([n+]4c[nH]c5c(N)ncnc54)C(O)C3O)c2cc1C
Inter_0000000004,"InChI=1S/C7H13N3O3/c1-4(5(11)6(12)13)2-3-10-7(8)9/h4H,2-3H2,1H3,(H,12,13)(H4,8,9,10)",CC(CCNC(=N)N)C(=O)C(=O)O
Inter_0000000005,"InChI=1S/C10H9NO5/c11-9-5(2-1-3-6(9)12)7(13)4-8(14)10(15)16/h1-3,12H,4,11H2,(H,15,16)",Nc1c(O)cccc1C(=O)CC(=O)C(=O)O
Inter_0000000006,"InChI=1S/C25H40N7O20P3S/c1-25(2,19(37)22(38)28-4-3-14(34)27-5-6-56-15(35)7-12(33)24(39)40)9-49-55(46,47)52-54(44,45)48-8-13-18(51-53(41,42)43)17(36)23(50-13)32-11-31-16-20(26)29-10-30-21(16)32/h10-13,17-19,23,33,36-37H,3-9H2,1-2H3,(H,27,34)(H,28,38)(H,39,40)(H,44,45)(H,46,47)(H2,26,29,30)(H2,41,42,43)",CC(C)(COP(=O)(O)OP(=O)(O)OCC1OC(n2cnc3c(N)ncnc32)C(O)C1OP(=O)(O)O)C(O)C(O)=NCCC(O)=NCCSC(=O)CC(O)C(=O)O
Inter_0000000007,"InChI=1S/C6H11NO3/c7-4-2-1-3-5(8)6(9)10/h1-4,7H2,(H,9,10)",NCCCCC(=O)C(=O)O
Inter_0000000008,"InChI=1S/C6H11NO3/c7-5(6(9)10)3-1-2-4-8/h4-5H,1-3,7H2,(H,9,10)",NC(CCCC=O)C(=O)O
Inter_0000000009,"InChI=1S/C21H42NO7P/c1-19(22)21(24)15-13-11-9-7-5-3-2-4-6-8-10-12-14-16-28-17-20(23)18-29-30(25,26)27/h19H,2-18,22H2,1H3,(H2,25,26,27)",CC(N)C(=O)CCCCCCCCCCCCCCCOCC(=O)COP(=O)(O)O
Inter_0000000010,"InChI=1S/C21H20O11/c22-7-13-15(26)17(28)18(29)21(31-13)32-20-16(27)14-11(25)5-10(24)6-12(14)30-19(20)8-1-3-9(23)4-2-8/h1-6,13,15,17-18,21-26,28-29H,7H2",O=c1c(OC2OC(CO)C(O)C(O)C2O)c(-c2ccc(O)cc2)oc2cc(O)cc(O)c12
Inter_0000000011,"InChI=1S/C9H15N2O15P3/c12-5-1-2-11(9(15)10-5)8-7(14)6(13)4(24-8)3-23-28(19,20)26-29(21,22)25-27(16,17)18/h1-2,4,6-8,13-14H,3H2,(H,19,20)(H,21,22)(H,10,12,15)(H2,16,17,18)",O=c1nc(O)ccn1C1OC(COP(=O)(O)OP(=O)(O)OP(=O)(O)O)C(O)C1O
Inter_0000000012,"InChI=1S/C6H13NO5/c7-1-2(8)4(10)6(12)5(11)3(1)9/h1-6,8-12H,7H2",NC1C(O)C(O)C(O)C(O)C1O
Inter_0000000013,"InChI=1S/C6H10O6/c7-1-2(8)4(10)6(12)5(11)3(1)9/h1-5,7-11H",O=C1C(O)C(O)C(O)C(O)C1O
Inter_0000000014,"InChI=1S/C6H10O5/c7-2-1-3(8)5(10)6(11)4(2)9/h2,4-7,9-11H,1H2",O=C1CC(O)C(O)C(O)C1O
Inter_0000000015,"InChI=1S/C6H11NO4/c7-2-1-3(8)5(10)6(11)4(2)9/h2,4-6,9-11H,1,7H2",NC1CC(=O)C(O)C(O)C1O
Inter_0000000016,"InChI=1S/C15H22N2O17P2/c18-3-5-8(20)10(22)12(24)14(32-5)33-36(28,29)34-35(26,27)30-4-6-9(21)11(23)13(31-6)17-2-1-7(19)16-15(17)25/h1-2,5-6,8-9,11-14,18,20-21,23-24H,3-4H2,(H,26,27)(H,28,29)(H,16,19,25)",O=C1C(O)C(CO)OC(OP(=O)(O)OP(=O)(O)OCC2OC(n3ccc(O)nc3=O)C(O)C2O)C1O
Inter_0000000017,"InChI=1S/C24H40N7O18P3S/c1-24(2,19(36)22(37)27-5-3-14(33)26-6-8-53-15(34)4-7-32)10-46-52(43,44)49-51(41,42)45-9-13-18(48-50(38,39)40)17(35)23(47-13)31-12-30-16-20(25)28-11-29-21(16)31/h11-13,17-19,23,32,35-36H,3-10H2,1-2H3,(H,26,33)(H,27,37)(H,41,42)(H,43,44)(H2,25,28,29)(H2,38,39,40)",
Inter_0000000018,"InChI=1S/C26H40N7O19P3S/c1-26(2,21(39)24(40)29-7-6-15(34)28-8-9-56-17(37)5-3-4-16(35)36)11-49-55(46,47)52-54(44,45)48-10-14-20(51-53(41,42)43)19(38)25(50-14)33-13-32-18-22(27)30-12-31-23(18)33/h3,5,12-14,19-21,25,38-39H,4,6-11H2,1-2H3,(H,28,34)(H,29,40)(H,35,36)(H,44,45)(H,46,47)(H2,27,30,31)(H2,41,42,43)",CC(C)(COP(=O)(O)OP(=O)(O)OCC1OC(n2cnc3c(N)ncnc32)C(O)C1OP(=O)(O)O)C(O)C(O)=NCCC(O)=NCCSC(=O)C=CCC(=O)O
Inter_0000000019,"InChI=1S/C5H11AsO8/c7-1-2-3(8)4(9)5(13-2)14-6(10,11)12/h2-5,7-9H,1H2,(H2,10,11,12)",O=[As](O)(O)OC1OC(CO)C(O)C1O
Inter_0000000020,"InChI=1S/C4H8O2S2/c5-3-1-7-8-2-4(3)6/h3-6H,1-2H2",OC1CSSCC1O
Inter_0000000021,"InChI=1S/C15H16O9/c1-22-9-5-8(6-10(23-2)14(9)19)3-4-13(18)24-11(15(20)21)7-12(16)17/h3-6,11,19H,7H2,1-2H3,(H,16,17)(H,20,21)",COc1cc(C=CC(=O)OC(CC(=O)O)C(=O)O)cc(OC)c1O
Inter_0000000022,"InChI=1S/C15H18O7/c16-8-10-12(18)13(19)14(20)15(21-10)22-11(17)7-6-9-4-2-1-3-5-9/h1-7,10,12-16,18-20H,8H2",O=C(C=Cc1ccccc1)OC1OC(CO)C(O)C(O)C1O
Inter_0000000023,"InChI=1S/C9H15N5O3/c1-3(15)6(16)4-2-11-7-5(12-4)8(17)14-9(10)13-7/h3-4,6,12,15-16H,2H2,1H3,(H4,10,11,13,14,17)",CC(O)C(O)C1CNc2[nH]c(=N)nc(O)c2N1
Inter_0000000024,"InChI=1S/C11H23N2O7PS/c1-11(2,7-20-21(17,18)19)9(15)10(16)13-4-3-8(14)12-5-6-22/h9,15,22H,3-7H2,1-2H3,(H,12,14)(H,13,16)(H2,17,18,19)",CC(C)(COP(=O)(O)O)C(O)C(O)=NCCC(O)=NCCS
Inter_0000000025,"InChI=1S/C23H18O8/c1-9-16-10(6-15(30-3)17(9)23(28)31-4)5-12-19(21(16)26)22(27)18-13(20(12)25)7-11(29-2)8-14(18)24/h5-8,24,26H,1-4H3",COC(=O)c1c(OC)cc2cc3c(c(O)c2c1C)C(=O)c1c(O)cc(OC)cc1C3=O
Inter_0000000026,"InChI=1S/C10H12ClN5O3/c11-1-4-6(17)7(18)10(19-4)16-3-15-5-8(12)13-2-14-9(5)16/h2-4,6-7,10,17-18H,1H2,(H2,12,13,14)/t4-,6-,7-,10-/m1/s1",Nc1ncnc2c1ncn2[C@@H]1O[C@H](CCl)[C@@H](O)[C@H]1O
Inter_0000000027,"InChI=1S/C19H26O2/c1-18-9-7-13(20)11-12(18)3-4-14-15-5-6-17(21)19(15,2)10-8-16(14)18/h11,14-16H,3-10H2,1-2H3/t14-,15-,16-,18-,19-/m0/s1",C[C@]12CCC(=O)C=C1CC[C@@H]1[C@@H]2CC[C@]2(C)C(=O)CC[C@@H]12
Inter_0000000028,"InChI=1S/C15H10O5/c16-9-3-1-8(2-4-9)13-7-12(19)15-11(18)5-10(17)6-14(15)20-13/h1-7,16-18H",O=c1cc(-c2ccc(O)cc2)oc2cc(O)cc(O)c12
Inter_0000000029,"InChI=1S/C28H43N7O15P2S/c1-28(2,22(40)25(41)31-8-7-18(37)30-9-10-53-27(42)15-5-3-4-6-16(15)36)12-48-52(45,46)50-51(43,44)47-11-17-20(38)21(39)26(49-17)35-14-34-19-23(29)32-13-33-24(19)35/h13-15,17,20-22,26,38-40H,3-12H2,1-2H3,(H,30,37)(H,31,41)(H,43,44)(H,45,46)(H2,29,32,33)",CC(C)(COP(=O)(O)OP(=O)(O)OCC1OC(n2cnc3c(N)ncnc32)C(O)C1O)C(O)C(=O)NCCC(=O)NCCSC(=O)C1CCCCC1=O
Inter_0000000030,"InChI=1S/C10H15N4O14P3/c15-6-4(1-25-30(21,22)28-31(23,24)27-29(18,19)20)26-10(7(6)16)14-3-13-5-8(14)11-2-12-9(5)17/h2-4,6-7,10,15-16H,1H2,(H,21,22)(H,23,24)(H,11,12,17)(H2,18,19,20)",O=P(O)(O)OP(=O)(O)OP(=O)(O)OCC1OC(n2cnc3c(O)ncnc32)C(O)C1O
Inter_0000000031,"InChI=1S/C10H16N5O13P3/c11-10-13-8-7(9(17)14-10)12-3-15(8)6-1-4(16)5(26-6)2-25-30(21,22)28-31(23,24)27-29(18,19)20/h3-6,16H,1-2H2,(H,21,22)(H,23,24)(H2,18,19,20)(H3,11,13,14,17)",N=c1nc(O)c2ncn(C3CC(O)C(COP(=O)(O)OP(=O)(O)OP(=O)(O)O)O3)c2[nH]1
Inter_0000000032,"InChI=1S/C10H15N4O15P3/c15-5-3(1-26-31(22,23)29-32(24,25)28-30(19,20)21)27-9(6(5)16)14-2-11-4-7(14)12-10(18)13-8(4)17/h2-3,5-6,9,15-16H,1H2,(H,22,23)(H,24,25)(H2,19,20,21)(H2,12,13,17,18)",O=P(O)(O)OP(=O)(O)OP(=O)(O)OCC1OC(n2cnc3c(O)nc(O)nc32)C(O)C1O
Inter_0000000033,"InChI=1S/C9H16N3O14P3/c10-5-1-2-12(9(15)11-5)8-7(14)6(13)4(24-8)3-23-28(19,20)26-29(21,22)25-27(16,17)18/h1-2,4,6-8,13-14H,3H2,(H,19,20)(H,21,22)(H2,10,11,15)(H2,16,17,18)",N=c1ccn(C2OC(COP(=O)(O)OP(=O)(O)OP(=O)(O)O)C(O)C2O)c(O)n1
Inter_0000000034,"InChI=1S/C12H22O11/c13-1-4(16)7(18)11(5(17)2-14)23-12-10(21)9(20)8(19)6(3-15)22-12/h1,4-12,14-21H,2-3H2",O=CC(O)C(O)C(OC1OC(CO)C(O)C(O)C1O)C(O)CO
Inter_0000000035,"InChI=1S/C17H22O10/c1-24-9-5-8(6-10(25-2)13(9)20)3-4-12(19)27-17-16(23)15(22)14(21)11(7-18)26-17/h3-6,11,14-18,20-23H,7H2,1-2H3",COc1cc(C=CC(=O)OC2OC(CO)C(O)C(O)C2O)cc(OC)c1O
Inter_0000000036,"InChI=1S/C7H6O3/c8-4-5-1-2-6(9)7(10)3-5/h1-4,9-10H",O=Cc1ccc(O)c(O)c1
Inter_0000000037,"InChI=1S/C11H23N2O7PS/c1-11(2,7-20-21(17,18)19)9(15)10(16)13-4-3-8(14)12-5-6-22/h9,15,22H,3-7H2,1-2H3,(H,12,14)(H,13,16)(H2,17,18,19)/t9-/m0/s1",CC(C)(COP(=O)(O)O)[C@@H](O)C(O)=NCCC(O)=NCCS
Inter_0000000038,"InChI=1S/C8H6O3/c9-5-6-3-1-2-4-7(6)8(10)11/h1-5H,(H,10,11)",O=Cc1ccccc1C(=O)O
Inter_0000000039,"InChI=1S/C13H10O6/c14-10(6-3-7-11(15)13(18)19)8-4-1-2-5-9(8)12(16)17/h1-7,15H,(H,16,17)(H,18,19)",O=C(O)C(O)=CC=CC(=O)c1ccccc1C(=O)O
Inter_0000000040,"InChI=1S/C5H5N5/c6-4-3-5(9-1-7-3)10-2-8-4/h1-2H,(H3,6,7,8,9,10)",Nc1nc[nH]c2ncnc1-2
Inter_0000000041,"InChI=1S/C4H5N3O/c5-3-1-2-6-4(8)7-3/h1-2H,(H3,5,6,7,8)",N=c1ccnc(O)[nH]1
Inter_0000000042,"InChI=1S/C7H15O10P/c8-1-3(9)5(11)7(13)6(12)4(10)2-17-18(14,15)16/h4-8,10-13H,1-2H2,(H2,14,15,16)",O=C(CO)C(O)C(O)C(O)C(O)COP(=O)(O)O
Inter_0000000043,"InChI=1S/C20H33NO3/c1-2-3-4-5-6-7-8-9-10-11-12-13-14-15-19(22)21-18-16-17-24-20(18)23/h4-5,7-8,18H,2-3,6,9-17H2,1H3,(H,21,22)",CCCC=CCC=CCCCCCCCC(O)=NC1CCOC1=O
Inter_0000000044,"InChI=1S/C20H33NO3/c1-2-3-4-5-6-7-8-9-10-11-12-13-14-15-19(22)21-18-16-17-24-20(18)23/h5-8,18H,2-4,9-17H2,1H3,(H,21,22)",CCCCC=CC=CCCCCCCCC(O)=NC1CCOC1=O
Inter_0000000045,"InChI=1S/C31H41ClN2O9/c1-16(2)28(36)42-24-14-25(35)33-20-12-19(13-21(39-6)26(20)32)11-17(3)9-8-10-23(40-7)31(38)15-22(41-29(37)34-31)18(4)27-30(24,5)43-27/h8-10,12-13,16,18,22-24,27,38H,11,14-15H2,1-7H3,(H,33,35)(H,34,37)",COc1cc2cc(c1Cl)N=C(O)CC(OC(=O)C(C)C)C1(C)OC1C(C)C1CC(O)(N=C(O)O1)C(OC)C=CC=C(C)C2
Inter_0000000046,"InChI=1S/C10H18N5O20P5/c11-10-13-7-4(8(17)14-10)12-2-15(7)9-5(16)6(32-39(26,27)33-36(18,19)20)3(31-9)1-30-38(24,25)35-40(28,29)34-37(21,22)23/h2-3,5-6,9,16H,1H2,(H,24,25)(H,26,27)(H,28,29)(H2,18,19,20)(H2,21,22,23)(H3,11,13,14,17)",N=c1nc(O)c2ncn(C3OC(COP(=O)(O)OP(=O)(O)OP(=O)(O)O)C(OP(=O)(O)OP(=O)(O)O)C3O)c2[nH]1
Inter_0000000047,"InChI=1S/C17H21NO4/c1-18-12-8-9-13(18)15(17(20)21-2)14(10-12)22-16(19)11-6-4-3-5-7-11/h3-7,12-15H,8-10H2,1-2H3",COC(=O)C1C(OC(=O)c2ccccc2)CC2CCC1N2C
Inter_0000000048,"InChI=1S/CH4NO5P/c2-1(3)7-8(4,5)6/h(H2,2,3)(H2,4,5,6)",N=C(O)OP(=O)(O)O
Inter_0000000049,"InChI=1S/C22H21NO6/c1-11(2)4-5-13-10-14(6-8-17(13)25)21(27)23-18-19(26)15-7-9-16(24)12(3)20(15)29-22(18)28/h4,6-10,24-26H,5H2,1-3H3,(H,23,27)",CC(C)=CCc1cc(C(=O)Nc2c(O)c3ccc(O)c(C)c3oc2=O)ccc1O
Inter_0000000050,"InChI=1S/C16H26N2O15P2/c1-16(2)13(23)11(21)12(22)14(31-16)32-35(27,28)33-34(25,26)29-6-8-7(19)5-10(30-8)18-4-3-9(20)17-15(18)24/h3-4,7-8,10-14,19,21-23H,5-6H2,1-2H3,(H,25,26)(H,27,28)(H,17,20,24)/t7?,8?,10?,11-,12+,13+,14-/m0/s1",CC1(C)O[C@@H](OP(=O)(O)OP(=O)(O)OCC2OC(n3ccc(O)nc3=O)CC2O)[C@H](O)[C@H](O)[C@H]1O
Inter_0000000051,"InChI=1S/C10H15N2O8P/c1-5-3-12(10(15)11-9(5)14)8-2-6(13)7(20-8)4-19-21(16,17)18/h3,6-8,13H,2,4H2,1H3,(H,11,14,15)(H2,16,17,18)",Cc1cn(C2CC(O)C(COP(=O)(O)O)O2)c(=O)nc1O
Inter_0000000052,"InChI=1S/C10H16N3O7P/c1-5-3-13(10(15)12-9(5)11)8-2-6(14)7(20-8)4-19-21(16,17)18/h3,6-8,14H,2,4H2,1H3,(H2,11,12,15)(H2,16,17,18)",Cc1cn(C2CC(O)C(COP(=O)(O)O)O2)c(O)nc1=N
Inter_0000000053,"InChI=1S/C7H11N5O8P2/c8-7-11-5-4(6(13)12-7)10-3(1-9-5)2-19-22(17,18)20-21(14,15)16/h1-2H2,(H,17,18)(H2,14,15,16)(H4,8,9,11,12,13)",N=c1nc(O)c2c([nH]1)NCC(COP(=O)(O)OP(=O)(O)O)=N2
Inter_0000000054,"InChI=1S/C20H19NO4/c1-22-17-4-3-12-7-16-14-9-19-18(24-11-25-19)8-13(14)5-6-21(16)10-15(12)20(17)23-2/h3-4,7-9H,5-6,10-11H2,1-2H3",COc1ccc2c(c1OC)CN1CCc3cc4c(cc3C1=C2)OCO4
Inter_0000000055,"InChI=1S/C8H16NO9P/c1-3(11)9-5-7(13)6(12)4(2-10)17-8(5)18-19(14,15)16/h4-8,10,12-13H,2H2,1H3,(H,9,11)(H2,14,15,16)",CC(O)=NC1C(OP(=O)(O)O)OC(CO)C(O)C1O
Inter_0000000056,"InChI=1S/C14H22N4O9P2S/c1-8-12(3-4-26-29(24,25)27-28(21,22)23)30-14(11(20)7-19)18(8)6-10-5-16-9(2)17-13(10)15/h5,11,19-20H,3-4,6-7H2,1-2H3,(H4-,15,16,17,21,22,23,24,25)/p+1",Cc1ncc(C[n+]2c(C(O)CO)sc(CCOP(=O)(O)OP(=O)(O)O)c2C)c(=N)[nH]1
Inter_0000000057,"InChI=1S/C7H14O7/c8-1-3(10)5(12)7(14)6(13)4(11)2-9/h3,5-10,12-14H,1-2H2",O=C(CO)C(O)C(O)C(O)C(O)CO
Inter_0000000058,"InChI=1S/C10H15N5O11P2/c11-10-13-7-4(8(18)14-10)12-2-15(7)9-6(17)5(16)3(25-9)1-24-28(22,23)26-27(19,20)21/h2-3,5-6,9,16-17H,1H2,(H,22,23)(H2,19,20,21)(H3,11,13,14,18)",N=c1nc(O)c2ncn(C3OC(COP(=O)(O)OP(=O)(O)O)C(O)C3O)c2[nH]1
Inter_0000000059,"InChI=1S/C10H17N2O15P3/c1-4-2-12(10(16)11-8(4)15)9-7(14)6(13)5(25-9)3-24-29(20,21)27-30(22,23)26-28(17,18)19/h2,5-7,9,13-14H,3H2,1H3,(H,20,21)(H,22,23)(H,11,15,16)(H2,17,18,19)",Cc1cn(C2OC(COP(=O)(O)OP(=O)(O)OP(=O)(O)O)C(O)C2O)c(=O)nc1O
Inter_0000000060,"InChI=1S/C9H13N2O8P/c12-5-3-8(11-2-1-7(13)10-9(11)14)19-6(5)4-18-20(15,16)17/h1-2,5-6,8,12H,3-4H2,(H,10,13,14)(H2,15,16,17)",O=c1nc(O)ccn1C1CC(O)C(COP(=O)(O)O)O1
Inter_0000000061,"InChI=1S/C9H20N2OS2/c10-7-14-6-5-8(13)3-1-2-4-9(11)12/h8,13H,1-7,10H2,(H2,11,12)",N=C(O)CCCCC(S)CCSCN
Inter_0000000062,"InChI=1S/C10H15N2O9P/c13-3-5-2-12(10(16)11-9(5)15)8-1-6(14)7(21-8)4-20-22(17,18)19/h2,6-8,13-14H,1,3-4H2,(H,11,15,16)(H2,17,18,19)",O=c1nc(O)c(CO)cn1C1CC(O)C(COP(=O)(O)O)O1
Inter_0000000063,"InChI=1S/C20H23N7O7/c21-20-25-16-15(18(32)26-20)23-11(7-22-16)8-27(9-28)12-3-1-10(2-4-12)17(31)24-13(19(33)34)5-6-14(29)30/h1-4,9,11,13,23H,5-8H2,(H,24,31)(H,29,30)(H,33,34)(H4,21,22,25,26,32)",N=c1nc(O)c2c([nH]1)NCC(CN(C=O)c1ccc(C(=O)NC(CCC(=O)O)C(=O)O)cc1)N2
Inter_0000000064,"InChI=1S/C30H35NO10/c1-14(2)7-8-16-13-17(9-11-19(16)32)27(36)31-21-22(33)18-10-12-20(15(3)25(18)40-28(21)37)39-29-24(35)23(34)26(38-6)30(4,5)41-29/h7,9-13,23-24,26,29,32-35H,8H2,1-6H3,(H,31,36)/t23-,24+,26+,29+/m0/s1",CO[C@@H]1[C@@H](O)[C@@H](O)[C@H](Oc2ccc3c(O)c(NC(=O)c4ccc(O)c(CC=C(C)C)c4)c(=O)oc3c2C)OC1(C)C
Inter_0000000065,"InChI=1S/C23H36N7O19P3S/c1-23(2,16(33)19(34)26-4-3-12(31)25-5-6-53-22(37)21(35)36)8-46-52(43,44)49-51(41,42)45-7-11-15(48-50(38,39)40)14(32)20(47-11)30-10-29-13-17(24)27-9-28-18(13)30/h9-11,14-16,20,32-33H,3-8H2,1-2H3,(H,25,31)(H,26,34)(H,35,36)(H,41,42)(H,43,44)(H2,24,27,28)(H2,38,39,40)",CC(C)(COP(=O)(O)OP(=O)(O)OCC1OC(n2cnc3c(N)ncnc32)C(O)C1OP(=O)(O)O)C(O)C(O)=NCCC(O)=NCCSC(=O)C(=O)O
Inter_0000000066,"InChI=1S/C21H20O11/c22-7-13-15(25)17(27)19(29)21(32-13)30-10-5-11(24)14-12(6-10)31-20(18(28)16(14)26)8-1-3-9(23)4-2-8/h1-6,13,15,17,19,21-25,27-29H,7H2",O=c1c(O)c(-c2ccc(O)cc2)oc2cc(OC3OC(CO)C(O)C(O)C3O)cc(O)c12
Inter_0000000067,"InChI=1S/C19H20N2O4/c22-17(14-8-3-1-4-9-14)20-13-7-12-16(19(24)25)21-18(23)15-10-5-2-6-11-15/h1-6,8-11,16H,7,12-13H2,(H,20,22)(H,21,23)(H,24,25)",O=C(O)C(CCCN=C(O)c1ccccc1)N=C(O)c1ccccc1
Inter_0000000068,"InChI=1S/C30H42N7O18P3S/c1-30(2,25(42)28(43)33-9-8-20(39)32-10-11-59-21(40)12-18(38)17-6-4-3-5-7-17)14-52-58(49,50)55-57(47,48)51-13-19-24(54-56(44,45)46)23(41)29(53-19)37-16-36-22-26(31)34-15-35-27(22)37/h3-7,15-16,19,23-25,29,41-42H,8-14H2,1-2H3,(H,32,39)(H,33,43)(H,47,48)(H,49,50)(H2,31,34,35)(H2,44,45,46)",CC(C)(COP(=O)(O)OP(=O)(O)OCC1OC(n2cnc3c(N)ncnc32)C(O)C1OP(=O)(O)O)C(O)C(O)=NCCC(O)=NCCSC(=O)CC(=O)c1ccccc1
Inter_0000000069,"InChI=1S/C32H44N7O20P3S/c1-32(2,26(45)29(46)35-9-8-20(40)34-10-11-63-31(47)18(12-21(41)42)23(43)17-6-4-3-5-7-17)14-56-62(53,54)59-61(51,52)55-13-19-25(58-60(48,49)50)24(44)30(57-19)39-16-38-22-27(33)36-15-37-28(22)39/h3-7,15-16,18-19,24-26,30,44-45H,8-14H2,1-2H3,(H,34,40)(H,35,46)(H,41,42)(H,51,52)(H,53,54)(H2,33,36,37)(H2,48,49,50)",CC(C)(COP(=O)(O)OP(=O)(O)OCC1OC(n2cnc3c(N)ncnc32)C(O)C1OP(=O)(O)O)C(O)C(O)=NCCC(O)=NCCSC(=O)C(CC(=O)O)C(=O)c1ccccc1
Inter_0000000070,"InChI=1S/C15H14O2/c16-15(14-9-5-2-6-10-14)17-12-11-13-7-3-1-4-8-13/h1-10H,11-12H2",O=C(OCCc1ccccc1)c1ccccc1
Inter_0000000071,"InChI=1S/C15H26N2O7S/c1-15(2,9-18)13(23)14(24)17-6-5-10(19)16-7-8-25-12(22)4-3-11(20)21/h13,18,23H,3-9H2,1-2H3,(H,16,19)(H,17,24)(H,20,21)/t13-/m0/s1",CC(C)(CO)[C@@H](O)C(O)=NCCC(O)=NCCSC(=O)CCC(=O)O
Inter_0000000072,"InChI=1S/C13H24N2O5S/c1-9(17)21-7-6-14-10(18)4-5-15-12(20)11(19)13(2,3)8-16/h11,16,19H,4-8H2,1-3H3,(H,14,18)(H,15,20)/t11-/m0/s1",CC(=O)SCCN=C(O)CCN=C(O)[C@H](O)C(C)(C)CO
Inter_0000000073,"InChI=1S/C15H18O7/c16-8-10-12(18)13(19)14(20)15(21-10)22-11(17)7-6-9-4-2-1-3-5-9/h1-7,10,12-16,18-20H,8H2/t10-,12-,13+,14-,15+/m1/s1",O=C(C=Cc1ccccc1)O[C@@H]1O[C@H](CO)[C@@H](O)[C@H](O)[C@H]1O
Inter_0000000074,"InChI=1S/C8H12N2O/c1-10(2)8-5-3-7(9-11)4-6-8/h3-6,9,11H,1-2H3",CN(C)c1ccc(NO)cc1
Inter_0000000075,"InChI=1S/C23H40O20/c24-1-6-9(26)12(29)15(32)21(40-6)38-3-7-10(27)13(30)16(33)22(41-7)39-4-8-11(28)14(31)17(34)23(42-8)43-19-5(25)2-37-20(36)18(19)35/h5-36H,1-4H2",OCC1OC(OCC2OC(OCC3OC(OC4C(O)COC(O)C4O)C(O)C(O)C3O)C(O)C(O)C2O)C(O)C(O)C1O
Inter_0000000076,"InChI=1S/C10H13N4O6P/c15-7-1-9(20-8(7)3-19-21(16,17)18)14-5-13-6-2-11-4-12-10(6)14/h2,4-5,7-9,15H,1,3H2,(H2,16,17,18)",O=P(O)(O)OCC1OC(n2cnc3cncnc32)CC1O
Inter_0000000077,"InChI=1S/C5H13N2O6P/c6-1-2-12-14(10,11)13-3-4(7)5(8)9/h4H,1-3,6-7H2,(H,8,9)(H,10,11)",
Inter_0000000078,"InChI=1S/C8H8O2/c1-7(9)10-8-5-3-2-4-6-8/h2-6H,1H3",CC(=O)Oc1ccccc1
Inter_0000000079,"InChI=1S/C9H18NO8P/c1-9(2,5-18-19(15,16)17)7(13)8(14)10-4-3-6(11)12/h7,13H,3-5H2,1-2H3,(H,10,14)(H,11,12)(H2,15,16,17)/t7-/m0/s1",CC(C)(COP(=O)(O)O)[C@@H](O)C(O)=NCCC(=O)O
Inter_0000000080,"InChI=1S/C7H14O2S/c8-7(9)5-3-1-2-4-6-10/h10H,1-6H2,(H,8,9)",O=C(O)CCCCCCS
Inter_0000000081,"InChI=1S/C10H12ClN5O3/c11-1-4-6(17)7(18)10(19-4)16-3-15-5-8(12)13-2-14-9(5)16/h2-4,6-7,10,17-18H,1H2,(H2,12,13,14)",Nc1ncnc2c1ncn2C1OC(CCl)C(O)C1O
Inter_0000000082,"InChI=1S/C22H35NO3/c1-2-3-4-5-6-7-8-9-10-11-12-13-14-15-16-17-21(24)23-20-18-19-26-22(20)25/h4-5,7-8,16-17,20H,2-3,6,9-15,18-19H2,1H3,(H,23,24)/b5-4?,8-7?,17-16+/t20-/m0/s1",CCCC=CCC=CCCCCCCC/C=C/C(O)=N[C@H]1CCOC1=O
Inter_0000000083,"InChI=1S/C22H35NO3/c1-2-3-4-5-6-7-8-9-10-11-12-13-14-15-16-17-21(24)23-20-18-19-26-22(20)25/h5-8,16-17,20H,2-4,9-15,18-19H2,1H3,(H,23,24)/b6-5?,8-7?,17-16+/t20-/m0/s1",CCCCC=CC=CCCCCCCC/C=C/C(O)=N[C@H]1CCOC1=O
Inter_0000000084,"InChI=1S/C9H15N3O11P2/c10-5-1-2-12(9(15)11-5)8-7(14)6(13)4(22-8)3-21-25(19,20)23-24(16,17)18/h1-2,4,6-8,13-14H,3H2,(H,19,20)(H2,10,11,15)(H2,16,17,18)",N=c1ccn(C2OC(COP(=O)(O)OP(=O)(O)O)C(O)C2O)c(O)n1
Inter_0000000085,"InChI=1S/C9H15N3O10P2/c10-7-1-2-12(9(14)11-7)8-3-5(13)6(21-8)4-20-24(18,19)22-23(15,16)17/h1-2,5-6,8,13H,3-4H2,(H,18,19)(H2,10,11,14)(H2,15,16,17)",N=c1ccn(C2CC(O)C(COP(=O)(O)OP(=O)(O)O)O2)c(O)n1
Inter_0000000086,"InChI=1S/C10H15N5O10P2/c11-10-13-8-7(9(17)14-10)12-3-15(8)6-1-4(16)5(24-6)2-23-27(21,22)25-26(18,19)20/h3-6,16H,1-2H2,(H,21,22)(H2,18,19,20)(H3,11,13,14,17)",N=c1nc(O)c2ncn(C3CC(O)C(COP(=O)(O)OP(=O)(O)O)O3)c2[nH]1
Inter_0000000087,"InChI=1S/C6H10N3O4P/c1-4-8-2-5(6(7)9-4)3-13-14(10,11)12/h2H,3H2,1H3,(H2,7,8,9)(H2,10,11,12)",Cc1ncc(COP(=O)(O)O)c(=N)[nH]1
Inter_0000000088,"InChI=1S/C10H16N2O11P2/c1-5-3-12(10(15)11-9(5)14)8-2-6(13)7(22-8)4-21-25(19,20)23-24(16,17)18/h3,6-8,13H,2,4H2,1H3,(H,19,20)(H,11,14,15)(H2,16,17,18)",Cc1cn(C2CC(O)C(COP(=O)(O)OP(=O)(O)O)O2)c(=O)nc1O
Inter_0000000089,"InChI=1S/C10H17N2O14P3/c1-5-3-12(10(15)11-9(5)14)8-2-6(13)7(24-8)4-23-28(19,20)26-29(21,22)25-27(16,17)18/h3,6-8,13H,2,4H2,1H3,(H,19,20)(H,21,22)(H,11,14,15)(H2,16,17,18)",Cc1cn(C2CC(O)C(COP(=O)(O)OP(=O)(O)OP(=O)(O)O)O2)c(=O)nc1O
Inter_0000000090,"InChI=1S/C20H42O7P2/c1-17(2)9-6-10-18(3)11-7-12-19(4)13-8-14-20(5)15-16-26-29(24,25)27-28(21,22)23/h15,17-19H,6-14,16H2,1-5H3,(H,24,25)(H2,21,22,23)",CC(=CCOP(=O)(O)OP(=O)(O)O)CCCC(C)CCCC(C)CCCC(C)C
Inter_0000000091,"InChI=1S/C10H16N2O12P2/c1-4-2-12(10(16)11-8(4)15)9-7(14)6(13)5(23-9)3-22-26(20,21)24-25(17,18)19/h2,5-7,9,13-14H,3H2,1H3,(H,20,21)(H,11,15,16)(H2,17,18,19)",Cc1cn(C2OC(COP(=O)(O)OP(=O)(O)O)C(O)C2O)c(=O)nc1O
Inter_0000000092,"InChI=1S/C16H19NO7/c18-7-11-13(20)14(21)15(22)16(23-11)24-12(19)5-8-6-17-10-4-2-1-3-9(8)10/h1-4,6,11,13-18,20-22H,5,7H2",O=C(Cc1c[nH]c2ccccc12)OC1OC(CO)C(O)C(O)C1O
Inter_0000000093,"InChI=1S/C11H17N2O8P/c12-10(16)6-2-1-3-13(4-6)11-9(15)8(14)7(21-11)5-20-22(17,18)19/h1-3,7-9,11,14-15H,4-5H2,(H2,12,16)(H2,17,18,19)",NC(=O)C1=CC=CN(C2OC(COP(=O)(O)O)C(O)C2O)C1
Inter_0000000094,"InChI=1S/C30H47N5O10P2/c1-18(10-13-30(5)19(2)8-9-20-21(30)7-6-12-29(20,3)4)11-14-34-16-33-27-23(26(34)31)32-17-35(27)28-25(37)24(36)22(44-28)15-43-47(41,42)45-46(38,39)40/h9,11,16-17,19,21-22,24-25,28,31,36-37H,6-8,10,12-15H2,1-5H3,(H,41,42)(H2,38,39,40)",CC(=CCn1cnc2c(ncn2C2OC(COP(=O)(O)OP(=O)(O)O)C(O)C2O)c1=N)CCC1(C)C(C)CC=C2C1CCCC2(C)C
Inter_0000000095,"InChI=1S/C27H42N4O16/c1-9(23(39)31-13(25(41)42)5-6-16(35)36)28-24(40)10(2)44-22-18(30-12(4)34)26-43-8-15(46-26)21(22)47-27-17(29-11(3)33)20(38)19(37)14(7-32)45-27/h9-10,13-15,17-22,26-27,32,37-38H,5-8H2,1-4H3,(H,28,40)(H,29,33)(H,30,34)(H,31,39)(H,35,36)(H,41,42)",CC(O)=NC1C(OC2C3COC(O3)C(N=C(C)O)C2OC(C)C(O)=NC(C)C(O)=NC(CCC(=O)O)C(=O)O)OC(CO)C(O)C1O
Inter_0000000096,"InChI=1S/C15H10O4/c16-10-3-1-9(2-4-10)14-8-13(18)12-6-5-11(17)7-15(12)19-14/h1-8,16-17H",O=c1cc(-c2ccc(O)cc2)oc2cc(O)ccc12
Inter_0000000097,"InChI=1S/C15H12O4/c16-10-3-1-9(2-4-10)14-8-13(18)12-6-5-11(17)7-15(12)19-14/h1-7,14,16-17H,8H2",O=C1CC(c2ccc(O)cc2)Oc2cc(O)ccc21
Inter_0000000098,"InChI=1S/C16H25N5O16P2/c17-16-19-12-6(13(28)20-16)18-3-21(12)14-10(26)8(24)5(34-14)2-33-38(29,30)37-39(31,32)36-15-11(27)9(25)7(23)4(1-22)35-15/h3-5,7-11,14-15,22-27H,1-2H2,(H,29,30)(H,31,32)(H3,17,19,20,28)/t4-,5?,7-,8?,9+,10?,11+,14?,15?/m1/s1",N=c1nc(O)c2ncn(C3OC(COP(=O)(O)OP(=O)(O)OC4O[C@H](CO)[C@@H](O)[C@H](O)[C@@H]4O)C(O)C3O)c2[nH]1
Inter_0000000099,"InChI=1S/C16H26N2O16P2/c1-6-3-18(16(25)17-14(6)24)10-2-7(20)9(31-10)5-30-35(26,27)34-36(28,29)33-15-13(23)12(22)11(21)8(4-19)32-15/h3,7-13,15,19-23H,2,4-5H2,1H3,(H,26,27)(H,28,29)(H,17,24,25)/t7?,8-,9?,10?,11-,12+,13+,15?/m1/s1",Cc1cn(C2CC(O)C(COP(=O)(O)OP(=O)(O)OC3O[C@H](CO)[C@@H](O)[C@H](O)[C@@H]3O)O2)c(=O)nc1O
Inter_0000000100,"InChI=1S/C16H19NO7/c18-7-11-13(20)14(21)15(22)16(23-11)24-12(19)5-8-6-17-10-4-2-1-3-9(8)10/h1-4,6,11,13-18,20-22H,5,7H2/t11-,13+,14-,15?,16?/m0/s1",O=C(Cc1c[nH]c2ccccc12)OC1O[C@@H](CO)[C@@H](O)[C@H](O)C1O
Inter_0000000101,"InChI=1S/C8H10O/c1-7(9)8-5-3-2-4-6-8/h2-7,9H,1H3",
Inter_0000000102,"InChI=1S/C10H13N4O9P/c15-5-3(1-22-24(19,20)21)23-9(6(5)16)14-2-11-4-7(14)12-10(18)13-8(4)17/h2-3,5-6,9,15-16H,1H2,(H2,19,20,21)(H2,12,13,17,18)/t3-,5-,6-,9-/m1/s1",O=P(O)(O)OC[C@H]1O[C@@H](n2cnc3c(O)nc(O)nc32)[C@H](O)[C@@H]1O
Inter_0000000103,"InChI=1S/C10H14N4O12P2/c15-5-3(1-24-28(22,23)26-27(19,20)21)25-9(6(5)16)14-2-11-4-7(14)12-10(18)13-8(4)17/h2-3,5-6,9,15-16H,1H2,(H,22,23)(H2,19,20,21)(H2,12,13,17,18)",O=P(O)(O)OP(=O)(O)OCC1OC(n2cnc3c(O)nc(O)nc32)C(O)C1O
Inter_0000000104,"InChI=1S/C5H7NO4/c6-4(8)2-1-3(7)5(9)10/h1-2H2,(H2,6,8)(H,9,10)",N=C(O)CCC(=O)C(=O)O
Inter_0000000105,"InChI=1S/C17H19NO3/c19-12-8-4-2-1-3-5-9-14-13-17(20)15-10-6-7-11-16(15)18(14)21/h3,5-7,10-13,20H,1-2,4,8-9H2",O=CCCCCC=CCc1cc(O)c2ccccc2[n+]1[O-]
Inter_0000000106,"InChI=1S/C8H11NO2/c1-11-8-4-6(5-9)2-3-7(8)10/h2-4,10H,5,9H2,1H3",COc1cc(CN)ccc1O
Inter_0000000107,"InChI=1S/C6H4O3/c7-4-1-2-5(8)6(9)3-4/h1-3,9H",O=C1C=CC(=O)C(O)=C1
Inter_0000000108,"InChI=1S/C17H18O6/c1-21-13-5-3-4-6-14(13)23-16(10-18)17(20)11-7-8-12(19)15(9-11)22-2/h3-9,16,18-19H,10H2,1-2H3",COc1cc(C(=O)C(CO)Oc2ccccc2OC)ccc1O
Inter_0000000109,"InChI=1S/C5H7NO3/c7-4-2-1-3(6-4)5(8)9/h3H,1-2H2,(H,6,7)(H,8,9)",O=C(O)C1CCC(O)=N1
Inter_0000000110,"InChI=1S/C2H4O4S/c3-1-2-7(4,5)6/h1H,2H2,(H,4,5,6)",O=CCS(=O)(=O)O
Inter_0000000111,"InChI=1S/C16H14O6/c1-8(17)14-10(6-11(18)7-13(20)21)5-9-3-2-4-12(19)15(9)16(14)22/h2-4,19H,5-7H2,1H3,(H,20,21)",CC(=O)C1=C(CC(=O)CC(=O)O)Cc2cccc(O)c2C1=O
Inter_0000000112,"InChI=1S/C15H25NO4/c17-11-8-6-4-2-1-3-5-7-9-14(18)16-13-10-12-20-15(13)19/h11,13H,1-10,12H2,(H,16,18)/t13-/m0/s1",O=CCCCCCCCCCC(O)=N[C@H]1CCOC1=O
Inter_0000000113,"InChI=1S/C30H52O26/c31-1-7(37)13(39)23(8(38)2-32)53-28-20(46)16(42)25(10(4-34)50-28)55-30-22(48)18(44)26(12(6-36)52-30)56-29-21(47)17(43)24(11(5-35)51-29)54-27-19(45)15(41)14(40)9(3-33)49-27/h1,7-30,32-48H,2-6H2",O=CC(O)C(O)C(OC1OC(CO)C(OC2OC(CO)C(OC3OC(CO)C(OC4OC(CO)C(O)C(O)C4O)C(O)C3O)C(O)C2O)C(O)C1O)C(O)CO
Inter_0000000114,"InChI=1S/C36H62O31/c37-1-8(44)15(46)27(9(45)2-38)63-33-23(54)18(49)29(11(4-40)59-33)65-35-25(56)20(51)31(13(6-42)61-35)67-36-26(57)21(52)30(14(7-43)62-36)66-34-24(55)19(50)28(12(5-41)60-34)64-32-22(53)17(48)16(47)10(3-39)58-32/h1,8-36,38-57H,2-7H2",O=CC(O)C(O)C(OC1OC(CO)C(OC2OC(CO)C(OC3OC(CO)C(OC4OC(CO)C(OC5OC(CO)C(O)C(O)C5O)C(O)C4O)C(O)C3O)C(O)C2O)C(O)C1O)C(O)CO
Inter_0000000115,"InChI=1S/C25H43N8O17P3S/c1-13(26)8-16(35)54-7-6-28-15(34)4-5-29-23(38)20(37)25(2,3)10-47-53(44,45)50-52(42,43)46-9-14-19(49-51(39,40)41)18(36)24(48-14)33-12-32-17-21(27)30-11-31-22(17)33/h11-14,18-20,24,36-37H,4-10,26H2,1-3H3,(H,28,34)(H,29,38)(H,42,43)(H,44,45)(H2,27,30,31)(H2,39,40,41)",CC(N)CC(=O)SCCN=C(O)CCN=C(O)C(O)C(C)(C)COP(=O)(O)OP(=O)(O)OCC1OC(n2cnc3c(N)ncnc32)C(O)C1OP(=O)(O)O
Inter_0000000116,"InChI=1S/C26H45N8O17P3S/c1-26(2,21(38)24(39)29-7-6-16(35)28-8-9-55-17(36)10-34(3,4)5)12-48-54(45,46)51-53(43,44)47-11-15-20(50-52(40,41)42)19(37)25(49-15)33-14-32-18-22(27)30-13-31-23(18)33/h13-15,19-21,25,37-38H,6-12H2,1-5H3,(H7-,27,28,29,30,31,35,39,40,41,42,43,44,45,46)/p+1",CC(C)(COP(=O)(O)OP(=O)(O)OCC1OC(n2cnc3c(N)ncnc32)C(O)C1OP(=O)(O)O)C(O)C(O)=NCCC(O)=NCCSC(=O)C[N+](C)(C)C
Inter_0000000117,"InChI=1S/C9H15N3O11P2/c10-5-1-2-12(9(15)11-5)8-7(14)6(13)4(22-8)3-21-25(19,20)23-24(16,17)18/h1-2,4,6-8,13-14H,3H2,(H,19,20)(H2,10,11,15)(H2,16,17,18)/t4-,6-,7-,8-/m1/s1",N=c1ccn([C@@H]2O[C@H](COP(=O)(O)OP(=O)(O)O)[C@@H](O)[C@H]2O)c(O)n1
Inter_0000000118,"InChI=1S/C19H25NO3/c21-14-10-6-4-2-1-3-5-7-11-16-15-19(22)17-12-8-9-13-18(17)20(16)23/h8-9,12-15,22H,1-7,10-11H2",O=CCCCCCCCCCc1cc(O)c2ccccc2[n+]1[O-]
Inter_0000000119,"InChI=1S/C23H39NO4/c25-19-16-14-12-10-8-6-4-2-1-3-5-7-9-11-13-15-17-22(26)24-21-18-20-28-23(21)27/h1,3,19,21H,2,4-18,20H2,(H,24,26)/b3-1-/t21-/m0/s1",O=CCCCCCCCC/C=C\CCCCCCCC(O)=N[C@H]1CCOC1=O
Inter_0000000120,"InChI=1S/C17H31O9P/c18-15(12-17(20)21)10-8-6-4-2-1-3-5-7-9-11-25-13-16(19)14-26-27(22,23)24/h1-14H2,(H,20,21)(H2,22,23,24)",O=C(O)CC(=O)CCCCCCCCCCCOCC(=O)COP(=O)(O)O
Inter_0000000121,"InChI=1S/C7H13N3O4/c1-3(8)6(12)10-4(7(13)14)2-5(9)11/h3-4H,2,8H2,1H3,(H2,9,11)(H,10,12)(H,13,14)/t3?,4-/m0/s1",CC(N)C(O)=N[C@@H](CC(=N)O)C(=O)O
Inter_0000000122,"InChI=1S/C24H22O14/c25-10-3-1-9(2-4-10)22-23(19(32)17-12(27)5-11(26)6-13(17)36-22)38-24-21(34)20(33)18(31)14(37-24)8-35-16(30)7-15(28)29/h1-6,14,18,20-21,24-27,31,33-34H,7-8H2,(H,28,29)",O=C(O)CC(=O)OCC1OC(Oc2c(-c3ccc(O)cc3)oc3cc(O)cc(O)c3c2=O)C(O)C(O)C1O
Inter_0000000123,"InChI=1S/C19H31N6O17P3/c1-19(2,14(29)17(30)21-4-3-10(26)27)6-39-45(36,37)42-44(34,35)38-5-9-13(41-43(31,32)33)12(28)18(40-9)25-8-24-11-15(20)22-7-23-16(11)25/h7-9,12-14,18,28-29H,3-6H2,1-2H3,(H,21,30)(H,26,27)(H,34,35)(H,36,37)(H2,20,22,23)(H2,31,32,33)",CC(C)(COP(=O)(O)OP(=O)(O)OCC1OC(n2cnc3c(N)ncnc32)C(O)C1OP(=O)(O)O)C(O)C(O)=NCCC(=O)O
Inter_0000000124,"InChI=1S/C26H42N7O20P3S/c1-26(2,20(39)23(40)29-6-5-15(35)28-7-8-57-25(41)13(34)3-4-16(36)37)10-50-56(47,48)53-55(45,46)49-9-14-19(52-54(42,43)44)18(38)24(51-14)33-12-32-17-21(27)30-11-31-22(17)33/h11-14,18-20,24,34,38-39H,3-10H2,1-2H3,(H,28,35)(H,29,40)(H,36,37)(H,45,46)(H,47,48)(H2,27,30,31)(H2,42,43,44)",CC(C)(COP(=O)(O)OP(=O)(O)OCC1OC(n2cnc3c(N)ncnc32)C(O)C1OP(=O)(O)O)C(O)C(O)=NCCC(O)=NCCSC(=O)C(O)CCC(=O)O
Inter_0000000125,"InChI=1S/C18H29NO3/c1-2-3-4-5-6-7-8-9-10-11-12-13-17(20)19-16-14-15-22-18(16)21/h4-5,7-8,16H,2-3,6,9-15H2,1H3,(H,19,20)",CCCC=CCC=CCCCCCC(O)=NC1CCOC1=O
Inter_0000000126,"InChI=1S/C18H29NO3/c1-2-3-4-5-6-7-8-9-10-11-12-13-17(20)19-16-14-15-22-18(16)21/h5-8,16H,2-4,9-15H2,1H3,(H,19,20)",CCCCC=CC=CCCCCCC(O)=NC1CCOC1=O
Inter_0000000127,"InChI=1S/C18H23NO2/c20-13-9-5-3-1-2-4-6-10-15-14-18(21)16-11-7-8-12-17(16)19-15/h7-8,11-14H,1-6,9-10H2,(H,19,21)",O=CCCCCCCCCc1cc(=O)c2ccccc2[nH]1
Inter_0000000128,"InChI=1S/C12H20N2O14P2/c15-3-6(16)4-25-29(21,22)28-30(23,24)26-5-7-9(18)10(19)11(27-7)14-2-1-8(17)13-12(14)20/h1-2,6-7,9-11,15-16,18-19H,3-5H2,(H,21,22)(H,23,24)(H,13,17,20)/t6?,7-,9-,10-,11-/m1/s1",O=c1nc(O)ccn1[C@@H]1O[C@H](COP(=O)(O)OP(=O)(O)OCC(O)CO)[C@@H](O)[C@H]1O
Inter_0000000129,"InChI=1S/C21H38NO9P/c23-18(17-31-32(26,27)28)16-29-14-11-9-7-5-3-1-2-4-6-8-10-12-20(24)22-19-13-15-30-21(19)25/h19H,1-17H2,(H,22,24)(H2,26,27,28)/t19-/m0/s1",O=C(COCCCCCCCCCCCCCC(O)=N[C@H]1CCOC1=O)COP(=O)(O)O
Inter_0000000130,"InChI=1S/C16H24N4O16P2/c1-4-7(21)9(23)11(25)15(33-4)35-38(30,31)36-37(28,29)32-2-5-8(22)10(24)14(34-5)20-3-17-6-12(20)18-16(27)19-13(6)26/h3-5,7-11,14-15,21-25H,2H2,1H3,(H,28,29)(H,30,31)(H2,18,19,26,27)",CC1OC(OP(=O)(O)OP(=O)(O)OCC2OC(n3cnc4c(O)nc(O)nc43)C(O)C2O)C(O)C(O)C1O
Inter_0000000131,"InChI=1S/C6H10O6/c7-2-4(9)6(12)3(8)1-5(10)11/h3,6-8,12H,1-2H2,(H,10,11)/t3-,6+/m1/s1",O=C(O)C[C@@H](O)[C@H](O)C(=O)CO
Inter_0000000132,"InChI=1S/C23H18O11/c1-8-14-9(6-11(32-2)15(8)21(29)34-4)5-10-16(17(14)25)20(28)22(30)13(24)7-12(33-3)19(27)23(22,31)18(10)26/h5-7,25,30-31H,1-4H3/t22-,23-/m1/s1",COC(=O)c1c(OC)cc2cc3c(c(O)c2c1C)C(=O)[C@]1(O)C(=O)C=C(OC)C(=O)[C@]1(O)C3=O
Inter_0000000133,"InChI=1S/C16H28O3/c1-2-3-4-5-6-7-8-9-10-11-12-13-15(17)14-16(18)19/h7-8H,2-6,9-14H2,1H3,(H,18,19)/b8-7-",CCCCCC/C=C\CCCCCC(=O)CC(=O)O
Inter_0000000134,"InChI=1S/C20H38NO9P/c21-18(14-22)19(24)12-10-8-6-4-2-1-3-5-7-9-11-13-20(25)29-15-17(23)16-30-31(26,27)28/h18,22H,1-16,21H2,(H2,26,27,28)",NC(CO)C(=O)CCCCCCCCCCCCCC(=O)OCC(=O)COP(=O)(O)O
Inter_0000000135,"InChI=1S/C26H44N7O17P3S/c1-14(2)9-17(35)54-8-7-28-16(34)5-6-29-24(38)21(37)26(3,4)11-47-53(44,45)50-52(42,43)46-10-15-20(49-51(39,40)41)19(36)25(48-15)33-13-32-18-22(27)30-12-31-23(18)33/h12-15,19-21,25,36-37H,5-11H2,1-4H3,(H,28,34)(H,29,38)(H,42,43)(H,44,45)(H2,27,30,31)(H2,39,40,41)",CC(C)CC(=O)SCCN=C(O)CCN=C(O)C(O)C(C)(C)COP(=O)(O)OP(=O)(O)OCC1OC(n2cnc3c(N)ncnc32)C(O)C1OP(=O)(O)O
Inter_0000000136,"InChI=1S/C9H13N2O9P/c12-5-1-2-11(9(15)10-5)8-7(14)6(13)4(20-8)3-19-21(16,17)18/h1-2,4,6-8,13-14H,3H2,(H,10,12,15)(H2,16,17,18)/t4-,6-,7-,8-/m1/s1",O=c1nc(O)ccn1[C@@H]1O[C@H](COP(=O)(O)O)[C@@H](O)[C@H]1O
Inter_0000000137,"InChI=1S/C14H26O3/c1-2-3-4-5-6-7-8-9-10-11-13(15)12-14(16)17/h2-12H2,1H3,(H,16,17)",CCCCCCCCCCCC(=O)CC(=O)O
Inter_0000000138,"InChI=1S/C5H12O11P2/c6-3-2(15-5(8)4(3)7)1-14-18(12,13)16-17(9,10)11/h2-8H,1H2,(H,12,13)(H2,9,10,11)",O=P(O)(O)OP(=O)(O)OCC1OC(O)C(O)C1O
Inter_0000000139,"InChI=1S/C32H45N7O17P2S/c1-32(2,27(45)30(46)35-8-7-21(40)34-9-10-59-22(41)6-5-17-11-18(51-3)24(42)19(12-17)52-4)14-54-58(49,50)56-57(47,48)53-13-20-25(43)26(44)31(55-20)39-16-38-23-28(33)36-15-37-29(23)39/h5-6,11-12,15-16,20,25-27,31,42-45H,7-10,13-14H2,1-4H3,(H,34,40)(H,35,46)(H,47,48)(H,49,50)(H2,33,36,37)/b6-5+/t20-,25-,26-,27+,31-/m1/s1",COc1cc(/C=C/C(=O)SCCN=C(O)CCN=C(O)[C@H](O)C(C)(C)COP(=O)(O)OP(=O)(O)OC[C@H]2O[C@@H](n3cnc4c(N)ncnc43)[C@H](O)[C@@H]2O)cc(OC)c1O
Inter_0000000140,"InChI=1S/C6H14O12P2/c7-1-4(18-20(14,15)16)6(10)5(9)3(8)2-17-19(11,12)13/h1,3-6,8-10H,2H2,(H2,11,12,13)(H2,14,15,16)",O=CC(OP(=O)(O)O)C(O)C(O)C(O)COP(=O)(O)O
Inter_0000000141,"InChI=1S/C9H16N3O12P3/c10-7-3-4-12(9(13)11-7)8-2-1-6(22-8)5-21-26(17,18)24-27(19,20)23-25(14,15)16/h3-4,6,8H,1-2,5H2,(H,17,18)(H,19,20)(H2,10,11,13)(H2,14,15,16)",N=c1ccn(C2CCC(COP(=O)(O)OP(=O)(O)OP(=O)(O)O)O2)c(O)n1
Inter_0000000142,"InChI=1S/C9H16N3O13P3/c10-7-1-2-12(9(14)11-7)8-3-5(13)6(23-8)4-22-27(18,19)25-28(20,21)24-26(15,16)17/h1-2,5-6,8,13H,3-4H2,(H,18,19)(H,20,21)(H2,10,11,14)(H2,15,16,17)",N=c1ccn(C2CC(O)C(COP(=O)(O)OP(=O)(O)OP(=O)(O)O)O2)c(O)n1
Inter_0000000143,"InChI=1S/C4H6O3/c1-3(2-5)4(6)7/h2-3H,1H3,(H,6,7)",CC(C=O)C(=O)O
Inter_0000000144,"InChI=1S/C16H17N3O7/c20-6-12(23)13(24)11(22)5-19-10-4-8(21)2-1-7(10)3-9-14(19)17-16(26)18-15(9)25/h1-4,11-13,20,22-24H,5-6H2,(H2,17,18,25,26)",O=c1ccc2cc3c(O)nc(O)nc3n(CC(O)C(O)C(O)CO)c-2c1
Inter_0000000145,"InChI=1S/C9H16N3O14P3/c10-5-1-2-12(9(15)11-5)8-7(14)6(13)4(24-8)3-23-28(19,20)26-29(21,22)25-27(16,17)18/h1-2,4,6-8,13-14H,3H2,(H,19,20)(H,21,22)(H2,10,11,15)(H2,16,17,18)/t4-,6-,7-,8-/m1/s1",N=c1ccn([C@@H]2O[C@H](COP(=O)(O)OP(=O)(O)OP(=O)(O)O)[C@@H](O)[C@H]2O)c(O)n1
Inter_0000000146,"InChI=1S/C10H18N2O3/c1-7-8(12-10(15)11-7)5-3-2-4-6-9(13)14/h7-8H,2-6H2,1H3,(H,13,14)(H2,11,12,15)",CC1N=C(O)NC1CCCCCC(=O)O
Inter_0000000147,"InChI=1S/C9H19NO2S2/c10-7-14-6-5-8(13)3-1-2-4-9(11)12/h8,13H,1-7,10H2,(H,11,12)",NCSCCC(S)CCCCC(=O)O
Inter_0000000148,"InChI=1S/C5H9NO5/c6-2(4(8)9)1-3(7)5(10)11/h2-3,7H,1,6H2,(H,8,9)(H,10,11)",NC(CC(O)C(=O)O)C(=O)O
Inter_0000000149,"InChI=1S/C10H13NO5/c11-7(8(13)14)5-10(9(15)16)3-1-6(12)2-4-10/h1-4,6-7,12H,5,11H2,(H,13,14)(H,15,16)",NC(CC1(C(=O)O)C=CC(O)C=C1)C(=O)O
Inter_0000000150,"InChI=1S/C7H16N4O2/c1-4(5(8)6(12)13)2-3-11-7(9)10/h4-5H,2-3,8H2,1H3,(H,12,13)(H4,9,10,11)",CC(CCNC(=N)N)C(N)C(=O)O
Inter_0000000151,"InChI=1S/C10H12N2O4/c11-6(10(15)16)4-8(14)5-2-1-3-7(13)9(5)12/h1-3,6,13H,4,11-12H2,(H,15,16)",Nc1c(O)cccc1C(=O)CC(N)C(=O)O
Inter_0000000152,"InChI=1S/C12H22O3/c1-2-3-4-5-6-7-8-9-11(13)10-12(14)15/h2-10H2,1H3,(H,14,15)",CCCCCCCCCC(=O)CC(=O)O
Inter_0000000153,"InChI=1S/C26H42N7O20P3S/c1-25(2,19(37)22(38)29-5-4-14(34)28-6-7-57-15(35)8-26(3,41)24(39)40)10-50-56(47,48)53-55(45,46)49-9-13-18(52-54(42,43)44)17(36)23(51-13)33-12-32-16-20(27)30-11-31-21(16)33/h11-13,17-19,23,36-37,41H,4-10H2,1-3H3,(H,28,34)(H,29,38)(H,39,40)(H,45,46)(H,47,48)(H2,27,30,31)(H2,42,43,44)",CC(O)(CC(=O)SCCN=C(O)CCN=C(O)C(O)C(C)(C)COP(=O)(O)OP(=O)(O)OCC1OC(n2cnc3c(N)ncnc32)C(O)C1OP(=O)(O)O)C(=O)O
Inter_0000000154,"InChI=1S/C28H41N8O17P3S/c1-28(2,22(39)25(40)32-8-7-18(37)31-9-10-57-27(41)15-5-3-4-6-16(15)29)12-50-56(47,48)53-55(45,46)49-11-17-21(52-54(42,43)44)20(38)26(51-17)36-14-35-19-23(30)33-13-34-24(19)36/h3-6,13-14,17,20-22,26,38-39H,7-12,29H2,1-2H3,(H,31,37)(H,32,40)(H,45,46)(H,47,48)(H2,30,33,34)(H2,42,43,44)",CC(C)(COP(=O)(O)OP(=O)(O)OCC1OC(n2cnc3c(N)ncnc32)C(O)C1OP(=O)(O)O)C(O)C(O)=NCCC(O)=NCCSC(=O)c1ccccc1N
Inter_0000000155,"InChI=1S/C10H11NO4/c12-6-11-9(10(14)15)5-7-1-3-8(13)4-2-7/h1-4,6,9,13H,5H2,(H,11,12)(H,14,15)",O=C(O)C(Cc1ccc(O)cc1)N=CO
Inter_0000000156,"InChI=1S/C30H44N7O18P3S/c1-30(2,24(41)27(42)33-9-8-20(39)32-10-11-59-29(43)18(38)12-17-6-4-3-5-7-17)14-52-58(49,50)55-57(47,48)51-13-19-23(54-56(44,45)46)22(40)28(53-19)37-16-36-21-25(31)34-15-35-26(21)37/h3-7,15-16,18-19,22-24,28,38,40-41H,8-14H2,1-2H3,(H,32,39)(H,33,42)(H,47,48)(H,49,50)(H2,31,34,35)(H2,44,45,46)",CC(C)(COP(=O)(O)OP(=O)(O)OCC1OC(n2cnc3c(N)ncnc32)C(O)C1OP(=O)(O)O)C(O)C(O)=NCCC(O)=NCCSC(=O)C(O)Cc1ccccc1
Inter_0000000157,"InChI=1S/C11H17N2O8P/c12-10(16)6-2-1-3-13(4-6)11-9(15)8(14)7(21-11)5-20-22(17,18)19/h1,3-4,7-9,11,14-15H,2,5H2,(H2,12,16)(H2,17,18,19)",N=C(O)C1=CN(C2OC(COP(=O)(O)O)C(O)C2O)C=CC1
Inter_0000000158,"InChI=1S/C16H19NO7/c18-10(5-7-6-17-9-4-2-1-3-8(7)9)24-16-14(22)12(20)11(19)13(21)15(16)23/h1-4,6,11-17,19-23H,5H2",O=C(Cc1c[nH]c2ccccc12)OC1C(O)C(O)C(O)C(O)C1O
Inter_0000000159,"InChI=1S/C19H38NO8P/c20-18(14-21)19(23)12-10-8-6-4-2-1-3-5-7-9-11-13-27-15-17(22)16-28-29(24,25)26/h18,21H,1-16,20H2,(H2,24,25,26)",NC(CO)C(=O)CCCCCCCCCCCCCOCC(=O)COP(=O)(O)O
Inter_0000000160,"InChI=1S/C11H17N5O11P2/c1-15-3-16(8-5(15)9(19)14-11(12)13-8)10-7(18)6(17)4(26-10)2-25-29(23,24)27-28(20,21)22/h3-4,6-7,10,17-18H,2H2,1H3,(H5-,12,13,14,19,20,21,22,23,24)/p+1",C[n+]1cn(C2OC(COP(=O)(O)OP(=O)(O)O)C(O)C2O)c2[nH]c(=N)nc(O)c21
Inter_0000000161,"InChI=1S/C16H19N3O4S/c1-16(2)11(15(22)23)19-13(21)10(14(19)24-16)18-12(20)9(17)8-6-4-3-5-7-8/h3-7,9-11,14H,17H2,1-2H3,(H,18,20)(H,22,23)",CC1(C)SC2C(N=C(O)C(N)c3ccccc3)C(=O)N2C1C(=O)O
Inter_0000000162,"InChI=1S/C9H9NO3/c10-7-4-2-1-3-6(7)8(11)5-9(12)13/h1-4H,5,10H2,(H,12,13)",Nc1ccccc1C(=O)CC(=O)O
Inter_0000000163,"InChI=1S/C17H22O10/c1-24-9-5-8(6-10(25-2)13(9)20)3-4-12(19)27-17-16(23)15(22)14(21)11(7-18)26-17/h3-6,11,14-18,20-23H,7H2,1-2H3/t11-,14-,15+,16-,17+/m1/s1",COc1cc(C=CC(=O)O[C@@H]2O[C@H](CO)[C@@H](O)[C@H](O)[C@H]2O)cc(OC)c1O
Inter_0000000164,"InChI=1S/C10H13N4O8P/c15-6-4(1-21-23(18,19)20)22-10(7(6)16)14-3-13-5-8(14)11-2-12-9(5)17/h2-4,6-7,10,15-16H,1H2,(H,11,12,17)(H2,18,19,20)",O=P(O)(O)OCC1OC(n2cnc3c(O)ncnc32)C(O)C1O
Inter_0000000165,"InChI=1S/C17H21NO3/c19-12-8-4-2-1-3-5-9-14-13-17(20)15-10-6-7-11-16(15)18(14)21/h3,5-7,10-11,13,19-20H,1-2,4,8-9,12H2",[O-][n+]1c(CC=CCCCCCO)cc(O)c2ccccc21
Inter_0000000166,"InChI=1S/C15H18O8/c16-7-10-12(19)13(20)14(21)15(22-10)23-11(18)6-3-8-1-4-9(17)5-2-8/h1-6,10,12-17,19-21H,7H2",O=C(C=Cc1ccc(O)cc1)OC1OC(CO)C(O)C(O)C1O
Inter_0000000167,"InChI=1S/C11H13N4/c1-9-13-7-10(11(12)14-9)8-15-5-3-2-4-6-15/h2-7H,8H2,1H3,(H2,12,13,14)/q+1",Cc1ncc(C[n+]2ccccc2)c(=N)[nH]1
Inter_0000000168,"InChI=1S/C25H43N8O17P3S/c1-13(26)8-16(35)54-7-6-28-15(34)4-5-29-23(38)20(37)25(2,3)10-47-53(44,45)50-52(42,43)46-9-14-19(49-51(39,40)41)18(36)24(48-14)33-12-32-17-21(27)30-11-31-22(17)33/h11-14,18-20,24,36-37H,4-10,26H2,1-3H3,(H,28,34)(H,29,38)(H,42,43)(H,44,45)(H2,27,30,31)(H2,39,40,41)/t13?,14-,18-,19-,20+,24-/m1/s1",CC(N)CC(=O)SCCN=C(O)CCN=C(O)[C@H](O)C(C)(C)COP(=O)(O)OP(=O)(O)OC[C@H]1O[C@@H](n2cnc3c(N)ncnc32)[C@H](O)[C@@H]1OP(=O)(O)O
Inter_0000000169,"InChI=1S/C26H45N8O17P3S/c1-26(2,21(38)24(39)29-7-6-16(35)28-8-9-55-17(36)10-34(3,4)5)12-48-54(45,46)51-53(43,44)47-11-15-20(50-52(40,41)42)19(37)25(49-15)33-14-32-18-22(27)30-13-31-23(18)33/h13-15,19-21,25,37-38H,6-12H2,1-5H3,(H7-,27,28,29,30,31,35,39,40,41,42,43,44,45,46)/p+1/t15-,19-,20-,21+,25-/m1/s1",CC(C)(COP(=O)(O)OP(=O)(O)OC[C@H]1O[C@@H](n2cnc3c(N)ncnc32)[C@H](O)[C@@H]1OP(=O)(O)O)[C@@H](O)C(O)=NCCC(O)=NCCSC(=O)C[N+](C)(C)C
Inter_0000000170,"InChI=1S/C21H28N6O15P2/c22-17(32)9-2-1-3-26(4-9)20-15(30)13(28)10(40-20)5-38-43(34,35)42-44(36,37)39-6-11-14(29)16(31)21(41-11)27-8-25-12-18(27)23-7-24-19(12)33/h1,3-4,7-8,10-11,13-16,20-21,28-31H,2,5-6H2,(H2,22,32)(H,34,35)(H,36,37)(H,23,24,33)",N=C(O)C1=CN(C2OC(COP(=O)(O)OP(=O)(O)OCC3OC(n4cnc5c(O)ncnc54)C(O)C3O)C(O)C2O)C=CC1
Inter_0000000171,"InChI=1S/C19H28O4/c1-12(2)8-7-9-13(3)10-11-15-14(4)16(20)18(22-5)19(23-6)17(15)21/h8,10,20-21H,7,9,11H2,1-6H3",COc1c(O)c(C)c(CC=C(C)CCC=C(C)C)c(O)c1OC
Inter_0000000172,"InChI=1S/C4H9NO2Se/c1-8-2-3(5)4(6)7/h3H,2,5H2,1H3,(H,6,7)",C[Se]CC(N)C(=O)O
Inter_0000000173,"InChI=1S/C12H20O10/c13-1-3-5(14)10(7(16)11(18)20-3)22-12-8(17)9-6(15)4(21-12)2-19-9/h3-18H,1-2H2/t3?,4-,5?,6+,7?,8-,9+,10?,11?,12?/m0/s1",OCC1OC(O)C(O)C(OC2O[C@H]3CO[C@H]([C@@H]3O)[C@@H]2O)C1O
Inter_0000000174,"InChI=1S/C24H38O19/c25-1-5-9(27)18(12(30)21(34)37-5)42-24-15(33)20-16(8(40-24)4-36-20)41-23-14(32)19(10(28)6(2-26)38-23)43-22-13(31)17-11(29)7(39-22)3-35-17/h5-34H,1-4H2/t5?,6?,7-,8?,9?,10?,11+,12?,13-,14?,15?,16?,17+,18?,19?,20?,21?,22?,23?,24?/m0/s1",OCC1OC(O)C(O)C(OC2OC3COC(C2O)C3OC2OC(CO)C(O)C(OC3O[C@H]4CO[C@H]([C@@H]4O)[C@@H]3O)C2O)C1O
Inter_0000000175,"InChI=1S/C36H56O28/c37-1-7-13(40)26(17(44)31(50)54-7)62-35-21(48)29-23(11(58-35)5-52-29)60-34-20(47)28(15(42)9(3-39)56-34)64-36-22(49)30-24(12(59-36)6-53-30)61-33-19(46)27(14(41)8(2-38)55-33)63-32-18(45)25-16(43)10(57-32)4-51-25/h7-50H,1-6H2/t7?,8?,9?,10-,11?,12?,13?,14?,15?,16+,17?,18-,19?,20?,21?,22?,23?,24?,25+,26?,27?,28?,29?,30?,31?,32?,33?,34?,35?,36?/m0/s1",OCC1OC(O)C(O)C(OC2OC3COC(C2O)C3OC2OC(CO)C(O)C(OC3OC4COC(C3O)C4OC3OC(CO)C(O)C(OC4O[C@H]5CO[C@H]([C@@H]5O)[C@@H]4O)C3O)C2O)C1O
Inter_0000000176,"InChI=1S/C14H18O9/c1-21-8-4-6(2-3-7(8)16)13(20)23-14-12(19)11(18)10(17)9(5-15)22-14/h2-4,9-12,14-19H,5H2,1H3",COc1cc(C(=O)OC2OC(CO)C(O)C(O)C2O)ccc1O
Inter_0000000177,"InChI=1S/C11H12O5/c1-15-8-5-7(3-4-10(12)13)6-9(16-2)11(8)14/h3-6,14H,1-2H3,(H,12,13)",COc1cc(C=CC(=O)O)cc(OC)c1O
Inter_0000000178,"InChI=1S/C40H42N2O22/c1-59-24-10-15(2-4-22(24)44)3-5-27(46)62-33-31(50)30(49)32(38(57)58)63-40(33)64-34-29(48)28(47)26(14-43)61-39(34)60-25-12-17-11-21(37(55)56)42(20(17)13-23(25)45)7-6-16-8-18(35(51)52)41-19(9-16)36(53)54/h2-8,10,12-13,19,21,26,28-34,39-40,43,47-50H,9,11,14H2,1H3,(H6,44,45,46,51,52,53,54,55,56,57,58)/p+1",COc1cc(C=CC(=O)OC2C(OC3C(Oc4cc5c(cc4O)[N+](=CC=C4C=C(C(=O)O)NC(C(=O)O)C4)C(C(=O)O)C5)OC(CO)C(O)C3O)OC(C(=O)O)C(O)C2O)ccc1O
Inter_0000000179,"InChI=1S/C34H34N2O16/c1-49-24-10-15(2-4-22(24)37)3-5-27(39)50-14-26-28(40)29(41)30(42)34(52-26)51-25-12-17-11-21(33(47)48)36(20(17)13-23(25)38)7-6-16-8-18(31(43)44)35-19(9-16)32(45)46/h2-8,10,12-13,19,21,26,28-30,34,40-42H,9,11,14H2,1H3,(H5,37,38,39,43,44,45,46,47,48)/p+1",COc1cc(C=CC(=O)OCC2OC(Oc3cc4c(cc3O)[N+](=CC=C3C=C(C(=O)O)NC(C(=O)O)C3)C(C(=O)O)C4)C(O)C(O)C2O)ccc1O
Inter_0000000180,"InChI=1S/C6H5NO4/c8-5-2-1-4(7(10)11)3-6(5)9/h1-3,8-9H",O=[N+]([O-])c1ccc(O)c(O)c1
Inter_0000000181,"InChI=1S/C10H14N4O12P2/c15-5-3(1-24-28(22,23)26-27(19,20)21)25-9(6(5)16)14-2-11-4-7(14)12-10(18)13-8(4)17/h2-3,5-6,9,15-16H,1H2,(H,22,23)(H2,19,20,21)(H2,12,13,17,18)/t3-,5-,6-,9-/m1/s1",O=P(O)(O)OP(=O)(O)OC[C@H]1O[C@@H](n2cnc3c(O)nc(O)nc32)[C@H](O)[C@@H]1O
Inter_0000000182,"InChI=1S/C43H78O6/c1-4-7-9-11-13-15-17-19-21-23-25-27-29-31-33-36-42(45)48-39-40(38-47-41(44)35-6-3)49-43(46)37-34-32-30-28-26-24-22-20-18-16-14-12-10-8-5-2/h19-22,40H,4-18,23-39H2,1-3H3",CCCCCCCCC=CCCCCCCCC(=O)OCC(COC(=O)CCC)OC(=O)CCCCCCCC=CCCCCCCCC
Inter_0000000183,"InChI=1S/C30H43N7O15P2S/c1-30(2,25(43)28(44)33-10-9-20(39)32-11-12-55-21(40)8-5-17-3-6-18(38)7-4-17)14-50-54(47,48)52-53(45,46)49-13-19-23(41)24(42)29(51-19)37-16-36-22-26(31)34-15-35-27(22)37/h3-4,6-7,15-16,19,23-25,29,38,41-43H,5,8-14H2,1-2H3,(H,32,39)(H,33,44)(H,45,46)(H,47,48)(H2,31,34,35)",CC(C)(COP(=O)(O)OP(=O)(O)OCC1OC(n2cnc3c(N)ncnc32)C(O)C1O)C(O)C(O)=NCCC(O)=NCCSC(=O)CCc1ccc(O)cc1
Inter_0000000184,"InChI=1S/C6H10O5/c1-2(7)5-3(8)4(9)6(10)11-5/h2-5,7-9H,1H3",CC(O)C1OC(=O)C(O)C1O
Inter_0000000185,"InChI=1S/C17H18N5O9P/c18-14-11-15(20-6-19-14)22(7-21-11)16-13(25)12(24)10(30-16)5-29-32(27,28)31-17(26)8-3-1-2-4-9(8)23/h1-4,6-7,10,12-13,16,23-25H,5H2,(H,27,28)(H2,18,19,20)",Nc1ncnc2c1ncn2C1OC(COP(=O)(O)OC(=O)c2ccccc2O)C(O)C1O
Inter_0000000186,"InChI=1S/C9H17NO5/c1-9(2,5-11)7(14)8(15)10-4-3-6(12)13/h7,11,14H,3-5H2,1-2H3,(H,10,15)(H,12,13)",CC(C)(CO)C(O)C(O)=NCCC(=O)O
Inter_0000000187,"InChI=1S/C12H19NO10/c1-4(15)13-8-10(19)9(18)6(3-14)23-12(8)22-5(11(20)21)2-7(16)17/h5-6,8-10,12,14,18-19H,2-3H2,1H3,(H,13,15)(H,16,17)(H,20,21)",CC(O)=NC1C(OC(CC(=O)O)C(=O)O)OC(CO)C(O)C1O
Inter_0000000188,"InChI=1S/C22H33N2O10PS/c1-22(2,14-34-35(31,32)33)19(28)20(29)24-9-8-17(25)23-10-11-36-21(30)16(13-18(26)27)12-15-6-4-3-5-7-15/h3-7,16,19,28H,8-14H2,1-2H3,(H,23,25)(H,24,29)(H,26,27)(H2,31,32,33)/t16?,19-/m0/s1",CC(C)(COP(=O)(O)O)[C@@H](O)C(O)=NCCC(O)=NCCSC(=O)C(CC(=O)O)Cc1ccccc1
Inter_0000000189,"InChI=1S/C14H27N2O9PS/c1-9(17)13(21)27-7-6-15-10(18)4-5-16-12(20)11(19)14(2,3)8-25-26(22,23)24/h9,11,17,19H,4-8H2,1-3H3,(H,15,18)(H,16,20)(H2,22,23,24)/t9?,11-/m0/s1",CC(O)C(=O)SCCN=C(O)CCN=C(O)[C@H](O)C(C)(C)COP(=O)(O)O
Inter_0000000190,"InChI=1S/C15H27N2O9PS/c1-10(18)8-12(20)28-7-6-16-11(19)4-5-17-14(22)13(21)15(2,3)9-26-27(23,24)25/h13,21H,4-9H2,1-3H3,(H,16,19)(H,17,22)(H2,23,24,25)/t13-/m0/s1",CC(=O)CC(=O)SCCN=C(O)CCN=C(O)[C@H](O)C(C)(C)COP(=O)(O)O
Inter_0000000191,"InChI=1S/C16H31N2O8PS/c1-11(2)9-13(20)28-8-7-17-12(19)5-6-18-15(22)14(21)16(3,4)10-26-27(23,24)25/h11,14,21H,5-10H2,1-4H3,(H,17,19)(H,18,22)(H2,23,24,25)/t14-/m0/s1",CC(C)CC(=O)SCCN=C(O)CCN=C(O)[C@H](O)C(C)(C)COP(=O)(O)O
Inter_0000000192,"InChI=1S/C15H29N2O9PS/c1-15(2,10-26-27(23,24)25)13(21)14(22)17-6-5-11(19)16-7-9-28-12(20)4-3-8-18/h13,18,21H,3-10H2,1-2H3,(H,16,19)(H,17,22)(H2,23,24,25)/t13-/m0/s1",CC(C)(COP(=O)(O)O)[C@@H](O)C(O)=NCCC(O)=NCCSC(=O)CCCO
Inter_0000000193,"InChI=1S/C18H27N2O9PS/c1-18(2,11-29-30(26,27)28)15(23)16(24)20-8-7-14(22)19-9-10-31-17(25)12-3-5-13(21)6-4-12/h3-6,15,21,23H,7-11H2,1-2H3,(H,19,22)(H,20,24)(H2,26,27,28)/t15-/m0/s1",CC(C)(COP(=O)(O)O)[C@@H](O)C(O)=NCCC(O)=NCCSC(=O)c1ccc(O)cc1
Inter_0000000194,"InChI=1S/C13H25N2O8PS/c1-9(16)25-7-6-14-10(17)4-5-15-12(19)11(18)13(2,3)8-23-24(20,21)22/h11,18H,4-8H2,1-3H3,(H,14,17)(H,15,19)(H2,20,21,22)/t11-/m0/s1",CC(=O)SCCN=C(O)CCN=C(O)[C@H](O)C(C)(C)COP(=O)(O)O
Inter_0000000195,"InChI=1S/C15H27N2O11PS/c1-15(2,8-28-29(25,26)27)12(21)13(22)17-4-3-10(19)16-5-6-30-11(20)7-9(18)14(23)24/h9,12,18,21H,3-8H2,1-2H3,(H,16,19)(H,17,22)(H,23,24)(H2,25,26,27)/t9?,12-/m0/s1",CC(C)(COP(=O)(O)O)[C@@H](O)C(O)=NCCC(O)=NCCSC(=O)CC(O)C(=O)O
Inter_0000000196,"InChI=1S/C13H23N2O10PS/c1-13(2,7-25-26(22,23)24)9(17)10(18)15-4-3-8(16)14-5-6-27-12(21)11(19)20/h9,17H,3-7H2,1-2H3,(H,14,16)(H,15,18)(H,19,20)(H2,22,23,24)/t9-/m0/s1",CC(C)(COP(=O)(O)O)[C@@H](O)C(O)=NCCC(O)=NCCSC(=O)C(=O)O
Inter_0000000197,"InChI=1S/C17H31N2O11PS/c1-16(2,10-30-31(27,28)29)14(24)15(25)19-5-4-11(20)18-6-7-32-13(23)9-17(3,26)8-12(21)22/h14,24,26H,4-10H2,1-3H3,(H,18,20)(H,19,25)(H,21,22)(H2,27,28,29)/t14-,17?/m0/s1",CC(O)(CC(=O)O)CC(=O)SCCN=C(O)CCN=C(O)[C@H](O)C(C)(C)COP(=O)(O)O
Inter_0000000198,"InChI=1S/C16H29N2O11PS/c1-15(2,9-29-30(26,27)28)12(21)13(22)18-5-4-10(19)17-6-7-31-11(20)8-16(3,25)14(23)24/h12,21,25H,4-9H2,1-3H3,(H,17,19)(H,18,22)(H,23,24)(H2,26,27,28)/t12-,16?/m0/s1",CC(O)(CC(=O)SCCN=C(O)CCN=C(O)[C@H](O)C(C)(C)COP(=O)(O)O)C(=O)O
Inter_0000000199,"InChI=1S/C26H35N2O10PS/c1-26(2,16-38-39(35,36)37)23(32)24(33)28-10-9-21(29)27-11-12-40-25(34)20(15-22(30)31)14-17-7-8-18-5-3-4-6-19(18)13-17/h3-8,13,20,23,32H,9-12,14-16H2,1-2H3,(H,27,29)(H,28,33)(H,30,31)(H2,35,36,37)/t20?,23-/m0/s1",CC(C)(COP(=O)(O)O)[C@@H](O)C(O)=NCCC(O)=NCCSC(=O)C(CC(=O)O)Cc1ccc2ccccc2c1
Inter_0000000200,"InChI=1S/C16H29N2O10PS/c1-16(2,10-28-29(25,26)27)14(23)15(24)18-7-6-11(19)17-8-9-30-13(22)5-3-4-12(20)21/h14,23H,3-10H2,1-2H3,(H,17,19)(H,18,24)(H,20,21)(H2,25,26,27)/t14-/m0/s1",CC(C)(COP(=O)(O)O)[C@@H](O)C(O)=NCCC(O)=NCCSC(=O)CCCC(=O)O
Inter_0000000201,"InChI=1S/C14H27N2O8PS/c1-4-11(18)26-8-7-15-10(17)5-6-16-13(20)12(19)14(2,3)9-24-25(21,22)23/h12,19H,4-9H2,1-3H3,(H,15,17)(H,16,20)(H2,21,22,23)/t12-/m0/s1",CCC(=O)SCCN=C(O)CCN=C(O)[C@H](O)C(C)(C)COP(=O)(O)O
Inter_0000000202,"InChI=1S/C18H32O16/c19-1-4(21)14-10(25)12(27)17(33-14)30-3-6-7(22)9(24)11(26)18(32-6)34-15-8(23)5(2-20)31-16(29)13(15)28/h4-29H,1-3H2/t4?,5-,6-,7-,8-,9+,10?,11-,12?,13-,14?,15+,16?,17?,18+/m1/s1",OCC(O)C1OC(OC[C@H]2O[C@@H](O[C@H]3[C@H](O)[C@@H](CO)OC(O)[C@@H]3O)[C@H](O)[C@@H](O)[C@@H]2O)C(O)C1O
Inter_0000000203,"InChI=1S/C23H42NO9P/c25-20(19-33-34(28,29)30)18-31-16-13-11-9-7-5-3-1-2-4-6-8-10-12-14-22(26)24-21-15-17-32-23(21)27/h21H,1-19H2,(H,24,26)(H2,28,29,30)",O=C(COCCCCCCCCCCCCCCCC(O)=NC1CCOC1=O)COP(=O)(O)O
Inter_0000000204,"InChI=1S/C24H42O21/c25-1-6(28)11(30)21(7(29)2-26)45-24-20(39)17(36)14(33)10(44-24)5-41-23-19(38)16(35)13(32)9(43-23)4-40-22-18(37)15(34)12(31)8(3-27)42-22/h1,6-24,26-39H,2-5H2",O=CC(O)C(O)C(OC1OC(COC2OC(COC3OC(CO)C(O)C(O)C3O)C(O)C(O)C2O)C(O)C(O)C1O)C(O)CO
Inter_0000000205,"InChI=1S/C22H36N4O14P2S/c1-22(2,18(30)20(32)25-6-5-15(27)24-7-9-43)12-38-42(35,36)40-41(33,34)37-11-14-16(28)17(29)21(39-14)26-8-3-4-13(10-26)19(23)31/h3-4,8,10,14,16-18,21,28-30H,5-7,9,11-12H2,1-2H3,(H6-,23,24,25,27,31,32,33,34,35,36,43)/p+2",CC(C)(COP(=O)(O)OP(=O)(O)OCC1OC([n+]2cccc(C(=[NH2+])O)c2)C(O)C1O)C(O)C(O)=NCCC(O)=NCCS
Inter_0000000206,"InChI=1S/C28H44N7O18P3S/c1-28(2,22(39)25(40)31-8-7-18(37)30-9-10-57-27(41)15-5-3-4-6-16(15)36)12-50-56(47,48)53-55(45,46)49-11-17-20(38)21(52-54(42,43)44)26(51-17)35-14-34-19-23(29)32-13-33-24(19)35/h13-15,17,20-22,26,38-39H,3-12H2,1-2H3,(H,30,37)(H,31,40)(H,45,46)(H,47,48)(H2,29,32,33)(H2,42,43,44)",CC(C)(COP(=O)(O)OP(=O)(O)OCC1OC(n2cnc3c(N)ncnc32)C(OP(=O)(O)O)C1O)C(O)C(=O)NCCC(=O)NCCSC(=O)C1CCCCC1=O
Inter_0000000207,"InChI=1S/C9H18NO8P/c1-9(2,5-18-19(15,16)17)7(13)8(14)10-4-3-6(11)12/h7,13H,3-5H2,1-2H3,(H,10,14)(H,11,12)(H2,15,16,17)",CC(C)(COP(=O)(O)O)C(O)C(O)=NCCC(=O)O
Inter_0000000208,"InChI=1S/C26H45NO6S/c1-16(4-9-24(30)27-12-13-34(31,32)33)20-7-8-21-19-6-5-17-14-18(28)10-11-25(17,2)22(19)15-23(29)26(20,21)3/h16-23,28-29H,4-15H2,1-3H3,(H,27,30)(H,31,32,33)",CC(CCC(O)=NCCS(=O)(=O)O)C1CCC2C3CCC4CC(O)CCC4(C)C3CC(O)C12C
Inter_0000000209,"InChI=1S/C14H29NO4S/c1-2-3-4-5-6-7-8-9-10-11-14(16)15-12-13-20(17,18)19/h2-13H2,1H3,(H,15,16)(H,17,18,19)",CCCCCCCCCCCC(O)=NCCS(=O)(=O)O
Inter_0000000210,"InChI=1S/C16H33NO4S/c1-2-3-4-5-6-7-8-9-10-11-12-13-16(18)17-14-15-22(19,20)21/h2-15H2,1H3,(H,17,18)(H,19,20,21)",CCCCCCCCCCCCCC(O)=NCCS(=O)(=O)O
Inter_0000000211,"InChI=1S/C18H37NO4S/c1-2-3-4-5-6-7-8-9-10-11-12-13-14-15-18(20)19-16-17-24(21,22)23/h2-17H2,1H3,(H,19,20)(H,21,22,23)",CCCCCCCCCCCCCCCC(O)=NCCS(=O)(=O)O
Inter_0000000212,"InChI=1S/C20H41NO4S/c1-2-3-4-5-6-7-8-9-10-11-12-13-14-15-16-17-20(22)21-18-19-26(23,24)25/h2-19H2,1H3,(H,21,22)(H,23,24,25)",CCCCCCCCCCCCCCCCCC(O)=NCCS(=O)(=O)O
Inter_0000000213,"InChI=1S/C22H45NO4S/c1-2-3-4-5-6-7-8-9-10-11-12-13-14-15-16-17-18-19-22(24)23-20-21-28(25,26)27/h2-21H2,1H3,(H,23,24)(H,25,26,27)",CCCCCCCCCCCCCCCCCCCC(O)=NCCS(=O)(=O)O
Inter_0000000214,"InChI=1S/C26H53NO4S/c1-2-3-4-5-6-7-8-9-10-11-12-13-14-15-16-17-18-19-20-21-22-23-26(28)27-24-25-32(29,30)31/h2-25H2,1H3,(H,27,28)(H,29,30,31)",CCCCCCCCCCCCCCCCCCCCCCCC(O)=NCCS(=O)(=O)O
Inter_0000000215,"InChI=1S/C18H23NO3/c20-13-9-5-3-1-2-4-6-10-15-14-18(21)16-11-7-8-12-17(16)19(15)22/h7-8,11-14,21H,1-6,9-10H2",O=CCCCCCCCCc1cc(O)c2ccccc2[n+]1[O-]
Inter_0000000216,"InChI=1S/C21H35N7O13P2S/c1-21(2,16(32)19(33)24-4-3-12(29)23-5-6-44)8-39-43(36,37)41-42(34,35)38-7-11-14(30)15(31)20(40-11)28-10-27-13-17(22)25-9-26-18(13)28/h9-11,14-16,20,30-32,44H,3-8H2,1-2H3,(H,23,29)(H,24,33)(H,34,35)(H,36,37)(H2,22,25,26)/t11-,14-,15-,16+,20-/m1/s1",CC(C)(COP(=O)(O)OP(=O)(O)OC[C@H]1O[C@@H](n2cnc3c(N)ncnc32)[C@H](O)[C@@H]1O)[C@@H](O)C(O)=NCCC(O)=NCCS
Inter_0000000217,"InChI=1S/C27H30O17/c28-6-16-19(34)21(36)23(38)26(43-16)41-14-4-9(30)3-13-10(14)5-15(25(40-13)8-1-11(31)18(33)12(32)2-8)42-27-24(39)22(37)20(35)17(7-29)44-27/h1-5,16-17,19-24,26-29,34-39H,6-7H2,(H3-,30,31,32,33)/p+1",OCC1OC(Oc2cc3c(OC4OC(CO)C(O)C(O)C4O)cc(O)cc3[o+]c2-c2cc(O)c(O)c(O)c2)C(O)C(O)C1O
Inter_0000000218,"InChI=1S/C44H84NO8P/c1-6-8-10-12-14-16-18-20-22-24-26-28-30-32-34-36-43(46)50-40-42(41-52-54(48,49)51-39-38-45(3,4)5)53-44(47)37-35-33-31-29-27-25-23-21-19-17-15-13-11-9-7-2/h20-23,42H,6-19,24-41H2,1-5H3/p+1",CCCCCCCCC=CCCCCCCCC(=O)OCC(COP(=O)(O)OCC[N+](C)(C)C)OC(=O)CCCCCCCC=CCCCCCCCC
Inter_0000000219,"InChI=1S/C10H15N4O15P3/c15-5-3(1-26-31(22,23)29-32(24,25)28-30(19,20)21)27-9(6(5)16)14-2-11-4-7(14)12-10(18)13-8(4)17/h2-3,5-6,9,15-16H,1H2,(H,22,23)(H,24,25)(H2,19,20,21)(H2,12,13,17,18)/t3-,5-,6-,9-/m1/s1",O=P(O)(O)OP(=O)(O)OP(=O)(O)OC[C@H]1O[C@@H](n2cnc3c(O)nc(O)nc32)[C@H](O)[C@@H]1O
Inter_0000000220,"InChI=1S/C9H15N2O14P3/c12-5-3-8(11-2-1-7(13)10-9(11)14)23-6(5)4-22-27(18,19)25-28(20,21)24-26(15,16)17/h1-2,5-6,8,12H,3-4H2,(H,18,19)(H,20,21)(H,10,13,14)(H2,15,16,17)",O=c1nc(O)ccn1C1CC(O)C(COP(=O)(O)OP(=O)(O)OP(=O)(O)O)O1
Inter_0000000221,"InChI=1S/C6H6N4O2/c1-10-2-7-4-3(10)5(11)9-6(12)8-4/h2H,1H3,(H2,8,9,11,12)",Cn1cnc2nc(O)nc(O)c21
Inter_0000000222,"InChI=1S/C6H6N4O2/c1-10-4-3(7-2-8-4)5(11)9-6(10)12/h2H,1H3,(H,7,8)(H,9,11,12)",Cn1c(=O)nc(O)c2nc[nH]c21
Inter_0000000223,"InChI=1S/C6H6N4O2/c1-10-5(11)3-4(8-2-7-3)9-6(10)12/h2H,1H3,(H,7,8)(H,9,12)",Cn1c(O)nc2[nH]cnc2c1=O
Inter_0000000224,"InChI=1S/C47H86O6/c1-4-7-10-13-15-17-19-21-23-25-27-29-31-34-37-40-46(49)52-43-44(42-51-45(48)39-36-33-12-9-6-3)53-47(50)41-38-35-32-30-28-26-24-22-20-18-16-14-11-8-5-2/h21-24,44H,4-20,25-43H2,1-3H3",CCCCCCCCC=CCCCCCCCC(=O)OCC(COC(=O)CCCCCCC)OC(=O)CCCCCCCC=CCCCCCCCC
Inter_0000000225,"InChI=1S/C21H27NO2/c23-16-12-8-6-4-2-1-3-5-7-9-13-18-17-21(24)19-14-10-11-15-20(19)22-18/h7,9-11,14-17H,1-6,8,12-13H2,(H,22,24)/b9-7+",O=CCCCCCCCC/C=C/Cc1cc(=O)c2ccccc2[nH]1
Inter_0000000226,"InChI=1S/C24H42O21/c25-1-6(30)11(32)19(7(31)2-26)43-23-17(38)14(35)21(9(4-28)41-23)45-24-18(39)15(36)20(10(5-29)42-24)44-22-16(37)13(34)12(33)8(3-27)40-22/h1,6-24,26-39H,2-5H2",O=CC(O)C(O)C(OC1OC(CO)C(OC2OC(CO)C(OC3OC(CO)C(O)C(O)C3O)C(O)C2O)C(O)C1O)C(O)CO
Inter_0000000227,"InChI=1S/C10H15N2O17P3/c13-5-1-3(9(16)17)12(10(18)11-5)8-7(15)6(14)4(27-8)2-26-31(22,23)29-32(24,25)28-30(19,20)21/h1,4,6-8,14-15H,2H2,(H,16,17)(H,22,23)(H,24,25)(H,11,13,18)(H2,19,20,21)",O=C(O)c1cc(O)nc(=O)n1C1OC(COP(=O)(O)OP(=O)(O)OP(=O)(O)O)C(O)C1O
Inter_0000000228,"InChI=1S/C19H25NO2/c21-14-10-6-4-2-1-3-5-7-11-16-15-19(22)17-12-8-9-13-18(17)20-16/h8-9,12-15H,1-7,10-11H2,(H,20,22)",O=CCCCCCCCCCc1cc(=O)c2ccccc2[nH]1
Inter_0000000229,"InChI=1S/C14H8N2O8/c17-10-4-2-6(14(23)24)15-8(4)7-3(12(19)20)1-5(13(21)22)16-9(7)11(10)18/h1-2,15,17-18H,(H,19,20)(H,21,22)(H,23,24)",O=C(O)c1cc(C(=O)O)c2c(n1)c(O)c(O)c1cc(C(=O)O)[nH]c12
Inter_0000000230,"InChI=1S/C21H38NO10P/c23-17(14-20(25)22-19-11-13-31-21(19)26)10-8-6-4-2-1-3-5-7-9-12-30-15-18(24)16-32-33(27,28)29/h17,19,23H,1-16H2,(H,22,25)(H2,27,28,29)/t17?,19-/m0/s1",O=C(COCCCCCCCCCCCC(O)CC(O)=N[C@H]1CCOC1=O)COP(=O)(O)O
Inter_0000000231,"InChI=1S/C31H43N7O16P2S/c1-31(2,26(44)29(45)34-9-8-21(40)33-10-11-57-22(41)7-5-17-4-6-18(39)19(12-17)50-3)14-52-56(48,49)54-55(46,47)51-13-20-24(42)25(43)30(53-20)38-16-37-23-27(32)35-15-36-28(23)38/h4-7,12,15-16,20,24-26,30,39,42-44H,8-11,13-14H2,1-3H3,(H,33,40)(H,34,45)(H,46,47)(H,48,49)(H2,32,35,36)/b7-5+/t20-,24-,25-,26+,30-/m1/s1",COc1cc(/C=C/C(=O)SCCN=C(O)CCN=C(O)[C@H](O)C(C)(C)COP(=O)(O)OP(=O)(O)OC[C@H]2O[C@@H](n3cnc4c(N)ncnc43)[C@H](O)[C@@H]2O)ccc1O
Inter_0000000232,"InChI=1S/C21H37O7P/c1-2-3-4-5-6-7-8-9-10-11-12-13-14-15-16-17-21(23)27-18-20(22)19-28-29(24,25)26/h6-7,9-10H,2-5,8,11-19H2,1H3,(H2,24,25,26)",CCCCCC=CCC=CCCCCCCCC(=O)OCC(=O)COP(=O)(O)O
Inter_0000000233,"InChI=1S/C6H13NO5/c7-1-2(8)4(10)6(12)5(11)3(1)9/h1-6,8-12H,7H2/t1-,2+,3?,4?,5?,6?/m1/s1",N[C@H]1C(O)C(O)C(O)C(O)[C@H]1O
Inter_0000000234,"InChI=1S/C13H14Cl2N2O6/c1-7(18)23-6-10(16-13(20)12(14)15)11(19)8-2-4-9(5-3-8)17(21)22/h2-5,10-12,19H,6H2,1H3,(H,16,20)/t10-,11-/m1/s1",CC(=O)OC[C@@H](N=C(O)C(Cl)Cl)[C@H](O)c1ccc([N+](=O)[O-])cc1
Inter_0000000235,"InChI=1S/C15H26N2O7S/c1-15(2,9-18)13(23)14(24)17-6-5-10(19)16-7-8-25-12(22)4-3-11(20)21/h13,18,23H,3-9H2,1-2H3,(H,16,19)(H,17,24)(H,20,21)",CC(C)(CO)C(O)C(O)=NCCC(O)=NCCSC(=O)CCC(=O)O
Inter_0000000236,"InChI=1S/C13H24N2O5S/c1-9(17)21-7-6-14-10(18)4-5-15-12(20)11(19)13(2,3)8-16/h11,16,19H,4-8H2,1-3H3,(H,14,18)(H,15,20)",CC(=O)SCCN=C(O)CCN=C(O)C(O)C(C)(C)CO
Inter_0000000237,"InChI=1S/C11H19NO8/c1-4(10(16)17)19-9-7(12-5(2)14)11(18)20-6(3-13)8(9)15/h4,6-9,11,13,15,18H,3H2,1-2H3,(H,12,14)(H,16,17)",CC(O)=NC1C(O)OC(CO)C(O)C1OC(C)C(=O)O
Inter_0000000238,"InChI=1S/C15H30N3O8PS/c1-10(16)8-12(20)28-7-6-17-11(19)4-5-18-14(22)13(21)15(2,3)9-26-27(23,24)25/h10,13,21H,4-9,16H2,1-3H3,(H,17,19)(H,18,22)(H2,23,24,25)/t10?,13-/m0/s1",CC(N)CC(=O)SCCN=C(O)CCN=C(O)[C@H](O)C(C)(C)COP(=O)(O)O
Inter_0000000239,"InChI=1S/C16H32N3O8PS/c1-16(2,11-27-28(24,25)26)14(22)15(23)18-7-6-12(20)17-8-9-29-13(21)10-19(3,4)5/h14,22H,6-11H2,1-5H3,(H3-,17,18,20,23,24,25,26)/p+1/t14-/m0/s1",CC(C)(COP(=O)(O)O)[C@@H](O)C(O)=NCCC(O)=NCCSC(=O)C[N+](C)(C)C
Inter_0000000240,"InChI=1S/C21H20O9/c22-8-16-18(25)19(26)20(27)21(30-16)29-12-5-6-13-15(7-12)28-9-14(17(13)24)10-1-3-11(23)4-2-10/h1-7,9,16,18-23,25-27H,8H2",O=c1c(-c2ccc(O)cc2)coc2cc(OC3OC(CO)C(O)C(O)C3O)ccc12
Inter_0000000241,"InChI=1S/C6H13NO5/c7-1-2(8)4(10)6(12)5(11)3(1)9/h1-6,8-12H,7H2/t1?,2-,3-,4?,5?,6?/m1/s1",NC1[C@@H](O)C(O)C(O)C(O)[C@@H]1O
Inter_0000000242,"InChI=1S/C19H25NO3/c21-14-10-6-4-2-1-3-5-7-13-17-19(23)18(22)15-11-8-9-12-16(15)20-17/h8-9,11-12,14,23H,1-7,10,13H2,(H,20,22)",O=CCCCCCCCCCc1[nH]c2ccccc2c(=O)c1O
Inter_0000000243,"InChI=1S/C15H18O7/c16-8-10-12(18)13(19)14(20)15(21-10)22-11(17)7-6-9-4-2-1-3-5-9/h1-7,10,12-16,18-20H,8H2/t10?,12-,13+,14+,15?/m1/s1",O=C(C=Cc1ccccc1)OC1OC(CO)[C@@H](O)[C@H](O)[C@@H]1O
Inter_0000000244,"InChI=1S/C22H31N2O11PS/c1-22(2,13-35-36(32,33)34)19(29)20(30)24-10-9-17(26)23-11-12-37-21(31)15-6-4-3-5-14(15)16(25)7-8-18(27)28/h3-6,19,29H,7-13H2,1-2H3,(H,23,26)(H,24,30)(H,27,28)(H2,32,33,34)/p+1",CC(C)(COP(=O)(O)O)C(O)C(O)=NCCC(O)=[NH+]CCSC(=O)c1ccccc1C(=O)CCC(=O)O
Inter_0000000245,"InChI=1S/C18H28N3O8PS/c1-18(2,11-29-30(26,27)28)15(23)16(24)21-8-7-14(22)20-9-10-31-17(25)12-5-3-4-6-13(12)19/h3-6,15,23H,7-11,19H2,1-2H3,(H,20,22)(H,21,24)(H2,26,27,28)/p+1",CC(C)(COP(=O)(O)O)C(O)C(O)=NCCC(O)=NCCSC(=O)c1ccccc1[NH3+]
Inter_0000000246,"InChI=1S/C6H10O6/c7-1-2(8)4(10)6(12)5(11)3(1)9/h1-5,7-11H/t1?,2?,3?,4-,5-/m0/s1",O=C1[C@@H](O)C(O)C(O)C(O)[C@@H]1O
Inter_0000000247,"InChI=1S/C4H4O5/c5-3(6)1-2(9-1)4(7)8/h1-2H,(H,5,6)(H,7,8)/t1-,2-/m1/s1",O=C(O)[C@@H]1O[C@H]1C(=O)O
Inter_0000000248,"InChI=1S/C6H10O6/c7-1-2(8)4(10)6(12)5(11)3(1)9/h1-5,7-11H/t1?,2-,3+,4-,5+",O=C1[C@@H](O)[C@@H](O)C(O)[C@@H](O)[C@H]1O
Inter_0000000249,"InChI=1S/C6H13O8P/c1-2-3(7)4(8)5(9)6(13-2)14-15(10,11)12/h2-9H,1H3,(H2,10,11,12)",CC1OC(OP(=O)(O)O)C(O)C(O)C1O
Inter_0000000250,"InChI=1S/C10H14N2O14P2/c13-5-1-3(9(16)17)12(10(18)11-5)8-7(15)6(14)4(25-8)2-24-28(22,23)26-27(19,20)21/h1,4,6-8,14-15H,2H2,(H,16,17)(H,22,23)(H,11,13,18)(H2,19,20,21)",O=C(O)c1cc(O)nc(=O)n1C1OC(COP(=O)(O)OP(=O)(O)O)C(O)C1O
Inter_0000000251,"InChI=1S/C16H19NO7/c18-10(5-7-6-17-9-4-2-1-3-8(7)9)24-16-14(22)12(20)11(19)13(21)15(16)23/h1-4,6,11-17,19-23H,5H2/t11-,12-,13?,14?,15?,16?/m1/s1",O=C(Cc1c[nH]c2ccccc12)OC1C(O)C(O)[C@H](O)[C@@H](O)C1O
Inter_0000000252,"InChI=1S/C18H23NO3/c20-13-9-5-3-1-2-4-6-12-16-18(22)17(21)14-10-7-8-11-15(14)19-16/h7-8,10-11,13,22H,1-6,9,12H2,(H,19,21)",O=CCCCCCCCCc1[nH]c2ccccc2c(=O)c1O
Inter_0000000253,"InChI=1S/C36H53N5O13P2/c1-20(11-14-36(6)21(2)9-10-23-24(36)8-7-13-35(23,4)5)12-15-40-18-39-33-28(32(40)37)38-19-41(33)34-31(45)30(44)26(52-34)17-50-55(46,47)54-56(48,49)53-27-16-25(42)29(43)22(3)51-27/h10,12,18-19,21-22,24,26-27,30-31,34,37,44-45H,7-9,11,13-17H2,1-6H3,(H,46,47)(H,48,49)/p+2",CC(=CCn1cnc2c([nH+]cn2C2OC(COP(=O)(O)OP(=O)(O)OC3CC(=O)C(=O)C(C)O3)C(O)C2O)c1=[NH2+])CCC1(C)C(C)CC=C2C1CCCC2(C)C
Inter_0000000254,"InChI=1S/C36H55N5O14P2/c1-19(11-14-36(6)20(2)9-10-22-23(36)8-7-13-35(22,4)5)12-15-40-17-39-32-25(31(40)37)38-18-41(32)33-29(45)27(43)24(53-33)16-51-56(47,48)55-57(49,50)54-34-30(46)28(44)26(42)21(3)52-34/h10,12,17-18,20-21,23-24,27-30,33-34,37,43-46H,7-9,11,13-16H2,1-6H3,(H,47,48)(H,49,50)",CC(=CCn1cnc2c(ncn2C2OC(COP(=O)(O)OP(=O)(O)OC3OC(C)C(=O)C(O)C3O)C(O)C2O)c1=N)CCC1(C)C(C)CC=C2C1CCCC2(C)C
Inter_0000000255,"InChI=1S/C36H57N5O15P2/c1-19(10-13-36(5)20(2)8-9-21-22(36)7-6-12-35(21,3)4)11-14-40-17-39-32-25(31(40)37)38-18-41(32)33-29(46)27(44)24(53-33)16-52-57(48,49)56-58(50,51)55-34-30(47)28(45)26(43)23(15-42)54-34/h9,11,17-18,20,22-24,26-30,33-34,37,42-47H,6-8,10,12-16H2,1-5H3,(H,48,49)(H,50,51)",CC(=CCn1cnc2c(ncn2C2OC(COP(=O)(O)OP(=O)(O)OC3OC(CO)C(O)C(O)C3O)C(O)C2O)c1=N)CCC1(C)C(C)CC=C2C1CCCC2(C)C
Inter_0000000256,"InChI=1S/C30H47N5O10P2/c1-18(10-13-30(5)19(2)8-9-20-21(30)7-6-12-29(20,3)4)11-14-34-16-33-27-23(26(34)31)32-17-35(27)28-25(37)24(36)22(44-28)15-43-47(41,42)45-46(38,39)40/h9,11,16-17,19,21-22,24-25,28,31,36-37H,6-8,10,12-15H2,1-5H3,(H,41,42)(H2,38,39,40)/p+5",CC(=CC[NH+]1C=[NH+]C2=C([NH+]=C[NH+]2C2OC(COP(=O)(O)OP(=O)(O)O)C(O)C2O)C1=[NH2+])CCC1(C)C(C)CC=C2C1CCCC2(C)C
Inter_0000000257,"InChI=1S/C25H44NO9P/c27-22(21-35-36(30,31)32)20-33-18-15-13-11-9-7-5-3-1-2-4-6-8-10-12-14-16-24(28)26-23-17-19-34-25(23)29/h14,16,23H,1-13,15,17-21H2,(H,26,28)(H2,30,31,32)/b16-14+/t23-/m0/s1",O=C(COCCCCCCCCCCCCCCC/C=C/C(O)=N[C@H]1CCOC1=O)COP(=O)(O)O
Inter_0000000258,"InChI=1S/C21H20O10/c22-7-15-18(26)19(27)20(28)21(31-15)30-11-5-13(24)16-14(6-11)29-8-12(17(16)25)9-1-3-10(23)4-2-9/h1-6,8,15,18-24,26-28H,7H2",O=c1c(-c2ccc(O)cc2)coc2cc(OC3OC(CO)C(O)C(O)C3O)cc(O)c12
Inter_0000000259,"InChI=1S/C30H47N5O10P2/c1-18(10-13-30(5)19(2)8-9-20-21(30)7-6-12-29(20,3)4)11-14-34-16-33-27-23(26(34)31)32-17-35(27)28-25(37)24(36)22(44-28)15-43-47(41,42)45-46(38,39)40/h9,11,16-17,19,21-22,24-25,28,31,36-37H,6-8,10,12-15H2,1-5H3,(H,41,42)(H2,38,39,40)/t19?,21?,22-,24-,25-,28-,30?/m1/s1",CC(=CCn1cnc2c(ncn2[C@@H]2O[C@H](COP(=O)(O)OP(=O)(O)O)[C@@H](O)[C@H]2O)c1=N)CCC1(C)C(C)CC=C2C1CCCC2(C)C
Inter_0000000260,"InChI=1S/C15H18O7/c16-8-10-12(18)13(19)14(20)15(21-10)22-11(17)7-6-9-4-2-1-3-5-9/h1-7,10,12-16,18-20H,8H2/t10-,12-,13+,14-,15?/m1/s1",O=C(C=Cc1ccccc1)OC1O[C@H](CO)[C@@H](O)[C@H](O)[C@H]1O
Inter_0000000261,"InChI=1S/C11H13N5O2/c12-11-14-9-8(10(18)15-11)13-5-16(9)7-2-1-6(3-7)4-17/h1-2,5-7,17H,3-4H2,(H3,12,14,15,18)",N=c1nc(O)c2ncn(C3C=CC(CO)C3)c2[nH]1
Inter_0000000262,"InChI=1S/C27H30O15/c28-8-17-19(32)21(34)23(36)26(41-17)39-15-6-12(31)5-14-13(15)7-16(25(38-14)10-1-3-11(30)4-2-10)40-27-24(37)22(35)20(33)18(9-29)42-27/h1-7,17-24,26-29,32-37H,8-9H2,(H-,30,31)/p+1",OCC1OC(Oc2cc3c(OC4OC(CO)C(O)C(O)C4O)cc(O)cc3[o+]c2-c2ccc(O)cc2)C(O)C(O)C1O
Inter_0000000263,"InChI=1S/C12H20O2/c1-8(13)14-10-7-9-5-6-12(10,4)11(9,2)3/h9-10H,5-7H2,1-4H3",CC(=O)OC1CC2CCC1(C)C2(C)C
Inter_0000000264,"InChI=1S/C10H14N4O9P2/c15-7-1-9(14-5-13-6-2-11-4-12-10(6)14)22-8(7)3-21-25(19,20)23-24(16,17)18/h2,4-5,7-9,15H,1,3H2,(H,19,20)(H2,16,17,18)",O=P(O)(O)OP(=O)(O)OCC1OC(n2cnc3cncnc32)CC1O
Inter_0000000265,"InChI=1S/C9H14N2O11P2/c12-5-3-8(11-2-1-7(13)10-9(11)14)21-6(5)4-20-24(18,19)22-23(15,16)17/h1-2,5-6,8,12H,3-4H2,(H,18,19)(H,10,13,14)(H2,15,16,17)",O=c1nc(O)ccn1C1CC(O)C(COP(=O)(O)OP(=O)(O)O)O1
Inter_0000000266,"InChI=1S/C25H46NO9P/c27-22(21-35-36(30,31)32)20-33-18-15-13-11-9-7-5-3-1-2-4-6-8-10-12-14-16-24(28)26-23-17-19-34-25(23)29/h23H,1-21H2,(H,26,28)(H2,30,31,32)",O=C(COCCCCCCCCCCCCCCCCCC(O)=NC1CCOC1=O)COP(=O)(O)O
Inter_0000000267,"InChI=1S/C27H35N9O15P2/c1-10-3-12-13(4-11(10)2)35(24-18(32-12)25(42)34-27(43)33-24)5-14(37)19(39)15(38)6-48-52(44,45)51-53(46,47)49-7-16-20(40)21(41)26(50-16)36-9-31-17-22(28)29-8-30-23(17)36/h3-4,8-9,14-16,19-21,26,32,37-41H,5-7H2,1-2H3,(H,44,45)(H,46,47)(H2,28,29,30)(H2,33,34,42,43)/p+2",Cc1cc2c(cc1C)N(CC(O)C(O)C(O)COP(=O)(O)OP(=O)(O)OCC1OC(n3cnc4c([NH3+])[nH+]cnc43)C(O)C1O)c1nc(O)nc(O)c1N2
Inter_0000000268,"InChI=1S/C27H33N9O15P2/c1-10-3-12-13(4-11(10)2)35(24-18(32-12)25(42)34-27(43)33-24)5-14(37)19(39)15(38)6-48-52(44,45)51-53(46,47)49-7-16-20(40)21(41)26(50-16)36-9-31-17-22(28)29-8-30-23(17)36/h3-4,8-9,14-16,19-21,26,37-41H,5-7H2,1-2H3,(H5,28,29,30,34,42,43,44,45,46,47)/p+2",Cc1cc2nc3c(O)nc(=O)nc-3n(CC(O)C(O)C(O)COP(=O)(O)OP(=O)(O)OCC3OC([n+]4c[nH]c5c([NH3+])ncnc54)C(O)C3O)c2cc1C
Inter_0000000269,"InChI=1S/C27H33N9O15P2/c1-10-3-12-13(4-11(10)2)35(24-18(32-12)25(42)34-27(43)33-24)5-14(37)19(39)15(38)6-48-52(44,45)51-53(46,47)49-7-16-20(40)21(41)26(50-16)36-9-31-17-22(28)29-8-30-23(17)36/h3-4,8-9,14-16,19-21,26,37-41H,5-7H2,1-2H3,(H,44,45)(H,46,47)(H2,28,29,30)(H,34,42,43)/p+2",Cc1cc2nc3c(O)nc(=O)nc-3n(CC(O)C(O)C(O)COP(=O)(O)OP(=O)(O)OCC3OC(n4cnc5c([NH3+])[nH+]cnc54)C(O)C3O)c2cc1C
Inter_0000000270,"InChI=1S/C16H30O3/c1-2-3-4-5-6-7-8-9-10-11-12-13-15(17)14-16(18)19/h2-14H2,1H3,(H,18,19)",CCCCCCCCCCCCCC(=O)CC(=O)O
Inter_0000000271,"InChI=1S/C22H37NO3/c1-2-3-4-5-6-7-8-9-10-11-12-13-22(26)23-17-16-19-14-15-20(24)21(25)18-19/h14-15,18,24-25H,2-13,16-17H2,1H3,(H,23,26)",CCCCCCCCCCCCCC(O)=NCCc1ccc(O)c(O)c1
Inter_0000000272,"InChI=1S/C18H29NO3/c1-2-3-4-5-6-7-8-9-18(22)19-13-12-15-10-11-16(20)17(21)14-15/h10-11,14,20-21H,2-9,12-13H2,1H3,(H,19,22)",CCCCCCCCCC(O)=NCCc1ccc(O)c(O)c1
Inter_0000000273,"InChI=1S/C21H30NO8P/c23-16(15-30-31(26,27)28)14-29-13-9-5-3-1-2-4-6-12-19-21(25)20(24)17-10-7-8-11-18(17)22-19/h7-8,10-11,25H,1-6,9,12-15H2,(H,22,24)(H2,26,27,28)",O=C(COCCCCCCCCCc1[nH]c2ccccc2c(=O)c1O)COP(=O)(O)O
Inter_0000000274,"InChI=1S/C16H29N2O14P/c1-5(20)17-9-13(24)14(7(3-19)30-15(9)25)32-16-10(18-6(2)21)12(23)11(22)8(31-16)4-29-33(26,27)28/h7-16,19,22-25H,3-4H2,1-2H3,(H,17,20)(H,18,21)(H2,26,27,28)/t7-,8-,9-,10-,11-,12-,13-,14-,15?,16-/m1/s1",CC(O)=N[C@H]1[C@@H](O[C@H]2[C@H](O)[C@@H](N=C(C)O)C(O)O[C@@H]2CO)O[C@H](COP(=O)(O)O)[C@@H](O)[C@@H]1O
Inter_0000000275,"InChI=1S/C30H41N7O15P2S/c1-30(2,25(43)28(44)33-10-9-20(39)32-11-12-55-21(40)8-5-17-3-6-18(38)7-4-17)14-50-54(47,48)52-53(45,46)49-13-19-23(41)24(42)29(51-19)37-16-36-22-26(31)34-15-35-27(22)37/h3-8,15-16,19,23-25,29,38,41-43H,9-14H2,1-2H3,(H,32,39)(H,33,44)(H,45,46)(H,47,48)(H2,31,34,35)/b8-5+/t19-,23-,24-,25+,29-/m1/s1",CC(C)(COP(=O)(O)OP(=O)(O)OC[C@H]1O[C@@H](n2cnc3c(N)ncnc32)[C@H](O)[C@@H]1O)[C@@H](O)C(O)=NCCC(O)=NCCSC(=O)/C=C/c1ccc(O)cc1
Inter_0000000276,"InChI=1S/C9H13N5O3/c1-3(15)6(16)4-2-11-7-5(12-4)8(17)14-9(10)13-7/h3-4,6,15-16H,2H2,1H3,(H3,10,11,13,14,17)",CC(O)C(O)C1CN=c2[nH]c(=N)nc(O)c2=N1
Inter_0000000277,"InChI=1S/C19H23N7O6/c20-19-25-15-14(17(30)26-19)23-11(8-22-15)7-21-10-3-1-9(2-4-10)16(29)24-12(18(31)32)5-6-13(27)28/h1-4,11-12,21,23H,5-8H2,(H,24,29)(H,27,28)(H,31,32)(H4,20,22,25,26,30)",N=c1nc(O)c2c([nH]1)NCC(CNc1ccc(C(=O)NC(CCC(=O)O)C(=O)O)cc1)N2
Inter_0000000278,"InChI=1S/C11H22O16P2/c12-1-3-5(13)7(15)9(17)11(25-3)26-29(21,22)27-28(19,20)23-2-4-6(14)8(16)10(18)24-4/h3-18H,1-2H2,(H,19,20)(H,21,22)",O=P(O)(OCC1OC(O)C(O)C1O)OP(=O)(O)OC1OC(CO)C(O)C(O)C1O
Inter_0000000279,"InChI=1S/C21H30NO8P/c23-18(16-30-31(26,27)28)15-29-13-9-5-3-1-2-4-6-10-17-14-21(24)19-11-7-8-12-20(19)22(17)25/h7-8,11-12,14,24H,1-6,9-10,13,15-16H2,(H2,26,27,28)",O=C(COCCCCCCCCCc1cc(O)c2ccccc2[n+]1[O-])COP(=O)(O)O
Inter_0000000280,"InChI=1S/C20H28NO7P/c22-17(15-28-29(24,25)26)14-27-12-8-4-2-1-3-5-9-16-13-20(23)18-10-6-7-11-19(18)21-16/h6-7,10-11,13H,1-5,8-9,12,14-15H2,(H,21,23)(H2,24,25,26)",O=C(COCCCCCCCCc1cc(=O)c2ccccc2[nH]1)COP(=O)(O)O
Inter_0000000281,"InChI=1S/C10H18O3/c1-2-3-4-5-6-7-9(11)8-10(12)13/h2-8H2,1H3,(H,12,13)",CCCCCCCC(=O)CC(=O)O
Inter_0000000282,"InChI=1S/C15H24N2O16P2/c18-4-7-11(21)12(22)13(23)14(31-7)32-35(27,28)33-34(25,26)29-5-8-6(19)3-10(30-8)17-2-1-9(20)16-15(17)24/h1-2,6-8,10-14,18-19,21-23H,3-5H2,(H,25,26)(H,27,28)(H,16,20,24)",O=c1nc(O)ccn1C1CC(O)C(COP(=O)(O)OP(=O)(O)OC2OC(CO)C(O)C(O)C2O)O1
Inter_0000000283,"InChI=1S/C20H28NO8P/c22-17(15-29-30(25,26)27)14-28-12-8-4-2-1-3-5-9-16-13-20(23)18-10-6-7-11-19(18)21(16)24/h6-7,10-11,13,23H,1-5,8-9,12,14-15H2,(H2,25,26,27)",O=C(COCCCCCCCCc1cc(O)c2ccccc2[n+]1[O-])COP(=O)(O)O
Inter_0000000284,"InChI=1S/C7H14O6/c1-13-7-5(11)3(9)2(8)4(10)6(7)12/h2-12H,1H3",COC1C(O)C(O)C(O)C(O)C1O
Inter_0000000285,"InChI=1S/C12H22O11/c13-1-2-3(14)4(15)10(21)12(22-2)23-11-8(19)6(17)5(16)7(18)9(11)20/h2-21H,1H2",OCC1OC(OC2C(O)C(O)C(O)C(O)C2O)C(O)C(O)C1O
Inter_0000000286,"InChI=1S/C6H16NO/c1-6(8)5-7(2,3)4/h6,8H,5H2,1-4H3/q+1/t6-/m1/s1",C[C@@H](O)C[N+](C)(C)C
Inter_0000000287,"InChI=1S/C20H42O7P2/c1-17(2)9-6-10-18(3)11-7-12-19(4)13-8-14-20(5)15-16-26-29(24,25)27-28(21,22)23/h15,17-19H,6-14,16H2,1-5H3,(H,24,25)(H2,21,22,23)/p+2",CC(=CCOP(=O)(O)OP(=O)([OH2+])[OH2+])CCCC(C)CCCC(C)CCCC(C)C
Inter_0000000288,"InChI=1S/C42H80NO8P/c1-6-8-10-12-14-16-18-20-21-23-25-27-29-31-33-35-42(45)51-40(39-50-52(46,47)49-37-36-43(3,4)5)38-48-41(44)34-32-30-28-26-24-22-19-17-15-13-11-9-7-2/h14,16,20-21,40H,6-13,15,17-19,22-39H2,1-5H3/p+1",CCCCCC=CCC=CCCCCCCCC(=O)OC(COC(=O)CCCCCCCCCCCCCCC)COP(=O)(O)OCC[N+](C)(C)C
Inter_0000000289,"InChI=1S/C10H12N4O4/c15-2-6-7(16)8(17)10(18-6)14-4-13-5-1-11-3-12-9(5)14/h1,3-4,6-8,10,15-17H,2H2",OCC1OC(n2cnc3cncnc32)C(O)C1O
Inter_0000000290,"InChI=1S/C10H14N4O11P2/c15-6-4(1-23-27(21,22)25-26(18,19)20)24-10(7(6)16)14-3-13-5-8(14)11-2-12-9(5)17/h2-4,6-7,10,15-16H,1H2,(H,21,22)(H,11,12,17)(H2,18,19,20)",O=P(O)(O)OP(=O)(O)OCC1OC(n2cnc3c(O)ncnc32)C(O)C1O
Inter_0000000291,"InChI=1S/C10H20O15P2/c11-5-3(23-9(15)7(5)13)1-21-26(17,18)25-27(19,20)22-2-4-6(12)8(14)10(16)24-4/h3-16H,1-2H2,(H,17,18)(H,19,20)/t3-,4-,5-,6-,7-,8-,9-,10-/m1/s1",O=P(O)(OC[C@H]1O[C@@H](O)[C@H](O)[C@@H]1O)OP(=O)(O)OC[C@H]1O[C@@H](O)[C@H](O)[C@@H]1O
Inter_0000000292,"InChI=1S/C21H29N7O14P2/c22-17-12-19(25-7-24-17)28(8-26-12)21-16(32)14(30)11(41-21)6-39-44(36,37)42-43(34,35)38-5-10-13(29)15(31)20(40-10)27-3-1-2-9(4-27)18(23)33/h1-3,7-8,10-11,13-16,20-21,29-32H,4-6H2,(H2,23,33)(H,34,35)(H,36,37)(H2,22,24,25)/p+1",NC(=O)C1=CC=CN(C2OC(COP(=O)(O)OP(=O)(O)OCC3OC(n4cnc5c([NH3+])ncnc54)C(O)C3O)C(O)C2O)C1
Inter_0000000293,"InChI=1S/C11H15N2O8P/c12-10(16)6-2-1-3-13(4-6)11-9(15)8(14)7(21-11)5-20-22(17,18)19/h1-4,7-9,11,14-15H,5H2,(H3-,12,16,17,18,19)",N=C(O)c1ccc[n+](C2OC(COP(=O)([O-])O)C(O)C2O)c1
Inter_0000000294,"InChI=1S/C30H47N5O10P2/c1-18(10-13-30(5)19(2)8-9-20-21(30)7-6-12-29(20,3)4)11-14-34-16-33-27-23(26(34)31)32-17-35(27)28-25(37)24(36)22(44-28)15-43-47(41,42)45-46(38,39)40/h9,11,16-17,19,21-22,24-25,28,31,36-37H,6-8,10,12-15H2,1-5H3,(H,41,42)(H2,38,39,40)/p+2",CC(=CCn1cnc2c([nH+]cn2C2OC(COP(=O)(O)OP(=O)(O)O)C(O)C2O)c1=[NH2+])CCC1(C)C(C)CC=C2C1CCCC2(C)C
Inter_0000000295,"InChI=1S/C20H28NO8P/c22-15(14-29-30(25,26)27)13-28-12-8-4-2-1-3-5-11-18-20(24)19(23)16-9-6-7-10-17(16)21-18/h6-7,9-10,24H,1-5,8,11-14H2,(H,21,23)(H2,25,26,27)",O=C(COCCCCCCCCc1[nH]c2ccccc2c(=O)c1O)COP(=O)(O)O
Inter_0000000296,"InChI=1S/C20H36O7P2/c1-15(11-14-26-29(24,25)27-28(21,22)23)10-13-20(5)16(2)8-9-17-18(20)7-6-12-19(17,3)4/h9,11,16,18H,6-8,10,12-14H2,1-5H3,(H,24,25)(H2,21,22,23)",CC(=CCOP(=O)(O)OP(=O)(O)O)CCC1(C)C(C)CC=C2C1CCCC2(C)C
Inter_0000000297,"InChI=1S/C11H22N2O4S/c1-11(2,7-14)9(16)10(17)13-4-3-8(15)12-5-6-18/h9,14,16,18H,3-7H2,1-2H3,(H,12,15)(H,13,17)",CC(C)(CO)C(O)C(O)=NCCC(O)=NCCS
Inter_0000000298,"InChI=1S/C17H28N2O15P2/c1-7-5-19(16(25)18-14(7)24)10-4-8(20)9(31-10)6-30-35(26,27)34-36(28,29)33-15-12(22)11(21)13(23)17(2,3)32-15/h5,8-13,15,20-23H,4,6H2,1-3H3,(H,26,27)(H,28,29)(H,18,24,25)/t8?,9?,10?,11-,12+,13+,15-/m0/s1",Cc1cn(C2CC(O)C(COP(=O)(O)OP(=O)(O)O[C@@H]3OC(C)(C)[C@H](O)[C@@H](O)[C@H]3O)O2)c(=O)nc1O
Inter_0000000299,"InChI=1S/C12H14O3/c1-8(2)3-4-9-7-10(12(14)15)5-6-11(9)13/h3,5-7,13H,4H2,1-2H3,(H,14,15)",CC(C)=CCc1cc(C(=O)O)ccc1O
Inter_0000000300,"InChI=1S/C17H14N2O7/c1-6-9(16(23)24)5-18-11(6)15(22)19-12-13(21)8-3-4-10(20)7(2)14(8)26-17(12)25/h3-5,18,20-21H,1-2H3,(H,19,22)(H,23,24)",Cc1c(C(=O)O)c[nH]c1C(O)=Nc1c(O)c2ccc(O)c(C)c2oc1=O
Inter_0000000301,"InChI=1S/C27H21N3O10/c1-9-14(24(35)29-18-20(33)12-4-6-15(31)10(2)22(12)39-26(18)37)8-28-17(9)25(36)30-19-21(34)13-5-7-16(32)11(3)23(13)40-27(19)38/h4-8,28,31-34H,1-3H3,(H,29,35)(H,30,36)",Cc1c(C(O)=Nc2c(O)c3ccc(O)c(C)c3oc2=O)c[nH]c1C(O)=Nc1c(O)c2ccc(O)c(C)c2oc1=O
Inter_0000000302,"InChI=1S/C10H14N4O10P2/c15-7-6(2-22-26(20,21)24-25(17,18)19)23-10(8(7)16)14-4-13-5-1-11-3-12-9(5)14/h1,3-4,6-8,10,15-16H,2H2,(H,20,21)(H2,17,18,19)",O=P(O)(O)OP(=O)(O)OCC1OC(n2cnc3cncnc32)C(O)C1O
Inter_0000000303,"InChI=1S/C19H38NO8P/c20-18(14-21)19(23)12-10-8-6-4-2-1-3-5-7-9-11-13-27-15-17(22)16-28-29(24,25)26/h18,21H,1-16,20H2,(H2,24,25,26)/t18-/m0/s1",N[C@@H](CO)C(=O)CCCCCCCCCCCCCOCC(=O)COP(=O)(O)O
Inter_0000000304,"InChI=1S/C16H25N5O14P2/c1-6-16(26,3-22)11(25)15(32-6)34-37(29,30)35-36(27,28)31-2-7-9(23)10(24)14(33-7)21-5-20-8-12(17)18-4-19-13(8)21/h4-7,9-11,14-15,22-26H,2-3H2,1H3,(H,27,28)(H,29,30)(H2,17,18,19)/t6?,7-,9-,10-,11?,14-,15?,16?/m1/s1",CC1OC(OP(=O)(O)OP(=O)(O)OC[C@H]2O[C@@H](n3cnc4c(N)ncnc43)[C@H](O)[C@@H]2O)C(O)C1(O)CO
Inter_0000000305,"InChI=1S/C7H13N3O5/c8-7(9)10-1-2(11)4(13)6(15)5(14)3(1)12/h1-4,6,11-13,15H,(H4,8,9,10)",N=C(N)NC1C(O)C(=O)C(O)C(O)C1O
Inter_0000000306,"InChI=1S/C17H30NO9P/c19-14(13-27-28(22,23)24)12-25-10-7-5-3-1-2-4-6-8-16(20)18-15-9-11-26-17(15)21/h15H,1-13H2,(H,18,20)(H2,22,23,24)/t15-/m0/s1",O=C(COCCCCCCCCCC(O)=N[C@H]1CCOC1=O)COP(=O)(O)O
Inter_0000000307,"InChI=1S/C15H27O9P/c16-13(10-15(18)19)8-6-4-2-1-3-5-7-9-23-11-14(17)12-24-25(20,21)22/h1-12H2,(H,18,19)(H2,20,21,22)",O=C(O)CC(=O)CCCCCCCCCOCC(=O)COP(=O)(O)O
Inter_0000000308,"InChI=1S/C6H11O8P/c1-3(7)5(9)6(10)4(8)2-14-15(11,12)13/h5-6,9-10H,2H2,1H3,(H2,11,12,13)",CC(=O)C(O)C(O)C(=O)COP(=O)(O)O
Inter_0000000309,"InChI=1S/C22H36N4O14P2S/c1-22(2,18(30)20(32)25-6-5-15(27)24-7-9-43)12-38-42(35,36)40-41(33,34)37-11-14-16(28)17(29)21(39-14)26-8-3-4-13(10-26)19(23)31/h3-4,8,10,14,16-18,21,28-30H,5-7,9,11-12H2,1-2H3,(H6-,23,24,25,27,31,32,33,34,35,36,43)/p+2/t14?,16?,17?,18-,21?/m0/s1",CC(C)(COP(=O)(O)OP(=O)(O)OCC1OC([n+]2cccc(C(=[NH2+])O)c2)C(O)C1O)[C@@H](O)C(O)=NCCC(O)=NCCS
Inter_0000000310,"InChI=1S/C21H20O12/c22-6-15-17(28)18(29)19(30)21(33-15)32-14-5-9-10(24)3-8(23)4-13(9)31-20(14)7-1-11(25)16(27)12(26)2-7/h1-5,15,17-19,21-22,28-30H,6H2,(H4-,23,24,25,26,27)/p+1",OCC1OC(Oc2cc3c(O)cc(O)cc3[o+]c2-c2cc(O)c(O)c(O)c2)C(O)C(O)C1O
Inter_0000000311,"InChI=1S/C21H20O11/c22-7-16-17(27)18(28)19(29)21(32-16)31-15-6-10-12(25)4-9(23)5-14(10)30-20(15)8-1-2-11(24)13(26)3-8/h1-6,16-19,21-22,27-29H,7H2,(H3-,23,24,25,26)/p+1",OCC1OC(Oc2cc3c(O)cc(O)cc3[o+]c2-c2ccc(O)c(O)c2)C(O)C(O)C1O
Inter_0000000312,"InChI=1S/C28H32O14/c1-36-16-9-14(10-17(37-2)23(16)32)5-7-21(30)41-27-26(35)25(34)20(13-29)40-28(27)42-22(31)8-6-15-11-18(38-3)24(33)19(12-15)39-4/h5-12,20,25-29,32-35H,13H2,1-4H3",COc1cc(C=CC(=O)OC2OC(CO)C(O)C(O)C2OC(=O)C=Cc2cc(OC)c(O)c(OC)c2)cc(OC)c1O
Inter_0000000313,"InChI=1S/C16H23NO5/c1-17(2,3)8-9-22-15(18)7-6-12-10-13(20-4)16(19)14(11-12)21-5/h6-7,10-11H,8-9H2,1-5H3/p+1",COc1cc(C=CC(=O)OCC[N+](C)(C)C)cc(OC)c1O
Inter_0000000314,"InChI=1S/C15H16O9/c1-22-10-5-8(3-4-12(17)18)6-11(23-2)14(10)24-15(21)9(16)7-13(19)20/h3-6,9,16H,7H2,1-2H3,(H,17,18)(H,19,20)",COc1cc(C=CC(=O)O)cc(OC)c1OC(=O)C(O)CC(=O)O
Inter_0000000315,"InChI=1S/C6H14NO8P/c7-1-2(8)4(10)6(5(11)3(1)9)15-16(12,13)14/h1-6,8-11H,7H2,(H2,12,13,14)",NC1C(O)C(O)C(OP(=O)(O)O)C(O)C1O
Inter_0000000316,"InChI=1S/C7H17N4O7P/c8-1-3(12)2(11-7(9)10)6(5(14)4(1)13)18-19(15,16)17/h1-6,12-14H,8H2,(H4,9,10,11)(H2,15,16,17)",N=C(N)NC1C(O)C(N)C(O)C(O)C1OP(=O)(O)O
Inter_0000000317,"InChI=1S/C18H30O/c1-2-3-4-5-6-7-8-9-10-11-12-13-14-15-16-17-18-19/h6-7,9-10,12-13,18H,2-5,8,11,14-17H2,1H3/b7-6-,10-9-,13-12?",CCCCC/C=C\C/C=C\CC=CCCCCC=O
Inter_0000000318,"InChI=1S/C18H23NO4/c1-3-22-18(21)16-14-10-9-13(19(14)2)11-15(16)23-17(20)12-7-5-4-6-8-12/h4-8,13-16H,3,9-11H2,1-2H3",CCOC(=O)C1C(OC(=O)c2ccccc2)CC2CCC1N2C
Inter_0000000319,"InChI=1S/C10H13N4O8PS/c15-5-3(1-21-23(18,19)20)22-9(6(5)16)14-2-11-4-7(14)12-10(17)13-8(4)24/h2-3,5-6,9,15-16H,1H2,(H2,18,19,20)(H2,12,13,17,24)",O=P(O)(O)OCC1OC(n2cnc3c(S)nc(O)nc32)C(O)C1O
Inter_0000000320,"InChI=1S/C45H62N6O12/c1-21-36-24(10-13-32(56)57)41(3,4)28(49-36)18-27-23(9-12-31(54)55)43(6,19-29(46)52)39(48-27)22(2)37-25(11-14-33(58)59)44(7,20-30(47)53)45(8,51-37)40-26(17-35(62)63)42(5,38(21)50-40)16-15-34(60)61/h18,23-26,40,51H,9-17,19-20H2,1-8H3,(H2,46,52)(H2,47,53)(H,54,55)(H,56,57)(H,58,59)(H,60,61)(H,62,63)",CC1=C2N=C(C=C3N=C(C(C)=C4NC(C)(C5N=C1C(C)(CCC(=O)O)C5CC(=O)O)C(C)(CC(=N)O)C4CCC(=O)O)C(C)(CC(=N)O)C3CCC(=O)O)C(C)(C)C2CCC(=O)O
Inter_0000000321,"InChI=1S/C45H60N4O14/c1-21-36-24(10-13-30(52)53)41(3,4)28(47-36)18-27-23(9-12-29(50)51)43(6,19-34(60)61)39(46-27)22(2)37-25(11-14-31(54)55)44(7,20-35(62)63)45(8,49-37)40-26(17-33(58)59)42(5,38(21)48-40)16-15-32(56)57/h18,23-26,40,49H,9-17,19-20H2,1-8H3,(H,50,51)(H,52,53)(H,54,55)(H,56,57)(H,58,59)(H,60,61)(H,62,63)",CC1=C2N=C(C=C3N=C(C(C)=C4NC(C)(C5N=C1C(C)(CCC(=O)O)C5CC(=O)O)C(C)(CC(=O)O)C4CCC(=O)O)C(C)(CC(=O)O)C3CCC(=O)O)C(C)(C)C2CCC(=O)O
Inter_0000000322,"InChI=1S/C10H13N4O9P/c15-5-3(1-22-24(19,20)21)23-9(6(5)16)14-2-11-4-7(14)12-10(18)13-8(4)17/h2-3,5-6,9,15-16H,1H2,(H2,19,20,21)(H2,12,13,17,18)",O=P(O)(O)OCC1OC(n2cnc3c(O)nc(O)nc32)C(O)C1O
Inter_0000000323,"InChI=1S/C8H15N2O9P/c11-3-9-1-5(12)10-8-7(14)6(13)4(19-8)2-18-20(15,16)17/h3-4,6-8,13-14H,1-2H2,(H,9,11)(H,10,12)(H2,15,16,17)",O=P(O)(O)OCC1OC(N=C(O)CN=CO)C(O)C1O
Inter_0000000324,"InChI=1S/C45H61N5O13/c1-21-36-24(10-13-31(54)55)41(3,4)28(48-36)18-27-23(9-12-30(52)53)43(6,19-29(46)51)39(47-27)22(2)37-25(11-14-32(56)57)44(7,20-35(62)63)45(8,50-37)40-26(17-34(60)61)42(5,38(21)49-40)16-15-33(58)59/h18,23-26,40,50H,9-17,19-20H2,1-8H3,(H2,46,51)(H,52,53)(H,54,55)(H,56,57)(H,58,59)(H,60,61)(H,62,63)",CC1=C2N=C(C=C3N=C(C(C)=C4NC(C)(C5N=C1C(C)(CCC(=O)O)C5CC(=O)O)C(C)(CC(=O)O)C4CCC(=O)O)C(C)(CC(=N)O)C3CCC(=O)O)C(C)(C)C2CCC(=O)O
Inter_0000000325,"InChI=1S/C12H20N4O6/c1-6(17)15-7(2-4-9(13)18)11(20)16-8(12(21)22)3-5-10(14)19/h7-8H,2-5H2,1H3,(H2,13,18)(H2,14,19)(H,15,17)(H,16,20)(H,21,22)",CC(O)=NC(CCC(=N)O)C(O)=NC(CCC(=N)O)C(=O)O
Inter_0000000326,"InChI=1S/C7H10N2O5/c8-4(7(13)14)3-9-5(10)1-2-6(11)12/h1-2,4H,3,8H2,(H,9,10)(H,11,12)(H,13,14)",NC(CN=C(O)C=CC(=O)O)C(=O)O
Inter_0000000327,"InChI=1S/C13H8N2O2/c16-13(17)8-4-3-7-11-12(8)15-10-6-2-1-5-9(10)14-11/h1-7H,(H,16,17)",O=C(O)c1cccc2nc3ccccc3nc12
Inter_0000000328,"InChI=1S/C5H10N2O3S/c6-3(2-11)5(10)7-1-4(8)9/h3,11H,1-2,6H2,(H,7,10)(H,8,9)",NC(CS)C(O)=NCC(=O)O
Inter_0000000329,"InChI=1S/C21H20O12/c22-6-13-15(27)17(29)18(30)21(32-13)33-20-16(28)14-11(26)4-8(23)5-12(14)31-19(20)7-1-2-9(24)10(25)3-7/h1-5,13,15,17-18,21-27,29-30H,6H2",O=c1c(OC2OC(CO)C(O)C(O)C2O)c(-c2ccc(O)c(O)c2)oc2cc(O)cc(O)c12
Inter_0000000330,"InChI=1S/C26H52NO7P/c1-5-6-7-8-9-10-11-12-13-14-15-16-17-18-19-20-26(29)32-23-25(28)24-34-35(30,31)33-22-21-27(2,3)4/h12-13,25,28H,5-11,14-24H2,1-4H3/p+1",CCCCCCCCC=CCCCCCCCC(=O)OCC(O)COP(=O)(O)OCC[N+](C)(C)C
Inter_0000000331,"InChI=1S/C42H82NO8P/c1-6-8-10-12-14-16-18-20-21-23-25-27-29-31-33-35-42(45)51-40(39-50-52(46,47)49-37-36-43(3,4)5)38-48-41(44)34-32-30-28-26-24-22-19-17-15-13-11-9-7-2/h20-21,40H,6-19,22-39H2,1-5H3/p+1",CCCCCCCCC=CCCCCCCCC(=O)OC(COC(=O)CCCCCCCCCCCCCCC)COP(=O)(O)OCC[N+](C)(C)C
Inter_0000000332,"InChI=1S/C23H42NO10P/c25-19(16-22(27)24-21-13-15-33-23(21)28)12-10-8-6-4-2-1-3-5-7-9-11-14-32-17-20(26)18-34-35(29,30)31/h19,21,25H,1-18H2,(H,24,27)(H2,29,30,31)",O=C(COCCCCCCCCCCCCCC(O)CC(O)=NC1CCOC1=O)COP(=O)(O)O
Inter_0000000333,"InChI=1S/C26H50NO10P/c1-27(2,3)20-24(19-25(29)30)37-26(31)17-15-13-11-9-7-5-4-6-8-10-12-14-16-18-35-21-23(28)22-36-38(32,33)34/h24H,4-22H2,1-3H3,(H2-,29,30,32,33,34)/p+1/t24-/m1/s1",C[N+](C)(C)C[C@@H](CC(=O)O)OC(=O)CCCCCCCCCCCCCCCOCC(=O)COP(=O)(O)O
Inter_0000000334,"InChI=1S/C21H30NO7P/c23-18(16-29-30(25,26)27)15-28-13-9-5-3-1-2-4-6-10-17-14-21(24)19-11-7-8-12-20(19)22-17/h7-8,11-12,14H,1-6,9-10,13,15-16H2,(H,22,24)(H2,25,26,27)",O=C(COCCCCCCCCCc1cc(=O)c2ccccc2[nH]1)COP(=O)(O)O
Inter_0000000335,"InChI=1S/C17H33NO5/c1-5-6-7-8-9-10-14(19)13-17(22)23-15(18(2,3)4)11-12-16(20)21/h14-15,19H,5-13H2,1-4H3/p+1",CCCCCCCC(O)CC(=O)OC(CCC(=O)O)[N+](C)(C)C
Inter_0000000336,"InChI=1S/C19H37NO5/c1-5-6-7-8-9-10-11-12-16(21)13-19(24)25-17(14-18(22)23)15-20(2,3)4/h16-17,21H,5-15H2,1-4H3/p+1/t16?,17-/m1/s1",CCCCCCCCCC(O)CC(=O)O[C@H](CC(=O)O)C[N+](C)(C)C
Inter_0000000337,"InChI=1S/C21H41NO5/c1-5-6-7-8-9-10-11-12-13-14-18(23)15-21(26)27-19(16-20(24)25)17-22(2,3)4/h18-19,23H,5-17H2,1-4H3/p+1/t18?,19-/m1/s1",CCCCCCCCCCCC(O)CC(=O)O[C@H](CC(=O)O)C[N+](C)(C)C
Inter_0000000338,"InChI=1S/C11H21NO4/c1-5-6-11(15)16-9(7-10(13)14)8-12(2,3)4/h9H,5-8H2,1-4H3/p+1/t9-/m1/s1",CCCC(=O)O[C@H](CC(=O)O)C[N+](C)(C)C
Inter_0000000339,"InChI=1S/C12H23NO4/c1-9(2)6-12(16)17-10(7-11(14)15)8-13(3,4)5/h9-10H,6-8H2,1-5H3/p+1/t10-/m1/s1",CC(C)CC(=O)O[C@H](CC(=O)O)C[N+](C)(C)C
Inter_0000000340,"InChI=1S/C15H29NO4/c1-5-6-7-8-9-10-15(19)20-13(11-14(17)18)12-16(2,3)4/h13H,5-12H2,1-4H3/p+1/t13-/m1/s1",CCCCCCCC(=O)O[C@H](CC(=O)O)C[N+](C)(C)C
Inter_0000000341,"InChI=1S/C9H17NO4/c1-7(11)14-8(5-9(12)13)6-10(2,3)4/h8H,5-6H2,1-4H3/p+1/t8-/m1/s1",CC(=O)O[C@H](CC(=O)O)C[N+](C)(C)C
Inter_0000000342,"InChI=1S/C11H19NO6/c1-12(2,3)7-8(6-10(15)16)18-11(17)5-4-9(13)14/h8H,4-7H2,1-3H3,(H-,13,14,15,16)/p+1/t8-/m1/s1",C[N+](C)(C)C[C@@H](CC(=O)O)OC(=O)CCC(=O)O
Inter_0000000343,"InChI=1S/C23H45NO4/c1-5-6-7-8-9-10-11-12-13-14-15-16-17-18-23(27)28-21(19-22(25)26)20-24(2,3)4/h21H,5-20H2,1-4H3/p+1/t21-/m1/s1",CCCCCCCCCCCCCCCC(=O)O[C@H](CC(=O)O)C[N+](C)(C)C
Inter_0000000344,"InChI=1S/C10H19NO4/c1-5-10(14)15-8(6-9(12)13)7-11(2,3)4/h8H,5-7H2,1-4H3/p+1/t8-/m1/s1",CCC(=O)O[C@H](CC(=O)O)C[N+](C)(C)C
Inter_0000000345,"InChI=1S/C19H37NO4/c1-5-6-7-8-9-10-11-12-13-14-19(23)24-17(15-18(21)22)16-20(2,3)4/h17H,5-16H2,1-4H3/p+1/t17-/m1/s1",CCCCCCCCCCCC(=O)O[C@H](CC(=O)O)C[N+](C)(C)C
Inter_0000000346,"InChI=1S/C17H33NO4/c1-5-6-7-8-9-10-11-12-17(21)22-15(13-16(19)20)14-18(2,3)4/h15H,5-14H2,1-4H3/p+1/t15-/m1/s1",CCCCCCCCCC(=O)O[C@H](CC(=O)O)C[N+](C)(C)C
Inter_0000000347,"InChI=1S/C21H41NO4/c1-5-6-7-8-9-10-11-12-13-14-15-16-21(25)26-19(17-20(23)24)18-22(2,3)4/h19H,5-18H2,1-4H3/p+1/t19-/m1/s1",CCCCCCCCCCCCCC(=O)O[C@H](CC(=O)O)C[N+](C)(C)C
Inter_0000000348,"InChI=1S/C25H49NO4/c1-5-6-7-8-9-10-11-12-13-14-15-16-17-18-19-20-25(29)30-23(21-24(27)28)22-26(2,3)4/h23H,5-22H2,1-4H3/p+1/t23-/m1/s1",CCCCCCCCCCCCCCCCCC(=O)O[C@H](CC(=O)O)C[N+](C)(C)C
Inter_0000000349,"InChI=1S/C27H53NO4/c1-5-6-7-8-9-10-11-12-13-14-15-16-17-18-19-20-21-22-27(31)32-25(23-26(29)30)24-28(2,3)4/h25H,5-24H2,1-4H3/p+1/t25-/m1/s1",CCCCCCCCCCCCCCCCCCCC(=O)O[C@H](CC(=O)O)C[N+](C)(C)C
Inter_0000000350,"InChI=1S/C21H39NO4/c1-5-6-7-8-9-10-11-12-13-14-15-16-21(25)26-19(17-20(23)24)18-22(2,3)4/h8-9,19H,5-7,10-18H2,1-4H3/p+1/t19-/m1/s1",CCCCC=CCCCCCCCC(=O)O[C@H](CC(=O)O)C[N+](C)(C)C
Inter_0000000351,"InChI=1S/C21H39NO4/c1-5-6-7-8-9-10-11-12-13-14-15-16-21(25)26-19(17-20(23)24)18-22(2,3)4/h12-13,19H,5-11,14-18H2,1-4H3/p+1/t19-/m1/s1",CCCCCCCCC=CCCCC(=O)O[C@H](CC(=O)O)C[N+](C)(C)C
Inter_0000000352,"InChI=1S/C25H47NO4/c1-5-6-7-8-9-10-11-12-13-14-15-16-17-18-19-20-25(29)30-23(21-24(27)28)22-26(2,3)4/h12-13,23H,5-11,14-22H2,1-4H3/p+1/t23-/m1/s1",CCCCCCCCC=CCCCCCCCC(=O)O[C@H](CC(=O)O)C[N+](C)(C)C
Inter_0000000353,"InChI=1S/C18H35NO4/c1-14(2)8-7-9-15(3)10-11-18(22)23-16(12-17(20)21)13-19(4,5)6/h14-16H,7-13H2,1-6H3/p+1/t15?,16-/m1/s1",CC(C)CCCC(C)CCC(=O)O[C@H](CC(=O)O)C[N+](C)(C)C
Inter_0000000354,"InChI=1S/C13H25NO4/c1-5-6-7-8-13(17)18-11(9-12(15)16)10-14(2,3)4/h11H,5-10H2,1-4H3/p+1/t11-/m1/s1",CCCCCC(=O)O[C@H](CC(=O)O)C[N+](C)(C)C
Inter_0000000355,"InChI=1S/C11H21NO4/c1-8(2)11(15)16-9(6-10(13)14)7-12(3,4)5/h8-9H,6-7H2,1-5H3/p+1/t9-/m1/s1",CC(C)C(=O)O[C@H](CC(=O)O)C[N+](C)(C)C
Inter_0000000356,"InChI=1S/C12H23NO4/c1-6-9(2)12(16)17-10(7-11(14)15)8-13(3,4)5/h9-10H,6-8H2,1-5H3/p+1/t9?,10-/m1/s1",CCC(C)C(=O)O[C@H](CC(=O)O)C[N+](C)(C)C
Inter_0000000357,"InChI=1S/C11H19NO5/c1-8(13)5-11(16)17-9(6-10(14)15)7-12(2,3)4/h9H,5-7H2,1-4H3/p+1/t9-/m1/s1",CC(=O)CC(=O)O[C@H](CC(=O)O)C[N+](C)(C)C
Inter_0000000358,"InChI=1S/C11H21NO5/c1-8(13)5-11(16)17-9(6-10(14)15)7-12(2,3)4/h8-9,13H,5-7H2,1-4H3/p+1/t8?,9-/m1/s1",CC(O)CC(=O)O[C@H](CC(=O)O)C[N+](C)(C)C
Inter_0000000359,"InChI=1S/C16H31NO4/c1-12(2)8-7-9-13(3)16(20)21-14(10-15(18)19)11-17(4,5)6/h12-14H,7-11H2,1-6H3/p+1/t13?,14-/m1/s1",CC(C)CCCC(C)C(=O)O[C@H](CC(=O)O)C[N+](C)(C)C
Inter_0000000360,"InChI=1S/C11H19NO4/c1-5-6-11(15)16-9(7-10(13)14)8-12(2,3)4/h5-6,9H,7-8H2,1-4H3/p+1/t9-/m1/s1",CC=CC(=O)O[C@H](CC(=O)O)C[N+](C)(C)C
Inter_0000000361,"InChI=1S/C22H36N7O17P3S/c1-22(2,17(33)20(34)25-4-3-13(31)24-5-6-50-11-30)8-43-49(40,41)46-48(38,39)42-7-12-16(45-47(35,36)37)15(32)21(44-12)29-10-28-14-18(23)26-9-27-19(14)29/h9-12,15-17,21,32-33H,3-8H2,1-2H3,(H,24,31)(H,25,34)(H,38,39)(H,40,41)(H2,23,26,27)(H2,35,36,37)",CC(C)(COP(=O)(O)OP(=O)(O)OCC1OC(n2cnc3c(N)ncnc32)C(O)C1OP(=O)(O)O)C(O)C(O)=NCCC(O)=NCCSC=O
Inter_0000000362,"InChI=1S/C22H24O11/c1-30-14-3-2-9(4-11(14)24)15-7-13(26)18-12(25)5-10(6-16(18)32-15)31-22-21(29)20(28)19(27)17(8-23)33-22/h2-6,15,17,19-25,27-29H,7-8H2,1H3/t15?,17-,19-,20+,21-,22?/m1/s1",COc1ccc(C2CC(=O)c3c(O)cc(OC4O[C@H](CO)[C@@H](O)[C@H](O)[C@H]4O)cc3O2)cc1O
Inter_0000000363,"InChI=1S/C23H34NO8P/c25-18(17-32-33(28,29)30)16-31-15-11-7-5-3-1-2-4-6-8-14-21-23(27)22(26)19-12-9-10-13-20(19)24-21/h9-10,12-13,27H,1-8,11,14-17H2,(H,24,26)(H2,28,29,30)",O=C(COCCCCCCCCCCCc1[nH]c2ccccc2c(=O)c1O)COP(=O)(O)O
Inter_0000000364,"InChI=1S/C30H41N7O16P2S/c1-30(2,25(44)28(45)33-8-7-20(40)32-9-10-56-21(41)6-4-16-3-5-17(38)18(39)11-16)13-51-55(48,49)53-54(46,47)50-12-19-23(42)24(43)29(52-19)37-15-36-22-26(31)34-14-35-27(22)37/h3-6,11,14-15,19,23-25,29,38-39,42-44H,7-10,12-13H2,1-2H3,(H,32,40)(H,33,45)(H,46,47)(H,48,49)(H2,31,34,35)/b6-4+/t19-,23-,24-,25+,29-/m1/s1",CC(C)(COP(=O)(O)OP(=O)(O)OC[C@H]1O[C@@H](n2cnc3c(N)ncnc32)[C@H](O)[C@@H]1O)[C@@H](O)C(O)=NCCC(O)=NCCSC(=O)/C=C/c1ccc(O)c(O)c1
Inter_0000000365,"InChI=1S/C21H20O10/c22-8-16-17(26)18(27)19(28)21(31-16)30-15-7-12-13(25)5-11(24)6-14(12)29-20(15)9-1-3-10(23)4-2-9/h1-7,16-19,21-22,26-28H,8H2,(H2-,23,24,25)/p+1",OCC1OC(Oc2cc3c(O)cc(O)cc3[o+]c2-c2ccc(O)cc2)C(O)C(O)C1O
Inter_0000000366,"InChI=1S/C20H25N7O6/c1-27-12(9-23-16-15(27)18(31)26-20(21)25-16)8-22-11-4-2-10(3-5-11)17(30)24-13(19(32)33)6-7-14(28)29/h2-5,12-13,22H,6-9H2,1H3,(H,24,30)(H,28,29)(H,32,33)(H4,21,23,25,26,31)",CN1c2c(O)nc(=N)[nH]c2NCC1CNc1ccc(C(=O)NC(CCC(=O)O)C(=O)O)cc1
Inter_0000000367,"InChI=1S/C4H4O6/c5-1(3(7)8)2(6)4(9)10/h5-6H,(H,7,8)(H,9,10)",O=C(O)C(O)=C(O)C(=O)O
Inter_0000000368,"InChI=1S/C14H19N3O7S/c15-7(13(21)22)2-1-3-8(19)16-9-11(20)17-10(14(23)24)6(4-18)5-25-12(9)17/h7,9,12,18H,1-5,15H2,(H,16,19)(H,21,22)(H,23,24)",NC(CCCC(O)=NC1C(=O)N2C(C(=O)O)=C(CO)CSC12)C(=O)O
Inter_0000000369,"InChI=1S/C23H40N2O16P2S/c1-23(2,12-39-43(36,37)41-42(34,35)38-11-15-17(28)18(29)21(32)40-15)19(30)20(31)25-8-7-16(27)24-9-10-44-22(33)13-5-3-4-6-14(13)26/h13,15,17-19,21,28-30,32H,3-12H2,1-2H3,(H,24,27)(H,25,31)(H,34,35)(H,36,37)",CC(C)(COP(=O)(O)OP(=O)(O)OCC1OC(O)C(O)C1O)C(O)C(=O)NCCC(=O)NCCSC(=O)C1CCCCC1=O
Inter_0000000370,"InChI=1S/C18H27N2O9PS/c1-18(2,11-29-30(26,27)28)15(23)16(24)20-8-7-14(22)19-9-10-31-17(25)12-3-5-13(21)6-4-12/h3-6,15,21,23H,7-11H2,1-2H3,(H,19,22)(H,20,24)(H2,26,27,28)/p+1",CC(C)(COP(=O)(O)O)C(O)C(O)=NCCC(O)=[NH+]CCSC(=O)c1ccc(O)cc1
Inter_0000000371,"InChI=1S/C30H46N5O10PS/c1-18(10-13-30(5)19(2)8-9-20-21(30)7-6-12-29(20,3)4)11-14-34-16-33-27-23(26(34)31)32-17-35(27)28-25(37)24(36)22(44-28)15-43-46(38,39)45-47(40,41)42/h9,11,16-17,19,21-22,24-25,28,31,36-37H,6-8,10,12-15H2,1-5H3,(H,38,39)(H,40,41,42)/t19?,21?,22-,24-,25-,28-,30?/m1/s1",CC(=CCn1cnc2c(ncn2[C@@H]2O[C@H](COP(=O)(O)OS(=O)(=O)O)[C@@H](O)[C@H]2O)c1=N)CCC1(C)C(C)CC=C2C1CCCC2(C)C
Inter_0000000372,"InChI=1S/C11H15N2O8P/c12-10(16)6-2-1-3-13(4-6)11-9(15)8(14)7(21-11)5-20-22(17,18)19/h1-4,7-9,11,14-15H,5H2,(H3-,12,16,17,18,19)/t7-,8-,9-,11-/m1/s1",N=C(O)c1ccc[n+]([C@@H]2O[C@H](COP(=O)([O-])O)[C@@H](O)[C@H]2O)c1
Inter_0000000373,"InChI=1S/C30H47N5O10P2/c1-18(10-13-30(5)19(2)8-9-20-21(30)7-6-12-29(20,3)4)11-14-34-16-33-27-23(26(34)31)32-17-35(27)28-25(37)24(36)22(44-28)15-43-47(41,42)45-46(38,39)40/h9,11,16-17,19,21-22,24-25,28,31,36-37H,6-8,10,12-15H2,1-5H3,(H,41,42)(H2,38,39,40)/p+1/t19?,21?,22-,24-,25-,28-,30?/m1/s1",CC(=CCn1cnc2c(ncn2[C@@H]2O[C@H](COP(=O)(O)OP(=O)(O)O)[C@@H](O)[C@H]2O)c1=[NH2+])CCC1(C)C(C)CC=C2C1CCCC2(C)C
Inter_0000000374,"InChI=1S/C5H4N2O4/c8-3-1-2(4(9)10)6-5(11)7-3/h1H,(H,9,10)(H2,6,7,8,11)",O=C(O)c1cc(O)nc(O)n1
Inter_0000000375,"InChI=1S/C11H18N5O14P3/c1-15-3-16(8-5(15)9(19)14-11(12)13-8)10-7(18)6(17)4(28-10)2-27-32(23,24)30-33(25,26)29-31(20,21)22/h3-4,6-7,10,17-18H,2H2,1H3,(H6-,12,13,14,19,20,21,22,23,24,25,26)/p+1",C[n+]1cn(C2OC(COP(=O)(O)OP(=O)(O)OP(=O)(O)O)C(O)C2O)c2[nH]c(=N)nc(O)c21
Inter_0000000376,"InChI=1S/C27H30O15/c1-9-19(32)21(34)23(36)26(39-9)38-8-18-20(33)22(35)24(37)27(42-18)41-17-7-12-14(30)5-11(28)6-16(12)40-25(17)10-2-3-13(29)15(31)4-10/h2-7,9,18-24,26-27,32-37H,8H2,1H3,(H3-,28,29,30,31)/p+1",CC1OC(OCC2OC(Oc3cc4c(O)cc(O)cc4[o+]c3-c3ccc(O)c(O)c3)C(O)C(O)C2O)C(O)C(O)C1O
Inter_0000000377,"InChI=1S/C37H60O3/c1-4-5-6-7-8-9-10-11-12-13-14-15-16-17-18-19-35(39)40-30-24-26-36(2)29(28-30)20-21-31-32-22-23-34(38)37(32,3)27-25-33(31)36/h8-9,11-12,20,30-34,38H,4-7,10,13-19,21-28H2,1-3H3/t30?,31-,32-,33-,34-,36-,37-/m0/s1",CCCCCC=CCC=CCCCCCCCC(=O)OC1CC[C@@]2(C)C(=CC[C@H]3[C@@H]4CC[C@H](O)[C@@]4(C)CC[C@@H]32)C1
Inter_0000000378,"InChI=1S/C35H55N5O14P2/c1-19(10-13-35(5)20(2)8-9-21-22(35)7-6-12-34(21,3)4)11-14-39-17-38-31-25(30(39)36)37-18-40(31)32-28(43)26(41)23(52-32)15-50-55(46,47)54-56(48,49)51-16-24-27(42)29(44)33(45)53-24/h9,11,17-18,20,22-24,26-29,32-33,36,41-45H,6-8,10,12-16H2,1-5H3,(H,46,47)(H,48,49)/t20?,22?,23-,24-,26-,27-,28-,29-,32-,33-,35?/m1/s1",CC(=CCn1cnc2c(ncn2[C@@H]2O[C@H](COP(=O)(O)OP(=O)(O)OC[C@H]3O[C@@H](O)[C@H](O)[C@@H]3O)[C@@H](O)[C@H]2O)c1=N)CCC1(C)C(C)CC=C2C1CCCC2(C)C
Inter_0000000379,"InChI=1S/C25H44NO9P/c27-22(21-35-36(30,31)32)20-33-18-15-13-11-9-7-5-3-1-2-4-6-8-10-12-14-16-24(28)26-23-17-19-34-25(23)29/h1-2,23H,3-21H2,(H,26,28)(H2,30,31,32)/b2-1-/t23-/m0/s1",O=C(COCCCCCCCC/C=C\CCCCCCCC(O)=N[C@H]1CCOC1=O)COP(=O)(O)O
Inter_0000000380,"InChI=1S/C31H51N7O15P2S/c1-4-5-6-7-8-9-19(39)14-22(41)56-13-12-33-21(40)10-11-34-29(45)26(44)31(2,3)16-51-55(48,49)53-54(46,47)50-15-20-24(42)25(43)30(52-20)38-18-37-23-27(32)35-17-36-28(23)38/h17-18,20,24-26,30,42-44H,4-16H2,1-3H3,(H,33,40)(H,34,45)(H,46,47)(H,48,49)(H2,32,35,36)",CCCCCCCC(=O)CC(=O)SCCN=C(O)CCN=C(O)C(O)C(C)(C)COP(=O)(O)OP(=O)(O)OCC1OC(n2cnc3c(N)ncnc32)C(O)C1O
Inter_0000000381,"InChI=1S/C10H13N4O7P/c15-7-6(2-20-22(17,18)19)21-10(8(7)16)14-4-13-5-1-11-3-12-9(5)14/h1,3-4,6-8,10,15-16H,2H2,(H2,17,18,19)",O=P(O)(O)OCC1OC(n2cnc3cncnc32)C(O)C1O
Inter_0000000382,"InChI=1S/C5H13N2O6P/c6-1-2-12-14(10,11)13-3-4(7)5(8)9/h4H,1-3,6-7H2,(H,8,9)(H,10,11)/t4-/m0/s1",
Inter_0000000383,"InChI=1S/C18H30NO10P/c20-14(13-29-30(24,25)26)12-28-17(22)9-7-5-3-1-2-4-6-8-16(21)19-15-10-11-27-18(15)23/h15H,1-13H2,(H,19,21)(H2,24,25,26)",O=C(COC(=O)CCCCCCCCCC(O)=NC1CCOC1=O)COP(=O)(O)O
Inter_0000000384,"InChI=1S/C18H27N3O5S/c1-18(2,11-22)15(24)16(25)21-8-7-14(23)20-9-10-27-17(26)12-5-3-4-6-13(12)19/h3-6,15,22,24H,7-11,19H2,1-2H3,(H,20,23)(H,21,25)/p+1/t15-/m0/s1",CC(C)(CO)[C@@H](O)C(O)=NCCC(O)=NCCSC(=O)c1ccccc1[NH3+]
Inter_0000000385,"InChI=1S/C11H22N2O4S/c1-11(2,7-14)9(16)10(17)13-4-3-8(15)12-5-6-18/h9,14,16,18H,3-7H2,1-2H3,(H,12,15)(H,13,17)/t9-/m0/s1",CC(C)(CO)[C@@H](O)C(O)=NCCC(O)=NCCS
Inter_0000000386,"InChI=1S/C3H8N3O5P/c4-3(5-1-2(7)8)6-12(9,10)11/h1H2,(H,7,8)(H5,4,5,6,9,10,11)",N=C(NCC(=O)O)NP(=O)(O)O
Inter_0000000387,"InChI=1S/C29H48N7O17P3S/c1-4-5-6-7-8-9-20(38)57-13-12-31-19(37)10-11-32-27(41)24(40)29(2,3)15-50-56(47,48)53-55(45,46)49-14-18-23(52-54(42,43)44)22(39)28(51-18)36-17-35-21-25(30)33-16-34-26(21)36/h8-9,16-18,22-24,28,39-40H,4-7,10-15H2,1-3H3,(H,31,37)(H,32,41)(H,45,46)(H,47,48)(H2,30,33,34)(H2,42,43,44)",CCCCCC=CC(=O)SCCN=C(O)CCN=C(O)C(O)C(C)(C)COP(=O)(O)OP(=O)(O)OCC1OC(n2cnc3c(N)ncnc32)C(O)C1OP(=O)(O)O
Inter_0000000388,"InChI=1S/C10H15N4O13P3/c15-7-6(2-24-29(20,21)27-30(22,23)26-28(17,18)19)25-10(8(7)16)14-4-13-5-1-11-3-12-9(5)14/h1,3-4,6-8,10,15-16H,2H2,(H,20,21)(H,22,23)(H2,17,18,19)",O=P(O)(O)OP(=O)(O)OP(=O)(O)OCC1OC(n2cnc3cncnc32)C(O)C1O
Inter_0000000389,"InChI=1S/C31H51NO10/c1-8-25-22(16-34)13-17(2)9-10-23(35)18(3)14-21(11-12-33)30(19(4)24(36)15-26(37)41-25)42-31-29(39)27(32(6)7)28(38)20(5)40-31/h9-10,12-13,18-22,24-25,27-31,34,36,38-39H,8,11,14-16H2,1-7H3",CCC1OC(=O)CC(O)C(C)C(OC2OC(C)C(O)C(N(C)C)C2O)C(CC=O)CC(C)C(=O)C=CC(C)=CC1CO
Inter_0000000390,"InChI=1S/C29H47NO7/c1-8-25-22(17-31)11-9-10-12-24(32)19(3)15-20(4)28(18(2)13-14-26(33)36-25)37-29-27(34)23(30(6)7)16-21(5)35-29/h9-14,18-23,25,27-29,31,34H,8,15-17H2,1-7H3",CCC1OC(=O)C=CC(C)C(OC2OC(C)CC(N(C)C)C2O)C(C)CC(C)C(=O)C=CC=CC1CO
Inter_0000000391,"InChI=1S/C22H18O11/c1-7-13-8(5-10(23)14(7)20(29)33-3)4-9-15(16(13)25)19(28)21(30)12(24)6-11(32-2)18(27)22(21,31)17(9)26/h4-6,18,23,25,27,30-31H,1-3H3",COC(=O)c1c(O)cc2cc3c(c(O)c2c1C)C(=O)C1(O)C(=O)C=C(OC)C(O)C1(O)C3=O
Inter_0000000392,"InChI=1S/C20H13N3O/c24-20-17-12(9-21-20)15-10-5-1-3-7-13(10)22-18(15)19-16(17)11-6-2-4-8-14(11)23-19/h1-8,22-23H,9H2,(H,21,24)",OC1=NCc2c1c1c3ccccc3[nH]c1c1[nH]c3ccccc3c21
Inter_0000000393,"InChI=1S/C24H34O5/c1-3-19-5-4-6-22(26)15(2)23(27)11-10-20-16(9-12-24(28)29-19)7-8-17-13-18(25)14-21(17)20/h7-12,15-22,25-26H,3-6,13-14H2,1-2H3",CCC1CCCC(O)C(C)C(=O)C=CC2C(C=CC(=O)O1)C=CC1CC(O)CC12
Inter_0000000394,"InChI=1S/C8H8O3/c1-11-8(10)6-2-4-7(9)5-3-6/h2-5,9H,1H3",COC(=O)c1ccc(O)cc1
Inter_0000000395,"InChI=1S/C15H20O7/c1-8-11(16)12(17)13(19-2)15(21-8)22-10-6-4-9(5-7-10)14(18)20-3/h4-8,11-13,15-17H,1-3H3",COC(=O)c1ccc(OC2OC(C)C(O)C(O)C2OC)cc1
Inter_0000000396,"InChI=1S/C23H34NO7P/c25-20(18-31-32(27,28)29)17-30-15-11-7-5-3-1-2-4-6-8-12-19-16-23(26)21-13-9-10-14-22(21)24-19/h9-10,13-14,16H,1-8,11-12,15,17-18H2,(H,24,26)(H2,27,28,29)",O=C(COCCCCCCCCCCCc1cc(=O)c2ccccc2[nH]1)COP(=O)(O)O
Inter_0000000397,"InChI=1S/C9H17NO5/c1-9(2,5-11)7(14)8(15)10-4-3-6(12)13/h7,11,14H,3-5H2,1-2H3,(H,10,15)(H,12,13)/t7-/m0/s1",CC(C)(CO)[C@@H](O)C(O)=NCCC(=O)O
Inter_0000000398,"InChI=1S/C34H54N6O19/c1-13(29(49)39-18(8-9-23(45)46)31(51)40-19(33(54)55)7-5-6-17(35)32(52)53)36-30(50)14(2)57-27-20(37-15(3)43)12-56-22(11-42)28(27)59-34-24(38-16(4)44)26(48)25(47)21(10-41)58-34/h12-14,17-19,21-22,24-28,34,41-42,47-48H,5-11,35H2,1-4H3,(H,36,50)(H,37,43)(H,38,44)(H,39,49)(H,40,51)(H,45,46)(H,52,53)(H,54,55)",CC(O)=NC1=COC(CO)C(OC2OC(CO)C(O)C(O)C2N=C(C)O)C1OC(C)C(O)=NC(C)C(O)=NC(CCC(=O)O)C(O)=NC(CCCC(N)C(=O)O)C(=O)O
Inter_0000000399,"InChI=1S/C34H54N6O19/c1-12(28(48)39-17(8-9-21(44)45)30(50)40-18(32(53)54)7-5-6-16(35)31(51)52)36-29(49)13(2)56-27-23(38-15(4)43)33-55-11-20(58-33)26(27)59-34-22(37-14(3)42)25(47)24(46)19(10-41)57-34/h12-13,16-20,22-27,33-34,41,46-47H,5-11,35H2,1-4H3,(H,36,49)(H,37,42)(H,38,43)(H,39,48)(H,40,50)(H,44,45)(H,51,52)(H,53,54)",CC(O)=NC1C(OC2C3COC(O3)C(N=C(C)O)C2OC(C)C(O)=NC(C)C(O)=NC(CCC(=O)O)C(O)=NC(CCCC(N)C(=O)O)C(=O)O)OC(CO)C(O)C1O
Inter_0000000400,"InChI=1S/C16H19NO7/c18-7-11-13(20)14(21)15(22)16(23-11)24-12(19)5-8-6-17-10-4-2-1-3-9(8)10/h1-4,6,11,13-18,20-22H,5,7H2/t11-,13-,14+,15-,16+/m1/s1",O=C(Cc1c[nH]c2ccccc12)O[C@@H]1O[C@H](CO)[C@@H](O)[C@H](O)[C@H]1O
Inter_0000000401,"InChI=1S/C6H14O12P2/c7-1-4(18-20(14,15)16)6(10)5(9)3(8)2-17-19(11,12)13/h1,3-6,8-10H,2H2,(H2,11,12,13)(H2,14,15,16)/t3?,4-,5-,6-/m1/s1",O=C[C@@H](OP(=O)(O)O)[C@@H](O)[C@H](O)C(O)COP(=O)(O)O
Inter_0000000402,"InChI=1S/C20H31NO4/c1-2-3-4-5-6-7-8-9-10-11-12-13-17(22)16-19(23)21-18-14-15-25-20(18)24/h4-5,7-8,18H,2-3,6,9-16H2,1H3,(H,21,23)/t18-/m0/s1",CCCC=CCC=CCCCCCC(=O)CC(O)=N[C@H]1CCOC1=O
Inter_0000000403,"InChI=1S/C20H31NO4/c1-2-3-4-5-6-7-8-9-10-11-12-13-17(22)16-19(23)21-18-14-15-25-20(18)24/h5-8,18H,2-4,9-16H2,1H3,(H,21,23)/t18-/m0/s1",CCCCC=CC=CCCCCCC(=O)CC(O)=N[C@H]1CCOC1=O
Inter_0000000404,"InChI=1S/C16H25N5O16P2/c17-16-19-12-6(13(28)20-16)18-3-21(12)14-10(26)8(24)5(34-14)2-33-38(29,30)37-39(31,32)36-15-11(27)9(25)7(23)4(1-22)35-15/h3-5,7-11,14-15,22-27H,1-2H2,(H,29,30)(H,31,32)(H3,17,19,20,28)",N=c1nc(O)c2ncn(C3OC(COP(=O)(O)OP(=O)(O)OC4OC(CO)C(O)C(O)C4O)C(O)C3O)c2[nH]1
Inter_0000000405,"InChI=1S/C40H60N7O9PS/c1-23(14-17-40(5)24(2)12-13-25-26(40)9-8-16-39(25,3)4)15-18-46-21-43-36-32(35(46)41)42-22-47(36)37-34(50)33(49)28(55-37)19-54-57(52,53)56-30(48)11-7-6-10-29-31-27(20-58-29)44-38(51)45-31/h13,15,21-22,24,26-29,31,33-34,37,41,49-50H,6-12,14,16-20H2,1-5H3,(H,52,53)(H2,44,45,51)/t24?,26?,27?,28-,29+,31?,33-,34-,37-,40?/m1/s1",CC(=CCn1cnc2c(ncn2[C@@H]2O[C@H](COP(=O)(O)OC(=O)CCCC[C@@H]3SCC4N=C(O)NC43)[C@@H](O)[C@H]2O)c1=N)CCC1(C)C(C)CC=C2C1CCCC2(C)C
Inter_0000000406,"InChI=1S/C26H42N7O19P3S/c1-26(2,21(39)24(40)29-7-6-15(34)28-8-9-56-17(37)5-3-4-16(35)36)11-49-55(46,47)52-54(44,45)48-10-14-20(51-53(41,42)43)19(38)25(50-14)33-13-32-18-22(27)30-12-31-23(18)33/h12-14,19-21,25,38-39H,3-11H2,1-2H3,(H,28,34)(H,29,40)(H,35,36)(H,44,45)(H,46,47)(H2,27,30,31)(H2,41,42,43)",CC(C)(COP(=O)(O)OP(=O)(O)OCC1OC(n2cnc3c(N)ncnc32)C(O)C1OP(=O)(O)O)C(O)C(O)=NCCC(O)=NCCSC(=O)CCCC(=O)O
Inter_0000000407,"InChI=1S/C6H13NO5/c7-1-2(8)4(10)6(12)5(11)3(1)9/h1-6,8-12H,7H2/t1?,2-,3?,4?,5?,6+/m1/s1",NC1C(O)C(O)[C@@H](O)C(O)[C@@H]1O
Inter_0000000408,"InChI=1S/C10H17N3O6S/c11-5(10(18)19)1-2-7(14)13-6(4-20)9(17)12-3-8(15)16/h5-6,20H,1-4,11H2,(H,12,17)(H,13,14)(H,15,16)(H,18,19)",NC(CCC(O)=NC(CS)C(O)=NCC(=O)O)C(=O)O
Inter_0000000409,"InChI=1S/C17H34N6O5S/c18-6-3-8-20-7-1-2-9-21-15(25)10-22-16(26)13(11-29)23-14(24)5-4-12(19)17(27)28/h12-13,20,29H,1-11,18-19H2,(H,21,25)(H,22,26)(H,23,24)(H,27,28)/p+1",NC(CCC(O)=NC(CS)C(O)=NCC(O)=NCCCCNCCC[NH3+])C(=O)O
Inter_0000000410,"InChI=1S/C9H13N2O9P/c12-5-1-2-11(9(15)10-5)8-7(14)6(13)4(20-8)3-19-21(16,17)18/h1-2,4,6-8,13-14H,3H2,(H,10,12,15)(H2,16,17,18)",O=c1nc(O)ccn1C1OC(COP(=O)(O)O)C(O)C1O
Inter_0000000411,"InChI=1S/C42H78NO8P/c1-6-8-10-12-14-16-18-20-21-23-25-27-29-31-33-35-42(45)51-40(39-50-52(46,47)49-37-36-43(3,4)5)38-48-41(44)34-32-30-28-26-24-22-19-17-15-13-11-9-7-2/h9,11,14,16,20-21,40H,6-8,10,12-13,15,17-19,22-39H2,1-5H3/p+1",CCC=CCCCCCCCCCCCC(=O)OCC(COP(=O)(O)OCC[N+](C)(C)C)OC(=O)CCCCCCCC=CCC=CCCCCC
Inter_0000000412,"InChI=1S/C28H49N8O17P3S/c1-28(2,23(40)26(41)31-9-8-18(37)30-10-12-57-19(38)7-6-11-36(3,4)5)14-50-56(47,48)53-55(45,46)49-13-17-22(52-54(42,43)44)21(39)27(51-17)35-16-34-20-24(29)32-15-33-25(20)35/h15-17,21-23,27,39-40H,6-14H2,1-5H3,(H7-,29,30,31,32,33,37,41,42,43,44,45,46,47,48)/p+2",CC(C)(COP(=O)(O)OP(=O)(O)OCC1OC(n2cnc3c([NH3+])ncnc32)C(O)C1OP(=O)(O)O)C(O)C(O)=NCCC(O)=NCCSC(=O)CCC[N+](C)(C)C
Inter_0000000413,"InChI=1S/C16H14O6/c1-7-13-10(5-8(22-7)6-12(18)19)15(20)9-3-2-4-11(17)14(9)16(13)21/h2-4,7-8,17H,5-6H2,1H3,(H,18,19)/t7?,8-/m0/s1",CC1O[C@H](CC(=O)O)CC2=C1C(=O)c1c(O)cccc1C2=O
Inter_0000000414,"InChI=1S/C6H13NO5/c7-1-2(8)4(10)6(12)5(11)3(1)9/h1-6,8-12H,7H2/t1-,2-,3+,4-,5+,6?",N[C@@H]1[C@@H](O)[C@@H](O)C(O)[C@@H](O)[C@H]1O
Inter_0000000415,"InChI=1S/C39H73N2O11P/c1-5-6-7-8-9-10-11-12-13-14-17-20-23-26-37(43)49-32-34(33-51-53(46,47)50-31-29-41(2,3)4)52-38(44)27-24-21-18-15-16-19-22-25-36(42)40-35-28-30-48-39(35)45/h34-35H,5-33H2,1-4H3,(H-,40,42,46,47)/p+1",CCCCCCCCCCCCCCCC(=O)OCC(COP(=O)(O)OCC[N+](C)(C)C)OC(=O)CCCCCCCCCC(O)=NC1CCOC1=O
Inter_0000000416,"InChI=1S/C27H30O14/c1-10-19(31)21(33)23(35)26(38-10)37-9-18-20(32)22(34)24(36)27(41-18)40-17-8-14-15(30)6-13(29)7-16(14)39-25(17)11-2-4-12(28)5-3-11/h2-8,10,18-24,26-27,31-36H,9H2,1H3,(H2-,28,29,30)/p+1",CC1OC(OCC2OC(Oc3cc4c(O)cc(O)cc4[o+]c3-c3ccc(O)cc3)C(O)C(O)C2O)C(O)C(O)C1O
Inter_0000000417,"InChI=1S/C19H20O9/c20-14(21)8-15(22)26-9-13-16(23)17(24)18(25)19(28-13)27-12-6-5-10-3-1-2-4-11(10)7-12/h1-7,13,16-19,23-25H,8-9H2,(H,20,21)",O=C(O)CC(=O)OCC1OC(Oc2ccc3ccccc3c2)C(O)C(O)C1O
Inter_0000000418,"InChI=1S/C16H27N5O22P4/c17-16-19-12-6(13(27)20-16)18-3-21(12)14-10(26)11(40-46(33,34)42-44(28,29)30)5(38-14)2-37-45(31,32)43-47(35,36)41-15-9(25)8(24)7(23)4(1-22)39-15/h3-5,7-11,14-15,22-26H,1-2H2,(H,31,32)(H,33,34)(H,35,36)(H2,28,29,30)(H3,17,19,20,27)",N=c1nc(O)c2ncn(C3OC(COP(=O)(O)OP(=O)(O)OC4OC(CO)C(O)C(O)C4O)C(OP(=O)(O)OP(=O)(O)O)C3O)c2[nH]1
Inter_0000000419,"InChI=1S/C10H17N3O6S/c11-5(10(18)19)1-2-7(14)13-6(4-20)9(17)12-3-8(15)16/h5-6,20H,1-4,11H2,(H,12,17)(H,13,14)(H,15,16)(H,18,19)/p+1",[NH3+]C(CCC(O)=NC(CS)C(O)=NCC(=O)O)C(=O)O
Inter_0000000420,"InChI=1S/C15H10O6/c16-8-4-11(19)15-12(20)6-13(21-14(15)5-8)7-1-2-9(17)10(18)3-7/h1-6,16-19H",O=c1cc(-c2ccc(O)c(O)c2)oc2cc(O)cc(O)c12
Inter_0000000421,"InChI=1S/C18H27N2O9PS/c1-18(2,11-29-30(26,27)28)15(23)16(24)20-8-7-14(22)19-9-10-31-17(25)12-3-5-13(21)6-4-12/h3-6,15,21,23H,7-11H2,1-2H3,(H,19,22)(H,20,24)(H2,26,27,28)/p+1/t15-/m0/s1",CC(C)(COP(=O)(O)O)[C@@H](O)C(O)=NCCC(O)=[NH+]CCSC(=O)c1ccc(O)cc1
Inter_0000000422,"InChI=1S/C21H20O12/c22-6-13-15(27)17(29)18(30)21(32-13)33-20-16(28)14-11(26)4-8(23)5-12(14)31-19(20)7-1-2-9(24)10(25)3-7/h1-5,13,15,17-18,21-27,29-30H,6H2/t13-,15-,17+,18-,21?/m1/s1",O=c1c(OC2O[C@H](CO)[C@@H](O)[C@H](O)[C@H]2O)c(-c2ccc(O)c(O)c2)oc2cc(O)cc(O)c12
Inter_0000000423,"InChI=1S/C18H26N2O6S/c1-18(2,11-21)15(24)16(25)20-8-7-14(23)19-9-10-27-17(26)12-3-5-13(22)6-4-12/h3-6,15,21-22,24H,7-11H2,1-2H3,(H,19,23)(H,20,25)/p+1/t15-/m0/s1",CC(C)(CO)[C@@H](O)C(O)=NCCC(O)=[NH+]CCSC(=O)c1ccc(O)cc1
Inter_0000000424,"InChI=1S/C17H21N4O9P/c1-7-3-9-10(4-8(7)2)21(15-13(18-9)16(25)20-17(26)19-15)5-11(22)14(24)12(23)6-30-31(27,28)29/h3-4,11-12,14,22-24H,5-6H2,1-2H3,(H3,20,25,26,27,28,29)/p+1",Cc1cc2nc3c(O)nc(=O)[nH]c3[n+](CC(O)C(O)C(O)COP(=O)(O)O)c2cc1C
Inter_0000000425,"InChI=1S/C5H11AsO8/c7-1-2-3(8)4(9)5(13-2)14-6(10,11)12/h2-5,7-9H,1H2,(H2,10,11,12)/t2-,3-,4-,5+/m1/s1",O=[As](O)(O)O[C@@H]1O[C@H](CO)[C@@H](O)[C@H]1O
Inter_0000000426,"InChI=1S/C23H34NO8P/c25-20(18-32-33(28,29)30)17-31-15-11-7-5-3-1-2-4-6-8-12-19-16-23(26)21-13-9-10-14-22(21)24(19)27/h9-10,13-14,16,26H,1-8,11-12,15,17-18H2,(H2,28,29,30)",O=C(COCCCCCCCCCCCc1cc(O)c2ccccc2[n+]1[O-])COP(=O)(O)O
Inter_0000000427,"InChI=1S/C21H35N7O13P2S/c1-21(2,16(32)19(33)24-4-3-12(29)23-5-6-44)8-39-43(36,37)41-42(34,35)38-7-11-14(30)15(31)20(40-11)28-10-27-13-17(22)25-9-26-18(13)28/h9-11,14-16,20,30-32,44H,3-8H2,1-2H3,(H,23,29)(H,24,33)(H,34,35)(H,36,37)(H2,22,25,26)",CC(C)(COP(=O)(O)OP(=O)(O)OCC1OC(n2cnc3c(N)ncnc32)C(O)C1O)C(O)C(O)=NCCC(O)=NCCS
Inter_0000000428,"InChI=1S/C17H29NO5/c19-11-8-6-4-2-1-3-5-7-9-14(20)13-16(21)18-15-10-12-23-17(15)22/h11,14-15,20H,1-10,12-13H2,(H,18,21)",O=CCCCCCCCCCC(O)CC(O)=NC1CCOC1=O
Inter_0000000429,"InChI=1S/C21H29N7O14P2/c22-17-12-19(25-7-24-17)28(8-26-12)21-16(32)14(30)11(41-21)6-39-44(36,37)42-43(34,35)38-5-10-13(29)15(31)20(40-10)27-3-1-2-9(4-27)18(23)33/h1,3-4,7-8,10-11,13-16,20-21,29-32H,2,5-6H2,(H2,23,33)(H,34,35)(H,36,37)(H2,22,24,25)",N=C(O)C1=CN(C2OC(COP(=O)(O)OP(=O)(O)OCC3OC(n4cnc5c(N)ncnc54)C(O)C3O)C(O)C2O)C=CC1
Inter_0000000430,"InChI=1S/C5H10N2O3/c6-3(5(9)10)1-2-4(7)8/h3H,1-2,6H2,(H2,7,8)(H,9,10)",
Inter_0000000431,"InChI=1S/C25H40N7O18P3S/c1-13(33)8-16(35)54-7-6-27-15(34)4-5-28-23(38)20(37)25(2,3)10-47-53(44,45)50-52(42,43)46-9-14-19(49-51(39,40)41)18(36)24(48-14)32-12-31-17-21(26)29-11-30-22(17)32/h11-12,14,18-20,24,36-37H,4-10H2,1-3H3,(H,27,34)(H,28,38)(H,42,43)(H,44,45)(H2,26,29,30)(H2,39,40,41)",
Inter_0000000432,"InChI=1S/C20H37NO3/c1-2-3-4-5-6-7-8-9-10-11-12-13-14-15-19(22)21-18-16-17-24-20(18)23/h18H,2-17H2,1H3,(H,21,22)",CCCCCCCCCCCCCCCC(O)=NC1CCOC1=O
Inter_0000000433,"InChI=1S/C16H29NO3/c1-2-3-4-5-6-7-8-9-10-11-15(18)17-14-12-13-20-16(14)19/h14H,2-13H2,1H3,(H,17,18)",CCCCCCCCCCCC(O)=NC1CCOC1=O
Inter_0000000434,"InChI=1S/C21H36N7O16P3S/c1-21(2,16(31)19(32)24-4-3-12(29)23-5-6-48)8-41-47(38,39)44-46(36,37)40-7-11-15(43-45(33,34)35)14(30)20(42-11)28-10-27-13-17(22)25-9-26-18(13)28/h9-11,14-16,20,30-31,48H,3-8H2,1-2H3,(H,23,29)(H,24,32)(H,36,37)(H,38,39)(H2,22,25,26)(H2,33,34,35)",CC(C)(COP(=O)(O)OP(=O)(O)OCC1OC(n2cnc3c(N)ncnc32)C(O)C1OP(=O)(O)O)C(O)C(O)=NCCC(O)=NCCS
Inter_0000000435,"InChI=1S/C21H30N7O17P3/c22-17-12-19(25-7-24-17)28(8-26-12)21-16(44-46(33,34)35)14(30)11(43-21)6-41-48(38,39)45-47(36,37)40-5-10-13(29)15(31)20(42-10)27-3-1-2-9(4-27)18(23)32/h1,3-4,7-8,10-11,13-16,20-21,29-31H,2,5-6H2,(H2,23,32)(H,36,37)(H,38,39)(H2,22,24,25)(H2,33,34,35)",N=C(O)C1=CN(C2OC(COP(=O)(O)OP(=O)(O)OCC3OC(n4cnc5c(N)ncnc54)C(OP(=O)(O)O)C3O)C(O)C2O)C=CC1
Inter_0000000436,"InChI=1S/C10H16N5O14P3/c11-10-13-7-4(8(18)14-10)12-2-15(7)9-6(17)5(16)3(27-9)1-26-31(22,23)29-32(24,25)28-30(19,20)21/h2-3,5-6,9,16-17H,1H2,(H,22,23)(H,24,25)(H2,19,20,21)(H3,11,13,14,18)",N=c1nc(O)c2ncn(C3OC(COP(=O)(O)OP(=O)(O)OP(=O)(O)O)C(O)C3O)c2[nH]1
Inter_0000000437,"InChI=1S/C15H24N2O17P2/c18-3-5-8(20)10(22)12(24)14(32-5)33-36(28,29)34-35(26,27)30-4-6-9(21)11(23)13(31-6)17-2-1-7(19)16-15(17)25/h1-2,5-6,8-14,18,20-24H,3-4H2,(H,26,27)(H,28,29)(H,16,19,25)",
Inter_0000000438,"InChI=1S/C21H30N7O17P3/c22-17-12-19(25-7-24-17)28(8-26-12)21-16(44-46(33,34)35)14(30)11(43-21)6-41-48(38,39)45-47(36,37)40-5-10-13(29)15(31)20(42-10)27-3-1-2-9(4-27)18(23)32/h1,3-4,7-8,10-11,13-16,20-21,29-31H,2,5-6H2,(H2,23,32)(H,36,37)(H,38,39)(H2,22,24,25)(H2,33,34,35)/p+1",N=C(O)C1=CN(C2OC(COP(=O)(O)OP(=O)(O)OCC3OC(n4cnc5c([NH3+])ncnc54)C(OP(=O)(O)O)C3O)C(O)C2O)C=CC1
Inter_0000000439,"InChI=1S/C21H29N7O14P2/c22-17-12-19(25-7-24-17)28(8-26-12)21-16(32)14(30)11(41-21)6-39-44(36,37)42-43(34,35)38-5-10-13(29)15(31)20(40-10)27-3-1-2-9(4-27)18(23)33/h1,3-4,7-8,10-11,13-16,20-21,29-32H,2,5-6H2,(H2,23,33)(H,34,35)(H,36,37)(H2,22,24,25)/p+1",N=C(O)C1=CN(C2OC(COP(=O)(O)OP(=O)(O)OCC3OC(n4cnc5c([NH3+])ncnc54)C(O)C3O)C(O)C2O)C=CC1
Inter_0000000440,"InChI=1S/C21H27N7O14P2/c22-17-12-19(25-7-24-17)28(8-26-12)21-16(32)14(30)11(41-21)6-39-44(36,37)42-43(34,35)38-5-10-13(29)15(31)20(40-10)27-3-1-2-9(4-27)18(23)33/h1-4,7-8,10-11,13-16,20-21,29-32H,5-6H2,(H5-,22,23,24,25,33,34,35,36,37)/p+1",N=C(O)c1ccc[n+](C2OC(COP(=O)(O)OP(=O)(O)OCC3OC(n4cnc5c(N)ncnc54)C(O)C3O)C(O)C2O)c1
Inter_0000000441,"InChI=1S/C25H40N7O19P3S/c1-25(2,20(38)23(39)28-6-5-14(33)27-7-8-55-16(36)4-3-15(34)35)10-48-54(45,46)51-53(43,44)47-9-13-19(50-52(40,41)42)18(37)24(49-13)32-12-31-17-21(26)29-11-30-22(17)32/h11-13,18-20,24,37-38H,3-10H2,1-2H3,(H,27,33)(H,28,39)(H,34,35)(H,43,44)(H,45,46)(H2,26,29,30)(H2,40,41,42)",
Inter_0000000442,"InChI=1S/C23H38N7O17P3S/c1-12(31)51-7-6-25-14(32)4-5-26-21(35)18(34)23(2,3)9-44-50(41,42)47-49(39,40)43-8-13-17(46-48(36,37)38)16(33)22(45-13)30-11-29-15-19(24)27-10-28-20(15)30/h10-11,13,16-18,22,33-34H,4-9H2,1-3H3,(H,25,32)(H,26,35)(H,39,40)(H,41,42)(H2,24,27,28)(H2,36,37,38)",
Inter_0000000443,"InChI=1S/C25H42N7O17P3S/c1-4-5-16(34)53-9-8-27-15(33)6-7-28-23(37)20(36)25(2,3)11-46-52(43,44)49-51(41,42)45-10-14-19(48-50(38,39)40)18(35)24(47-14)32-13-31-17-21(26)29-12-30-22(17)32/h12-14,18-20,24,35-36H,4-11H2,1-3H3,(H,27,33)(H,28,37)(H,41,42)(H,43,44)(H2,26,29,30)(H2,38,39,40)",
Inter_0000000444,"InChI=1S/C8H15NO6/c1-3(11)9-5-7(13)6(12)4(2-10)15-8(5)14/h4-8,10,12-14H,2H2,1H3,(H,9,11)",
Inter_0000000445,"InChI=1S/C16H29NO3/c1-2-3-4-5-6-7-8-9-10-11-15(18)17-14-12-13-20-16(14)19/h14H,2-13H2,1H3,(H,17,18)/t14-/m0/s1",CCCCCCCCCCCC(O)=N[C@H]1CCOC1=O
Inter_0000000446,"InChI=1S/C15H24N2O16P2/c1-5-8(19)10(21)12(23)14(30-5)32-35(27,28)33-34(25,26)29-4-6-9(20)11(22)13(31-6)17-3-2-7(18)16-15(17)24/h2-3,5-6,8-14,19-23H,4H2,1H3,(H,25,26)(H,27,28)(H,16,18,24)/t5-,6?,8+,9?,10+,11?,12-,13?,14?/m0/s1",
Inter_0000000447,"InChI=1S/C25H42N7O18P3S/c1-25(2,20(37)23(38)28-6-5-15(34)27-7-9-54-16(35)4-3-8-33)11-47-53(44,45)50-52(42,43)46-10-14-19(49-51(39,40)41)18(36)24(48-14)32-13-31-17-21(26)29-12-30-22(17)32/h12-14,18-20,24,33,36-37H,3-11H2,1-2H3,(H,27,34)(H,28,38)(H,42,43)(H,44,45)(H2,26,29,30)(H2,39,40,41)",
Inter_0000000448,"InChI=1S/C21H36N7O16P3S/c1-21(2,16(31)19(32)24-4-3-12(29)23-5-6-48)8-41-47(38,39)44-46(36,37)40-7-11-15(43-45(33,34)35)14(30)20(42-11)28-10-27-13-17(22)25-9-26-18(13)28/h9-11,14-16,20,30-31,48H,3-8H2,1-2H3,(H,23,29)(H,24,32)(H,36,37)(H,38,39)(H2,22,25,26)(H2,33,34,35)/t11-,14-,15-,16+,20-/m1/s1",CC(C)(COP(=O)(O)OP(=O)(O)OC[C@H]1O[C@@H](n2cnc3c(N)ncnc32)[C@H](O)[C@@H]1OP(=O)(O)O)[C@@H](O)C(O)=NCCC(O)=NCCS
Inter_0000000449,"InChI=1S/C24H40N7O18P3S/c1-12(32)23(37)53-7-6-26-14(33)4-5-27-21(36)18(35)24(2,3)9-46-52(43,44)49-51(41,42)45-8-13-17(48-50(38,39)40)16(34)22(47-13)31-11-30-15-19(25)28-10-29-20(15)31/h10-13,16-18,22,32,34-35H,4-9H2,1-3H3,(H,26,33)(H,27,36)(H,41,42)(H,43,44)(H2,25,28,29)(H2,38,39,40)",
Inter_0000000450,"InChI=1S/C24H40N7O17P3S/c1-4-15(33)52-8-7-26-14(32)5-6-27-22(36)19(35)24(2,3)10-45-51(42,43)48-50(40,41)44-9-13-18(47-49(37,38)39)17(34)23(46-13)31-12-30-16-20(25)28-11-29-21(16)31/h11-13,17-19,23,34-35H,4-10H2,1-3H3,(H,26,32)(H,27,36)(H,40,41)(H,42,43)(H2,25,28,29)(H2,37,38,39)",
Inter_0000000451,"InChI=1S/C18H25NO/c1-2-3-4-5-6-7-8-11-15-14-18(20)16-12-9-10-13-17(16)19-15/h9-10,12-14H,2-8,11H2,1H3,(H,19,20)",CCCCCCCCCc1cc(=O)c2ccccc2[nH]1
Inter_0000000452,"InChI=1S/C21H28N7O17P3/c22-17-12-19(25-7-24-17)28(8-26-12)21-16(44-46(33,34)35)14(30)11(43-21)6-41-48(38,39)45-47(36,37)40-5-10-13(29)15(31)20(42-10)27-3-1-2-9(4-27)18(23)32/h1-4,7-8,10-11,13-16,20-21,29-31H,5-6H2,(H7-,22,23,24,25,32,33,34,35,36,37,38,39)/p+1",N=C(O)c1ccc[n+](C2OC(COP(=O)(O)OP(=O)(O)OCC3OC(n4cnc5c(N)ncnc54)C(OP(=O)(O)O)C3O)C(O)C2O)c1
Inter_0000000453,"InChI=1S/C30H42N7O18P3S/c1-30(2,25(42)28(43)33-10-9-20(39)32-11-12-59-21(40)8-5-17-3-6-18(38)7-4-17)14-52-58(49,50)55-57(47,48)51-13-19-24(54-56(44,45)46)23(41)29(53-19)37-16-36-22-26(31)34-15-35-27(22)37/h3-8,15-16,19,23-25,29,38,41-42H,9-14H2,1-2H3,(H,32,39)(H,33,43)(H,47,48)(H,49,50)(H2,31,34,35)(H2,44,45,46)",
Inter_0000000454,"InChI=1S/C8H10/c1-7-4-3-5-8(2)6-7/h3-6H,1-2H3",Cc1cccc(C)c1
Inter_0000000455,"InChI=1S/C6H4Cl2O2/c7-3-1-5(9)4(8)2-6(3)10/h1-2,9-10H",Oc1cc(Cl)c(O)cc1Cl
Inter_0000000456,"InChI=1S/C16H21NO/c1-2-3-4-5-6-9-13-12-16(18)14-10-7-8-11-15(14)17-13/h7-8,10-12H,2-6,9H2,1H3,(H,17,18)",CCCCCCCc1cc(=O)c2ccccc2[nH]1
Inter_0000000457,"InChI=1S/C27H42N4O16/c1-9(23(39)31-13(25(41)42)5-6-16(35)36)28-24(40)10(2)44-22-18(30-12(4)34)26-43-8-15(46-26)21(22)47-27-17(29-11(3)33)20(38)19(37)14(7-32)45-27/h9-10,13-15,17-22,26-27,32,37-38H,5-8H2,1-4H3,(H,28,40)(H,29,33)(H,30,34)(H,31,39)(H,35,36)(H,41,42)/t9?,10?,13?,14-,15?,17+,18?,19-,20-,21?,22?,26?,27?/m1/s1",CC(O)=NC1C2OCC(O2)C(OC2O[C@H](CO)[C@@H](O)[C@H](O)[C@@H]2N=C(C)O)C1OC(C)C(O)=NC(C)C(O)=NC(CCC(=O)O)C(=O)O
Inter_0000000458,"InChI=1S/C15H14O7/c16-7-4-10(19)12-11(5-7)22-15(14(21)13(12)20)6-1-2-8(17)9(18)3-6/h1-5,13-21H/t13?,14-,15+/m0/s1",Oc1cc(O)c2c(c1)O[C@H](c1ccc(O)c(O)c1)[C@@H](O)C2O
Inter_0000000459,"InChI=1S/C32H46N7O20P3S/c1-32(2,27(44)30(45)35-8-7-21(40)34-9-10-63-22(41)6-5-17-11-18(53-3)24(42)19(12-17)54-4)14-56-62(51,52)59-61(49,50)55-13-20-26(58-60(46,47)48)25(43)31(57-20)39-16-38-23-28(33)36-15-37-29(23)39/h5-6,11-12,15-16,20,25-27,31,42-44H,7-10,13-14H2,1-4H3,(H,34,40)(H,35,45)(H,49,50)(H,51,52)(H2,33,36,37)(H2,46,47,48)",COc1cc(C=CC(=O)SCCN=C(O)CCN=C(O)C(O)C(C)(C)COP(=O)(O)OP(=O)(O)OCC2OC(n3cnc4c(N)ncnc43)C(O)C2OP(=O)(O)O)cc(OC)c1O
Inter_0000000460,"InChI=1S/C21H27N7O14P2/c22-17-12-19(25-7-24-17)28(8-26-12)21-16(32)14(30)11(41-21)6-39-44(36,37)42-43(34,35)38-5-10-13(29)15(31)20(40-10)27-3-1-2-9(4-27)18(23)33/h1-4,7-8,10-11,13-16,20-21,29-32H,5-6H2,(H5-,22,23,24,25,33,34,35,36,37)/p+2",N=C(O)c1ccc[n+](C2OC(COP(=O)(O)OP(=O)(O)OCC3OC(n4cnc5c([NH3+])ncnc54)C(O)C3O)C(O)C2O)c1
Inter_0000000461,"InChI=1S/C8H15NO6/c1-4(12)9-5(2-10)7(14)8(15)6(13)3-11/h2,5-8,11,13-15H,3H2,1H3,(H,9,12)/t5-,6-,7-,8-/m1/s1",CC(O)=N[C@H](C=O)[C@@H](O)[C@H](O)[C@H](O)CO
Inter_0000000462,"InChI=1S/C40H40O23/c1-56-22-8-15(2-5-18(22)41)3-7-27(46)57-13-24-30(48)34(52)37(55)40(63-24)61-21-6-4-16(9-19(21)42)38-35(53)32(50)29-20(43)10-17(11-23(29)60-38)59-39-36(54)33(51)31(49)25(62-39)14-58-28(47)12-26(44)45/h2-11,24-25,30-31,33-34,36-37,39-43,48-49,51-55H,12-14H2,1H3,(H,44,45)",COc1cc(C=CC(=O)OCC2OC(Oc3ccc(-c4oc5cc(OC6OC(COC(=O)CC(=O)O)C(O)C(O)C6O)cc(O)c5c(=O)c4O)cc3O)C(O)C(O)C2O)ccc1O
Inter_0000000463,"InChI=1S/C11H17N3O7S/c12-6(11(20)21)1-2-8(16)14-7(4-22-5-15)10(19)13-3-9(17)18/h5-7H,1-4,12H2,(H,13,19)(H,14,16)(H,17,18)(H,20,21)",NC(CCC(O)=NC(CSC=O)C(O)=NCC(=O)O)C(=O)O
Inter_0000000464,"InChI=1S/C6H6O2/c7-5-2-1-3-6(8)4-5/h1-4,7-8H",Oc1cccc(O)c1
Inter_0000000465,"InChI=1S/C21H28N7O17P3/c22-17-12-19(25-7-24-17)28(8-26-12)21-16(44-46(33,34)35)14(30)11(43-21)6-41-48(38,39)45-47(36,37)40-5-10-13(29)15(31)20(42-10)27-3-1-2-9(4-27)18(23)32/h1-4,7-8,10-11,13-16,20-21,29-31H,5-6H2,(H7-,22,23,24,25,32,33,34,35,36,37,38,39)/p+2",N=C(O)c1ccc[n+](C2OC(COP(=O)(O)OP(=O)(O)OCC3OC(n4cnc5c([NH3+])ncnc54)C(OP(=O)(O)O)C3O)C(O)C2O)c1
Inter_0000000466,"InChI=1S/C7H8N2O2/c1-5-2-3-6(8)4-7(5)9(10)11/h2-4H,8H2,1H3",Cc1ccc(N)cc1[N+](=O)[O-]
Inter_0000000467,"InChI=1S/C6H13NO5/c7-1-2(8)4(10)6(12)5(11)3(1)9/h1-6,8-12H,7H2/t1-,2-,3-,4?,5+,6?/m1/s1",N[C@H]1[C@@H](O)[C@H](O)C(O)C(O)[C@@H]1O
Inter_0000000468,"InChI=1S/C7H7N3O5/c1-4-6(8-11)2-5(9(12)13)3-7(4)10(14)15/h2-3,8,11H,1H3",Cc1c(NO)cc([N+](=O)[O-])cc1[N+](=O)[O-]
Inter_0000000469,"InChI=1S/C18H25NO2/c1-2-3-4-5-6-7-8-13-16-18(21)17(20)14-11-9-10-12-15(14)19-16/h9-12,21H,2-8,13H2,1H3,(H,19,20)",CCCCCCCCCc1[nH]c2ccccc2c(=O)c1O
Inter_0000000470,"InChI=1S/C21H31N7O15P2/c22-17-12-19(25-6-24-17)28(7-26-12)21-16(33)14(31)10(42-21)5-40-45(37,38)43-44(35,36)39-4-9-13(30)15(32)20(41-9)27-3-8(18(23)34)1-2-11(27)29/h3,6-7,9-11,13-16,20-21,29-33H,1-2,4-5H2,(H2,23,34)(H,35,36)(H,37,38)(H2,22,24,25)",N=C(O)C1=CN(C2OC(COP(=O)(O)OP(=O)(O)OCC3OC(n4cnc5c(N)ncnc54)C(O)C3O)C(O)C2O)C(O)CC1
Inter_0000000471,"InChI=1S/C21H32N7O18P3/c22-17-12-19(25-6-24-17)28(7-26-12)21-16(45-47(34,35)36)14(31)10(44-21)5-42-49(39,40)46-48(37,38)41-4-9-13(30)15(32)20(43-9)27-3-8(18(23)33)1-2-11(27)29/h3,6-7,9-11,13-16,20-21,29-32H,1-2,4-5H2,(H2,23,33)(H,37,38)(H,39,40)(H2,22,24,25)(H2,34,35,36)",N=C(O)C1=CN(C2OC(COP(=O)(O)OP(=O)(O)OCC3OC(n4cnc5c(N)ncnc54)C(OP(=O)(O)O)C3O)C(O)C2O)C(O)CC1
Inter_0000000472,"InChI=1S/C16H20N2O17P2/c1-5-11(21)7(19)3-10(32-5)34-37(29,30)35-36(27,28)31-4-8-12(22)13(23)14(33-8)18-6(15(24)25)2-9(20)17-16(18)26/h2-3,5,8,10,12-14,19,22-23H,4H2,1H3,(H,24,25)(H,27,28)(H,29,30)(H,17,20,26)",CC1OC(OP(=O)(O)OP(=O)(O)OCC2OC(n3c(C(=O)O)cc(O)nc3=O)C(O)C2O)C=C(O)C1=O
Inter_0000000473,"InChI=1S/C22H36N4O14P2S/c1-22(2,18(30)20(32)25-6-5-15(27)24-7-9-43)12-38-42(35,36)40-41(33,34)37-11-14-16(28)17(29)21(39-14)26-8-3-4-13(10-26)19(23)31/h3-4,8,10,14,16-18,21,28-30H,5-7,9,11-12H2,1-2H3,(H6-,23,24,25,27,31,32,33,34,35,36,43)/p+1",CC(C)(COP(=O)(O)OP(=O)(O)OCC1OC([n+]2cccc(C(=N)O)c2)C(O)C1O)C(O)C(O)=NCCC(O)=NCCS
Inter_0000000474,"InChI=1S/C6H11N3O3/c7-6(8)9-3-1-2-4(10)5(11)12/h1-3H2,(H,11,12)(H4,7,8,9)",
Inter_0000000475,"InChI=1S/C6H3Cl3O2/c7-2-1-3(10)4(8)5(9)6(2)11/h1,10-11H",Oc1cc(Cl)c(O)c(Cl)c1Cl
Inter_0000000476,"InChI=1S/C15H22N2O18P2/c18-5-1-2-17(15(26)16-5)12-9(22)6(19)4(32-12)3-31-36(27,28)35-37(29,30)34-14-10(23)7(20)8(21)11(33-14)13(24)25/h1-2,4,6-12,14,19-23H,3H2,(H,24,25)(H,27,28)(H,29,30)(H,16,18,26)/t4?,6?,7-,8+,9?,10+,11-,12?,14?/m1/s1",
Inter_0000000477,"InChI=1S/C6H11N3O7P2/c1-4-8-2-5(6(7)9-4)3-15-18(13,14)16-17(10,11)12/h2H,3H2,1H3,(H,13,14)(H2,7,8,9)(H2,10,11,12)",Cc1ncc(COP(=O)(O)OP(=O)(O)O)c(=N)[nH]1
Inter_0000000478,"InChI=1S/C10H16N2O3S/c13-8(14)4-2-1-3-7-9-6(5-16-7)11-10(15)12-9/h6-7,9H,1-5H2,(H,13,14)(H2,11,12,15)/p+1",O=C(O)CCCCC1SCC2[NH+]=C(O)NC21
Inter_0000000479,"InChI=1S/C10H16N2O3S/c13-8(14)4-2-1-3-7-9-6(5-16-7)11-10(15)12-9/h6-7,9H,1-5H2,(H,13,14)(H2,11,12,15)",O=C(O)CCCCC1SCC2N=C(O)NC21
Inter_0000000480,"InChI=1S/C10H11NO4/c12-8-3-1-7(2-4-8)5-9(13)11-6-10(14)15/h1-4,12H,5-6H2,(H,11,13)(H,14,15)",O=C(O)CN=C(O)Cc1ccc(O)cc1
Inter_0000000481,"InChI=1S/C7H7N3O5/c1-4-6(9(12)13)2-5(8-11)3-7(4)10(14)15/h2-3,8,11H,1H3",Cc1c([N+](=O)[O-])cc(NO)cc1[N+](=O)[O-]
Inter_0000000482,"InChI=1S/C15H24N2O17P2/c18-3-5-8(20)10(22)12(24)14(32-5)33-36(28,29)34-35(26,27)30-4-6-9(21)11(23)13(31-6)17-2-1-7(19)16-15(17)25/h1-2,5-6,8-14,18,20-24H,3-4H2,(H,26,27)(H,28,29)(H,16,19,25)/t5-,6?,8-,9?,10+,11?,12+,13?,14?/m1/s1",
Inter_0000000483,"InChI=1S/C7H7Cl/c1-6-3-2-4-7(8)5-6/h2-5H,1H3",Cc1cccc(Cl)c1
Inter_0000000484,"InChI=1S/C11H12O2/c1-2-13-11(12)9-8-10-6-4-3-5-7-10/h3-9H,2H2,1H3",CCOC(=O)C=Cc1ccccc1
Inter_0000000485,InChI=1S/C6H2Cl2O2/c7-3-1-5(9)4(8)2-6(3)10/h1-2H,O=C1C=C(Cl)C(=O)C=C1Cl
Inter_0000000486,"InChI=1S/C8H15NO6/c1-3(11)9-5-7(13)6(12)4(2-10)15-8(5)14/h4-8,10,12-14H,2H2,1H3,(H,9,11)/t4-,5-,6-,7-,8?/m1/s1",
Inter_0000000487,"InChI=1S/C2HCl3O2/c3-2(4,5)1(6)7/h(H,6,7)",O=C(O)C(Cl)(Cl)Cl
Inter_0000000488,"InChI=1S/C12H17N4OS/c1-8-11(3-4-17)18-7-16(8)6-10-5-14-9(2)15-12(10)13/h5,7,17H,3-4,6H2,1-2H3,(H2,13,14,15)/q+1",Cc1ncc(C[n+]2csc(CCO)c2C)c(=N)[nH]1
Inter_0000000489,"InChI=1S/C23H38N7O17P3S/c1-12(31)51-7-6-25-14(32)4-5-26-21(35)18(34)23(2,3)9-44-50(41,42)47-49(39,40)43-8-13-17(46-48(36,37)38)16(33)22(45-13)30-11-29-15-19(24)27-10-28-20(15)30/h10-11,13,16-18,22,33-34H,4-9H2,1-3H3,(H,25,32)(H,26,35)(H,39,40)(H,41,42)(H2,24,27,28)(H2,36,37,38)/t13-,16-,17-,18+,22-/m1/s1",
Inter_0000000490,"InChI=1S/C8H15NO6/c1-3(11)9-5-7(13)6(12)4(2-10)15-8(5)14/h4-8,10,12-14H,2H2,1H3,(H,9,11)/t4-,5+,6-,7-,8?/m1/s1",
Inter_0000000491,"InChI=1S/C8H16NO9P/c1-3(11)9-5-7(13)6(12)4(2-10)17-8(5)18-19(14,15)16/h4-8,10,12-13H,2H2,1H3,(H,9,11)(H2,14,15,16)/t4-,5+,6-,7-,8?/m1/s1",CC(O)=N[C@@H]1C(OP(=O)(O)O)O[C@H](CO)[C@@H](O)[C@@H]1O
Inter_0000000492,"InChI=1S/C22H33NO2/c1-2-3-4-5-6-7-8-9-10-11-12-17-20-22(25)21(24)18-15-13-14-16-19(18)23-20/h13-16,25H,2-12,17H2,1H3,(H,23,24)",CCCCCCCCCCCCCc1[nH]c2ccccc2c(=O)c1O
Inter_0000000493,"InChI=1S/C28H40N7O17P3S/c1-28(2,22(38)25(39)31-9-8-18(36)30-10-11-56-27(40)16-6-4-3-5-7-16)13-49-55(46,47)52-54(44,45)48-12-17-21(51-53(41,42)43)20(37)26(50-17)35-15-34-19-23(29)32-14-33-24(19)35/h3-7,14-15,17,20-22,26,37-38H,8-13H2,1-2H3,(H,30,36)(H,31,39)(H,44,45)(H,46,47)(H2,29,32,33)(H2,41,42,43)",CC(C)(COP(=O)(O)OP(=O)(O)OCC1OC(n2cnc3c(N)ncnc32)C(O)C1OP(=O)(O)O)C(O)C(O)=NCCC(O)=NCCSC(=O)c1ccccc1
Inter_0000000494,"InChI=1S/C28H42N8O17P2/c1-11-6-14-15(7-12(11)2)36(23-19(32-14)24(42)34-28(45)33-23)8-16(37)20(39)17(38)9-50-54(46,47)53-55(48,49)51-10-18-21(40)22(41)25(52-18)35-27(30)31-5-3-4-13(29)26(43)44/h6-7,13,16-18,20-22,25,37-41H,3-5,8-10,29H2,1-2H3,(H,43,44)(H,46,47)(H,48,49)(H3,30,31,35)(H,34,42,45)/p+1",Cc1cc2nc3c(O)nc(=O)nc-3n(CC(O)C(O)C(O)COP(=O)(O)OP(=O)(O)OCC3OC(NC(=N)NCCCC([NH3+])C(=O)O)C(O)C3O)c2cc1C
Inter_0000000495,"InChI=1S/C21H30N7O17P3/c22-17-12-19(25-7-24-17)28(8-26-12)21-16(44-46(33,34)35)14(30)11(43-21)6-41-48(38,39)45-47(36,37)40-5-10-13(29)15(31)20(42-10)27-3-1-2-9(4-27)18(23)32/h1,3-4,7-8,10-11,13-16,20-21,29-31H,2,5-6H2,(H2,23,32)(H,36,37)(H,38,39)(H2,22,24,25)(H2,33,34,35)/p-1",N=C([O-])C1=CN(C2OC(COP(=O)(O)OP(=O)(O)OCC3OC(n4cnc5c(N)ncnc54)C(OP(=O)(O)O)C3O)C(O)C2O)C=CC1
Inter_0000000496,"InChI=1S/C17H22O10/c1-24-9-5-8(6-10(25-2)13(9)20)3-4-12(19)27-17-16(23)15(22)14(21)11(7-18)26-17/h3-6,11,14-18,20-23H,7H2,1-2H3/t11-,14-,15+,16-,17-/m1/s1",COc1cc(C=CC(=O)O[C@H]2O[C@H](CO)[C@@H](O)[C@H](O)[C@H]2O)cc(OC)c1O
Inter_0000000497,"InChI=1S/C31H28O14/c1-41-22-10-14(2-7-18(22)33)3-9-24(35)42-13-23-26(37)27(38)29(40)31(45-23)44-20-8-4-15(11-19(20)34)30-28(39)25(36)17-6-5-16(32)12-21(17)43-30/h2-12,23,26-27,29,31-34,37-40H,13H2,1H3",COc1cc(C=CC(=O)OCC2OC(Oc3ccc(-c4oc5cc(O)ccc5c(=O)c4O)cc3O)C(O)C(O)C2O)ccc1O
Inter_0000000498,"InChI=1S/C8H6O4/c9-6-3-1-5(2-4-6)7(10)8(11)12/h1-4,9H,(H,11,12)",O=C(O)C(=O)c1ccc(O)cc1
Inter_0000000499,"InChI=1S/C30H42N7O19P3S/c1-30(2,25(43)28(44)33-8-7-20(40)32-9-10-60-21(41)6-4-16-3-5-17(38)18(39)11-16)13-53-59(50,51)56-58(48,49)52-12-19-24(55-57(45,46)47)23(42)29(54-19)37-15-36-22-26(31)34-14-35-27(22)37/h3-6,11,14-15,19,23-25,29,38-39,42-43H,7-10,12-13H2,1-2H3,(H,32,40)(H,33,44)(H,48,49)(H,50,51)(H2,31,34,35)(H2,45,46,47)",CC(C)(COP(=O)(O)OP(=O)(O)OCC1OC(n2cnc3c(N)ncnc32)C(O)C1OP(=O)(O)O)C(O)C(O)=NCCC(O)=NCCSC(=O)C=Cc1ccc(O)c(O)c1
Inter_0000000500,"InChI=1S/C18H33NO3/c1-2-3-4-5-6-7-8-9-10-11-12-13-17(20)19-16-14-15-22-18(16)21/h16H,2-15H2,1H3,(H,19,20)/t16-/m0/s1",CCCCCCCCCCCCCC(O)=N[C@H]1CCOC1=O
Inter_0000000501,"InChI=1S/C18H33NO4/c1-2-3-4-5-6-7-8-9-10-11-15(20)14-17(21)19-16-12-13-23-18(16)22/h15-16,20H,2-14H2,1H3,(H,19,21)",CCCCCCCCCCCC(O)CC(O)=NC1CCOC1=O
Inter_0000000502,"InChI=1S/C6H10O6/c7-1-2(8)4(10)6(12)5(11)3(1)9/h1-5,7-11H/t1?,2-,3+,4-,5-/m1/s1",O=C1[C@H](O)[C@H](O)C(O)[C@H](O)[C@H]1O
Inter_0000000503,"InChI=1S/C20H35NO3/c1-2-3-4-5-6-7-8-9-10-11-12-13-14-15-19(22)21-18-16-17-24-20(18)23/h14-15,18H,2-13,16-17H2,1H3,(H,21,22)/b15-14+/t18-/m0/s1",CCCCCCCCCCCCC/C=C/C(O)=N[C@H]1CCOC1=O
Inter_0000000504,"InChI=1S/C16H27NO3/c1-2-3-4-5-6-7-8-9-10-11-15(18)17-14-12-13-20-16(14)19/h10-11,14H,2-9,12-13H2,1H3,(H,17,18)/b11-10+/t14-/m0/s1",CCCCCCCCC/C=C/C(O)=N[C@H]1CCOC1=O
Inter_0000000505,"InChI=1S/C10H14N2/c1-2-7-12-10(5-1)9-4-3-6-11-8-9/h3-4,6,8,10,12H,1-2,5,7H2",c1cncc(C2CCCCN2)c1
Inter_0000000506,"InChI=1S/C20H37NO3/c1-2-3-4-5-6-7-8-9-10-11-12-13-14-15-19(22)21-18-16-17-24-20(18)23/h18H,2-17H2,1H3,(H,21,22)/t18-/m0/s1",CCCCCCCCCCCCCCCC(O)=N[C@H]1CCOC1=O
Inter_0000000507,"InChI=1S/C24H35NO18/c26-5-10-13(28)15(30)18(33)22(40-10)38-7-12-14(29)16(31)19(34)24(42-12)43-21-11(6-27)41-23(20(35)17(21)32)39-9-3-1-8(2-4-9)25(36)37/h1-4,10-24,26-35H,5-7H2/t10?,11-,12-,13?,14-,15?,16+,17-,18?,19-,20-,21-,22?,23-,24+/m1/s1",O=[N+]([O-])c1ccc(O[C@@H]2O[C@H](CO)[C@@H](O[C@@H]3O[C@H](COC4OC(CO)C(O)C(O)C4O)[C@@H](O)[C@H](O)[C@H]3O)[C@H](O)[C@H]2O)cc1
Inter_0000000508,"InChI=1S/C24H35NO18/c26-5-10(28)20-15(31)18(34)22(42-20)38-7-12-13(29)14(30)17(33)24(41-12)43-21-11(6-27)40-23(19(35)16(21)32)39-9-3-1-8(2-4-9)25(36)37/h1-4,10-24,26-35H,5-7H2/t10?,11-,12-,13-,14+,15?,16-,17-,18?,19-,20?,21-,22?,23-,24+/m1/s1",O=[N+]([O-])c1ccc(O[C@@H]2O[C@H](CO)[C@@H](O[C@@H]3O[C@H](COC4OC(C(O)CO)C(O)C4O)[C@@H](O)[C@H](O)[C@H]3O)[C@H](O)[C@H]2O)cc1
Inter_0000000509,"InChI=1S/C6H13NO5/c7-1-2(8)4(10)6(12)5(11)3(1)9/h1-6,8-12H,7H2/t1-,2-,3-,4+,5?,6?/m1/s1",N[C@@H]1[C@@H](O)[C@H](O)C(O)C(O)[C@@H]1O
Inter_0000000510,"InChI=1S/C20H38O2/c1-16(2)9-6-10-17(3)11-7-12-18(4)13-8-14-19(5)15-20(21)22/h9,17-19H,6-8,10-15H2,1-5H3,(H,21,22)",CC(C)=CCCC(C)CCCC(C)CCCC(C)CC(=O)O
Inter_0000000511,"InChI=1S/C8H15NO6/c1-3(11)9-5-7(13)6(12)4(2-10)15-8(5)14/h4-8,10,12-14H,2H2,1H3,(H,9,11)/t4-,5-,6+,7-,8?/m1/s1",
Inter_0000000512,"InChI=1S/C6H5ClO/c7-5-3-1-2-4-6(5)8/h1-4,8H",Oc1ccccc1Cl
Inter_0000000513,"InChI=1S/C6H5ClO/c7-5-2-1-3-6(8)4-5/h1-4,8H",Oc1cccc(Cl)c1
Inter_0000000514,"InChI=1S/C31H44N7O19P3S/c1-31(2,26(43)29(44)34-9-8-21(40)33-10-11-61-22(41)7-5-17-4-6-18(39)19(12-17)52-3)14-54-60(50,51)57-59(48,49)53-13-20-25(56-58(45,46)47)24(42)30(55-20)38-16-37-23-27(32)35-15-36-28(23)38/h4-7,12,15-16,20,24-26,30,39,42-43H,8-11,13-14H2,1-3H3,(H,33,40)(H,34,44)(H,48,49)(H,50,51)(H2,32,35,36)(H2,45,46,47)",
Inter_0000000515,"InChI=1S/C6H6O5/c7-4(3-6(10)11)1-2-5(8)9/h1-2H,3H2,(H,8,9)(H,10,11)",O=C(O)C=CC(=O)CC(=O)O
Inter_0000000516,"InChI=1S/C10H17NO3/c1-11-6-3-4-7(11)9(8(12)5-6)10(13)14-2/h6-9,12H,3-5H2,1-2H3",COC(=O)C1C(O)CC2CCC1N2C
Inter_0000000517,"InChI=1S/C30H47N5O10P2/c1-18(10-13-30(5)19(2)8-9-20-21(30)7-6-12-29(20,3)4)11-14-34-16-33-27-23(26(34)31)32-17-35(27)28-25(37)24(36)22(44-28)15-43-47(41,42)45-46(38,39)40/h9,11,16-17,19,21-22,24-25,28,31,36-37H,6-8,10,12-15H2,1-5H3,(H,41,42)(H2,38,39,40)/p+1",CC(=CCn1cnc2c(ncn2C2OC(COP(=O)(O)OP(=O)(O)O)C(O)C2O)c1=[NH2+])CCC1(C)C(C)CC=C2C1CCCC2(C)C
Inter_0000000518,"InChI=1S/C30H41N7O15P2S/c1-30(2,24(42)27(43)33-9-8-20(39)32-10-11-55-29(44)18(38)12-17-6-4-3-5-7-17)14-50-54(47,48)52-53(45,46)49-13-19-22(40)23(41)28(51-19)37-16-36-21-25(31)34-15-35-26(21)37/h3-7,12,15-16,19,22-24,28,38,40-42H,8-11,13-14H2,1-2H3,(H,32,39)(H,33,43)(H,45,46)(H,47,48)(H2,31,34,35)/b18-12-/t19-,22-,23-,24+,28-/m1/s1",CC(C)(COP(=O)(O)OP(=O)(O)OC[C@H]1O[C@@H](n2cnc3c(N)ncnc32)[C@H](O)[C@@H]1O)[C@@H](O)C(O)=NCCC(O)=NCCSC(=O)/C(O)=C/c1ccccc1
Inter_0000000519,"InChI=1S/C21H30N7O17P3/c22-17-12-19(25-7-24-17)28(8-26-12)21-16(44-46(33,34)35)14(30)11(43-21)6-41-48(38,39)45-47(36,37)40-5-10-13(29)15(31)20(42-10)27-3-1-2-9(4-27)18(23)32/h1,3-4,7-8,10-11,13-16,20-21,29-31H,2,5-6H2,(H2,23,32)(H,36,37)(H,38,39)(H2,22,24,25)(H2,33,34,35)/p+3",[NH2+]=C(O)C1=CN(C2OC(COP(=O)(O)OP(=O)(O)OCC3OC(n4cnc5c([NH3+])[nH+]cnc54)C(OP(=O)(O)O)C3O)C(O)C2O)C=CC1
Inter_0000000520,"InChI=1S/C24H40O21/c25-1-5-9(27)12(30)17(35)22(42-5)39-3-7-10(28)13(31)18(36)23(43-7)40-4-8-11(29)14(32)19(37)24(44-8)45-20-6(2-26)41-21(38)16(34)15(20)33/h5-20,22-37H,1-4H2/t5?,6-,7?,8-,9?,10?,11-,12?,13?,14+,15-,16-,17?,18?,19-,20-,22?,23?,24+/m1/s1",O=C1O[C@H](CO)[C@@H](O[C@@H]2O[C@H](COC3OC(COC4OC(CO)C(O)C(O)C4O)C(O)C(O)C3O)[C@@H](O)[C@H](O)[C@H]2O)[C@H](O)[C@H]1O
Inter_0000000521,"InChI=1S/C2H3Cl3/c1-2(3,4)5/h1H3",CC(Cl)(Cl)Cl
Inter_0000000522,"InChI=1S/C37H38O20/c1-51-21-8-14(2-5-17(21)39)3-7-25(42)52-13-24-28(44)31(47)34(50)37(57-24)55-20-6-4-15(9-18(20)40)35-32(48)29(45)26-19(41)10-16(11-22(26)54-35)53-36-33(49)30(46)27(43)23(12-38)56-36/h2-11,23-24,27-28,30-31,33-34,36-41,43-44,46-50H,12-13H2,1H3/p+1",COc1cc(C=CC(=O)OCC2OC(Oc3ccc(-c4oc5cc(OC6OC(C[OH2+])C(O)C(O)C6O)cc(O)c5c(=O)c4O)cc3O)C(O)C(O)C2O)ccc1O
Inter_0000000523,"InChI=1S/C16H27NO4/c1-2-3-4-5-6-7-8-9-13(18)12-15(19)17-14-10-11-21-16(14)20/h14H,2-12H2,1H3,(H,17,19)/t14-/m0/s1",CCCCCCCCCC(=O)CC(O)=N[C@H]1CCOC1=O
Inter_0000000524,"InChI=1S/C16H29NO4/c1-2-3-4-5-6-7-8-9-13(18)12-15(19)17-14-10-11-21-16(14)20/h13-14,18H,2-12H2,1H3,(H,17,19)/t13?,14-/m0/s1",CCCCCCCCCC(O)CC(O)=N[C@H]1CCOC1=O
Inter_0000000525,"InChI=1S/C6H14O12P2/c7-1-4(18-20(14,15)16)6(10)5(9)3(8)2-17-19(11,12)13/h1,3-6,8-10H,2H2,(H2,11,12,13)(H2,14,15,16)/t3-,4+,5+,6-/m1/s1",O=C[C@H](OP(=O)(O)O)[C@@H](O)[C@@H](O)[C@H](O)COP(=O)(O)O
Inter_0000000526,"InChI=1S/C29H41N7O15P2S/c1-29(2,24(42)27(43)32-7-6-19(38)31-8-9-54-20(39)11-16-4-3-5-17(37)10-16)13-49-53(46,47)51-52(44,45)48-12-18-22(40)23(41)28(50-18)36-15-35-21-25(30)33-14-34-26(21)36/h3-5,10,14-15,18,22-24,28,37,40-42H,6-9,11-13H2,1-2H3,(H,31,38)(H,32,43)(H,44,45)(H,46,47)(H2,30,33,34)",CC(C)(COP(=O)(O)OP(=O)(O)OCC1OC(n2cnc3c(N)ncnc32)C(O)C1O)C(O)C(O)=NCCC(O)=NCCSC(=O)Cc1cccc(O)c1
Inter_0000000527,"InChI=1S/C6H12O6/c7-1-3(9)5(11)6(12)4(10)2-8/h3-5,7-11H,1-2H2/t3-,4+,5+/m0/s1",O=C([C@H](O)CO)[C@H](O)[C@@H](O)CO
Inter_0000000528,"InChI=1S/C20H35NO4/c1-2-3-4-5-6-7-8-9-10-11-12-13-17(22)16-19(23)21-18-14-15-25-20(18)24/h18H,2-16H2,1H3,(H,21,23)/t18-/m0/s1",CCCCCCCCCCCCCC(=O)CC(O)=N[C@H]1CCOC1=O
Inter_0000000529,"InChI=1S/C6H5ClO2/c7-5-3-4(8)1-2-6(5)9/h1-3,8-9H",Oc1ccc(O)c(Cl)c1
Inter_0000000530,"InChI=1S/C10H18N2O3/c1-7-8(12-10(15)11-7)5-3-2-4-6-9(13)14/h7-8H,2-6H2,1H3,(H,13,14)(H2,11,12,15)/t7-,8+/m0/s1",C[C@@H]1N=C(O)N[C@@H]1CCCCCC(=O)O
Inter_0000000531,"InChI=1S/C22H33NO2/c1-2-3-4-5-6-7-8-9-10-11-12-15-19-18-22(24)20-16-13-14-17-21(20)23(19)25/h13-14,16-18,24H,2-12,15H2,1H3",CCCCCCCCCCCCCc1cc(O)c2ccccc2[n+]1[O-]
Inter_0000000532,"InChI=1S/C11H19NO8/c1-4(10(16)17)19-9-7(12-5(2)14)11(18)20-6(3-13)8(9)15/h4,6-9,11,13,15,18H,3H2,1-2H3,(H,12,14)(H,16,17)/t4-,6-,7-,8-,9-,11?/m1/s1",CC(O)=N[C@H]1C(O)O[C@H](CO)[C@@H](O)[C@@H]1O[C@H](C)C(=O)O
Inter_0000000533,"InChI=1S/C6H13NO5/c7-1-2(8)4(10)6(12)5(11)3(1)9/h1-6,8-12H,7H2/t1-,2-,3+,4+,5?,6?/m0/s1",N[C@H]1[C@H](O)[C@@H](O)C(O)C(O)[C@@H]1O
Inter_0000000534,"InChI=1S/C15H24N2O16P2/c1-5-8(19)10(21)12(23)14(30-5)32-35(27,28)33-34(25,26)29-4-6-9(20)11(22)13(31-6)17-3-2-7(18)16-15(17)24/h2-3,5-6,8-14,19-23H,4H2,1H3,(H,25,26)(H,27,28)(H,16,18,24)",
Inter_0000000535,"InChI=1S/C15H24N2O17P2/c18-3-5-8(20)10(22)12(24)14(32-5)33-36(28,29)34-35(26,27)30-4-6-9(21)11(23)13(31-6)17-2-1-7(19)16-15(17)25/h1-2,5-6,8-14,18,20-24H,3-4H2,(H,26,27)(H,28,29)(H,16,19,25)/t5-,6?,8-,9?,10+,11?,12-,13?,14+/m1/s1",
Inter_0000000536,"InChI=1S/C21H20O12/c22-6-13-15(26)17(28)19(30)21(33-13)31-8-4-11(25)14-12(5-8)32-20(18(29)16(14)27)7-1-2-9(23)10(24)3-7/h1-5,13,15,17,19,21-26,28-30H,6H2",O=c1c(O)c(-c2ccc(O)c(O)c2)oc2cc(OC3OC(CO)C(O)C(O)C3O)cc(O)c12
Inter_0000000537,"InChI=1S/C21H36N7O16P3S/c1-21(2,16(31)19(32)24-4-3-12(29)23-5-6-48)8-41-47(38,39)44-46(36,37)40-7-11-15(43-45(33,34)35)14(30)20(42-11)28-10-27-13-17(22)25-9-26-18(13)28/h9-11,14-16,20,30-31,48H,3-8H2,1-2H3,(H,23,29)(H,24,32)(H,36,37)(H,38,39)(H2,22,25,26)(H2,33,34,35)/p+1",CC(C)(COP(=O)(O)OP(=O)(O)OCC1OC(n2cnc3c([NH3+])ncnc32)C(O)C1OP(=O)(O)O)C(O)C(O)=NCCC(O)=NCCS
Inter_0000000538,"InChI=1S/C10H15N5O11P2/c11-10-13-7-4(8(18)14-10)12-2-15(7)9-6(17)5(16)3(25-9)1-24-28(22,23)26-27(19,20)21/h2-3,5-6,9,16-17H,1H2,(H,22,23)(H2,19,20,21)(H3,11,13,14,18)/t3-,5-,6-,9-/m1/s1",N=c1nc(O)c2ncn([C@@H]3O[C@H](COP(=O)(O)OP(=O)(O)O)[C@@H](O)[C@H]3O)c2[nH]1
Inter_0000000539,"InChI=1S/C24H43O24P/c25-1-6-10(28)14(32)16(34)22(44-6)46-19-12(30)7(2-26)43-21(18(19)36)41-3-8-11(29)15(33)17(35)23(45-8)48-24(5-27)20(37)13(31)9(47-24)4-42-49(38,39)40/h6-23,25-37H,1-5H2,(H2,38,39,40)/t6?,7-,8-,9-,10?,11-,12+,13-,14?,15+,16?,17-,18-,19+,20+,21+,22?,23-,24+/m1/s1",O=P(O)(O)OC[C@H]1O[C@@](CO)(O[C@H]2O[C@H](CO[C@H]3O[C@H](CO)[C@H](O)[C@H](OC4OC(CO)C(O)C(O)C4O)[C@H]3O)[C@@H](O)[C@H](O)[C@H]2O)[C@@H](O)[C@@H]1O
Inter_0000000540,InChI=1S/C6H5Cl/c7-6-4-2-1-3-5-6/h1-5H,Clc1ccccc1
Inter_0000000541,"InChI=1S/C24H24O13/c25-11-3-1-10(2-4-11)15-7-14(27)20-13(26)5-12(6-16(20)36-15)35-24-23(33)22(32)21(31)17(37-24)9-34-19(30)8-18(28)29/h1-6,15,17,21-26,31-33H,7-9H2,(H,28,29)/t15-,17?,21?,22?,23?,24?/m0/s1",O=C(O)CC(=O)OCC1OC(Oc2cc(O)c3c(c2)O[C@H](c2ccc(O)cc2)CC3=O)C(O)C(O)C1O
Inter_0000000542,"InChI=1S/C18H25NO2/c1-2-3-4-5-6-7-8-11-15-14-18(20)16-12-9-10-13-17(16)19(15)21/h9-10,12-14,20H,2-8,11H2,1H3",CCCCCCCCCc1cc(O)c2ccccc2[n+]1[O-]
Inter_0000000543,"InChI=1S/C22H33NO/c1-2-3-4-5-6-7-8-9-10-11-12-15-19-18-22(24)20-16-13-14-17-21(20)23-19/h13-14,16-18H,2-12,15H2,1H3,(H,23,24)",CCCCCCCCCCCCCc1cc(=O)c2ccccc2[nH]1
Inter_0000000544,"InChI=1S/C6H4Cl2O/c7-4-2-1-3-5(8)6(4)9/h1-3,9H",Oc1c(Cl)cccc1Cl
Inter_0000000545,"InChI=1S/C6H3Cl3O/c7-3-1-4(8)6(10)5(9)2-3/h1-2,10H",Oc1c(Cl)cc(Cl)cc1Cl
Inter_0000000546,"InChI=1S/C14H26O3/c1-2-13(16)14(17)11-9-7-5-3-4-6-8-10-12-15/h12-13,16H,2-11H2,1H3/t13-/m0/s1",CC[C@H](O)C(=O)CCCCCCCCCC=O
Inter_0000000547,"InChI=1S/C19H18N4O7/c24-11(9-2-1-3-10(6-9)19(28)29)4-5-12-14(25)15(26)18(30-12)23-8-22-13-16(23)20-7-21-17(13)27/h1-3,6-8,12,14-15,18,25-26H,4-5H2,(H,28,29)(H,20,21,27)",O=C(O)c1cccc(C(=O)CCC2OC(n3cnc4c(O)ncnc43)C(O)C2O)c1
Inter_0000000548,"InChI=1S/C6H15O9P/c7-1-3(9)5(11)6(4(10)2-8)15-16(12,13)14/h3-11H,1-2H2,(H2,12,13,14)/t3-,4+,5-,6-/m1/s1",O=P(O)(O)O[C@@H]([C@H](O)[C@H](O)CO)[C@@H](O)CO
Inter_0000000549,InChI=1S/C6H4ClNO2/c7-5-3-1-2-4-6(5)8(9)10/h1-4H,O=[N+]([O-])c1ccccc1Cl
Inter_0000000550,InChI=1S/C6H4ClNO2/c7-5-2-1-3-6(4-5)8(9)10/h1-4H,O=[N+]([O-])c1cccc(Cl)c1
Inter_0000000551,"InChI=1S/C32H44N7O20P3S/c1-32(2,26(45)29(46)35-10-9-21(41)34-11-12-63-31(47)18-6-4-3-5-17(18)19(40)7-8-22(42)43)14-56-62(53,54)59-61(51,52)55-13-20-24(44)25(58-60(48,49)50)30(57-20)39-16-38-23-27(33)36-15-37-28(23)39/h3-6,15-16,20,24-26,30,44-45H,7-14H2,1-2H3,(H,34,41)(H,35,46)(H,42,43)(H,51,52)(H,53,54)(H2,33,36,37)(H2,48,49,50)/p+1/t20-,24-,25-,26+,30-/m1/s1",CC(C)(COP(=O)(O)OP(=O)(O)OC[C@H]1O[C@@H](n2cnc3c([NH3+])ncnc32)[C@H](OP(=O)(O)O)[C@@H]1O)[C@@H](O)C(O)=NCCC(O)=NCCSC(=O)c1ccccc1C(=O)CCC(=O)O
Inter_0000000552,"InChI=1S/C32H44N7O20P3S/c1-32(2,26(45)29(46)35-9-8-20(40)34-10-11-63-31(47)18(12-21(41)42)23(43)17-6-4-3-5-7-17)14-56-62(53,54)59-61(51,52)55-13-19-24(44)25(58-60(48,49)50)30(57-19)39-16-38-22-27(33)36-15-37-28(22)39/h3-7,15-16,18-19,24-26,30,44-45H,8-14H2,1-2H3,(H,34,40)(H,35,46)(H,41,42)(H,51,52)(H,53,54)(H2,33,36,37)(H2,48,49,50)/p+1/t18?,19-,24-,25-,26+,30-/m1/s1",CC(C)(COP(=O)(O)OP(=O)(O)OC[C@H]1O[C@@H](n2cnc3c([NH3+])ncnc32)[C@H](OP(=O)(O)O)[C@@H]1O)[C@@H](O)C(O)=NCCC(O)=NCCSC(=O)C(CC(=O)O)C(=O)c1ccccc1
Inter_0000000553,"InChI=1S/C6H10O6/c7-1-2(8)4(10)6(12)5(11)3(1)9/h1-5,7-11H/t1?,2-,3?,4+,5+/m1/s1",O=C1[C@@H](O)C(O)C(O)[C@@H](O)[C@@H]1O
Inter_0000000554,"InChI=1S/C9H16N2O5/c1-5(12)11-7(9(15)16)4-2-3-6(10)8(13)14/h6-7H,2-4,10H2,1H3,(H,11,12)(H,13,14)(H,15,16)",CC(O)=NC(CCCC(N)C(=O)O)C(=O)O
Inter_0000000555,"InChI=1S/C17H21NO2/c1-2-3-4-5-6-7-10-14-13-17(19)15-11-8-9-12-16(15)18(14)20/h6-9,11-13,19H,2-5,10H2,1H3",CCCCCC=CCc1cc(O)c2ccccc2[n+]1[O-]
Inter_0000000556,"InChI=1S/C25H40N7O17P3S/c1-4-5-16(34)53-9-8-27-15(33)6-7-28-23(37)20(36)25(2,3)11-46-52(43,44)49-51(41,42)45-10-14-19(48-50(38,39)40)18(35)24(47-14)32-13-31-17-21(26)29-12-30-22(17)32/h4-5,12-14,18-20,24,35-36H,6-11H2,1-3H3,(H,27,33)(H,28,37)(H,41,42)(H,43,44)(H2,26,29,30)(H2,38,39,40)",
Inter_0000000557,InChI=1S/C9H6N/c1-7-6-10-9-5-3-2-4-8(7)9/h1-6H/q+1/p+1,[CH+]=C1C=[NH+]c2ccccc21
Inter_0000000558,"InChI=1S/C6H13NO5/c7-1-2(8)4(10)6(12)5(11)3(1)9/h1-6,8-12H,7H2/t1-,2-,3?,4?,5?,6?/m1/s1",N[C@H]1C(O)C(O)C(O)C(O)[C@@H]1O
Inter_0000000559,"InChI=1S/C12H10O/c13-12-9-5-4-8-11(12)10-6-2-1-3-7-10/h1-9,13H",Oc1ccccc1-c1ccccc1
Inter_0000000560,"InChI=1S/C24H40N7O17P3S/c1-4-15(33)52-8-7-26-14(32)5-6-27-22(36)19(35)24(2,3)10-45-51(42,43)48-50(40,41)44-9-13-18(47-49(37,38)39)17(34)23(46-13)31-12-30-16-20(25)28-11-29-21(16)31/h11-13,17-19,23,34-35H,4-10H2,1-3H3,(H,26,32)(H,27,36)(H,40,41)(H,42,43)(H2,25,28,29)(H2,37,38,39)/t13-,17-,18-,19+,23-/m1/s1",
Inter_0000000561,"InChI=1S/C17H23NO/c1-2-3-4-5-6-7-10-14-13-17(19)15-11-8-9-12-16(15)18-14/h8-9,11-13H,2-7,10H2,1H3,(H,18,19)",CCCCCCCCc1cc(=O)c2ccccc2[nH]1
Inter_0000000562,"InChI=1S/C16H26N2O16P2/c1-6-3-18(16(25)17-14(6)24)10-2-7(20)9(31-10)5-30-35(26,27)34-36(28,29)33-15-13(23)12(22)11(21)8(4-19)32-15/h3,7-13,15,19-23H,2,4-5H2,1H3,(H,26,27)(H,28,29)(H,17,24,25)",Cc1cn(C2CC(O)C(COP(=O)(O)OP(=O)(O)OC3OC(CO)C(O)C(O)C3O)O2)c(=O)nc1O
Inter_0000000563,"InChI=1S/C16H25N5O16P2/c17-16-19-12-6(13(28)20-16)18-3-21(12)14-10(26)8(24)5(34-14)2-33-38(29,30)37-39(31,32)36-15-11(27)9(25)7(23)4(1-22)35-15/h3-5,7-11,14-15,22-27H,1-2H2,(H,29,30)(H,31,32)(H3,17,19,20,28)/t4?,5?,7-,8?,9+,10?,11+,14?,15?/m1/s1",N=c1nc(O)c2ncn(C3OC(COP(=O)(O)OP(=O)(O)OC4OC(CO)[C@@H](O)[C@H](O)[C@@H]4O)C(O)C3O)c2[nH]1
Inter_0000000564,"InChI=1S/C15H24N2O17P2/c18-3-5-8(20)10(22)12(24)14(32-5)33-36(28,29)34-35(26,27)30-4-6-9(21)11(23)13(31-6)17-2-1-7(19)16-15(17)25/h1-2,5-6,8-14,18,20-24H,3-4H2,(H,26,27)(H,28,29)(H,16,19,25)/t5?,6?,8-,9?,10+,11?,12+,13?,14?/m1/s1",
Inter_0000000565,InChI=1S/C12H10/c1-3-7-11(8-4-1)12-9-5-2-6-10-12/h1-10H,c1ccc(-c2ccccc2)cc1
Inter_0000000566,"InChI=1S/C6H10O5/c1-2(7)5-3(8)4(9)6(10)11-5/h2-5,7-9H,1H3/t2-,3-,4+,5-/m0/s1",C[C@H](O)[C@@H]1OC(=O)[C@H](O)[C@@H]1O
Inter_0000000567,"InChI=1S/C4H4N2O2/c7-3-1-2-5-4(8)6-3/h1-2H,(H2,5,6,7,8)",Oc1ccnc(O)n1
Inter_0000000568,"InChI=1S/C17H20N4O6/c1-7-3-9-10(4-8(7)2)21(5-11(23)14(25)12(24)6-22)15-13(18-9)16(26)20-17(27)19-15/h3-4,11-12,14,22-25H,5-6H2,1-2H3,(H,20,26,27)/t11-,12+,14-/m0/s1",Cc1cc2nc3c(O)nc(=O)nc-3n(C[C@H](O)[C@H](O)[C@H](O)CO)c2cc1C
Inter_0000000569,"InChI=1S/C15H24N2O16P2/c1-5-8(19)10(21)12(23)14(30-5)32-35(27,28)33-34(25,26)29-4-6-9(20)11(22)13(31-6)17-3-2-7(18)16-15(17)24/h2-3,5-6,8-14,19-23H,4H2,1H3,(H,25,26)(H,27,28)(H,16,18,24)/t5-,6?,8-,9?,10+,11?,12+,13?,14?/m0/s1",
Inter_0000000570,"InChI=1S/C10H8O/c11-10-7-3-5-8-4-1-2-6-9(8)10/h1-7,11H",Oc1cccc2ccccc12
Inter_0000000571,"InChI=1S/C30H42N7O18P3S/c1-30(2,24(41)27(42)33-9-8-20(39)32-10-11-59-29(43)18(38)12-17-6-4-3-5-7-17)14-52-58(49,50)55-57(47,48)51-13-19-22(40)23(54-56(44,45)46)28(53-19)37-16-36-21-25(31)34-15-35-26(21)37/h3-7,12,15-16,19,22-24,28,38,40-41H,8-11,13-14H2,1-2H3,(H,32,39)(H,33,42)(H,47,48)(H,49,50)(H2,31,34,35)(H2,44,45,46)/b18-12-/t19?,22?,23?,24-,28?/m0/s1",CC(C)(COP(=O)(O)OP(=O)(O)OCC1OC(n2cnc3c(N)ncnc32)C(OP(=O)(O)O)C1O)[C@@H](O)C(O)=NCCC(O)=NCCSC(=O)/C(O)=C/c1ccccc1
Inter_0000000572,"InChI=1S/C3H5O6P/c4-2(3(5)6)1-10(7,8)9/h1H2,(H,5,6)(H2,7,8,9)",O=C(O)C(=O)CP(=O)(O)O
Inter_0000000573,"InChI=1S/C29H42N7O18P3S/c1-29(2,24(41)27(42)32-7-6-19(38)31-8-9-58-20(39)11-16-4-3-5-17(37)10-16)13-51-57(48,49)54-56(46,47)50-12-18-22(40)23(53-55(43,44)45)28(52-18)36-15-35-21-25(30)33-14-34-26(21)36/h3-5,10,14-15,18,22-24,28,37,40-41H,6-9,11-13H2,1-2H3,(H,31,38)(H,32,42)(H,46,47)(H,48,49)(H2,30,33,34)(H2,43,44,45)",CC(C)(COP(=O)(O)OP(=O)(O)OCC1OC(n2cnc3c(N)ncnc32)C(OP(=O)(O)O)C1O)C(O)C(O)=NCCC(O)=NCCSC(=O)Cc1cccc(O)c1
Inter_0000000574,"InChI=1S/C31H28O15/c1-42-20-8-13(2-5-16(20)33)3-7-23(36)43-12-22-25(37)27(39)29(41)31(46-22)45-19-6-4-14(9-17(19)34)30-28(40)26(38)24-18(35)10-15(32)11-21(24)44-30/h2-11,22,25,27,29,31-35,37,39-41H,12H2,1H3",COc1cc(C=CC(=O)OCC2OC(Oc3ccc(-c4oc5cc(O)cc(O)c5c(=O)c4O)cc3O)C(O)C(O)C2O)ccc1O
Inter_0000000575,"InChI=1S/C28H39N7O24P4/c1-11-2-15-16(3-12(11)5-34-6-13(30-10-34)4-14(29)26(42)43)35(24-20(31-15)25(41)33-28(44)32-24)7-17(36)21(38)18(37)8-54-61(48,49)59-62(50,51)55-9-19-22(39)23(40)27(56-19)57-63(52,53)58-60(45,46)47/h2-3,6,10,14,17-19,21-23,27,36-40H,4-5,7-9,29H2,1H3,(H7,33,41,42,43,44,45,46,47,48,49,50,51,52,53)/p+2",Cc1cc2nc3c(O)nc(=O)nc-3n(CC(O)C(O)C(O)COP(=O)(O)OP(=O)(O)OCC3OC(OP(=O)(O)OP(=O)(O)O)C(O)C3O)c2cc1C[n+]1c[nH]c(CC([NH3+])C(=O)O)c1
Inter_0000000576,"InChI=1S/C22H32N4O22P4/c1-8-3-10-11(4-9(8)2)26(19-15(23-10)20(32)25-22(33)24-19)5-12(27)16(29)13(28)6-43-50(37,38)48-51(39,40)44-7-14-17(30)18(31)21(45-14)46-52(41,42)47-49(34,35)36/h3-4,12-14,16-18,21,27-31H,5-7H2,1-2H3,(H,37,38)(H,39,40)(H,41,42)(H,25,32,33)(H2,34,35,36)",Cc1cc2nc3c(O)nc(=O)nc-3n(CC(O)C(O)C(O)COP(=O)(O)OP(=O)(O)OCC3OC(OP(=O)(O)OP(=O)(O)O)C(O)C3O)c2cc1C
Inter_0000000577,"InChI=1S/C15H24N2O17P2/c18-3-5-8(20)10(22)12(24)14(32-5)33-36(28,29)34-35(26,27)30-4-6-9(21)11(23)13(31-6)17-2-1-7(19)16-15(17)25/h1-2,5-6,8-14,18,20-24H,3-4H2,(H,26,27)(H,28,29)(H,16,19,25)/t5-,6?,8+,9?,10+,11?,12-,13?,14+/m1/s1",
Inter_0000000578,"InChI=1S/C15H24N2O17P2/c18-3-5-8(20)10(22)12(24)14(32-5)33-36(28,29)34-35(26,27)30-4-6-9(21)11(23)13(31-6)17-2-1-7(19)16-15(17)25/h1-2,5-6,8-14,18,20-24H,3-4H2,(H,26,27)(H,28,29)(H,16,19,25)/t5-,6?,8-,9?,10+,11?,12-,13?,14?/m1/s1",
Inter_0000000579,"InChI=1S/C6H15O9P/c7-1-3(9)5(11)6(4(10)2-8)15-16(12,13)14/h3-11H,1-2H2,(H2,12,13,14)/t3-,4-,5-,6-/m1/s1",O=P(O)(O)O[C@@H]([C@H](O)[C@H](O)CO)[C@H](O)CO
Inter_0000000580,"InChI=1S/C21H29N7O14P2/c22-17-12-19(25-7-24-17)28(8-26-12)21-16(32)14(30)11(41-21)6-39-44(36,37)42-43(34,35)38-5-10-13(29)15(31)20(40-10)27-3-1-2-9(4-27)18(23)33/h1,3-4,7-8,10-11,13-16,20-21,29-32H,2,5-6H2,(H2,23,33)(H,34,35)(H,36,37)(H2,22,24,25)/p+2",[NH2+]=C(O)C1=CN(C2OC(COP(=O)(O)OP(=O)(O)OCC3OC(n4cnc5c([NH3+])ncnc54)C(O)C3O)C(O)C2O)C=CC1
Inter_0000000581,"InChI=1S/C21H27N7O14P2/c22-17-12-19(25-7-24-17)28(8-26-12)21-16(32)14(30)11(41-21)6-39-44(36,37)42-43(34,35)38-5-10-13(29)15(31)20(40-10)27-3-1-2-9(4-27)18(23)33/h1-4,7-8,10-11,13-16,20-21,29-32H,5-6H2,(H5-,22,23,24,25,33,34,35,36,37)",N=C(O)c1ccc[n+](C2OC(COP(=O)(O)OP(=O)([O-])OCC3OC(n4cnc5c(N)ncnc54)C(O)C3O)C(O)C2O)c1
Inter_0000000582,"InChI=1S/C15H30O2/c1-12(2)7-5-8-13(3)9-6-10-14(4)11-15(16)17/h12-14H,5-11H2,1-4H3,(H,16,17)",CC(C)CCCC(C)CCCC(C)CC(=O)O
Inter_0000000583,"InChI=1S/C17H22O10/c1-24-9-5-8(6-10(25-2)13(9)20)3-4-12(19)27-17-16(23)15(22)14(21)11(7-18)26-17/h3-6,11,14-18,20-23H,7H2,1-2H3/t11-,14-,15-,16-,17?/m0/s1",COc1cc(C=CC(=O)OC2O[C@@H](CO)[C@H](O)[C@H](O)[C@@H]2O)cc(OC)c1O
Inter_0000000584,"InChI=1S/C23H38N7O17P3S/c1-12(31)51-7-6-25-14(32)4-5-26-21(35)18(34)23(2,3)9-44-50(41,42)47-49(39,40)43-8-13-17(46-48(36,37)38)16(33)22(45-13)30-11-29-15-19(24)27-10-28-20(15)30/h10-11,13,16-18,22,33-34H,4-9H2,1-3H3,(H,25,32)(H,26,35)(H,39,40)(H,41,42)(H2,24,27,28)(H2,36,37,38)/p+1",CC(=O)SCCN=C(O)CCN=C(O)C(O)C(C)(C)COP(=O)(O)OP(=O)(O)OCC1OC(n2cnc3c([NH3+])ncnc32)C(O)C1OP(=O)(O)O
Inter_0000000585,"InChI=1S/C21H22O9/c22-9-16-18(25)19(26)20(27)21(30-16)28-11-6-12(23)17-13(24)8-14(29-15(17)7-11)10-4-2-1-3-5-10/h1-7,14,16,18-23,25-27H,8-9H2",O=C1CC(c2ccccc2)Oc2cc(OC3OC(CO)C(O)C(O)C3O)cc(O)c21
Inter_0000000586,"InChI=1S/C6H2Cl4O/c7-2-1-3(8)5(10)6(11)4(2)9/h1,11H",Oc1c(Cl)c(Cl)cc(Cl)c1Cl
Inter_0000000587,"InChI=1S/C18H27N3O5S/c1-18(2,11-22)15(24)16(25)21-8-7-14(23)20-9-10-27-17(26)12-5-3-4-6-13(12)19/h3-6,15,22,24H,7-11,19H2,1-2H3,(H,20,23)(H,21,25)/p+1",CC(C)(CO)C(O)C(O)=NCCC(O)=NCCSC(=O)c1ccccc1[NH3+]
Inter_0000000588,"InChI=1S/C5H4N4O/c10-5-3-4(7-1-6-3)8-2-9-5/h1-2H,(H2,6,7,8,9,10)",Oc1ncnc2[nH]cnc12
Inter_0000000589,"InChI=1S/C6H13NO5/c7-1-2(8)4(10)6(12)5(11)3(1)9/h1-6,8-12H,7H2/t1?,2?,3?,4-,5?,6-/m0/s1",NC1C(O)C(O)[C@@H](O)[C@@H](O)C1O
Inter_0000000590,"InChI=1S/C18H33NO3/c1-2-3-4-5-6-7-8-9-10-11-12-13-17(20)19-16-14-15-22-18(16)21/h16H,2-15H2,1H3,(H,19,20)",CCCCCCCCCCCCCC(O)=NC1CCOC1=O
Inter_0000000591,"InChI=1S/C14H25NO3/c1-2-3-4-5-6-7-8-9-13(16)15-12-10-11-18-14(12)17/h12H,2-11H2,1H3,(H,15,16)",CCCCCCCCCC(O)=NC1CCOC1=O
Inter_0000000592,"InChI=1S/C29H50N7O17P3S/c1-4-5-6-7-8-9-20(38)57-13-12-31-19(37)10-11-32-27(41)24(40)29(2,3)15-50-56(47,48)53-55(45,46)49-14-18-23(52-54(42,43)44)22(39)28(51-18)36-17-35-21-25(30)33-16-34-26(21)36/h16-18,22-24,28,39-40H,4-15H2,1-3H3,(H,31,37)(H,32,41)(H,45,46)(H,47,48)(H2,30,33,34)(H2,42,43,44)",CCCCCCCC(=O)SCCN=C(O)CCN=C(O)C(O)C(C)(C)COP(=O)(O)OP(=O)(O)OCC1OC(n2cnc3c(N)ncnc32)C(O)C1OP(=O)(O)O
Inter_0000000593,"InChI=1S/C14H25NO3/c1-2-3-4-5-6-7-8-9-13(16)15-12-10-11-18-14(12)17/h12H,2-11H2,1H3,(H,15,16)/t12-/m0/s1",CCCCCCCCCC(O)=N[C@H]1CCOC1=O
Inter_0000000594,"InChI=1S/C6H13NO5/c7-1-2(8)4(10)6(12)5(11)3(1)9/h1-6,8-12H,7H2/t1-,2-,3-,4-,5+,6?/m0/s1",N[C@H]1[C@H](O)[C@H](O)C(O)[C@H](O)[C@H]1O
Inter_0000000595,"InChI=1S/C17H22O10/c1-24-9-5-8(6-10(25-2)13(9)20)3-4-12(19)27-17-16(23)15(22)14(21)11(7-18)26-17/h3-6,11,14-18,20-23H,7H2,1-2H3/t11-,14+,15+,16-,17?/m0/s1",COc1cc(C=CC(=O)OC2O[C@@H](CO)[C@@H](O)[C@@H](O)[C@@H]2O)cc(OC)c1O
Inter_0000000596,"InChI=1S/C11H20N4O11P2/c12-2-4-23-27(19,20)26-28(21,22)24-5-6-8(16)9(17)10(25-6)15-3-1-7(13)14-11(15)18/h1,3,6,8-10,16-17H,2,4-5,12H2,(H,19,20)(H,21,22)(H2,13,14,18)",N=c1ccn(C2OC(COP(=O)(O)OP(=O)(O)OCCN)C(O)C2O)c(O)n1
Inter_0000000597,"InChI=1S/C21H39O9P/c1-2-19(23)20(24)14-12-10-8-6-4-3-5-7-9-11-13-15-21(25)29-16-18(22)17-30-31(26,27)28/h19,23H,2-17H2,1H3,(H2,26,27,28)/t19-/m0/s1",CC[C@H](O)C(=O)CCCCCCCCCCCCCC(=O)OCC(=O)COP(=O)(O)O
Inter_0000000598,"InChI=1S/C8H16NO9P/c1-3(10)9-5-7(12)6(11)4(18-8(5)13)2-17-19(14,15)16/h4-8,11-13H,2H2,1H3,(H,9,10)(H2,14,15,16)/t4-,5-,6-,7-,8+/m1/s1",CC(O)=N[C@@H]1[C@@H](O)[C@H](O)[C@@H](COP(=O)(O)O)O[C@@H]1O
Inter_0000000599,"InChI=1S/C27H35N9O15P2/c1-10-3-12-13(4-11(10)2)35(24-18(32-12)25(42)34-27(43)33-24)5-14(37)19(39)15(38)6-48-52(44,45)51-53(46,47)49-7-16-20(40)21(41)26(50-16)36-9-31-17-22(28)29-8-30-23(17)36/h3-4,8-9,14-16,19-21,26,32,37-41H,5-7H2,1-2H3,(H,44,45)(H,46,47)(H2,28,29,30)(H2,33,34,42,43)/p+1",Cc1cc2c(cc1C)N(CC(O)C(O)C(O)COP(=O)(O)OP(=O)(O)OCC1OC(n3cnc4c([NH3+])ncnc43)C(O)C1O)c1nc(O)nc(O)c1N2
Inter_0000000600,"InChI=1S/C19H29N2O9PS/c1-19(2,12-30-31(27,28)29)17(25)18(26)21-7-6-15(23)20-8-9-32-16(24)11-13-4-3-5-14(22)10-13/h3-5,10,17,22,25H,6-9,11-12H2,1-2H3,(H,20,23)(H,21,26)(H2,27,28,29)",CC(C)(COP(=O)(O)O)C(O)C(O)=NCCC(O)=NCCSC(=O)Cc1cccc(O)c1
Inter_0000000601,"InChI=1S/C22H35N5O20P2/c1-5-9(29)12(32)14(34)20(42-5)45-16-11(31)6(2-28)44-21(15(16)35)46-49(39,40)47-48(37,38)41-3-7-10(30)13(33)19(43-7)27-4-24-8-17(27)25-22(23)26-18(8)36/h4-7,9-16,19-21,28-35H,2-3H2,1H3,(H,37,38)(H,39,40)(H3,23,25,26,36)",CC1OC(OC2C(O)C(CO)OC(OP(=O)(O)OP(=O)(O)OCC3OC(n4cnc5c(O)nc(=N)[nH]c54)C(O)C3O)C2O)C(O)C(O)C1O
Inter_0000000602,"InChI=1S/C15H22N2O18P2/c18-5-1-2-17(15(26)16-5)12-9(22)6(19)4(32-12)3-31-36(27,28)35-37(29,30)34-14-10(23)7(20)8(21)11(33-14)13(24)25/h1-2,4,6-12,14,19-23H,3H2,(H,24,25)(H,27,28)(H,29,30)(H,16,18,26)/t4?,6?,7-,8-,9?,10+,11-,12?,14?/m0/s1",
Inter_0000000603,"InChI=1S/C22H44N6O15P2S/c1-22(2,17(32)18(33)26-7-5-14(29)25-8-9-46)11-41-45(38,39)43-44(36,37)40-10-13-15(30)16(31)19(42-13)28-21(24)27-6-3-4-12(23)20(34)35/h12-13,15-17,19,30-32,46H,3-11,23H2,1-2H3,(H,25,29)(H,26,33)(H,34,35)(H,36,37)(H,38,39)(H3,24,27,28)",CC(C)(COP(=O)(O)OP(=O)(O)OCC1OC(NC(=N)NCCCC(N)C(=O)O)C(O)C1O)C(O)C(O)=NCCC(O)=NCCS
Inter_0000000604,"InChI=1S/C8H16NO9P/c1-3(11)9-5-7(13)6(12)4(2-10)17-8(5)18-19(14,15)16/h4-8,10,12-13H,2H2,1H3,(H,9,11)(H2,14,15,16)/t4-,5-,6-,7-,8?/m1/s1",CC(O)=N[C@H]1C(OP(=O)(O)O)O[C@H](CO)[C@@H](O)[C@@H]1O
Inter_0000000605,"InChI=1S/C16H19NO7/c18-7-11-13(20)14(21)15(22)16(23-11)24-12(19)5-8-6-17-10-4-2-1-3-9(8)10/h1-4,6,11,13-18,20-22H,5,7H2/t11-,13-,14+,15?,16?/m1/s1",O=C(Cc1c[nH]c2ccccc12)OC1O[C@H](CO)[C@@H](O)[C@H](O)C1O
Inter_0000000606,"InChI=1S/C44H86NO9P/c1-6-8-10-12-13-14-15-16-17-21-24-27-31-35-43(47)51-39-42(40-53-55(49,50)52-38-37-45(3,4)5)54-44(48)36-32-28-25-22-19-18-20-23-26-30-34-41(46)33-29-11-9-7-2/h26,30,41-42,46H,6-25,27-29,31-40H2,1-5H3/p+1",CCCCCCCCCCCCCCCC(=O)OCC(COP(=O)(O)OCC[N+](C)(C)C)OC(=O)CCCCCCCCCC=CCC(O)CCCCCC
Inter_0000000607,"InChI=1S/C18H31NO4/c1-2-3-4-5-6-7-8-9-10-11-15(20)14-17(21)19-16-12-13-23-18(16)22/h16H,2-14H2,1H3,(H,19,21)/t16-/m0/s1",CCCCCCCCCCCC(=O)CC(O)=N[C@H]1CCOC1=O
Inter_0000000608,"InChI=1S/C10H16N2O3S/c13-8(14)4-2-1-3-7-9-6(5-16-7)11-10(15)12-9/h6-7,9H,1-5H2,(H,13,14)(H2,11,12,15)/t6?,7-,9?/m0/s1",O=C(O)CCCC[C@@H]1SCC2N=C(O)NC21
Inter_0000000609,"InChI=1S/C15H22N2O18P2/c18-5-1-2-17(15(26)16-5)12-9(22)6(19)4(32-12)3-31-36(27,28)35-37(29,30)34-14-10(23)7(20)8(21)11(33-14)13(24)25/h1-2,4,6-12,14,19-23H,3H2,(H,24,25)(H,27,28)(H,29,30)(H,16,18,26)/t4?,6?,7-,8+,9?,10+,11-,12?,14+/m0/s1",
Inter_0000000610,"InChI=1S/C16H34N2O20P4S/c1-16(2,13(22)14(23)18-4-3-10(19)17-5-6-43)8-34-41(29,30)38-40(27,28)33-7-9-11(20)12(21)15(35-9)36-42(31,32)37-39(24,25)26/h9,11-13,15,20-22,43H,3-8H2,1-2H3,(H,17,19)(H,18,23)(H,27,28)(H,29,30)(H,31,32)(H2,24,25,26)",CC(C)(COP(=O)(O)OP(=O)(O)OCC1OC(OP(=O)(O)OP(=O)(O)O)C(O)C1O)C(O)C(O)=NCCC(O)=NCCS
Inter_0000000611,"InChI=1S/C6H14O12P2/c7-1-4(18-20(14,15)16)6(10)5(9)3(8)2-17-19(11,12)13/h1,3-6,8-10H,2H2,(H2,11,12,13)(H2,14,15,16)/t3-,4?,5-,6-/m1/s1",O=CC(OP(=O)(O)O)[C@@H](O)[C@H](O)[C@H](O)COP(=O)(O)O
Inter_0000000612,"InChI=1S/C29H42N7O17P3S/c1-29(2,24(40)27(41)32-9-8-19(37)31-10-11-57-20(38)12-17-6-4-3-5-7-17)14-50-56(47,48)53-55(45,46)49-13-18-23(52-54(42,43)44)22(39)28(51-18)36-16-35-21-25(30)33-15-34-26(21)36/h3-7,15-16,18,22-24,28,39-40H,8-14H2,1-2H3,(H,31,37)(H,32,41)(H,45,46)(H,47,48)(H2,30,33,34)(H2,42,43,44)",
Inter_0000000613,"InChI=1S/C25H40N7O19P3S/c1-12(23(37)38)24(39)55-7-6-27-14(33)4-5-28-21(36)18(35)25(2,3)9-48-54(45,46)51-53(43,44)47-8-13-17(50-52(40,41)42)16(34)22(49-13)32-11-31-15-19(26)29-10-30-20(15)32/h10-13,16-18,22,34-35H,4-9H2,1-3H3,(H,27,33)(H,28,36)(H,37,38)(H,43,44)(H,45,46)(H2,26,29,30)(H2,40,41,42)",
Inter_0000000614,"InChI=1S/C11H17NO7/c1-4(10(15)16)18-9-7(12-5(2)13)11-17-3-6(19-11)8(9)14/h4,6-9,11,14H,3H2,1-2H3,(H,12,13)(H,15,16)/t4-,6-,7-,8-,9-,11?/m1/s1",CC(O)=N[C@H]1C2OC[C@@H](O2)[C@@H](O)[C@@H]1O[C@H](C)C(=O)O
Inter_0000000615,"InChI=1S/C15H18O7/c16-8-10-12(18)13(19)14(20)15(21-10)22-11(17)7-6-9-4-2-1-3-5-9/h1-7,10,12-16,18-20H,8H2/t10-,12-,13+,14-,15-/m1/s1",O=C(C=Cc1ccccc1)O[C@H]1O[C@H](CO)[C@@H](O)[C@H](O)[C@H]1O
Inter_0000000616,"InChI=1S/C44H82O13/c1-3-5-7-9-11-13-15-17-19-21-23-25-27-29-33(46)32(28-26-24-22-20-18-16-14-12-10-8-6-4-2)42(53)54-31-35-37(48)39(50)41(52)44(56-35)57-43-40(51)38(49)36(47)34(30-45)55-43/h13,15,32-41,43-52H,3-12,14,16-31H2,1-2H3/t32?,33?,34-,35-,36-,37-,38+,39+,40-,41-,43-,44-/m1/s1",CCCCCCC=CCCCCCCCC(O)C(CCCCCCCCCCCCCC)C(=O)OC[C@H]1O[C@H](O[C@H]2O[C@H](CO)[C@@H](O)[C@H](O)[C@H]2O)[C@H](O)[C@@H](O)[C@@H]1O
Inter_0000000617,"InChI=1S/C28H38N7O21P3/c1-11-2-15-16(3-12(11)5-34-6-13(30-10-34)4-14(29)26(42)43)35(24-20(31-15)25(41)33-28(44)32-24)7-17(36)21(38)18(37)8-52-58(48,49)56-59(50,51)53-9-19-22(39)23(40)27(54-19)55-57(45,46)47/h2-3,6,10,14,17-19,21-23,27,36-40H,4-5,7-9,29H2,1H3,(H6,33,41,42,43,44,45,46,47,48,49,50,51)/p+2",Cc1cc2nc3c(O)nc(=O)nc-3n(CC(O)C(O)C(O)COP(=O)(O)OP(=O)(O)OCC3OC(OP(=O)(O)O)C(O)C3O)c2cc1C[n+]1c[nH]c(CC([NH3+])C(=O)O)c1
Inter_0000000618,"InChI=1S/C22H31N4O19P3/c1-8-3-10-11(4-9(8)2)26(19-15(23-10)20(32)25-22(33)24-19)5-12(27)16(29)13(28)6-41-47(37,38)45-48(39,40)42-7-14-17(30)18(31)21(43-14)44-46(34,35)36/h3-4,12-14,16-18,21,27-31H,5-7H2,1-2H3,(H,37,38)(H,39,40)(H,25,32,33)(H2,34,35,36)",Cc1cc2nc3c(O)nc(=O)nc-3n(CC(O)C(O)C(O)COP(=O)(O)OP(=O)(O)OCC3OC(OP(=O)(O)O)C(O)C3O)c2cc1C
Inter_0000000619,"InChI=1S/C6H10O5/c1-2(7)5-3(8)4(9)6(10)11-5/h2-5,7-9H,1H3/t2-,3-,4-,5+/m0/s1",C[C@H](O)[C@H]1OC(=O)[C@@H](O)[C@@H]1O
Inter_0000000620,"InChI=1S/C6H13NO5/c7-1-2(8)4(10)6(12)5(11)3(1)9/h1-6,8-12H,7H2/t1?,2?,3?,4-,5?,6-/m1/s1",NC1C(O)C(O)[C@H](O)[C@H](O)C1O
Inter_0000000621,"InChI=1S/C13H21NO10/c1-5(16)14-9-7(18)3-13(22,12(20)21)24-11(9)10(8(19)4-15)23-6(2)17/h7-11,15,18-19,22H,3-4H2,1-2H3,(H,14,16)(H,20,21)/t7-,8+,9+,10+,11+,13?/m0/s1",CC(=O)O[C@@H]([C@@H]1OC(O)(C(=O)O)C[C@H](O)[C@H]1N=C(C)O)[C@H](O)CO
Inter_0000000622,"InChI=1S/C11H22O16P2/c12-1-3-5(13)7(15)9(17)11(25-3)26-29(21,22)27-28(19,20)23-2-4-6(14)8(16)10(18)24-4/h3-18H,1-2H2,(H,19,20)(H,21,22)/t3?,4-,5?,6-,7?,8-,9?,10-,11?/m1/s1",O=P(O)(OC[C@H]1O[C@@H](O)[C@H](O)[C@@H]1O)OP(=O)(O)OC1OC(CO)C(O)C(O)C1O
Inter_0000000623,"InChI=1S/C28H54NO9P/c29-26(22-30)27(32)20-18-16-14-12-10-8-6-4-2-1-3-5-7-9-11-13-15-17-19-21-28(33)37-23-25(31)24-38-39(34,35)36/h26,30H,1-24,29H2,(H2,34,35,36)",NC(CO)C(=O)CCCCCCCCCCCCCCCCCCCCCC(=O)OCC(=O)COP(=O)(O)O
Inter_0000000624,"InChI=1S/C5H11AsO8/c7-1-2-3(8)4(9)5(13-2)14-6(10,11)12/h2-5,7-9H,1H2,(H2,10,11,12)/t2?,3?,4-,5?/m1/s1",O=[As](O)(O)OC1OC(CO)C(O)[C@H]1O
Inter_0000000625,"InChI=1S/C7H5ClO2/c8-6-4-2-1-3-5(6)7(9)10/h1-4H,(H,9,10)",O=C(O)c1ccccc1Cl
Inter_0000000626,"InChI=1S/C6H6O3S/c7-10(8,9)6-4-2-1-3-5-6/h1-5H,(H,7,8,9)",O=S(=O)(O)c1ccccc1
Inter_0000000627,"InChI=1S/C7H5FO2/c8-6-4-2-1-3-5(6)7(9)10/h1-4H,(H,9,10)",O=C(O)c1ccccc1F
Inter_0000000628,"InChI=1S/C7H5BrO2/c8-6-4-2-1-3-5(6)7(9)10/h1-4H,(H,9,10)",O=C(O)c1ccccc1Br
Inter_0000000629,"InChI=1S/C7H5IO2/c8-6-4-2-1-3-5(6)7(9)10/h1-4H,(H,9,10)",O=C(O)c1ccccc1I
Inter_0000000630,"InChI=1S/C12H11N/c1-3-7-11(8-4-1)13-12-9-5-2-6-10-12/h1-10,13H",c1ccc(Nc2ccccc2)cc1
Inter_0000000631,"InChI=1S/C13H25N2O8PS/c1-9(16)25-7-6-14-10(17)4-5-15-12(19)11(18)13(2,3)8-23-24(20,21)22/h11,18H,4-8H2,1-3H3,(H,14,17)(H,15,19)(H2,20,21,22)",CC(=O)SCCN=C(O)CCN=C(O)C(O)C(C)(C)COP(=O)(O)O
Inter_0000000632,"InChI=1S/C6H14O12P2/c7-1-4(18-20(14,15)16)6(10)5(9)3(8)2-17-19(11,12)13/h1,3-6,8-10H,2H2,(H2,11,12,13)(H2,14,15,16)/t3-,4-,5+,6+/m0/s1",O=C[C@H](OP(=O)(O)O)[C@@H](O)[C@H](O)[C@@H](O)COP(=O)(O)O
Inter_0000000633,"InChI=1S/C17H25N3O18P2/c1-5(21)18-8-10(24)11(25)13(15(27)28)36-16(8)37-40(32,33)38-39(30,31)34-4-6-9(23)12(26)14(35-6)20-3-2-7(22)19-17(20)29/h2-3,6,8-14,16,23-26H,4H2,1H3,(H,18,21)(H,27,28)(H,30,31)(H,32,33)(H,19,22,29)",CC(O)=NC1C(OP(=O)(O)OP(=O)(O)OCC2OC(n3ccc(O)nc3=O)C(O)C2O)OC(C(=O)O)C(O)C1O
Inter_0000000634,"InChI=1S/C29H41N7O16P2S/c1-29(2,24(43)27(44)32-6-5-19(39)31-7-8-55-20(40)10-15-3-4-16(37)17(38)9-15)12-50-54(47,48)52-53(45,46)49-11-18-22(41)23(42)28(51-18)36-14-35-21-25(30)33-13-34-26(21)36/h3-4,9,13-14,18,22-24,28,37-38,41-43H,5-8,10-12H2,1-2H3,(H,31,39)(H,32,44)(H,45,46)(H,47,48)(H2,30,33,34)",CC(C)(COP(=O)(O)OP(=O)(O)OCC1OC(n2cnc3c(N)ncnc32)C(O)C1O)C(O)C(O)=NCCC(O)=NCCSC(=O)Cc1ccc(O)c(O)c1
Inter_0000000635,"InChI=1S/C6H14O12P2/c7-1-4(18-20(14,15)16)6(10)5(9)3(8)2-17-19(11,12)13/h1,3-6,8-10H,2H2,(H2,11,12,13)(H2,14,15,16)/t3-,4+,5+,6-/m0/s1",O=C[C@@H](OP(=O)(O)O)[C@H](O)[C@H](O)[C@@H](O)COP(=O)(O)O
Inter_0000000636,"InChI=1S/C16H19NO7/c18-7-11-13(20)14(21)15(22)16(23-11)24-12(19)5-8-6-17-10-4-2-1-3-9(8)10/h1-4,6,11,13-18,20-22H,5,7H2/t11-,13+,14+,15?,16?/m1/s1",O=C(Cc1c[nH]c2ccccc12)OC1O[C@H](CO)[C@H](O)[C@H](O)C1O
Inter_0000000637,"InChI=1S/C6H14O12P2/c7-1-4(18-20(14,15)16)6(10)5(9)3(8)2-17-19(11,12)13/h1,3-6,8-10H,2H2,(H2,11,12,13)(H2,14,15,16)/t3-,4+,5+,6+/m0/s1",O=C[C@@H](OP(=O)(O)O)[C@@H](O)[C@H](O)[C@@H](O)COP(=O)(O)O
Inter_0000000638,"InChI=1S/C17H29N5O20P4/c1-6-11(23)7(35-2)3-9(37-6)39-45(31,32)42-44(29,30)36-4-8-13(40-46(33,34)41-43(26,27)28)12(24)16(38-8)22-5-19-10-14(22)20-17(18)21-15(10)25/h5-9,11-13,16,23-24H,3-4H2,1-2H3,(H,29,30)(H,31,32)(H,33,34)(H2,26,27,28)(H3,18,20,21,25)",COC1CC(OP(=O)(O)OP(=O)(O)OCC2OC(n3cnc4c(O)nc(=N)[nH]c43)C(O)C2OP(=O)(O)OP(=O)(O)O)OC(C)C1O
Inter_0000000639,"InChI=1S/C34H48O9/c1-7-18(2)30-22(6)27(35)16-33(43-30)15-25-14-24(42-33)12-11-20(4)28(36)19(3)9-8-10-23-17-40-31-29(37)21(5)13-26(32(38)41-25)34(23,31)39/h8-11,13,18-19,22,24-28,30-31,35-36,39H,7,12,14-17H2,1-6H3/p+1",CCC(C)C1OC2(CC3CC(CC=C(C)C(O)C(C)C=CC=C4COC5C(=O)C(C)=CC(C(=O)O3)C45O)O2)CC([OH2+])C1C
Inter_0000000640,"InChI=1S/C24H22O13/c25-12-6-11(7-13-17(12)19(30)21(32)23(36-13)10-4-2-1-3-5-10)35-24-22(33)20(31)18(29)14(37-24)9-34-16(28)8-15(26)27/h1-7,14,18,20,22,24-25,29,31-33H,8-9H2,(H,26,27)",O=C(O)CC(=O)OCC1OC(Oc2cc(O)c3c(=O)c(O)c(-c4ccccc4)oc3c2)C(O)C(O)C1O
Inter_0000000641,"InChI=1S/C8H11N3O3/c1-5(12)11-7(8(13)14)2-6-3-9-4-10-6/h3-4,7H,2H2,1H3,(H,9,10)(H,11,12)(H,13,14)",CC(O)=NC(Cc1cnc[nH]1)C(=O)O
Inter_0000000642,"InChI=1S/C6H13NO5/c7-1-2(8)4(10)6(12)5(11)3(1)9/h1-6,8-12H,7H2/t1-,2-,3?,4?,5-,6?/m1/s1",N[C@H]1C(O)[C@@H](O)C(O)C(O)[C@@H]1O
Inter_0000000643,"InChI=1S/C17H27NO5/c19-11-8-6-4-2-1-3-5-7-9-14(20)13-16(21)18-15-10-12-23-17(15)22/h11,15H,1-10,12-13H2,(H,18,21)/t15-/m0/s1",O=CCCCCCCCCCC(=O)CC(O)=N[C@H]1CCOC1=O
Inter_0000000644,"InChI=1S/C8H16NO9P/c1-3(11)9-5-7(13)6(12)4(2-10)17-8(5)18-19(14,15)16/h4-8,10,12-13H,2H2,1H3,(H,9,11)(H2,14,15,16)/t4-,5-,6+,7-,8?/m1/s1",CC(O)=N[C@H]1C(OP(=O)(O)O)O[C@H](CO)[C@H](O)[C@@H]1O
Inter_0000000645,"InChI=1S/C9H7Cl2NO3/c10-6-2-1-5(3-7(6)11)12-8(13)4-9(14)15/h1-3H,4H2,(H,12,13)(H,14,15)",O=C(O)CC(O)=Nc1ccc(Cl)c(Cl)c1
Inter_0000000646,"InChI=1S/C42H82NO8P/c1-6-8-10-12-14-16-18-20-21-23-25-27-29-31-33-35-42(45)51-40(39-50-52(46,47)49-37-36-43(3,4)5)38-48-41(44)34-32-30-28-26-24-22-19-17-15-13-11-9-7-2/h20-21,40H,6-19,22-39H2,1-5H3/p+1/b21-20-",CCCCCCCC/C=C\CCCCCCCC(=O)OC(COC(=O)CCCCCCCCCCCCCCC)COP(=O)(O)OCC[N+](C)(C)C
Inter_0000000647,"InChI=1S/C30H48NO11P/c32-27(25-41-43(37,38)39)24-40-29(33)18-16-14-12-10-8-6-4-2-1-3-5-7-9-11-13-15-17-19-30(34)42-28-22-20-26(21-23-28)31(35)36/h20-23H,1-19,24-25H2,(H2,37,38,39)",O=C(COC(=O)CCCCCCCCCCCCCCCCCCCC(=O)Oc1ccc([N+](=O)[O-])cc1)COP(=O)(O)O
Inter_0000000648,"InChI=1S/C43H48O24/c1-15-29(48)33(52)37(56)41(62-15)61-14-26-31(50)34(53)38(57)42(66-26)63-18-11-21(46)28-24(12-18)64-40(36(55)32(28)51)17-5-7-22(20(45)10-17)65-43-39(58)35(54)30(49)25(67-43)13-60-27(47)8-4-16-3-6-19(44)23(9-16)59-2/h3-12,15,25-26,29-31,33-35,37-39,41-46,48-50,52-58H,13-14H2,1-2H3",COc1cc(C=CC(=O)OCC2OC(Oc3ccc(-c4oc5cc(OC6OC(COC7OC(C)C(O)C(O)C7O)C(O)C(O)C6O)cc(O)c5c(=O)c4O)cc3O)C(O)C(O)C2O)ccc1O
Inter_0000000649,InChI=1S/C6H5NO2/c8-7(9)6-4-2-1-3-5-6/h1-5H,O=[N+]([O-])c1ccccc1
Inter_0000000650,"InChI=1S/C12H22O11/c13-1-4(15)7(17)8(18)5(16)3-22-12-11(21)10(20)9(19)6(2-14)23-12/h1,4-12,14-21H,2-3H2/t4-,5+,6+,7+,8+,9-,10-,11+,12-/m0/s1",O=C[C@H](O)[C@@H](O)[C@H](O)[C@H](O)CO[C@H]1O[C@H](CO)[C@H](O)[C@H](O)[C@H]1O
Inter_0000000651,"InChI=1S/C16H19NO7/c18-7-11-13(20)14(21)15(22)16(23-11)24-12(19)5-8-6-17-10-4-2-1-3-9(8)10/h1-4,6,11,13-18,20-22H,5,7H2/t11-,13-,14+,15-,16-/m1/s1",O=C(Cc1c[nH]c2ccccc12)O[C@H]1O[C@H](CO)[C@@H](O)[C@H](O)[C@H]1O
Inter_0000000652,"InChI=1S/C17H22O10/c1-24-9-5-8(6-10(25-2)13(9)20)3-4-12(19)27-17-16(23)15(22)14(21)11(7-18)26-17/h3-6,11,14-18,20-23H,7H2,1-2H3/t11-,14+,15-,16-,17?/m0/s1",COc1cc(C=CC(=O)OC2O[C@@H](CO)[C@@H](O)[C@H](O)[C@@H]2O)cc(OC)c1O
Inter_0000000653,"InChI=1S/C9H14N3O8P/c10-5-1-2-12(9(15)11-5)8-7(14)6(13)4(20-8)3-19-21(16,17)18/h1-2,4,6-8,13-14H,3H2,(H2,10,11,15)(H2,16,17,18)",N=c1ccn(C2OC(COP(=O)(O)O)C(O)C2O)c(O)n1
Inter_0000000654,"InChI=1S/C15H24N5O17P3/c16-12-7-13(18-4-19(12)14-10(23)8(21)5(35-14)1-33-38(25,26)27)20(3-17-7)15-11(24)9(22)6(36-15)2-34-40(31,32)37-39(28,29)30/h3-6,8-11,14-16,21-24H,1-2H2,(H,31,32)(H2,25,26,27)(H2,28,29,30)",N=c1c2ncn(C3OC(COP(=O)(O)OP(=O)(O)O)C(O)C3O)c2ncn1C1OC(COP(=O)(O)O)C(O)C1O
Inter_0000000655,"InChI=1S/C16H32N3O8PS/c1-16(2,11-27-28(24,25)26)14(22)15(23)18-7-6-12(20)17-8-9-29-13(21)10-19(3,4)5/h14,22H,6-11H2,1-5H3,(H3-,17,18,20,23,24,25,26)/p+1",CC(C)(COP(=O)(O)O)C(O)C(O)=NCCC(O)=NCCSC(=O)C[N+](C)(C)C
Inter_0000000656,"InChI=1S/C25H40N7O20P3S/c1-25(2,19(37)22(38)28-4-3-14(34)27-5-6-56-15(35)7-12(33)24(39)40)9-49-55(46,47)52-54(44,45)48-8-13-18(51-53(41,42)43)17(36)23(50-13)32-11-31-16-20(26)29-10-30-21(16)32/h10-13,17-19,23,33,36-37H,3-9H2,1-2H3,(H,27,34)(H,28,38)(H,39,40)(H,44,45)(H,46,47)(H2,26,29,30)(H2,41,42,43)",CC(C)(COP(=O)(O)OP(=O)(O)OCC1OC(n2cnc3c(N)ncnc32)C(O)C1OP(=O)(O)O)C(O)C(O)=NCCC(O)=NCCSC(=O)CC(O)C(=O)O
Inter_0000000657,"InChI=1S/C41H59N7O14P2/c1-23(12-15-41(5)24(2)10-11-26-27(41)9-6-14-40(26,3)4)13-17-47-21-45-37-30(35(47)42)44-22-48(37)39-34(52)32(50)29(61-39)20-59-64(56,57)62-63(54,55)58-19-28-31(49)33(51)38(60-28)46-16-7-8-25(18-46)36(43)53/h7-8,11,13,16,18,21-22,24,27-29,31-34,38-39,42,49-52H,6,9-10,12,14-15,17,19-20H2,1-5H3,(H3-,43,53,54,55,56,57)/p+1",CC(=CCn1cnc2c(ncn2C2OC(COP(=O)(O)OP(=O)(O)OCC3OC([n+]4cccc(C(=N)O)c4)C(O)C3O)C(O)C2O)c1=N)CCC1(C)C(C)CC=C2C1CCCC2(C)C
Inter_0000000658,"InChI=1S/C28H38N7O21P3/c1-11-2-15-16(3-12(11)5-34-6-13(30-10-34)4-14(29)26(42)43)35(24-20(31-15)25(41)33-28(44)32-24)7-17(36)21(38)18(37)8-52-58(48,49)56-59(50,51)53-9-19-22(39)23(40)27(54-19)55-57(45,46)47/h2-3,6,10,14,17-19,21-23,27,36-40H,4-5,7-9,29H2,1H3,(H6,33,41,42,43,44,45,46,47,48,49,50,51)/p+2",Cc1cc2nc3c(O)nc(=O)nc-3n(CC(O)C(O)C(O)COP(=O)(O)OP(=O)(O)OCC3OC(OP(=O)(O)O)C(O)C3O)c2cc1C[n+]1c[nH]c(CC([NH3+])C(=O)O)c1
Inter_0000000659,"InChI=1S/C22H31N4O19P3/c1-8-3-10-11(4-9(8)2)26(19-15(23-10)20(32)25-22(33)24-19)5-12(27)16(29)13(28)6-41-47(37,38)45-48(39,40)42-7-14-17(30)18(31)21(43-14)44-46(34,35)36/h3-4,12-14,16-18,21,27-31H,5-7H2,1-2H3,(H,37,38)(H,39,40)(H,25,32,33)(H2,34,35,36)",Cc1cc2nc3c(O)nc(=O)nc-3n(CC(O)C(O)C(O)COP(=O)(O)OP(=O)(O)OCC3OC(OP(=O)(O)O)C(O)C3O)c2cc1C
Inter_0000000660,"InChI=1S/C23H18O8/c1-9-16-10(6-15(30-3)17(9)23(28)31-4)5-12-19(21(16)26)22(27)18-13(20(12)25)7-11(29-2)8-14(18)24/h5-8,24,26H,1-4H3",COC(=O)c1c(OC)cc2cc3c(c(O)c2c1C)C(=O)c1c(O)cc(OC)cc1C3=O
Inter_0000000661,"InChI=1S/C23H18O11/c1-8-14-9(6-11(32-2)15(8)21(29)34-4)5-10-16(17(14)25)20(28)22(30)13(24)7-12(33-3)19(27)23(22,31)18(10)26/h5-7,25,30-31H,1-4H3/t22-,23-/m1/s1",COC(=O)c1c(OC)cc2cc3c(c(O)c2c1C)C(=O)[C@]1(O)C(=O)C=C(OC)C(=O)[C@]1(O)C3=O
Inter_0000000662,"InChI=1S/C21H39O9P/c1-2-19(23)20(24)14-12-10-8-6-4-3-5-7-9-11-13-15-21(25)29-16-18(22)17-30-31(26,27)28/h19,23H,2-17H2,1H3,(H2,26,27,28)/t19-/m0/s1",CC[C@H](O)C(=O)CCCCCCCCCCCCCC(=O)OCC(=O)COP(=O)(O)O
Inter_0000000663,"InChI=1S/C21H20O11/c22-7-13-15(26)17(28)18(29)21(31-13)32-20-16(27)14-11(25)5-10(24)6-12(14)30-19(20)8-1-3-9(23)4-2-8/h1-6,13,15,17-18,21-26,28-29H,7H2",O=c1c(OC2OC(CO)C(O)C(O)C2O)c(-c2ccc(O)cc2)oc2cc(O)cc(O)c12
Inter_0000000664,"InChI=1S/C14H26N2O10/c1-4(19)16-8-11(22)9(20)5(2-17)25-14(8)26-12-6(3-18)24-13(23)7(15)10(12)21/h5-14,17-18,20-23H,2-3,15H2,1H3,(H,16,19)/t5-,6-,7-,8-,9-,10-,11-,12-,13?,14+/m1/s1",CC(O)=N[C@H]1[C@H](O[C@H]2[C@H](O)[C@@H](N)C(O)O[C@@H]2CO)O[C@H](CO)[C@@H](O)[C@@H]1O
Inter_0000000665,"InChI=1S/C24H42O20/c1-5-20(15(32)16(33)21(37)40-5)44-24-19(36)14(31)11(28)8(43-24)4-39-23-18(35)13(30)10(27)7(42-23)3-38-22-17(34)12(29)9(26)6(2-25)41-22/h5-37H,2-4H2,1H3/t5-,6?,7?,8?,9?,10?,11?,12?,13?,14?,15-,16?,17?,18?,19?,20-,21?,22?,23?,24?/m0/s1",C[C@@H]1OC(O)C(O)[C@H](O)[C@H]1OC1OC(COC2OC(COC3OC(CO)C(O)C(O)C3O)C(O)C(O)C2O)C(O)C(O)C1O
Inter_0000000666,InChI=1S/H2/h1H,[HH]
Inter_0000000667,"InChI=1S/C10H15N2O17P3/c13-5-1-3(9(16)17)12(10(18)11-5)8-7(15)6(14)4(27-8)2-26-31(22,23)29-32(24,25)28-30(19,20)21/h1,4,6-8,14-15H,2H2,(H,16,17)(H,22,23)(H,24,25)(H,11,13,18)(H2,19,20,21)",O=C(O)c1cc(O)nc(=O)n1C1OC(COP(=O)(O)OP(=O)(O)OP(=O)(O)O)C(O)C1O
Inter_0000000668,"InChI=1S/C41H56O2/c1-30(2)16-11-17-31(3)18-12-19-32(4)20-13-21-33(5)22-14-23-34(6)24-15-25-35(7)28-29-37-36(8)40(42)38-26-9-10-27-39(38)41(37)43/h9-10,16,18,20,22,24,26-28H,11-15,17,19,21,23,25,29H2,1-8H3",CC(C)=CCCC(C)=CCCC(C)=CCCC(C)=CCCC(C)=CCCC(C)=CCC1=C(C)C(=O)c2ccccc2C1=O
Inter_0000000669,"InChI=1S/C14H8N2O8/c17-10-4-2-6(14(23)24)15-8(4)7-3(12(19)20)1-5(13(21)22)16-9(7)11(10)18/h1-2,15,17-18H,(H,19,20)(H,21,22)(H,23,24)",O=C(O)c1cc(C(=O)O)c2c(n1)c(O)c(O)c1cc(C(=O)O)[nH]c12
Inter_0000000670,"InChI=1S/C26H40N7O19P3S/c1-26(2,21(39)24(40)29-7-6-15(34)28-8-9-56-17(37)5-3-4-16(35)36)11-49-55(46,47)52-54(44,45)48-10-14-20(51-53(41,42)43)19(38)25(50-14)33-13-32-18-22(27)30-12-31-23(18)33/h3,5,12-14,19-21,25,38-39H,4,6-11H2,1-2H3,(H,28,34)(H,29,40)(H,35,36)(H,44,45)(H,46,47)(H2,27,30,31)(H2,41,42,43)",CC(C)(COP(=O)(O)OP(=O)(O)OCC1OC(n2cnc3c(N)ncnc32)C(O)C1OP(=O)(O)O)C(O)C(O)=NCCC(O)=NCCSC(=O)C=CCC(=O)O
Inter_0000000671,"InChI=1S/C26H45N8O17P3S/c1-26(2,21(38)24(39)29-7-6-16(35)28-8-9-55-17(36)10-34(3,4)5)12-48-54(45,46)51-53(43,44)47-11-15-20(50-52(40,41)42)19(37)25(49-15)33-14-32-18-22(27)30-13-31-23(18)33/h13-15,19-21,25,37-38H,6-12H2,1-5H3,(H7-,27,28,29,30,31,35,39,40,41,42,43,44,45,46)/p+1",CC(C)(COP(=O)(O)OP(=O)(O)OCC1OC(n2cnc3c(N)ncnc32)C(O)C1OP(=O)(O)O)C(O)C(O)=NCCC(O)=NCCSC(=O)C[N+](C)(C)C
Inter_0000000672,"InChI=1S/C16H19NO7/c18-7-11-13(20)14(21)15(22)16(23-11)24-12(19)5-8-6-17-10-4-2-1-3-9(8)10/h1-4,6,11,13-18,20-22H,5,7H2/t11-,13-,14+,15?,16?/m1/s1",O=C(Cc1c[nH]c2ccccc12)OC1O[C@H](CO)[C@@H](O)[C@H](O)C1O
Inter_0000000673,"InChI=1S/C18H32O16/c19-1-4-7(21)10(24)12(26)17(32-4)30-3-6-8(22)11(25)13(27)18(33-6)34-15-9(23)5(2-20)31-16(29)14(15)28/h4-29H,1-3H2/t4?,5-,6-,7?,8-,9-,10?,11+,12?,13-,14-,15+,16?,17?,18+/m1/s1",OCC1OC(OC[C@H]2O[C@@H](O[C@H]3[C@H](O)[C@@H](CO)OC(O)[C@@H]3O)[C@H](O)[C@@H](O)[C@@H]2O)C(O)C(O)C1O
Inter_0000000674,"InChI=1S/C18H32O16/c19-1-4(21)14-10(25)12(27)17(33-14)30-3-6-7(22)9(24)11(26)18(32-6)34-15-8(23)5(2-20)31-16(29)13(15)28/h4-29H,1-3H2/t4?,5-,6-,7-,8-,9+,10?,11-,12?,13-,14?,15+,16?,17?,18+/m1/s1",OCC(O)C1OC(OC[C@H]2O[C@@H](O[C@H]3[C@H](O)[C@@H](CO)OC(O)[C@@H]3O)[C@H](O)[C@@H](O)[C@@H]2O)C(O)C1O
Inter_0000000675,"InChI=1S/C31H51NO10/c1-8-25-22(16-34)13-17(2)9-10-23(35)18(3)14-21(11-12-33)30(19(4)24(36)15-26(37)41-25)42-31-29(39)27(32(6)7)28(38)20(5)40-31/h9-10,12-13,18-22,24-25,27-31,34,36,38-39H,8,11,14-16H2,1-7H3",CCC1OC(=O)CC(O)C(C)C(OC2OC(C)C(O)C(N(C)C)C2O)C(CC=O)CC(C)C(=O)C=CC(C)=CC1CO
Inter_0000000676,"InChI=1S/C29H47NO7/c1-8-25-22(17-31)11-9-10-12-24(32)19(3)15-20(4)28(18(2)13-14-26(33)36-25)37-29-27(34)23(30(6)7)16-21(5)35-29/h9-14,18-23,25,27-29,31,34H,8,15-17H2,1-7H3",CCC1OC(=O)C=CC(C)C(OC2OC(C)CC(N(C)C)C2O)C(C)CC(C)C(=O)C=CC=CC1CO
Inter_0000000677,"InChI=1S/C22H18O11/c1-7-13-8(5-10(23)14(7)20(29)33-3)4-9-15(16(13)25)19(28)21(30)12(24)6-11(32-2)18(27)22(21,31)17(9)26/h4-6,18,23,25,27,30-31H,1-3H3",COC(=O)c1c(O)cc2cc3c(c(O)c2c1C)C(=O)C1(O)C(=O)C=C(OC)C(O)C1(O)C3=O
Inter_0000000678,"InChI=1S/C24H34O5/c1-3-19-5-4-6-22(26)15(2)23(27)11-10-20-16(9-12-24(28)29-19)7-8-17-13-18(25)14-21(17)20/h7-12,15-22,25-26H,3-6,13-14H2,1-2H3",CCC1CCCC(O)C(C)C(=O)C=CC2C(C=CC(=O)O1)C=CC1CC(O)CC12
Inter_0000000679,"InChI=1S/C41H58O2/c1-30(2)16-11-17-31(3)18-12-19-32(4)20-13-21-33(5)22-14-23-34(6)24-15-25-35(7)28-29-37-36(8)40(42)38-26-9-10-27-39(38)41(37)43/h9-10,16,18,20,22,24,26-28,42-43H,11-15,17,19,21,23,25,29H2,1-8H3",CC(C)=CCCC(C)=CCCC(C)=CCCC(C)=CCCC(C)=CCCC(C)=CCc1c(C)c(O)c2ccccc2c1O
Inter_0000000680,"InChI=1S/C9H13NO6/c1-5(11)10-6(8(13)14)3-2-4-7(12)9(15)16/h6H,2-4H2,1H3,(H,10,11)(H,13,14)(H,15,16)/t6-/m0/s1",CC(O)=N[C@@H](CCCC(=O)C(=O)O)C(=O)O
Inter_0000000681,"InChI=1S/C25H43N8O17P3S/c1-13(26)8-16(35)54-7-6-28-15(34)4-5-29-23(38)20(37)25(2,3)10-47-53(44,45)50-52(42,43)46-9-14-19(49-51(39,40)41)18(36)24(48-14)33-12-32-17-21(27)30-11-31-22(17)33/h11-14,18-20,24,36-37H,4-10,26H2,1-3H3,(H,28,34)(H,29,38)(H,42,43)(H,44,45)(H2,27,30,31)(H2,39,40,41)",CC(N)CC(=O)SCCN=C(O)CCN=C(O)C(O)C(C)(C)COP(=O)(O)OP(=O)(O)OCC1OC(n2cnc3c(N)ncnc32)C(O)C1OP(=O)(O)O
Inter_0000000682,"InChI=1S/C30H35NO10/c1-14(2)7-8-16-13-17(9-11-19(16)32)27(36)31-21-22(33)18-10-12-20(15(3)25(18)40-28(21)37)39-29-24(35)23(34)26(38-6)30(4,5)41-29/h7,9-13,23-24,26,29,32-35H,8H2,1-6H3,(H,31,36)/t23-,24+,26+,29+/m0/s1",CO[C@@H]1[C@@H](O)[C@@H](O)[C@H](Oc2ccc3c(O)c(NC(=O)c4ccc(O)c(CC=C(C)C)c4)c(=O)oc3c2C)OC1(C)C
Inter_0000000683,"InChI=1S/C15H18O7/c16-8-10-12(18)13(19)14(20)15(21-10)22-11(17)7-6-9-4-2-1-3-5-9/h1-7,10,12-16,18-20H,8H2/t10?,12-,13+,14+,15?/m1/s1",O=C(C=Cc1ccccc1)OC1OC(CO)[C@@H](O)[C@H](O)[C@@H]1O
Inter_0000000684,"InChI=1S/C30H41N7O16P2S/c1-30(2,25(44)28(45)33-8-7-20(40)32-9-10-56-21(41)6-4-16-3-5-17(38)18(39)11-16)13-51-55(48,49)53-54(46,47)50-12-19-23(42)24(43)29(52-19)37-15-36-22-26(31)34-14-35-27(22)37/h3-6,11,14-15,19,23-25,29,38-39,42-44H,7-10,12-13H2,1-2H3,(H,32,40)(H,33,45)(H,46,47)(H,48,49)(H2,31,34,35)/b6-4+/t19-,23-,24-,25+,29-/m1/s1",CC(C)(COP(=O)(O)OP(=O)(O)OC[C@H]1O[C@@H](n2cnc3c(N)ncnc32)[C@H](O)[C@@H]1O)[C@@H](O)C(O)=NCCC(O)=NCCSC(=O)/C=C/c1ccc(O)c(O)c1
Inter_0000000685,"InChI=1S/C24H42O20/c1-5-20(15(32)16(33)21(37)40-5)44-24-19(36)14(31)11(28)8(43-24)4-39-23-18(35)13(30)10(27)7(42-23)3-38-22-17(34)12(29)9(26)6(2-25)41-22/h5-37H,2-4H2,1H3/t5-,6?,7?,8?,9?,10?,11?,12?,13?,14?,15-,16+,17?,18?,19?,20-,21?,22?,23?,24?/m0/s1",C[C@@H]1OC(O)[C@H](O)[C@H](O)[C@H]1OC1OC(COC2OC(COC3OC(CO)C(O)C(O)C3O)C(O)C(O)C2O)C(O)C(O)C1O
Inter_0000000686,"InChI=1S/C24H35N9O17P4S/c1-11-16(55-24(12(2)34)32(11)7-14-6-27-13(3)31-20(14)25)4-5-45-52(39,40)49-54(43,44)50-53(41,42)46-8-15-18(35)19(48-51(36,37)38)23(47-15)33-10-30-17-21(26)28-9-29-22(17)33/h6,9-10,12,15,18-19,23,34-35H,4-5,7-8H2,1-3H3,(H8-,25,26,27,28,29,31,36,37,38,39,40,41,42,43,44)/p+1",Cc1ncc(C[n+]2c(C(C)O)sc(CCOP(=O)(O)OP(=O)(O)OP(=O)(O)OCC3OC(n4cnc5c(N)ncnc54)C(OP(=O)(O)O)C3O)c2C)c(=N)[nH]1
Inter_0000000687,"InChI=1S/C16H24N4O16P2/c1-4-7(21)9(23)11(25)15(33-4)35-38(30,31)36-37(28,29)32-2-5-8(22)10(24)14(34-5)20-3-17-6-12(20)18-16(27)19-13(6)26/h3-5,7-11,14-15,21-25H,2H2,1H3,(H,28,29)(H,30,31)(H2,18,19,26,27)",CC1OC(OP(=O)(O)OP(=O)(O)OCC2OC(n3cnc4c(O)nc(O)nc43)C(O)C2O)C(O)C(O)C1O
Inter_0000000688,"InChI=1S/C15H22N2O17P2/c18-3-5-8(20)10(22)12(24)14(32-5)33-36(28,29)34-35(26,27)30-4-6-9(21)11(23)13(31-6)17-2-1-7(19)16-15(17)25/h1-2,5-6,8-9,11-14,18,20-21,23-24H,3-4H2,(H,26,27)(H,28,29)(H,16,19,25)",O=C1C(O)C(CO)OC(OP(=O)(O)OP(=O)(O)OCC2OC(n3ccc(O)nc3=O)C(O)C2O)C1O
Inter_0000000689,"InChI=1S/C13H14Cl2N2O6/c1-7(18)23-6-10(16-13(20)12(14)15)11(19)8-2-4-9(5-3-8)17(21)22/h2-5,10-12,19H,6H2,1H3,(H,16,20)/t10-,11-/m1/s1",CC(=O)OC[C@@H](N=C(O)C(Cl)Cl)[C@H](O)c1ccc([N+](=O)[O-])cc1
Inter_0000000690,"InChI=1S/C33H34N4O6/c1-7-20-19(6)32(42)37-27(20)14-25-18(5)23(10-12-31(40)41)29(35-25)15-28-22(9-11-30(38)39)17(4)24(34-28)13-26-16(3)21(8-2)33(43)36-26/h7-8,13-15,35H,1-2,9-12H2,3-6H3,(H,36,43)(H,37,42)(H,38,39)(H,40,41)",C=CC1=C(C)C(=CC2=NC(=Cc3[nH]c(C=C4NC(=O)C(C)=C4C=C)c(C)c3CCC(=O)O)C(CCC(=O)O)=C2C)NC1=O
Inter_0000000691,"InChI=1S/C14H22N4O9P2S/c1-8-12(3-4-26-29(24,25)27-28(21,22)23)30-14(11(20)7-19)18(8)6-10-5-16-9(2)17-13(10)15/h5,11,19-20H,3-4,6-7H2,1-2H3,(H4-,15,16,17,21,22,23,24,25)/p+1",Cc1ncc(C[n+]2c(C(O)CO)sc(CCOP(=O)(O)OP(=O)(O)O)c2C)c(=N)[nH]1
Inter_0000000692,"InChI=1S/C27H30O16/c28-7-17-19(33)21(35)23(37)26(42-17)40-15-5-10(30)4-14-11(15)6-16(25(39-14)9-1-2-12(31)13(32)3-9)41-27-24(38)22(36)20(34)18(8-29)43-27/h1-6,17-24,26-29,33-38H,7-8H2,(H2-,30,31,32)/p+1",OCC1OC(Oc2cc3c(OC4OC(CO)C(O)C(O)C4O)cc(O)cc3[o+]c2-c2ccc(O)c(O)c2)C(O)C(O)C1O
Inter_0000000693,"InChI=1S/C21H20O10/c22-8-16-17(26)18(27)19(28)21(31-16)30-15-7-12-13(25)5-11(24)6-14(12)29-20(15)9-1-3-10(23)4-2-9/h1-7,16-19,21-22,26-28H,8H2,(H2-,23,24,25)/p+1",OCC1OC(Oc2cc3c(O)cc(O)cc3[o+]c2-c2ccc(O)cc2)C(O)C(O)C1O
Inter_0000000694,"InChI=1S/C21H20O12/c22-6-15-17(28)18(29)19(30)21(33-15)32-14-5-9-10(24)3-8(23)4-13(9)31-20(14)7-1-11(25)16(27)12(26)2-7/h1-5,15,17-19,21-22,28-30H,6H2,(H4-,23,24,25,26,27)/p+1",OCC1OC(Oc2cc3c(O)cc(O)cc3[o+]c2-c2cc(O)c(O)c(O)c2)C(O)C(O)C1O
Inter_0000000695,"InChI=1S/C31H28O14/c1-41-22-10-14(2-7-18(22)33)3-9-24(35)42-13-23-26(37)27(38)29(40)31(45-23)44-20-8-4-15(11-19(20)34)30-28(39)25(36)17-6-5-16(32)12-21(17)43-30/h2-12,23,26-27,29,31-34,37-40H,13H2,1H3",COc1cc(C=CC(=O)OCC2OC(Oc3ccc(-c4oc5cc(O)ccc5c(=O)c4O)cc3O)C(O)C(O)C2O)ccc1O
Inter_0000000696,"InChI=1S/C12H20N2O14P2/c15-3-6(16)4-25-29(21,22)28-30(23,24)26-5-7-9(18)10(19)11(27-7)14-2-1-8(17)13-12(14)20/h1-2,6-7,9-11,15-16,18-19H,3-5H2,(H,21,22)(H,23,24)(H,13,17,20)/t6?,7-,9-,10-,11-/m1/s1",O=c1nc(O)ccn1[C@@H]1O[C@H](COP(=O)(O)OP(=O)(O)OCC(O)CO)[C@@H](O)[C@H]1O
Inter_0000000697,"InChI=1S/C27H33N9O15P2/c1-10-3-12-13(4-11(10)2)35(24-18(32-12)25(42)34-27(43)33-24)5-14(37)19(39)15(38)6-48-52(44,45)51-53(46,47)49-7-16-20(40)21(41)26(50-16)36-9-31-17-22(28)29-8-30-23(17)36/h3-4,8-9,14-16,19-21,26,37-41H,5-7H2,1-2H3,(H,44,45)(H,46,47)(H2,28,29,30)(H,34,42,43)/p+2",Cc1cc2nc3c(O)nc(=O)nc-3n(CC(O)C(O)C(O)COP(=O)(O)OP(=O)(O)OCC3OC(n4cnc5c([NH3+])[nH+]cnc54)C(O)C3O)c2cc1C
Inter_0000000698,"InChI=1S/C7H15O10P/c8-1-3(9)5(11)7(13)6(12)4(10)2-17-18(14,15)16/h4-8,10-13H,1-2H2,(H2,14,15,16)/t4?,5-,6?,7-/m0/s1",O=C(CO)[C@H](O)[C@H](O)C(O)C(O)COP(=O)(O)O
Inter_0000000699,"InChI=1S/C17H18N5O9P/c18-14-11-15(20-6-19-14)22(7-21-11)16-13(25)12(24)10(30-16)5-29-32(27,28)31-17(26)8-3-1-2-4-9(8)23/h1-4,6-7,10,12-13,16,23-25H,5H2,(H,27,28)(H2,18,19,20)",Nc1ncnc2c1ncn2C1OC(COP(=O)(O)OC(=O)c2ccccc2O)C(O)C1O
Inter_0000000700,"InChI=1S/C39H73O8P/c1-3-5-7-9-11-13-15-17-19-21-23-25-27-29-31-33-38(40)45-35-37(36-46-48(42,43)44)47-39(41)34-32-30-28-26-24-22-20-18-16-14-12-10-8-6-4-2/h17-20,37H,3-16,21-36H2,1-2H3,(H2,42,43,44)",CCCCCCCCC=CCCCCCCCC(=O)OCC(COP(=O)(O)O)OC(=O)CCCCCCCC=CCCCCCCCC
Inter_0000000701,"InChI=1S/C28H48N8O15P2S/c1-28(2,23(42)26(43)31-7-6-18(38)30-8-9-54-19(39)10-16(37)11-36(3,4)5)13-49-53(46,47)51-52(44,45)48-12-17-21(40)22(41)27(50-17)35-15-34-20-24(29)32-14-33-25(20)35/h14-17,21-23,27,37,40-42H,6-13H2,1-5H3,(H5-,29,30,31,32,33,38,43,44,45,46,47)/p+1/t16-,17?,21?,22?,23?,27?/m1/s1",CC(C)(COP(=O)(O)OP(=O)(O)OCC1OC(n2cnc3c(N)ncnc32)C(O)C1O)C(O)C(O)=NCCC(O)=NCCSC(=O)C[C@@H](O)C[N+](C)(C)C
Inter_0000000702,"InChI=1S/C16H20N2O17P2/c1-5-11(21)7(19)3-10(32-5)34-37(29,30)35-36(27,28)31-4-8-12(22)13(23)14(33-8)18-6(15(24)25)2-9(20)17-16(18)26/h2-3,5,8,10,12-14,19,22-23H,4H2,1H3,(H,24,25)(H,27,28)(H,29,30)(H,17,20,26)",CC1OC(OP(=O)(O)OP(=O)(O)OCC2OC(n3c(C(=O)O)cc(O)nc3=O)C(O)C2O)C=C(O)C1=O
Inter_0000000703,"InChI=1S/C22H36N4O14P2S/c1-22(2,18(30)20(32)25-6-5-15(27)24-7-9-43)12-38-42(35,36)40-41(33,34)37-11-14-16(28)17(29)21(39-14)26-8-3-4-13(10-26)19(23)31/h3-4,8,10,14,16-18,21,28-30H,5-7,9,11-12H2,1-2H3,(H6-,23,24,25,27,31,32,33,34,35,36,43)/p+1",CC(C)(COP(=O)(O)OP(=O)(O)OCC1OC([n+]2cccc(C(=N)O)c2)C(O)C1O)C(O)C(O)=NCCC(O)=NCCS
Inter_0000000704,"InChI=1S/C22H36N4O14P2S/c1-22(2,18(30)20(32)25-6-5-15(27)24-7-9-43)12-38-42(35,36)40-41(33,34)37-11-14-16(28)17(29)21(39-14)26-8-3-4-13(10-26)19(23)31/h3-4,8,10,14,16-18,21,28-30H,5-7,9,11-12H2,1-2H3,(H6-,23,24,25,27,31,32,33,34,35,36,43)/p+2",CC(C)(COP(=O)(O)OP(=O)(O)OCC1OC([n+]2cccc(C(=[NH2+])O)c2)C(O)C1O)C(O)C(O)=NCCC(O)=NCCS
Inter_0000000705,"InChI=1S/C21H29N7O14P2/c22-17-12-19(25-7-24-17)28(8-26-12)21-16(32)14(30)11(41-21)6-39-44(36,37)42-43(34,35)38-5-10-13(29)15(31)20(40-10)27-3-1-2-9(4-27)18(23)33/h1-3,7-8,10-11,13-16,20-21,29-32H,4-6H2,(H2,23,33)(H,34,35)(H,36,37)(H2,22,24,25)/p+1",NC(=O)C1=CC=CN(C2OC(COP(=O)(O)OP(=O)(O)OCC3OC(n4cnc5c([NH3+])ncnc54)C(O)C3O)C(O)C2O)C1
Inter_0000000706,"InChI=1S/C30H47N5O10P2/c1-18(10-13-30(5)19(2)8-9-20-21(30)7-6-12-29(20,3)4)11-14-34-16-33-27-23(26(34)31)32-17-35(27)28-25(37)24(36)22(44-28)15-43-47(41,42)45-46(38,39)40/h9,11,16-17,19,21-22,24-25,28,31,36-37H,6-8,10,12-15H2,1-5H3,(H,41,42)(H2,38,39,40)",CC(=CCn1cnc2c(ncn2C2OC(COP(=O)(O)OP(=O)(O)O)C(O)C2O)c1=N)CCC1(C)C(C)CC=C2C1CCCC2(C)C
Inter_0000000707,"InChI=1S/C30H47N5O10P2/c1-18(10-13-30(5)19(2)8-9-20-21(30)7-6-12-29(20,3)4)11-14-34-16-33-27-23(26(34)31)32-17-35(27)28-25(37)24(36)22(44-28)15-43-47(41,42)45-46(38,39)40/h9,11,16-17,19,21-22,24-25,28,31,36-37H,6-8,10,12-15H2,1-5H3,(H,41,42)(H2,38,39,40)/p+2",CC(=CCn1cnc2c([nH+]cn2C2OC(COP(=O)(O)OP(=O)(O)O)C(O)C2O)c1=[NH2+])CCC1(C)C(C)CC=C2C1CCCC2(C)C
Inter_0000000708,"InChI=1S/C27H42N4O16/c1-9(23(39)31-13(25(41)42)5-6-16(35)36)28-24(40)10(2)44-22-18(30-12(4)34)26-43-8-15(46-26)21(22)47-27-17(29-11(3)33)20(38)19(37)14(7-32)45-27/h9-10,13-15,17-22,26-27,32,37-38H,5-8H2,1-4H3,(H,28,40)(H,29,33)(H,30,34)(H,31,39)(H,35,36)(H,41,42)",CC(O)=NC1C(OC2C3COC(O3)C(N=C(C)O)C2OC(C)C(O)=NC(C)C(O)=NC(CCC(=O)O)C(=O)O)OC(CO)C(O)C1O
Inter_0000000709,"InChI=1S/C19H18N4O7/c24-11(9-2-1-3-10(6-9)19(28)29)4-5-12-14(25)15(26)18(30-12)23-8-22-13-16(23)20-7-21-17(13)27/h1-3,6-8,12,14-15,18,25-26H,4-5H2,(H,28,29)(H,20,21,27)",O=C(O)c1cccc(C(=O)CCC2OC(n3cnc4c(O)ncnc43)C(O)C2O)c1
Inter_0000000710,"InChI=1S/C24H22O13/c25-12-6-11(7-13-17(12)19(30)21(32)23(36-13)10-4-2-1-3-5-10)35-24-22(33)20(31)18(29)14(37-24)9-34-16(28)8-15(26)27/h1-7,14,18,20,22,24-25,29,31-33H,8-9H2,(H,26,27)",O=C(O)CC(=O)OCC1OC(Oc2cc(O)c3c(=O)c(O)c(-c4ccccc4)oc3c2)C(O)C(O)C1O
Inter_0000000711,"InChI=1S/C7H12O3/c8-6-4-2-1-3-5-7(9)10/h6H,1-5H2,(H,9,10)/p+1",O=C(O)CCCCCC=[OH+]
Inter_0000000712,"InChI=1S/C28H39N7O15P2S/c1-28(2,22(40)25(41)31-7-6-18(37)30-8-9-53-27(42)15-4-3-5-16(36)10-15)12-48-52(45,46)50-51(43,44)47-11-17-20(38)21(39)26(49-17)35-14-34-19-23(29)32-13-33-24(19)35/h3-5,10,13-14,17,20-22,26,36,38-40H,6-9,11-12H2,1-2H3,(H,30,37)(H,31,41)(H,43,44)(H,45,46)(H2,29,32,33)",CC(C)(COP(=O)(O)OP(=O)(O)OCC1OC(n2cnc3c(N)ncnc32)C(O)C1O)C(O)C(O)=NCCC(O)=NCCSC(=O)c1cccc(O)c1
Inter_0000000713,"InChI=1S/C27H42N4O16/c1-9(23(39)31-13(25(41)42)5-6-16(35)36)28-24(40)10(2)44-22-18(30-12(4)34)26-43-8-15(46-26)21(22)47-27-17(29-11(3)33)20(38)19(37)14(7-32)45-27/h9-10,13-15,17-22,26-27,32,37-38H,5-8H2,1-4H3,(H,28,40)(H,29,33)(H,30,34)(H,31,39)(H,35,36)(H,41,42)/t9?,10?,13?,14-,15?,17+,18?,19-,20-,21?,22?,26?,27?/m1/s1",CC(O)=NC1C2OCC(O2)C(OC2O[C@H](CO)[C@@H](O)[C@H](O)[C@@H]2N=C(C)O)C1OC(C)C(O)=NC(C)C(O)=NC(CCC(=O)O)C(=O)O
Inter_0000000714,"InChI=1S/C36H53N5O13P2/c1-20(11-14-36(6)21(2)9-10-23-24(36)8-7-13-35(23,4)5)12-15-40-18-39-33-28(32(40)37)38-19-41(33)34-31(45)30(44)26(52-34)17-50-55(46,47)54-56(48,49)53-27-16-25(42)29(43)22(3)51-27/h10,12,18-19,21-22,24,26-27,30-31,34,37,44-45H,7-9,11,13-17H2,1-6H3,(H,46,47)(H,48,49)/p+2",CC(=CCn1cnc2c([nH+]cn2C2OC(COP(=O)(O)OP(=O)(O)OC3CC(=O)C(=O)C(C)O3)C(O)C2O)c1=[NH2+])CCC1(C)C(C)CC=C2C1CCCC2(C)C
Inter_0000000715,"InChI=1S/C36H55N5O14P2/c1-19(11-14-36(6)20(2)9-10-22-23(36)8-7-13-35(22,4)5)12-15-40-17-39-32-25(31(40)37)38-18-41(32)33-29(45)27(43)24(53-33)16-51-56(47,48)55-57(49,50)54-34-30(46)28(44)26(42)21(3)52-34/h10,12,17-18,20-21,23-24,27-30,33-34,37,43-46H,7-9,11,13-16H2,1-6H3,(H,47,48)(H,49,50)",CC(=CCn1cnc2c(ncn2C2OC(COP(=O)(O)OP(=O)(O)OC3OC(C)C(=O)C(O)C3O)C(O)C2O)c1=N)CCC1(C)C(C)CC=C2C1CCCC2(C)C
Inter_0000000716,"InChI=1S/C36H57N5O15P2/c1-19(10-13-36(5)20(2)8-9-21-22(36)7-6-12-35(21,3)4)11-14-40-17-39-32-25(31(40)37)38-18-41(32)33-29(46)27(44)24(53-33)16-52-57(48,49)56-58(50,51)55-34-30(47)28(45)26(43)23(15-42)54-34/h9,11,17-18,20,22-24,26-30,33-34,37,42-47H,6-8,10,12-16H2,1-5H3,(H,48,49)(H,50,51)",CC(=CCn1cnc2c(ncn2C2OC(COP(=O)(O)OP(=O)(O)OC3OC(CO)C(O)C(O)C3O)C(O)C2O)c1=N)CCC1(C)C(C)CC=C2C1CCCC2(C)C
Inter_0000000717,"InChI=1S/C30H47N5O10P2/c1-18(10-13-30(5)19(2)8-9-20-21(30)7-6-12-29(20,3)4)11-14-34-16-33-27-23(26(34)31)32-17-35(27)28-25(37)24(36)22(44-28)15-43-47(41,42)45-46(38,39)40/h9,11,16-17,19,21-22,24-25,28,31,36-37H,6-8,10,12-15H2,1-5H3,(H,41,42)(H2,38,39,40)/p+5",CC(=CC[NH+]1C=[NH+]C2=C([NH+]=C[NH+]2C2OC(COP(=O)(O)OP(=O)(O)O)C(O)C2O)C1=[NH2+])CCC1(C)C(C)CC=C2C1CCCC2(C)C
Inter_0000000718,"InChI=1S/C24H42O20/c1-5-20(15(32)16(33)21(37)40-5)44-24-19(36)14(31)11(28)8(43-24)4-39-23-18(35)13(30)10(27)7(42-23)3-38-22-17(34)12(29)9(26)6(2-25)41-22/h5-37H,2-4H2,1H3/t5-,6?,7?,8?,9?,10?,11?,12?,13?,14?,15-,16?,17?,18?,19?,20+,21?,22?,23?,24?/m0/s1",C[C@@H]1OC(O)C(O)[C@H](O)[C@@H]1OC1OC(COC2OC(COC3OC(CO)C(O)C(O)C3O)C(O)C(O)C2O)C(O)C(O)C1O
Inter_0000000719,"InChI=1S/C22H33N2O10PS/c1-22(2,14-34-35(31,32)33)19(28)20(29)24-9-8-17(25)23-10-11-36-21(30)16(13-18(26)27)12-15-6-4-3-5-7-15/h3-7,16,19,28H,8-14H2,1-2H3,(H,23,25)(H,24,29)(H,26,27)(H2,31,32,33)/t16?,19-/m0/s1",CC(C)(COP(=O)(O)O)[C@@H](O)C(O)=NCCC(O)=NCCSC(=O)C(CC(=O)O)Cc1ccccc1
Inter_0000000720,"InChI=1S/C14H27N2O9PS/c1-9(17)13(21)27-7-6-15-10(18)4-5-16-12(20)11(19)14(2,3)8-25-26(22,23)24/h9,11,17,19H,4-8H2,1-3H3,(H,15,18)(H,16,20)(H2,22,23,24)/t9?,11-/m0/s1",CC(O)C(=O)SCCN=C(O)CCN=C(O)[C@H](O)C(C)(C)COP(=O)(O)O
Inter_0000000721,"InChI=1S/C15H27N2O9PS/c1-10(18)8-12(20)28-7-6-16-11(19)4-5-17-14(22)13(21)15(2,3)9-26-27(23,24)25/h13,21H,4-9H2,1-3H3,(H,16,19)(H,17,22)(H2,23,24,25)/t13-/m0/s1",CC(=O)CC(=O)SCCN=C(O)CCN=C(O)[C@H](O)C(C)(C)COP(=O)(O)O
Inter_0000000722,"InChI=1S/C16H31N2O8PS/c1-11(2)9-13(20)28-8-7-17-12(19)5-6-18-15(22)14(21)16(3,4)10-26-27(23,24)25/h11,14,21H,5-10H2,1-4H3,(H,17,19)(H,18,22)(H2,23,24,25)/t14-/m0/s1",CC(C)CC(=O)SCCN=C(O)CCN=C(O)[C@H](O)C(C)(C)COP(=O)(O)O
Inter_0000000723,"InChI=1S/C15H29N2O9PS/c1-15(2,10-26-27(23,24)25)13(21)14(22)17-6-5-11(19)16-7-9-28-12(20)4-3-8-18/h13,18,21H,3-10H2,1-2H3,(H,16,19)(H,17,22)(H2,23,24,25)/t13-/m0/s1",CC(C)(COP(=O)(O)O)[C@@H](O)C(O)=NCCC(O)=NCCSC(=O)CCCO
Inter_0000000724,"InChI=1S/C18H27N2O9PS/c1-18(2,11-29-30(26,27)28)15(23)16(24)20-8-7-14(22)19-9-10-31-17(25)12-3-5-13(21)6-4-12/h3-6,15,21,23H,7-11H2,1-2H3,(H,19,22)(H,20,24)(H2,26,27,28)/t15-/m0/s1",CC(C)(COP(=O)(O)O)[C@@H](O)C(O)=NCCC(O)=NCCSC(=O)c1ccc(O)cc1
Inter_0000000725,"InChI=1S/C15H27N2O11PS/c1-15(2,8-28-29(25,26)27)12(21)13(22)17-4-3-10(19)16-5-6-30-11(20)7-9(18)14(23)24/h9,12,18,21H,3-8H2,1-2H3,(H,16,19)(H,17,22)(H,23,24)(H2,25,26,27)/t9?,12-/m0/s1",CC(C)(COP(=O)(O)O)[C@@H](O)C(O)=NCCC(O)=NCCSC(=O)CC(O)C(=O)O
Inter_0000000726,"InChI=1S/C13H23N2O10PS/c1-13(2,7-25-26(22,23)24)9(17)10(18)15-4-3-8(16)14-5-6-27-12(21)11(19)20/h9,17H,3-7H2,1-2H3,(H,14,16)(H,15,18)(H,19,20)(H2,22,23,24)/t9-/m0/s1",CC(C)(COP(=O)(O)O)[C@@H](O)C(O)=NCCC(O)=NCCSC(=O)C(=O)O
Inter_0000000727,"InChI=1S/C17H31N2O11PS/c1-16(2,10-30-31(27,28)29)14(24)15(25)19-5-4-11(20)18-6-7-32-13(23)9-17(3,26)8-12(21)22/h14,24,26H,4-10H2,1-3H3,(H,18,20)(H,19,25)(H,21,22)(H2,27,28,29)/t14-,17?/m0/s1",CC(O)(CC(=O)O)CC(=O)SCCN=C(O)CCN=C(O)[C@H](O)C(C)(C)COP(=O)(O)O
Inter_0000000728,"InChI=1S/C16H29N2O11PS/c1-15(2,9-29-30(26,27)28)12(21)13(22)18-5-4-10(19)17-6-7-31-11(20)8-16(3,25)14(23)24/h12,21,25H,4-9H2,1-3H3,(H,17,19)(H,18,22)(H,23,24)(H2,26,27,28)/t12-,16?/m0/s1",CC(O)(CC(=O)SCCN=C(O)CCN=C(O)[C@H](O)C(C)(C)COP(=O)(O)O)C(=O)O
Inter_0000000729,"InChI=1S/C26H35N2O10PS/c1-26(2,16-38-39(35,36)37)23(32)24(33)28-10-9-21(29)27-11-12-40-25(34)20(15-22(30)31)14-17-7-8-18-5-3-4-6-19(18)13-17/h3-8,13,20,23,32H,9-12,14-16H2,1-2H3,(H,27,29)(H,28,33)(H,30,31)(H2,35,36,37)/t20?,23-/m0/s1",CC(C)(COP(=O)(O)O)[C@@H](O)C(O)=NCCC(O)=NCCSC(=O)C(CC(=O)O)Cc1ccc2ccccc2c1
Inter_0000000730,"InChI=1S/C16H29N2O10PS/c1-16(2,10-28-29(25,26)27)14(23)15(24)18-7-6-11(19)17-8-9-30-13(22)5-3-4-12(20)21/h14,23H,3-10H2,1-2H3,(H,17,19)(H,18,24)(H,20,21)(H2,25,26,27)/t14-/m0/s1",CC(C)(COP(=O)(O)O)[C@@H](O)C(O)=NCCC(O)=NCCSC(=O)CCCC(=O)O
Inter_0000000731,"InChI=1S/C14H27N2O8PS/c1-4-11(18)26-8-7-15-10(17)5-6-16-13(20)12(19)14(2,3)9-24-25(21,22)23/h12,19H,4-9H2,1-3H3,(H,15,17)(H,16,20)(H2,21,22,23)/t12-/m0/s1",CCC(=O)SCCN=C(O)CCN=C(O)[C@H](O)C(C)(C)COP(=O)(O)O
Inter_0000000732,"InChI=1S/C30H41N7O15P2S/c1-30(2,25(43)28(44)33-10-9-20(39)32-11-12-55-21(40)8-5-17-3-6-18(38)7-4-17)14-50-54(47,48)52-53(45,46)49-13-19-23(41)24(42)29(51-19)37-16-36-22-26(31)34-15-35-27(22)37/h3-8,15-16,19,23-25,29,38,41-43H,9-14H2,1-2H3,(H,32,39)(H,33,44)(H,45,46)(H,47,48)(H2,31,34,35)",CC(C)(COP(=O)(O)OP(=O)(O)OCC1OC(n2cnc3c(N)ncnc32)C(O)C1O)C(O)C(O)=NCCC(O)=NCCSC(=O)C=Cc1ccc(O)cc1
Inter_0000000733,"InChI=1S/C16H25N5O14P2/c1-6-16(26,3-22)11(25)15(32-6)34-37(29,30)35-36(27,28)31-2-7-9(23)10(24)14(33-7)21-5-20-8-12(17)18-4-19-13(8)21/h4-7,9-11,14-15,22-26H,2-3H2,1H3,(H,27,28)(H,29,30)(H2,17,18,19)/t6?,7-,9-,10-,11?,14-,15?,16?/m1/s1",CC1OC(OP(=O)(O)OP(=O)(O)OC[C@H]2O[C@@H](n3cnc4c(N)ncnc43)[C@H](O)[C@@H]2O)C(O)C1(O)CO
Inter_0000000734,"InChI=1S/C26H50NO10P/c1-27(2,3)20-24(19-25(29)30)37-26(31)17-15-13-11-9-7-5-4-6-8-10-12-14-16-18-35-21-23(28)22-36-38(32,33)34/h24H,4-22H2,1-3H3,(H2-,29,30,32,33,34)/p+1/t24-/m1/s1",C[N+](C)(C)C[C@@H](CC(=O)O)OC(=O)CCCCCCCCCCCCCCCOCC(=O)COP(=O)(O)O
Inter_0000000735,"InChI=1S/C30H44N7O18P3S/c1-30(2,24(41)27(42)33-9-8-20(39)32-10-11-59-29(43)18(38)12-17-6-4-3-5-7-17)14-52-58(49,50)55-57(47,48)51-13-19-23(54-56(44,45)46)22(40)28(53-19)37-16-36-21-25(31)34-15-35-26(21)37/h3-7,15-16,18-19,22-24,28,38,40-41H,8-14H2,1-2H3,(H,32,39)(H,33,42)(H,47,48)(H,49,50)(H2,31,34,35)(H2,44,45,46)",CC(C)(COP(=O)(O)OP(=O)(O)OCC1OC(n2cnc3c(N)ncnc32)C(O)C1OP(=O)(O)O)C(O)C(O)=NCCC(O)=NCCSC(=O)C(O)Cc1ccccc1
Inter_0000000736,"InChI=1S/C26H45O25P/c1-7(29)43-3-9-13(31)16(34)19(37)23(47-9)49-21-18(36)12(30)8(2-27)46-25(21)44-4-10-14(32)17(35)20(38)24(48-10)51-26(6-28)22(39)15(33)11(50-26)5-45-52(40,41)42/h8-25,27-28,30-39H,2-6H2,1H3,(H2,40,41,42)/t8-,9?,10-,11-,12+,13?,14-,15-,16?,17+,18+,19?,20-,21-,22+,23?,24-,25+,26+/m1/s1",CC(=O)OCC1OC(O[C@H]2[C@@H](OC[C@H]3O[C@H](O[C@]4(CO)O[C@H](COP(=O)(O)O)[C@@H](O)[C@@H]4O)[C@H](O)[C@@H](O)[C@@H]3O)O[C@H](CO)[C@H](O)[C@@H]2O)C(O)C(O)C1O
Inter_0000000737,"InChI=1S/C6H13NO5/c7-1-2(8)4(10)6(12)5(11)3(1)9/h1-6,8-12H,7H2/t1?,2-,3?,4+,5?,6-/m1/s1",NC1C(O)C(O)[C@H](O)[C@@H](O)[C@@H]1O
Inter_0000000738,"InChI=1S/C15H30N3O8PS/c1-10(16)8-12(20)28-7-6-17-11(19)4-5-18-14(22)13(21)15(2,3)9-26-27(23,24)25/h10,13,21H,4-9,16H2,1-3H3,(H,17,19)(H,18,22)(H2,23,24,25)/t10?,13-/m0/s1",CC(N)CC(=O)SCCN=C(O)CCN=C(O)[C@H](O)C(C)(C)COP(=O)(O)O
Inter_0000000739,"InChI=1S/C16H32N3O8PS/c1-16(2,11-27-28(24,25)26)14(22)15(23)18-7-6-12(20)17-8-9-29-13(21)10-19(3,4)5/h14,22H,6-11H2,1-5H3,(H3-,17,18,20,23,24,25,26)/p+1/t14-/m0/s1",CC(C)(COP(=O)(O)O)[C@@H](O)C(O)=NCCC(O)=NCCSC(=O)C[N+](C)(C)C
Inter_0000000740,"InChI=1S/C27H30O17/c28-6-16-19(34)21(36)23(38)26(43-16)41-14-4-9(30)3-13-10(14)5-15(25(40-13)8-1-11(31)18(33)12(32)2-8)42-27-24(39)22(37)20(35)17(7-29)44-27/h1-5,16-17,19-24,26-29,34-39H,6-7H2,(H3-,30,31,32,33)/p+1",OCC1OC(Oc2cc3c(OC4OC(CO)C(O)C(O)C4O)cc(O)cc3[o+]c2-c2cc(O)c(O)c(O)c2)C(O)C(O)C1O
Inter_0000000741,"InChI=1S/C7H15O10P/c8-1-3(9)5(11)7(13)6(12)4(10)2-17-18(14,15)16/h4-8,10-13H,1-2H2,(H2,14,15,16)/t4?,5-,6?,7-/m1/s1",O=C(CO)[C@@H](O)[C@@H](O)C(O)C(O)COP(=O)(O)O
Inter_0000000742,"InChI=1S/C37H60O3/c1-4-5-6-7-8-9-10-11-12-13-14-15-16-17-18-19-35(39)40-30-24-26-36(2)29(28-30)20-21-31-32-22-23-34(38)37(32,3)27-25-33(31)36/h8-9,11-12,20,30-34,38H,4-7,10,13-19,21-28H2,1-3H3/t30?,31-,32-,33-,34-,36-,37-/m0/s1",CCCCCC=CCC=CCCCCCCCC(=O)OC1CC[C@@]2(C)C(=CC[C@H]3[C@@H]4CC[C@H](O)[C@@]4(C)CC[C@@H]32)C1
Inter_0000000743,"InChI=1S/C27H36N9O18P3/c1-10-3-12-13(4-11(10)2)35(24-18(32-12)25(41)34-27(42)33-24)5-14(37)19(39)15(38)6-50-56(46,47)54-57(48,49)51-7-16-20(40)21(53-55(43,44)45)26(52-16)36-9-31-17-22(28)29-8-30-23(17)36/h3-4,8-9,14-16,19-21,26,32,37-40H,5-7H2,1-2H3,(H,46,47)(H,48,49)(H2,28,29,30)(H2,43,44,45)(H2,33,34,41,42)",Cc1cc2c(cc1C)N(CC(O)C(O)C(O)COP(=O)(O)OP(=O)(O)OCC1OC(n3cnc4c(N)ncnc43)C(OP(=O)(O)O)C1O)c1nc(O)nc(O)c1N2
Inter_0000000744,"InChI=1S/C18H32O16/c19-1-4-7(20)11(24)14(27)17(33-4)31-3-6-9(22)12(25)15(28)18(34-6)30-2-5-8(21)10(23)13(26)16(29)32-5/h4-29H,1-3H2/t4?,5-,6-,7?,8-,9+,10+,11?,12+,13-,14?,15-,16?,17?,18-/m1/s1",OCC1OC(OC[C@H]2O[C@@H](OC[C@H]3OC(O)[C@H](O)[C@@H](O)[C@@H]3O)[C@H](O)[C@@H](O)[C@H]2O)C(O)C(O)C1O
Inter_0000000745,"InChI=1S/C16H26N6O12P2/c1-6-11(23)7(17)2-9(31-6)33-36(28,29)34-35(26,27)30-3-8-12(24)13(25)16(32-8)22-5-21-10-14(18)19-4-20-15(10)22/h4-9,11-13,16,23-25H,2-3,17H2,1H3,(H,26,27)(H,28,29)(H2,18,19,20)",CC1OC(OP(=O)(O)OP(=O)(O)OCC2OC(n3cnc4c(N)ncnc43)C(O)C2O)CC(N)C1O
Inter_0000000746,"InChI=1S/C22H20O8/c1-3-22(29)8-13(24)15-10(17(22)21(28)30-2)7-11-16(20(15)27)19(26)14-9(18(11)25)5-4-6-12(14)23/h4-7,13,17,23-24,27,29H,3,8H2,1-2H3",CCC1(O)CC(O)c2c(cc3c(c2O)C(=O)c2c(O)cccc2C3=O)C1C(=O)OC
Inter_0000000747,"InChI=1S/C22H18O9/c1-3-22(30)7-10(24)12-13(16(22)21(29)31-2)20(28)14-15(19(12)27)18(26)11-8(17(14)25)5-4-6-9(11)23/h4-6,16,23,27-28,30H,3,7H2,1-2H3/p+1",CCC1(O)CC(=O)c2c(O)c3c(c(O)c2C1C(=O)OC)C(=O)c1cccc([OH2+])c1C3=O
Inter_0000000748,"InChI=1S/C6H13NO5/c7-1-2(8)4(10)6(12)5(11)3(1)9/h1-6,8-12H,7H2/t1-,2-,3+,4?,5?,6?",N[C@H]1[C@H](O)C(O)C(O)C(O)[C@@H]1O
Inter_0000000749,"InChI=1S/C26H43N5O14/c1-11(28-23(37)12(2)45-21-17(29-13(3)33)10-44-18(9-32)20(21)35)22(36)31-16(26(42)43)7-8-19(34)30-15(25(40)41)6-4-5-14(27)24(38)39/h11-12,14-18,20-21,32,35H,4-10,27H2,1-3H3,(H,28,37)(H,29,33)(H,30,34)(H,31,36)(H,38,39)(H,40,41)(H,42,43)",CC(O)=NC1COC(CO)C(O)C1OC(C)C(O)=NC(C)C(O)=NC(CCC(O)=NC(CCCC(N)C(=O)O)C(=O)O)C(=O)O
Inter_0000000750,"InChI=1S/C24H42O21/c25-1-6(28)11(30)21(7(29)2-26)45-24-20(39)17(36)14(33)10(44-24)5-41-23-19(38)16(35)13(32)9(43-23)4-40-22-18(37)15(34)12(31)8(3-27)42-22/h1,6-24,26-39H,2-5H2",O=CC(O)C(O)C(OC1OC(COC2OC(COC3OC(CO)C(O)C(O)C3O)C(O)C(O)C2O)C(O)C(O)C1O)C(O)CO
Inter_0000000751,"InChI=1S/C30H41N7O15P2S/c1-30(2,24(42)27(43)33-9-8-20(39)32-10-11-55-29(44)18(38)12-17-6-4-3-5-7-17)14-50-54(47,48)52-53(45,46)49-13-19-22(40)23(41)28(51-19)37-16-36-21-25(31)34-15-35-26(21)37/h3-7,12,15-16,19,22-24,28,38,40-42H,8-11,13-14H2,1-2H3,(H,32,39)(H,33,43)(H,45,46)(H,47,48)(H2,31,34,35)/b18-12-/t19-,22-,23-,24+,28-/m1/s1",CC(C)(COP(=O)(O)OP(=O)(O)OC[C@H]1O[C@@H](n2cnc3c(N)ncnc32)[C@H](O)[C@@H]1O)[C@@H](O)C(O)=NCCC(O)=NCCSC(=O)/C(O)=C/c1ccccc1
Inter_0000000752,"InChI=1S/C15H28O13/c16-1-5(18)3-25-14-13(24)11(22)9(20)7(28-14)4-26-15-12(23)10(21)8(19)6(2-17)27-15/h5-24H,1-4H2/t5?,6?,7?,8?,9?,10?,11-,12?,13?,14?,15?/m1/s1",OCC(O)COC1OC(COC2OC(CO)C(O)C(O)C2O)C(O)[C@@H](O)C1O
Inter_0000000753,"InChI=1S/C30H41N7O15P2S/c1-30(2,25(43)28(44)33-10-9-20(39)32-11-12-55-21(40)8-5-17-3-6-18(38)7-4-17)14-50-54(47,48)52-53(45,46)49-13-19-23(41)24(42)29(51-19)37-16-36-22-26(31)34-15-35-27(22)37/h3-8,15-16,19,23-25,29,38,41-43H,9-14H2,1-2H3,(H,32,39)(H,33,44)(H,45,46)(H,47,48)(H2,31,34,35)/b8-5+/t19-,23-,24-,25+,29-/m1/s1",CC(C)(COP(=O)(O)OP(=O)(O)OC[C@H]1O[C@@H](n2cnc3c(N)ncnc32)[C@H](O)[C@@H]1O)[C@@H](O)C(O)=NCCC(O)=NCCSC(=O)/C=C/c1ccc(O)cc1
Inter_0000000754,"InChI=1S/C30H43N7O15P2S/c1-30(2,25(43)28(44)33-10-9-20(39)32-11-12-55-21(40)8-5-17-3-6-18(38)7-4-17)14-50-54(47,48)52-53(45,46)49-13-19-23(41)24(42)29(51-19)37-16-36-22-26(31)34-15-35-27(22)37/h3-4,6-7,15-16,19,23-25,29,38,41-43H,5,8-14H2,1-2H3,(H,32,39)(H,33,44)(H,45,46)(H,47,48)(H2,31,34,35)",CC(C)(COP(=O)(O)OP(=O)(O)OCC1OC(n2cnc3c(N)ncnc32)C(O)C1O)C(O)C(O)=NCCC(O)=NCCSC(=O)CCc1ccc(O)cc1
Inter_0000000755,"InChI=1S/C15H25NO4/c17-11-8-6-4-2-1-3-5-7-9-14(18)16-13-10-12-20-15(13)19/h11,13H,1-10,12H2,(H,16,18)",O=CCCCCCCCCCC(O)=NC1CCOC1=O
Inter_0000000756,"InChI=1S/C28H41N8O17P3S/c1-28(2,22(39)25(40)32-8-7-18(37)31-9-10-57-27(41)15-5-3-4-6-16(15)29)12-50-56(47,48)53-55(45,46)49-11-17-21(52-54(42,43)44)20(38)26(51-17)36-14-35-19-23(30)33-13-34-24(19)36/h3-6,13-14,17,20-22,26,38-39H,7-12,29H2,1-2H3,(H,31,37)(H,32,40)(H,45,46)(H,47,48)(H2,30,33,34)(H2,42,43,44)",CC(C)(COP(=O)(O)OP(=O)(O)OCC1OC(n2cnc3c(N)ncnc32)C(O)C1OP(=O)(O)O)C(O)C(O)=NCCC(O)=NCCSC(=O)c1ccccc1N
Inter_0000000757,"InChI=1S/C6H12N2O4/c1-3(6(11)12)8-5(10)4(7)2-9/h3-4,9H,2,7H2,1H3,(H,8,10)(H,11,12)/t3-,4?/m0/s1",C[C@H](N=C(O)C(N)CO)C(=O)O
Inter_0000000758,"InChI=1S/C13H21NO10/c1-5(16)14-9-7(18)3-13(22,12(20)21)24-11(9)10(8(19)4-15)23-6(2)17/h7-11,15,18-19,22H,3-4H2,1-2H3,(H,14,16)(H,20,21)/t7-,8+,9+,10+,11+,13?/m0/s1",CC(=O)O[C@@H]([C@@H]1OC(O)(C(=O)O)C[C@H](O)[C@H]1N=C(C)O)[C@H](O)CO
Inter_0000000759,"InChI=1S/C15H28O13/c16-1-5(18)3-25-14-13(24)11(22)9(20)7(28-14)4-26-15-12(23)10(21)8(19)6(2-17)27-15/h5-24H,1-4H2/t5?,6?,7-,8?,9?,10?,11+,12?,13+,14?,15?/m1/s1",OCC(O)COC1O[C@H](COC2OC(CO)C(O)C(O)C2O)C(O)[C@H](O)[C@@H]1O
Inter_0000000760,"InChI=1S/C21H38NO9P/c23-18(17-31-32(26,27)28)16-29-14-11-9-7-5-3-1-2-4-6-8-10-12-20(24)22-19-13-15-30-21(19)25/h19H,1-17H2,(H,22,24)(H2,26,27,28)/t19-/m0/s1",O=C(COCCCCCCCCCCCCCC(O)=N[C@H]1CCOC1=O)COP(=O)(O)O
Inter_0000000761,"InChI=1S/C44H84NO8P/c1-6-8-10-12-14-16-18-20-22-24-26-28-30-32-34-36-43(46)50-40-42(41-52-54(48,49)51-39-38-45(3,4)5)53-44(47)37-35-33-31-29-27-25-23-21-19-17-15-13-11-9-7-2/h20-23,42H,6-19,24-41H2,1-5H3/p+1",CCCCCCCCC=CCCCCCCCC(=O)OCC(COP(=O)(O)OCC[N+](C)(C)C)OC(=O)CCCCCCCC=CCCCCCCCC
Inter_0000000762,"InChI=1S/C19H26O2/c1-18-9-7-13(20)11-12(18)3-4-14-15-5-6-17(21)19(15,2)10-8-16(14)18/h11,14-16H,3-10H2,1-2H3/t14-,15-,16-,18-,19-/m0/s1",C[C@]12CCC(=O)C=C1CC[C@@H]1[C@@H]2CC[C@]2(C)C(=O)CC[C@@H]12
Inter_0000000763,"InChI=1S/C30H52O26/c31-1-7(37)13(39)23(8(38)2-32)53-28-20(46)16(42)25(10(4-34)50-28)55-30-22(48)18(44)26(12(6-36)52-30)56-29-21(47)17(43)24(11(5-35)51-29)54-27-19(45)15(41)14(40)9(3-33)49-27/h1,7-30,32-48H,2-6H2",O=CC(O)C(O)C(OC1OC(CO)C(OC2OC(CO)C(OC3OC(CO)C(OC4OC(CO)C(O)C(O)C4O)C(O)C3O)C(O)C2O)C(O)C1O)C(O)CO
Inter_0000000764,"InChI=1S/C36H62O31/c37-1-8(44)15(46)27(9(45)2-38)63-33-23(54)18(49)29(11(4-40)59-33)65-35-25(56)20(51)31(13(6-42)61-35)67-36-26(57)21(52)30(14(7-43)62-36)66-34-24(55)19(50)28(12(5-41)60-34)64-32-22(53)17(48)16(47)10(3-39)58-32/h1,8-36,38-57H,2-7H2",O=CC(O)C(O)C(OC1OC(CO)C(OC2OC(CO)C(OC3OC(CO)C(OC4OC(CO)C(OC5OC(CO)C(O)C(O)C5O)C(O)C4O)C(O)C3O)C(O)C2O)C(O)C1O)C(O)CO
Inter_0000000765,"InChI=1S/C10H14N2O14P2/c13-5-1-3(9(16)17)12(10(18)11-5)8-7(15)6(14)4(25-8)2-24-28(22,23)26-27(19,20)21/h1,4,6-8,14-15H,2H2,(H,16,17)(H,22,23)(H,11,13,18)(H2,19,20,21)",O=C(O)c1cc(O)nc(=O)n1C1OC(COP(=O)(O)OP(=O)(O)O)C(O)C1O
Inter_0000000766,"InChI=1S/C30H52O26/c31-1-7-12(34)17(39)21(43)26(51-7)48-3-9-13(35)18(40)22(44)27(52-9)49-4-10-14(36)19(41)23(45)28(53-10)50-5-11-15(37)20(42)24(46)29(54-11)56-30(6-33)25(47)16(38)8(2-32)55-30/h7-29,31-47H,1-6H2",OCC1OC(OCC2OC(OCC3OC(OCC4OC(OC5(CO)OC(CO)C(O)C5O)C(O)C(O)C4O)C(O)C(O)C3O)C(O)C(O)C2O)C(O)C(O)C1O
Inter_0000000767,"InChI=1S/C15H28O13/c16-1-5(18)3-25-14-13(24)11(22)9(20)7(28-14)4-26-15-12(23)10(21)8(19)6(2-17)27-15/h5-24H,1-4H2/t5?,6?,7?,8?,9?,10?,11-,12?,13-,14?,15?/m1/s1",OCC(O)COC1OC(COC2OC(CO)C(O)C(O)C2O)C(O)[C@@H](O)[C@H]1O
Inter_0000000768,"InChI=1S/C23H40O20/c24-1-6-9(26)12(29)15(32)21(40-6)38-3-7-10(27)13(30)16(33)22(41-7)39-4-8-11(28)14(31)17(34)23(42-8)43-19-5(25)2-37-20(36)18(19)35/h5-36H,1-4H2",OCC1OC(OCC2OC(OCC3OC(OC4C(O)COC(O)C4O)C(O)C(O)C3O)C(O)C(O)C2O)C(O)C(O)C1O
Inter_0000000769,"InChI=1S/C40H40O23/c1-56-22-8-15(2-5-18(22)41)3-7-27(46)57-13-24-30(48)34(52)37(55)40(63-24)61-21-6-4-16(9-19(21)42)38-35(53)32(50)29-20(43)10-17(11-23(29)60-38)59-39-36(54)33(51)31(49)25(62-39)14-58-28(47)12-26(44)45/h2-11,24-25,30-31,33-34,36-37,39-43,48-49,51-55H,12-14H2,1H3,(H,44,45)",COc1cc(C=CC(=O)OCC2OC(Oc3ccc(-c4oc5cc(OC6OC(COC(=O)CC(=O)O)C(O)C(O)C6O)cc(O)c5c(=O)c4O)cc3O)C(O)C(O)C2O)ccc1O
Inter_0000000770,"InChI=1S/C11H15N5O8P2/c12-11-14-9-8(10(17)15-11)13-5-16(9)7-2-1-6(3-7)4-23-26(21,22)24-25(18,19)20/h1-2,5-7H,3-4H2,(H,21,22)(H2,18,19,20)(H3,12,14,15,17)",N=c1nc(O)c2ncn(C3C=CC(COP(=O)(O)OP(=O)(O)O)C3)c2[nH]1
Inter_0000000771,"InChI=1S/C16H25N5O14P2/c1-6-16(26,3-22)11(25)15(32-6)34-37(29,30)35-36(27,28)31-2-7-9(23)10(24)14(33-7)21-5-20-8-12(17)18-4-19-13(8)21/h4-7,9-11,14-15,22-26H,2-3H2,1H3,(H,27,28)(H,29,30)(H2,17,18,19)",CC1OC(OP(=O)(O)OP(=O)(O)OCC2OC(n3cnc4c(N)ncnc43)C(O)C2O)C(O)C1(O)CO
Inter_0000000772,"InChI=1S/C24H40O21/c25-1-5-9(27)12(30)17(35)22(42-5)39-3-7-10(28)13(31)18(36)23(43-7)40-4-8-11(29)14(32)19(37)24(44-8)45-20-6(2-26)41-21(38)16(34)15(20)33/h5-20,22-37H,1-4H2/t5?,6-,7?,8-,9?,10?,11-,12?,13?,14+,15-,16-,17?,18?,19-,20-,22?,23?,24+/m1/s1",O=C1O[C@H](CO)[C@@H](O[C@@H]2O[C@H](COC3OC(COC4OC(CO)C(O)C(O)C4O)C(O)C(O)C3O)[C@@H](O)[C@H](O)[C@H]2O)[C@H](O)[C@H]1O
Inter_0000000773,"InChI=1S/C6H9O9P/c7-1-2(8)4-3(9)5(6(10)14-4)15-16(11,12)13/h2,4,7-9H,1H2,(H2,11,12,13)/t2-,4+/m0/s1",O=C1O[C@H]([C@@H](O)CO)C(O)=C1OP(=O)(O)O
Inter_0000000774,"InChI=1S/C6H13NO4/c7-2-1-3(8)5(10)6(11)4(2)9/h2-6,8-11H,1,7H2",NC1CC(O)C(O)C(O)C1O
Inter_0000000775,"InChI=1S/C6H14N2O3/c7-2-1-3(8)5(10)6(11)4(2)9/h2-6,9-11H,1,7-8H2",NC1CC(N)C(O)C(O)C1O
Inter_0000000776,"InChI=1S/C15H25N3O16P2/c16-8-9(21)5(3-19)32-14(11(8)23)33-36(28,29)34-35(26,27)30-4-6-10(22)12(24)13(31-6)18-2-1-7(20)17-15(18)25/h1-2,5-6,8-14,19,21-24H,3-4,16H2,(H,26,27)(H,28,29)(H,17,20,25)",NC1C(O)C(CO)OC(OP(=O)(O)OP(=O)(O)OCC2OC(n3ccc(O)nc3=O)C(O)C2O)C1O
Inter_0000000777,"InChI=1S/C6H13NO5/c7-1-2(8)4(10)6(12)5(11)3(1)9/h1-6,8-12H,7H2/p+1",[NH3+]C1C(O)C(O)C(O)C(O)C1O
Inter_0000000778,"InChI=1S/C29H49N7O14P2S/c1-4-5-6-7-8-9-20(38)53-13-12-31-19(37)10-11-32-27(42)24(41)29(2,3)15-48-52(45,46)50-51(43,44)47-14-18-22(39)23(40)28(49-18)36-17-35-21-25(30)33-16-34-26(21)36/h16-18,22-24,28,39-41H,4-15H2,1-3H3,(H,31,37)(H,32,42)(H,43,44)(H,45,46)(H2,30,33,34)",CCCCCCCC(=O)SCCN=C(O)CCN=C(O)C(O)C(C)(C)COP(=O)(O)OP(=O)(O)OCC1OC(n2cnc3c(N)ncnc32)C(O)C1O
Inter_0000000779,"InChI=1S/C28H43N7O15P2S/c1-28(2,22(40)25(41)31-8-7-18(37)30-9-10-53-27(42)15-5-3-4-6-16(15)36)12-48-52(45,46)50-51(43,44)47-11-17-20(38)21(39)26(49-17)35-14-34-19-23(29)32-13-33-24(19)35/h13-15,17,20-22,26,38-40H,3-12H2,1-2H3,(H,30,37)(H,31,41)(H,43,44)(H,45,46)(H2,29,32,33)",CC(C)(COP(=O)(O)OP(=O)(O)OCC1OC(n2cnc3c(N)ncnc32)C(O)C1O)C(O)C(=O)NCCC(=O)NCCSC(=O)C1CCCCC1=O
Inter_0000000780,"InChI=1S/C31H28O15/c1-42-20-8-13(2-5-16(20)33)3-7-23(36)43-12-22-25(37)27(39)29(41)31(46-22)45-19-6-4-14(9-17(19)34)30-28(40)26(38)24-18(35)10-15(32)11-21(24)44-30/h2-11,22,25,27,29,31-35,37,39-41H,12H2,1H3",COc1cc(C=CC(=O)OCC2OC(Oc3ccc(-c4oc5cc(O)cc(O)c5c(=O)c4O)cc3O)C(O)C(O)C2O)ccc1O
Inter_0000000781,"InChI=1S/C10H15N4O13P3/c15-7-6(2-24-29(20,21)27-30(22,23)26-28(17,18)19)25-10(8(7)16)14-4-13-5-1-11-3-12-9(5)14/h1,3-4,6-8,10,15-16H,2H2,(H,20,21)(H,22,23)(H2,17,18,19)",O=P(O)(O)OP(=O)(O)OP(=O)(O)OCC1OC(n2cnc3cncnc32)C(O)C1O
Inter_0000000782,"InChI=1S/C9H16N2O5/c1-5(12)11-7(9(15)16)4-2-3-6(10)8(13)14/h6-7H,2-4,10H2,1H3,(H,11,12)(H,13,14)(H,15,16)/t6?,7-/m0/s1",CC(O)=N[C@@H](CCCC(N)C(=O)O)C(=O)O
Inter_0000000783,"InChI=1S/C10H17N2O15P3/c1-4-2-12(10(16)11-8(4)15)9-7(14)6(13)5(25-9)3-24-29(20,21)27-30(22,23)26-28(17,18)19/h2,5-7,9,13-14H,3H2,1H3,(H,20,21)(H,22,23)(H,11,15,16)(H2,17,18,19)",Cc1cn(C2OC(COP(=O)(O)OP(=O)(O)OP(=O)(O)O)C(O)C2O)c(=O)nc1O
Inter_0000000784,"InChI=1S/C34H54N6O19/c1-13(29(49)39-18(8-9-23(45)46)31(51)40-19(33(54)55)7-5-6-17(35)32(52)53)36-30(50)14(2)57-27-20(37-15(3)43)12-56-22(11-42)28(27)59-34-24(38-16(4)44)26(48)25(47)21(10-41)58-34/h12-14,17-19,21-22,24-28,34,41-42,47-48H,5-11,35H2,1-4H3,(H,36,50)(H,37,43)(H,38,44)(H,39,49)(H,40,51)(H,45,46)(H,52,53)(H,54,55)",CC(O)=NC1=COC(CO)C(OC2OC(CO)C(O)C(O)C2N=C(C)O)C1OC(C)C(O)=NC(C)C(O)=NC(CCC(=O)O)C(O)=NC(CCCC(N)C(=O)O)C(=O)O
Inter_0000000785,"InChI=1S/C34H54N6O19/c1-12(28(48)39-17(8-9-21(44)45)30(50)40-18(32(53)54)7-5-6-16(35)31(51)52)36-29(49)13(2)56-27-23(38-15(4)43)33-55-11-20(58-33)26(27)59-34-22(37-14(3)42)25(47)24(46)19(10-41)57-34/h12-13,16-20,22-27,33-34,41,46-47H,5-11,35H2,1-4H3,(H,36,49)(H,37,42)(H,38,43)(H,39,48)(H,40,50)(H,44,45)(H,51,52)(H,53,54)",CC(O)=NC1C(OC2C3COC(O3)C(N=C(C)O)C2OC(C)C(O)=NC(C)C(O)=NC(CCC(=O)O)C(O)=NC(CCCC(N)C(=O)O)C(=O)O)OC(CO)C(O)C1O
Inter_0000000786,"InChI=1S/C11H19NO8/c1-4(10(16)17)19-9-7(12-5(2)14)11(18)20-6(3-13)8(9)15/h4,6-9,11,13,15,18H,3H2,1-2H3,(H,12,14)(H,16,17)/t4-,6-,7-,8-,9-,11?/m1/s1",CC(O)=N[C@H]1C(O)O[C@H](CO)[C@@H](O)[C@@H]1O[C@H](C)C(=O)O
Inter_0000000787,"InChI=1S/C9H16N3O12P3/c10-7-3-4-12(9(13)11-7)8-2-1-6(22-8)5-21-26(17,18)24-27(19,20)23-25(14,15)16/h3-4,6,8H,1-2,5H2,(H,17,18)(H,19,20)(H2,10,11,13)(H2,14,15,16)",N=c1ccn(C2CCC(COP(=O)(O)OP(=O)(O)OP(=O)(O)O)O2)c(O)n1
Inter_0000000788,"InChI=1S/C24H38N7O18P3S/c1-24(2,19(36)22(37)27-5-3-14(33)26-6-8-53-15(34)4-7-32)10-46-52(43,44)49-51(41,42)45-9-13-18(48-50(38,39)40)17(35)23(47-13)31-12-30-16-20(25)28-11-29-21(16)31/h7,11-13,17-19,23,35-36H,3-6,8-10H2,1-2H3,(H,26,33)(H,27,37)(H,41,42)(H,43,44)(H2,25,28,29)(H2,38,39,40)",CC(C)(COP(=O)(O)OP(=O)(O)OCC1OC(n2cnc3c(N)ncnc32)C(O)C1OP(=O)(O)O)C(O)C(O)=NCCC(O)=NCCSC(=O)CC=O
Inter_0000000789,"InChI=1S/C22H21NO6/c1-11(2)4-5-13-10-14(6-8-17(13)25)21(27)23-18-19(26)15-7-9-16(24)12(3)20(15)29-22(18)28/h4,6-10,24-26H,5H2,1-3H3,(H,23,27)",CC(C)=CCc1cc(C(=O)Nc2c(O)c3ccc(O)c(C)c3oc2=O)ccc1O
Inter_0000000790,"InChI=1S/C34H54N6O19/c1-13(29(49)39-18(8-9-23(45)46)31(51)40-19(33(54)55)7-5-6-17(35)32(52)53)36-30(50)14(2)57-27-20(37-15(3)43)12-56-22(11-42)28(27)59-34-24(38-16(4)44)26(48)25(47)21(10-41)58-34/h12-14,17-19,21-22,24-28,34,41-42,47-48H,5-11,35H2,1-4H3,(H,36,50)(H,37,43)(H,38,44)(H,39,49)(H,40,51)(H,45,46)(H,52,53)(H,54,55)/t13?,14?,17?,18?,19?,21-,22?,24-,25-,26-,27?,28?,34?/m1/s1",CC(O)=NC1=COC(CO)C(OC2O[C@H](CO)[C@@H](O)[C@H](O)[C@H]2N=C(C)O)C1OC(C)C(O)=NC(C)C(O)=NC(CCC(=O)O)C(O)=NC(CCCC(N)C(=O)O)C(=O)O
Inter_0000000791,"InChI=1S/C34H54N6O19/c1-12(28(48)39-17(8-9-21(44)45)30(50)40-18(32(53)54)7-5-6-16(35)31(51)52)36-29(49)13(2)56-27-23(38-15(4)43)33-55-11-20(58-33)26(27)59-34-22(37-14(3)42)25(47)24(46)19(10-41)57-34/h12-13,16-20,22-27,33-34,41,46-47H,5-11,35H2,1-4H3,(H,36,49)(H,37,42)(H,38,43)(H,39,48)(H,40,50)(H,44,45)(H,51,52)(H,53,54)/t12?,13?,16?,17?,18?,19-,20?,22-,23?,24-,25-,26?,27?,33?,34?/m1/s1",CC(O)=NC1C2OCC(O2)C(OC2O[C@H](CO)[C@@H](O)[C@H](O)[C@H]2N=C(C)O)C1OC(C)C(O)=NC(C)C(O)=NC(CCC(=O)O)C(O)=NC(CCCC(N)C(=O)O)C(=O)O
Inter_0000000792,"InChI=1S/C17H20O9/c1-25-12-6-9(2-4-10(12)18)3-5-14(20)26-13-8-17(24,16(22)23)7-11(19)15(13)21/h2-6,11,13,15,18-19,21,24H,7-8H2,1H3,(H,22,23)",COc1cc(C=CC(=O)OC2CC(O)(C(=O)O)CC(O)C2O)ccc1O
Inter_0000000793,"InChI=1S/C17H20O9/c1-25-13-6-9(2-4-10(13)18)3-5-14(21)26-15-11(19)7-17(24,16(22)23)8-12(15)20/h2-6,11-12,15,18-20,24H,7-8H2,1H3,(H,22,23)",COc1cc(C=CC(=O)OC2C(O)CC(O)(C(=O)O)CC2O)ccc1O
Inter_0000000794,"InChI=1S/C24H42O21/c25-1-5(28)18-12(32)16(36)22(43-18)39-4-8-9(29)10(30)15(35)23(42-8)45-20-7(3-27)41-24(17(37)13(20)33)44-19-6(2-26)40-21(38)14(34)11(19)31/h5-38H,1-4H2",OCC(O)C1OC(OCC2OC(OC3C(CO)OC(OC4C(CO)OC(O)C(O)C4O)C(O)C3O)C(O)C(O)C2O)C(O)C1O
Inter_0000000795,"InChI=1S/C29H48N6O15/c1-12(31-25(42)14(3)50-23-19(33-15(4)37)11-49-20(10-36)22(23)40)24(41)34-18(8-9-21(38)39)27(44)35-17(7-5-6-16(30)29(47)48)26(43)32-13(2)28(45)46/h12-14,16-20,22-23,36,40H,5-11,30H2,1-4H3,(H,31,42)(H,32,43)(H,33,37)(H,34,41)(H,35,44)(H,38,39)(H,45,46)(H,47,48)/t12?,13-,14?,16?,17?,18?,19?,20?,22?,23?/m0/s1",CC(O)=NC1COC(CO)C(O)C1OC(C)C(O)=NC(C)C(O)=NC(CCC(=O)O)C(O)=NC(CCCC(N)C(=O)O)C(O)=N[C@@H](C)C(=O)O
Inter_0000000796,"InChI=1S/C11H14N4O4S/c1-20-2-5-7(16)8(17)11(19-5)15-4-14-6-9(15)12-3-13-10(6)18/h3-5,7-8,11,16-17H,2H2,1H3,(H,12,13,18)/p+1",CSCC1OC(n2cnc3c(O)nc[nH+]c32)C(O)C1O
Inter_0000000797,"InChI=1S/C16H32N3O8PS/c1-16(2,11-27-28(24,25)26)14(22)15(23)18-7-6-12(20)17-8-9-29-13(21)10-19(3,4)5/h14,22H,6-11H2,1-5H3,(H3-,17,18,20,23,24,25,26)/p+1",CC(C)(COP(=O)(O)O)C(O)C(O)=NCCC(O)=NCCSC(=O)C[N+](C)(C)C
Inter_0000000798,"InChI=1S/C21H30NO8P/c23-18(16-30-31(26,27)28)15-29-13-9-5-3-1-2-4-6-10-17-14-21(24)19-11-7-8-12-20(19)22(17)25/h7-8,11-12,14,24H,1-6,9-10,13,15-16H2,(H2,26,27,28)",O=C(COCCCCCCCCCc1cc(O)c2ccccc2[n+]1[O-])COP(=O)(O)O
Inter_0000000799,"InChI=1S/C26H52NO7P/c1-5-6-7-8-9-10-11-12-13-14-15-16-17-18-19-20-26(29)32-23-25(28)24-34-35(30,31)33-22-21-27(2,3)4/h12-13,25,28H,5-11,14-24H2,1-4H3/p+1",CCCCCCCCC=CCCCCCCCC(=O)OCC(O)COP(=O)(O)OCC[N+](C)(C)C
Inter_0000000800,"InChI=1S/C42H82NO8P/c1-6-8-10-12-14-16-18-20-21-23-25-27-29-31-33-35-42(45)51-40(39-50-52(46,47)49-37-36-43(3,4)5)38-48-41(44)34-32-30-28-26-24-22-19-17-15-13-11-9-7-2/h20-21,40H,6-19,22-39H2,1-5H3/p+1",CCCCCCCCC=CCCCCCCCC(=O)OC(COC(=O)CCCCCCCCCCCCCCC)COP(=O)(O)OCC[N+](C)(C)C
Inter_0000000801,"InChI=1S/C25H41N7O14P2S/c1-4-5-16(34)49-9-8-27-15(33)6-7-28-23(38)20(37)25(2,3)11-44-48(41,42)46-47(39,40)43-10-14-18(35)19(36)24(45-14)32-13-31-17-21(26)29-12-30-22(17)32/h12-14,18-20,24,35-37H,4-11H2,1-3H3,(H,27,33)(H,28,38)(H,39,40)(H,41,42)(H2,26,29,30)",CCCC(=O)SCCN=C(O)CCN=C(O)C(O)C(C)(C)COP(=O)(O)OP(=O)(O)OCC1OC(n2cnc3c(N)ncnc32)C(O)C1O
Inter_0000000802,"InChI=1S/C24H42O20/c1-5-20(15(32)16(33)21(37)40-5)44-24-19(36)14(31)11(28)8(43-24)4-39-23-18(35)13(30)10(27)7(42-23)3-38-22-17(34)12(29)9(26)6(2-25)41-22/h5-37H,2-4H2,1H3/t5-,6?,7?,8?,9?,10?,11?,12?,13?,14?,15+,16?,17?,18?,19?,20+,21?,22?,23?,24?/m0/s1",C[C@@H]1OC(O)C(O)[C@@H](O)[C@@H]1OC1OC(COC2OC(COC3OC(CO)C(O)C(O)C3O)C(O)C(O)C2O)C(O)C(O)C1O
Inter_0000000803,"InChI=1S/C11H17N5O11P2/c1-15-3-16(8-5(15)9(19)14-11(12)13-8)10-7(18)6(17)4(26-10)2-25-29(23,24)27-28(20,21)22/h3-4,6-7,10,17-18H,2H2,1H3,(H5-,12,13,14,19,20,21,22,23,24)/p+1",C[n+]1cn(C2OC(COP(=O)(O)OP(=O)(O)O)C(O)C2O)c2[nH]c(=N)nc(O)c21
Inter_0000000804,"InChI=1S/C28H39N7O16P2S/c1-28(2,22(41)25(42)31-6-5-18(38)30-7-8-54-27(43)15-9-14(36)3-4-16(15)37)11-49-53(46,47)51-52(44,45)48-10-17-20(39)21(40)26(50-17)35-13-34-19-23(29)32-12-33-24(19)35/h3-4,9,12-13,17,20-22,26,36-37,39-41H,5-8,10-11H2,1-2H3,(H,30,38)(H,31,42)(H,44,45)(H,46,47)(H2,29,32,33)",CC(C)(COP(=O)(O)OP(=O)(O)OCC1OC(n2cnc3c(N)ncnc32)C(O)C1O)C(O)C(O)=NCCC(O)=NCCSC(=O)c1cc(O)ccc1O
Inter_0000000805,"InChI=1S/C26H42N7O20P3S/c1-25(2,19(37)22(38)29-5-4-14(34)28-6-7-57-15(35)8-26(3,41)24(39)40)10-50-56(47,48)53-55(45,46)49-9-13-18(52-54(42,43)44)17(36)23(51-13)33-12-32-16-20(27)30-11-31-21(16)33/h11-13,17-19,23,36-37,41H,4-10H2,1-3H3,(H,28,34)(H,29,38)(H,39,40)(H,45,46)(H,47,48)(H2,27,30,31)(H2,42,43,44)",CC(O)(CC(=O)SCCN=C(O)CCN=C(O)C(O)C(C)(C)COP(=O)(O)OP(=O)(O)OCC1OC(n2cnc3c(N)ncnc32)C(O)C1OP(=O)(O)O)C(=O)O
Inter_0000000806,"InChI=1S/C15H18O7/c16-8-10-12(18)13(19)14(20)15(21-10)22-11(17)7-6-9-4-2-1-3-5-9/h1-7,10,12-16,18-20H,8H2/t10-,12-,13+,14-,15+/m1/s1",O=C(C=Cc1ccccc1)O[C@@H]1O[C@H](CO)[C@@H](O)[C@H](O)[C@H]1O
Inter_0000000807,"InChI=1S/C20H34O7/c1-9-7-20(8-26-20)18(24)12(4)16(22)10(2)14(6)27-19(25)13(5)17(23)11(3)15(9)21/h9-17,21-23H,7-8H2,1-6H3",CC1CC2(CO2)C(=O)C(C)C(O)C(C)C(C)OC(=O)C(C)C(O)C(C)C1O
Inter_0000000808,"InChI=1S/C31H34O10/c1-13-19(32)8-9-23(40-13)41-22-10-21(39-14(2)27(22)34)16-6-7-18-26(28(16)35)30(37)17-5-4-15-11-31(3,38)12-20(33)24(15)25(17)29(18)36/h4-7,13-14,19,21-23,27,32,34-35,38H,8-12H2,1-3H3",CC1OC(OC2CC(c3ccc4c(c3O)C(=O)c3ccc5c(c3C4=O)C(=O)CC(C)(O)C5)OC(C)C2O)CCC1O
Inter_0000000809,"InChI=1S/C16H26N2O13P2/c1-8-6-18(16(22)17-15(8)21)13-5-11(20)12(29-13)7-27-32(23,24)31-33(25,26)30-14-4-3-10(19)9(2)28-14/h6,9-14,19-20H,3-5,7H2,1-2H3,(H,23,24)(H,25,26)(H,17,21,22)",Cc1cn(C2CC(O)C(COP(=O)(O)OP(=O)(O)OC3CCC(O)C(C)O3)O2)c(=O)nc1O
Inter_0000000810,"InChI=1S/C37H46O14/c1-16-22(38)7-9-27(48-16)50-25-13-24(47-18(3)31(25)41)19-5-6-20-29(32(19)42)33(43)21-11-12-36(46)15-35(4,45)14-26(40)37(36,30(21)34(20)44)51-28-10-8-23(39)17(2)49-28/h5-6,11-12,16-18,22-25,27-28,31,38-39,41-42,45-46H,7-10,13-15H2,1-4H3",CC1OC(OC2CC(c3ccc4c(c3O)C(=O)C3=C(C4=O)C4(OC5CCC(O)C(C)O5)C(=O)CC(C)(O)CC4(O)C=C3)OC(C)C2O)CCC1O
Inter_0000000811,"InChI=1S/C21H18O9/c1-7(22)13-17(26)18(30-2)11-5-9-3-8-4-10(23)6-12(24)14(8)16(25)15(9)20(28)21(11,29)19(13)27/h3-4,6,11,18,23-26,29H,5H2,1-2H3",COC1C(O)=C(C(C)=O)C(=O)C2(O)C(=O)c3c(cc4cc(O)cc(O)c4c3O)CC12
Inter_0000000812,"InChI=1S/C27H28O12/c1-9(28)18-23(34)24(37-3)14-6-12-4-11-5-13(29)7-15(30)19(11)22(33)20(12)26(36)27(14,25(18)35)39-17-8-16(31)21(32)10(2)38-17/h4-5,7,10,14,16-17,21,24,29-34H,6,8H2,1-3H3",COC1C(O)=C(C(C)=O)C(=O)C2(OC3CC(O)C(O)C(C)O3)C(=O)c3c(cc4cc(O)cc(O)c4c3O)CC12
Inter_0000000813,"InChI=1S/C30H35NO10/c1-6-30(38)12-19(41-20-11-17(31(3)4)25(33)13(2)40-20)22-15(24(30)29(37)39-5)10-16-23(28(22)36)27(35)21-14(26(16)34)8-7-9-18(21)32/h7-10,13,17,19-20,24-25,32-33,36,38H,6,11-12H2,1-5H3",CCC1(O)CC(OC2CC(N(C)C)C(O)C(C)O2)c2c(cc3c(c2O)C(=O)c2c(O)cccc2C3=O)C1C(=O)OC
Inter_0000000814,"InChI=1S/C19H18O6/c1-18(24)6-13(22)16-10-5-9-3-2-4-11(20)14(9)17(23)15(10)12(21)7-19(16,25)8-18/h2-5,16,20,23-25H,6-8H2,1H3",CC1(O)CC(=O)C2c3cc4cccc(O)c4c(O)c3C(=O)CC2(O)C1
Inter_0000000815,"InChI=1S/C41H52O18/c1-14-22(43)10-20-8-19-9-21-36(53-7)35(48)28(15(2)42)38(50)41(21,39(51)30(19)34(47)29(20)31(14)44)59-26-12-24(33(46)17(4)55-26)57-25-11-23(32(45)16(3)54-25)58-27-13-40(6,52)37(49)18(5)56-27/h8,10,16-18,21,23-27,32-33,36-37,43-49,52H,9,11-13H2,1-7H3",COC1C(O)=C(C(C)=O)C(=O)C2(OC3CC(OC4CC(OC5CC(C)(O)C(O)C(C)O5)C(O)C(C)O4)C(O)C(C)O3)C(=O)c3c(cc4cc(O)c(C)c(O)c4c3O)CC12
Inter_0000000816,"InChI=1S/C47H62O21/c1-16-26(65-29-12-25(49)37(51)18(3)61-29)11-23-9-22-10-24-42(60-8)41(55)33(17(2)48)44(57)47(24,45(58)35(22)40(54)34(23)36(16)50)68-31-14-28(39(53)20(5)63-31)66-30-13-27(38(52)19(4)62-30)67-32-15-46(7,59)43(56)21(6)64-32/h9,11,18-21,24-25,27-32,37-39,42-43,49-56,59H,10,12-15H2,1-8H3",COC1C(O)=C(C(C)=O)C(=O)C2(OC3CC(OC4CC(OC5CC(C)(O)C(O)C(C)O5)C(O)C(C)O4)C(O)C(C)O3)C(=O)c3c(cc4cc(OC5CC(O)C(O)C(C)O5)c(C)c(O)c4c3O)CC12
Inter_0000000817,"InChI=1S/C36H45NO13/c1-7-36(45)14-23(49-24-12-20(37(4)5)34(16(3)48-24)50-25-13-22(39)30(40)15(2)47-25)27-18(29(36)35(44)46-6)11-19-28(33(27)43)32(42)26-17(31(19)41)9-8-10-21(26)38/h8-11,15-16,20,22-25,29-30,34,38-40,43,45H,7,12-14H2,1-6H3",CCC1(O)CC(OC2CC(N(C)C)C(OC3CC(O)C(O)C(C)O3)C(C)O2)c2c(cc3c(c2O)C(=O)c2c(O)cccc2C3=O)C1C(=O)OC
Inter_0000000818,"InChI=1S/C15H22N2O16P2/c1-5-8(19)10(21)12(23)14(30-5)32-35(27,28)33-34(25,26)29-4-6-9(20)11(22)13(31-6)17-3-2-7(18)16-15(17)24/h2-3,5-6,9-14,20-23H,4H2,1H3,(H,25,26)(H,27,28)(H,16,18,24)",CC1OC(OP(=O)(O)OP(=O)(O)OCC2OC(n3ccc(O)nc3=O)C(O)C2O)C(O)C(O)C1=O
Inter_0000000819,"InChI=1S/C6H14O12P2/c7-1-4(18-20(14,15)16)6(10)5(9)3(8)2-17-19(11,12)13/h1,3-6,8-10H,2H2,(H2,11,12,13)(H2,14,15,16)/t3?,4-,5+,6+/m0/s1",O=C[C@H](OP(=O)(O)O)[C@@H](O)[C@H](O)C(O)COP(=O)(O)O
Inter_0000000820,"InChI=1S/C28H39N7O24P4/c1-11-2-15-16(3-12(11)5-34-6-13(30-10-34)4-14(29)26(42)43)35(24-20(31-15)25(41)33-28(44)32-24)7-17(36)21(38)18(37)8-54-61(48,49)59-62(50,51)55-9-19-22(39)23(40)27(56-19)57-63(52,53)58-60(45,46)47/h2-3,6,10,14,17-19,21-23,27,36-40H,4-5,7-9,29H2,1H3,(H7,33,41,42,43,44,45,46,47,48,49,50,51,52,53)/p+2",Cc1cc2nc3c(O)nc(=O)nc-3n(CC(O)C(O)C(O)COP(=O)(O)OP(=O)(O)OCC3OC(OP(=O)(O)OP(=O)(O)O)C(O)C3O)c2cc1C[n+]1c[nH]c(CC([NH3+])C(=O)O)c1
Inter_0000000821,"InChI=1S/C22H32N4O22P4/c1-8-3-10-11(4-9(8)2)26(19-15(23-10)20(32)25-22(33)24-19)5-12(27)16(29)13(28)6-43-50(37,38)48-51(39,40)44-7-14-17(30)18(31)21(45-14)46-52(41,42)47-49(34,35)36/h3-4,12-14,16-18,21,27-31H,5-7H2,1-2H3,(H,37,38)(H,39,40)(H,41,42)(H,25,32,33)(H2,34,35,36)",Cc1cc2nc3c(O)nc(=O)nc-3n(CC(O)C(O)C(O)COP(=O)(O)OP(=O)(O)OCC3OC(OP(=O)(O)OP(=O)(O)O)C(O)C3O)c2cc1C
Inter_0000000822,"InChI=1S/C12H20O10/c13-1-3-5(14)10(7(16)11(18)20-3)22-12-8(17)9-6(15)4(21-12)2-19-9/h3-18H,1-2H2/t3?,4-,5?,6+,7?,8-,9+,10?,11?,12?/m0/s1",OCC1OC(O)C(O)C(OC2O[C@H]3CO[C@H]([C@@H]3O)[C@@H]2O)C1O
Inter_0000000823,"InChI=1S/C24H38O19/c25-1-5-9(27)18(12(30)21(34)37-5)42-24-15(33)20-16(8(40-24)4-36-20)41-23-14(32)19(10(28)6(2-26)38-23)43-22-13(31)17-11(29)7(39-22)3-35-17/h5-34H,1-4H2/t5?,6?,7-,8?,9?,10?,11+,12?,13-,14?,15?,16?,17+,18?,19?,20?,21?,22?,23?,24?/m0/s1",OCC1OC(O)C(O)C(OC2OC3COC(C2O)C3OC2OC(CO)C(O)C(OC3O[C@H]4CO[C@H]([C@@H]4O)[C@@H]3O)C2O)C1O
Inter_0000000824,"InChI=1S/C36H56O28/c37-1-7-13(40)26(17(44)31(50)54-7)62-35-21(48)29-23(11(58-35)5-52-29)60-34-20(47)28(15(42)9(3-39)56-34)64-36-22(49)30-24(12(59-36)6-53-30)61-33-19(46)27(14(41)8(2-38)55-33)63-32-18(45)25-16(43)10(57-32)4-51-25/h7-50H,1-6H2/t7?,8?,9?,10-,11?,12?,13?,14?,15?,16+,17?,18-,19?,20?,21?,22?,23?,24?,25+,26?,27?,28?,29?,30?,31?,32?,33?,34?,35?,36?/m0/s1",OCC1OC(O)C(O)C(OC2OC3COC(C2O)C3OC2OC(CO)C(O)C(OC3OC4COC(C3O)C4OC3OC(CO)C(O)C(OC4O[C@H]5CO[C@H]([C@@H]5O)[C@@H]4O)C3O)C2O)C1O
Inter_0000000825,"InChI=1S/C30H42N7O18P3S/c1-30(2,25(42)28(43)33-9-8-20(39)32-10-11-59-21(40)12-18(38)17-6-4-3-5-7-17)14-52-58(49,50)55-57(47,48)51-13-19-24(54-56(44,45)46)23(41)29(53-19)37-16-36-22-26(31)34-15-35-27(22)37/h3-7,15-16,19,23-25,29,41-42H,8-14H2,1-2H3,(H,32,39)(H,33,43)(H,47,48)(H,49,50)(H2,31,34,35)(H2,44,45,46)",CC(C)(COP(=O)(O)OP(=O)(O)OCC1OC(n2cnc3c(N)ncnc32)C(O)C1OP(=O)(O)O)C(O)C(O)=NCCC(O)=NCCSC(=O)CC(=O)c1ccccc1
Inter_0000000826,"InChI=1S/C32H44N7O20P3S/c1-32(2,26(45)29(46)35-9-8-20(40)34-10-11-63-31(47)18(12-21(41)42)23(43)17-6-4-3-5-7-17)14-56-62(53,54)59-61(51,52)55-13-19-25(58-60(48,49)50)24(44)30(57-19)39-16-38-22-27(33)36-15-37-28(22)39/h3-7,15-16,18-19,24-26,30,44-45H,8-14H2,1-2H3,(H,34,40)(H,35,46)(H,41,42)(H,51,52)(H,53,54)(H2,33,36,37)(H2,48,49,50)",CC(C)(COP(=O)(O)OP(=O)(O)OCC1OC(n2cnc3c(N)ncnc32)C(O)C1OP(=O)(O)O)C(O)C(O)=NCCC(O)=NCCSC(=O)C(CC(=O)O)C(=O)c1ccccc1
Inter_0000000827,"InChI=1S/C37H38O20/c1-51-21-8-14(2-5-17(21)39)3-7-25(42)52-13-24-28(44)31(47)34(50)37(57-24)55-20-6-4-15(9-18(20)40)35-32(48)29(45)26-19(41)10-16(11-22(26)54-35)53-36-33(49)30(46)27(43)23(12-38)56-36/h2-11,23-24,27-28,30-31,33-34,36-41,43-44,46-50H,12-13H2,1H3/p+1",COc1cc(C=CC(=O)OCC2OC(Oc3ccc(-c4oc5cc(OC6OC(C[OH2+])C(O)C(O)C6O)cc(O)c5c(=O)c4O)cc3O)C(O)C(O)C2O)ccc1O
Inter_0000000828,"InChI=1S/C28H54NO9P/c29-26(22-30)27(32)20-18-16-14-12-10-8-6-4-2-1-3-5-7-9-11-13-15-17-19-21-28(33)37-23-25(31)24-38-39(34,35)36/h26,30H,1-24,29H2,(H2,34,35,36)",NC(CO)C(=O)CCCCCCCCCCCCCCCCCCCCCC(=O)OCC(=O)COP(=O)(O)O
Inter_0000000829,"InChI=1S/C20H28NO8P/c22-17(15-29-30(25,26)27)14-28-12-8-4-2-1-3-5-9-16-13-20(23)18-10-6-7-11-19(18)21(16)24/h6-7,10-11,13,23H,1-5,8-9,12,14-15H2,(H2,25,26,27)",O=C(COCCCCCCCCc1cc(O)c2ccccc2[n+]1[O-])COP(=O)(O)O
Inter_0000000830,"InChI=1S/C47H86O6/c1-4-7-10-13-15-17-19-21-23-25-27-29-31-34-37-40-46(49)52-43-44(42-51-45(48)39-36-33-12-9-6-3)53-47(50)41-38-35-32-30-28-26-24-22-20-18-16-14-11-8-5-2/h21-24,44H,4-20,25-43H2,1-3H3",CCCCCCCCC=CCCCCCCCC(=O)OCC(COC(=O)CCCCCCC)OC(=O)CCCCCCCC=CCCCCCCCC
Inter_0000000831,"InChI=1S/C25H43N8O17P3S/c1-13(26)8-16(35)54-7-6-28-15(34)4-5-29-23(38)20(37)25(2,3)10-47-53(44,45)50-52(42,43)46-9-14-19(49-51(39,40)41)18(36)24(48-14)33-12-32-17-21(27)30-11-31-22(17)33/h11-14,18-20,24,36-37H,4-10,26H2,1-3H3,(H,28,34)(H,29,38)(H,42,43)(H,44,45)(H2,27,30,31)(H2,39,40,41)/t13?,14-,18-,19-,20+,24-/m1/s1",CC(N)CC(=O)SCCN=C(O)CCN=C(O)[C@H](O)C(C)(C)COP(=O)(O)OP(=O)(O)OC[C@H]1O[C@@H](n2cnc3c(N)ncnc32)[C@H](O)[C@@H]1OP(=O)(O)O
Inter_0000000832,"InChI=1S/C26H45N8O17P3S/c1-26(2,21(38)24(39)29-7-6-16(35)28-8-9-55-17(36)10-34(3,4)5)12-48-54(45,46)51-53(43,44)47-11-15-20(50-52(40,41)42)19(37)25(49-15)33-14-32-18-22(27)30-13-31-23(18)33/h13-15,19-21,25,37-38H,6-12H2,1-5H3,(H7-,27,28,29,30,31,35,39,40,41,42,43,44,45,46)/p+1/t15-,19-,20-,21+,25-/m1/s1",CC(C)(COP(=O)(O)OP(=O)(O)OC[C@H]1O[C@@H](n2cnc3c(N)ncnc32)[C@H](O)[C@@H]1OP(=O)(O)O)[C@@H](O)C(O)=NCCC(O)=NCCSC(=O)C[N+](C)(C)C
Inter_0000000833,"InChI=1S/C15H26O14/c16-1-4-7(19)9(21)11(23)14(26-4)29-12-10(22)8(20)5(2-17)27-15(12)28-6(3-18)13(24)25/h4-12,14-23H,1-3H2,(H,24,25)",O=C(O)C(CO)OC1OC(CO)C(O)C(O)C1OC1OC(CO)C(O)C(O)C1O
Inter_0000000834,"InChI=1S/C18H34N2O13/c19-4-1-5(20)16(33-18-13(28)11(26)9(24)7(3-22)31-18)14(29)15(4)32-17-12(27)10(25)8(23)6(2-21)30-17/h4-18,21-29H,1-3,19-20H2",NC1CC(N)C(OC2OC(CO)C(O)C(O)C2O)C(O)C1OC1OC(CO)C(O)C(O)C1O
Inter_0000000835,"InChI=1S/C30H57NO9/c1-3-5-7-8-9-10-11-12-13-14-15-16-17-19-23(33)22(31-29(38)24(34)18-6-4-2)21-39-30-28(37)27(36)26(35)25(20-32)40-30/h17,19,22-28,30,32-37H,3-16,18,20-21H2,1-2H3,(H,31,38)",CCCCCCCCCCCCCC=CC(O)C(COC1OC(CO)C(O)C(O)C1O)N=C(O)C(O)CCCC
Inter_0000000836,"InChI=1S/C30H59NO9/c1-3-5-7-8-9-10-11-12-13-14-15-16-17-19-23(33)22(31-29(38)24(34)18-6-4-2)21-39-30-28(37)27(36)26(35)25(20-32)40-30/h22-28,30,32-37H,3-21H2,1-2H3,(H,31,38)",CCCCCCCCCCCCCCCC(O)C(COC1OC(CO)C(O)C(O)C1O)N=C(O)C(O)CCCC
Inter_0000000837,"InChI=1S/C24H49NO7/c1-2-3-4-5-6-7-8-9-10-11-12-13-14-15-19(27)18(25)17-31-24-23(30)22(29)21(28)20(16-26)32-24/h18-24,26-30H,2-17,25H2,1H3",CCCCCCCCCCCCCCCC(O)C(N)COC1OC(CO)C(O)C(O)C1O
Inter_0000000838,"InChI=1S/C45H82O10/c1-3-5-7-9-11-13-15-17-19-21-23-25-27-29-31-33-40(47)52-36-38(37-53-45-44(51)43(50)42(49)39(35-46)55-45)54-41(48)34-32-30-28-26-24-22-20-18-16-14-12-10-8-6-4-2/h17-20,38-39,42-46,49-51H,3-16,21-37H2,1-2H3",CCCCCCCCC=CCCCCCCCC(=O)OCC(COC1OC(CO)C(O)C(O)C1O)OC(=O)CCCCCCCC=CCCCCCCCC
Inter_0000000839,"InChI=1S/C45H78O10/c1-3-5-7-9-11-13-15-17-19-21-23-25-27-29-31-33-40(47)52-36-38(37-53-45-44(51)43(50)42(49)39(35-46)55-45)54-41(48)34-32-30-28-26-24-22-20-18-16-14-12-10-8-6-4-2/h11-14,17-20,38-39,42-46,49-51H,3-10,15-16,21-37H2,1-2H3",CCCCCC=CCC=CCCCCCCCC(=O)OCC(COC1OC(CO)C(O)C(O)C1O)OC(=O)CCCCCCCC=CCC=CCCCCC
Inter_0000000840,"InChI=1S/C12H15NO7/c14-5-7-8(15)9(16)10(17)11(20-7)13-3-1-2-6(4-13)12(18)19/h1-4,7-11,14-17H,5H2/p+1",O=C(O)c1ccc[n+](C2OC(CO)C(O)C(O)C2O)c1
Inter_0000000841,"InChI=1S/C14H17NO6/c15-6-9(8-4-2-1-3-5-8)20-14-13(19)12(18)11(17)10(7-16)21-14/h1-5,9-14,16-19H,7H2",N#CC(OC1OC(CO)C(O)C(O)C1O)c1ccccc1
Inter_0000000842,"InChI=1S/C21H30O9/c1-11(5-6-21(28)12(2)8-13(23)9-20(21,3)4)7-15(24)30-19-18(27)17(26)16(25)14(10-22)29-19/h5-8,14,16-19,22,25-28H,9-10H2,1-4H3",CC(C=CC1(O)C(C)=CC(=O)CC1(C)C)=CC(=O)OC1OC(CO)C(O)C(O)C1O
Inter_0000000843,"InChI=1S/C34H54N6O19/c1-13(29(49)39-18(8-9-23(45)46)31(51)40-19(33(54)55)7-5-6-17(35)32(52)53)36-30(50)14(2)57-27-20(37-15(3)43)12-56-22(11-42)28(27)59-34-24(38-16(4)44)26(48)25(47)21(10-41)58-34/h12-14,17-19,21-22,24-28,34,41-42,47-48H,5-11,35H2,1-4H3,(H,36,50)(H,37,43)(H,38,44)(H,39,49)(H,40,51)(H,45,46)(H,52,53)(H,54,55)/t13?,14?,17?,18?,19?,21-,22?,24-,25+,26-,27?,28?,34?/m1/s1",CC(O)=NC1=COC(CO)C(OC2O[C@H](CO)[C@H](O)[C@H](O)[C@H]2N=C(C)O)C1OC(C)C(O)=NC(C)C(O)=NC(CCC(=O)O)C(O)=NC(CCCC(N)C(=O)O)C(=O)O
Inter_0000000844,"InChI=1S/C34H54N6O19/c1-12(28(48)39-17(8-9-21(44)45)30(50)40-18(32(53)54)7-5-6-16(35)31(51)52)36-29(49)13(2)56-27-23(38-15(4)43)33-55-11-20(58-33)26(27)59-34-22(37-14(3)42)25(47)24(46)19(10-41)57-34/h12-13,16-20,22-27,33-34,41,46-47H,5-11,35H2,1-4H3,(H,36,49)(H,37,42)(H,38,43)(H,39,48)(H,40,50)(H,44,45)(H,51,52)(H,53,54)/t12?,13?,16?,17?,18?,19-,20?,22-,23?,24+,25-,26?,27?,33?,34?/m1/s1",CC(O)=NC1C2OCC(O2)C(OC2O[C@H](CO)[C@H](O)[C@H](O)[C@H]2N=C(C)O)C1OC(C)C(O)=NC(C)C(O)=NC(CCC(=O)O)C(O)=NC(CCCC(N)C(=O)O)C(=O)O
Inter_0000000845,"InChI=1S/C30H47N5O10P2/c1-18(10-13-30(5)19(2)8-9-20-21(30)7-6-12-29(20,3)4)11-14-34-16-33-27-23(26(34)31)32-17-35(27)28-25(37)24(36)22(44-28)15-43-47(41,42)45-46(38,39)40/h9,11,16-17,19,21-22,24-25,28,31,36-37H,6-8,10,12-15H2,1-5H3,(H,41,42)(H2,38,39,40)/t19?,21?,22-,24-,25-,28-,30?/m1/s1",CC(=CCn1cnc2c(ncn2[C@@H]2O[C@H](COP(=O)(O)OP(=O)(O)O)[C@@H](O)[C@H]2O)c1=N)CCC1(C)C(C)CC=C2C1CCCC2(C)C
Inter_0000000846,"InChI=1S/C16H26N6O12P2/c1-6-11(23)7(17)2-9(31-6)33-36(28,29)34-35(26,27)30-3-8-12(24)13(25)16(32-8)22-5-21-10-14(18)19-4-20-15(10)22/h4-9,11-13,16,23-25H,2-3,17H2,1H3,(H,26,27)(H,28,29)(H2,18,19,20)/t6?,7?,8-,9?,11?,12-,13-,16-/m1/s1",CC1OC(OP(=O)(O)OP(=O)(O)OC[C@H]2O[C@@H](n3cnc4c(N)ncnc43)[C@H](O)[C@@H]2O)CC(N)C1O
Inter_0000000847,"InChI=1S/C22H18O9/c1-3-22(30)7-10(24)12-13(16(22)21(29)31-2)20(28)14-15(19(12)27)18(26)11-8(17(14)25)5-4-6-9(11)23/h4-6,16,23,27-28,30H,3,7H2,1-2H3",CCC1(O)CC(=O)c2c(O)c3c(c(O)c2C1C(=O)OC)C(=O)c1cccc(O)c1C3=O
Inter_0000000848,"InChI=1S/C23H34NO7P/c25-20(18-31-32(27,28)29)17-30-15-11-7-5-3-1-2-4-6-8-12-19-16-23(26)21-13-9-10-14-22(21)24-19/h9-10,13-14,16H,1-8,11-12,15,17-18H2,(H,24,26)(H2,27,28,29)",O=C(COCCCCCCCCCCCc1cc(=O)c2ccccc2[nH]1)COP(=O)(O)O
Inter_0000000849,"InChI=1S/C44H86NO9P/c1-6-8-10-12-13-14-15-16-17-21-24-27-31-35-43(47)51-39-42(40-53-55(49,50)52-38-37-45(3,4)5)54-44(48)36-32-28-25-22-19-18-20-23-26-30-34-41(46)33-29-11-9-7-2/h26,30,41-42,46H,6-25,27-29,31-40H2,1-5H3/p+1",CCCCCCCCCCCCCCCC(=O)OCC(COP(=O)(O)OCC[N+](C)(C)C)OC(=O)CCCCCCCCCC=CCC(O)CCCCCC
Inter_0000000850,"InChI=1S/C19H20N2O/c1-2-11-9-21-17-8-14-12-5-3-4-6-16(12)20-19(14)18(21)7-13(11)15(17)10-22/h2-6,10,13,15,17-18,20H,7-9H2,1H3",CC=C1CN2C3CC1C(C=O)C2Cc1c3[nH]c2ccccc12
Inter_0000000851,"InChI=1S/C29H48N6O15/c1-12(31-25(41)14(3)50-23-19(33-15(4)37)11-49-20(10-36)22(23)39)24(40)35-18(29(47)48)8-9-21(38)34-17(7-5-6-16(30)28(45)46)26(42)32-13(2)27(43)44/h12-14,16-20,22-23,36,39H,5-11,30H2,1-4H3,(H,31,41)(H,32,42)(H,33,37)(H,34,38)(H,35,40)(H,43,44)(H,45,46)(H,47,48)/t12?,13?,14-,16?,17?,18?,19+,20-,22-,23-/m1/s1",CC(O)=N[C@H]1CO[C@H](CO)[C@@H](O)[C@@H]1O[C@H](C)C(O)=NC(C)C(O)=NC(CCC(O)=NC(CCCC(N)C(=O)O)C(O)=NC(C)C(=O)O)C(=O)O
Inter_0000000852,"InChI=1S/C29H41N7O14P2S/c1-29(2,24(41)27(42)32-9-8-19(37)31-10-11-53-20(38)12-17-6-4-3-5-7-17)14-48-52(45,46)50-51(43,44)47-13-18-22(39)23(40)28(49-18)36-16-35-21-25(30)33-15-34-26(21)36/h3-7,15-16,18,22-24,28,39-41H,8-14H2,1-2H3,(H,31,37)(H,32,42)(H,43,44)(H,45,46)(H2,30,33,34)/t18-,22-,23-,24+,28-/m1/s1",CC(C)(COP(=O)(O)OP(=O)(O)OC[C@H]1O[C@@H](n2cnc3c(N)ncnc32)[C@H](O)[C@@H]1O)[C@@H](O)C(O)=NCCC(O)=NCCSC(=O)Cc1ccccc1
Inter_0000000853,"InChI=1S/C8H16N2O4S/c1-15-3-2-6(8(13)14)10-7(12)5(9)4-11/h5-6,11H,2-4,9H2,1H3,(H,10,12)(H,13,14)",CSCCC(N=C(O)C(N)CO)C(=O)O
Inter_0000000854,"InChI=1S/C9H18N2O4S/c1-5(12)7(10)8(13)11-6(9(14)15)3-4-16-2/h5-7,12H,3-4,10H2,1-2H3,(H,11,13)(H,14,15)",CSCCC(N=C(O)C(N)C(C)O)C(=O)O
Inter_0000000855,"InChI=1S/C20H42O7P2/c1-17(2)9-6-10-18(3)11-7-12-19(4)13-8-14-20(5)15-16-26-29(24,25)27-28(21,22)23/h15,17-19H,6-14,16H2,1-5H3,(H,24,25)(H2,21,22,23)/p+2",CC(=CCOP(=O)(O)OP(=O)([OH2+])[OH2+])CCCC(C)CCCC(C)CCCC(C)C
Inter_0000000856,"InChI=1S/C28H39N7O14P2S/c1-28(2,22(39)25(40)31-9-8-18(36)30-10-11-52-27(41)16-6-4-3-5-7-16)13-47-51(44,45)49-50(42,43)46-12-17-20(37)21(38)26(48-17)35-15-34-19-23(29)32-14-33-24(19)35/h3-7,14-15,17,20-22,26,37-39H,8-13H2,1-2H3,(H,30,36)(H,31,40)(H,42,43)(H,44,45)(H2,29,32,33)/t17-,20-,21-,22+,26-/m1/s1",CC(C)(COP(=O)(O)OP(=O)(O)OC[C@H]1O[C@@H](n2cnc3c(N)ncnc32)[C@H](O)[C@@H]1O)[C@@H](O)C(O)=NCCC(O)=NCCSC(=O)c1ccccc1
Inter_0000000857,"InChI=1S/C16H19NO7/c18-7-11-13(20)14(21)15(22)16(23-11)24-12(19)5-8-6-17-10-4-2-1-3-9(8)10/h1-4,6,11,13-18,20-22H,5,7H2/t11-,13-,14+,15-,16+/m1/s1",O=C(Cc1c[nH]c2ccccc12)O[C@@H]1O[C@H](CO)[C@@H](O)[C@H](O)[C@H]1O
Inter_0000000858,"InChI=1S/C14H14O9/c1-21-8-5-7(6-9(22-2)11(8)16)3-4-10(15)23-12(13(17)18)14(19)20/h3-6,12,16H,1-2H3,(H,17,18)(H,19,20)",COc1cc(C=CC(=O)OC(C(=O)O)C(=O)O)cc(OC)c1O
Inter_0000000859,"InChI=1S/C29H39N3O8/c1-37-22-16-20(17-23(38-2)28(22)35)8-10-26(33)31-14-6-5-12-30-13-7-15-32-27(34)11-9-21-18-24(39-3)29(36)25(19-21)40-4/h8-11,16-19,30,35-36H,5-7,12-15H2,1-4H3,(H,31,33)(H,32,34)",COc1cc(C=CC(O)=NCCCCNCCCN=C(O)C=Cc2cc(OC)c(O)c(OC)c2)cc(OC)c1O
Inter_0000000860,"InChI=1S/C27H30O15/c28-8-17-19(32)21(34)23(36)26(41-17)39-15-6-12(31)5-14-13(15)7-16(25(38-14)10-1-3-11(30)4-2-10)40-27-24(37)22(35)20(33)18(9-29)42-27/h1-7,17-24,26-29,32-37H,8-9H2,(H-,30,31)/p+1",OCC1OC(Oc2cc3c(OC4OC(CO)C(O)C(O)C4O)cc(O)cc3[o+]c2-c2ccc(O)cc2)C(O)C(O)C1O
Inter_0000000861,"InChI=1S/C39H67N7O14P2S/c1-4-5-6-7-8-9-10-11-12-13-14-15-16-17-18-19-30(48)63-23-22-41-29(47)20-21-42-37(52)34(51)39(2,3)25-58-62(55,56)60-61(53,54)57-24-28-32(49)33(50)38(59-28)46-27-45-31-35(40)43-26-44-36(31)46/h11-12,26-28,32-34,38,49-51H,4-10,13-25H2,1-3H3,(H,41,47)(H,42,52)(H,53,54)(H,55,56)(H2,40,43,44)/b12-11-/t28-,32-,33-,34+,38-/m1/s1",CCCCCCCC/C=C\CCCCCCCC(=O)SCCN=C(O)CCN=C(O)[C@H](O)C(C)(C)COP(=O)(O)OP(=O)(O)OC[C@H]1O[C@@H](n2cnc3c(N)ncnc32)[C@H](O)[C@@H]1O
Inter_0000000862,"InChI=1S/C18H26N2O6S/c1-18(2,11-21)15(24)16(25)20-8-7-14(23)19-9-10-27-17(26)12-3-5-13(22)6-4-12/h3-6,15,21-22,24H,7-11H2,1-2H3,(H,19,23)(H,20,25)/p+1/t15-/m0/s1",CC(C)(CO)[C@@H](O)C(O)=NCCC(O)=[NH+]CCSC(=O)c1ccc(O)cc1
Inter_0000000863,"InChI=1S/C26H42N7O19P3S/c1-26(2,21(39)24(40)29-7-6-15(34)28-8-9-56-17(37)5-3-4-16(35)36)11-49-55(46,47)52-54(44,45)48-10-14-20(51-53(41,42)43)19(38)25(50-14)33-13-32-18-22(27)30-12-31-23(18)33/h12-14,19-21,25,38-39H,3-11H2,1-2H3,(H,28,34)(H,29,40)(H,35,36)(H,44,45)(H,46,47)(H2,27,30,31)(H2,41,42,43)",CC(C)(COP(=O)(O)OP(=O)(O)OCC1OC(n2cnc3c(N)ncnc32)C(O)C1OP(=O)(O)O)C(O)C(O)=NCCC(O)=NCCSC(=O)CCCC(=O)O
Inter_0000000864,"InChI=1S/C28H44N7O18P3S/c1-28(2,22(39)25(40)31-8-7-18(37)30-9-10-57-27(41)15-5-3-4-6-16(15)36)12-50-56(47,48)53-55(45,46)49-11-17-20(38)21(52-54(42,43)44)26(51-17)35-14-34-19-23(29)32-13-33-24(19)35/h13-15,17,20-22,26,38-39H,3-12H2,1-2H3,(H,30,37)(H,31,40)(H,45,46)(H,47,48)(H2,29,32,33)(H2,42,43,44)",CC(C)(COP(=O)(O)OP(=O)(O)OCC1OC(n2cnc3c(N)ncnc32)C(OP(=O)(O)O)C1O)C(O)C(=O)NCCC(=O)NCCSC(=O)C1CCCCC1=O
Inter_0000000865,"InChI=1S/C32H55NO26/c1-7(37)33-13-18(42)26(10(4-36)53-28(13)50)58-32-25(49)27(17(41)9(3-35)55-32)59-31-24(48)21(45)16(40)12(57-31)6-52-30-23(47)20(44)15(39)11(56-30)5-51-29-22(46)19(43)14(38)8(2-34)54-29/h8-32,34-36,38-50H,2-6H2,1H3,(H,33,37)",CC(O)=NC1C(O)OC(CO)C(OC2OC(CO)C(O)C(OC3OC(COC4OC(COC5OC(CO)C(O)C(O)C5O)C(O)C(O)C4O)C(O)C(O)C3O)C2O)C1O
Inter_0000000866,"InChI=1S/C15H18O7/c16-8-10-12(18)13(19)14(20)15(21-10)22-11(17)7-6-9-4-2-1-3-5-9/h1-7,10,12-16,18-20H,8H2/t10-,12-,13+,14-,15-/m1/s1",O=C(C=Cc1ccccc1)O[C@H]1O[C@H](CO)[C@@H](O)[C@H](O)[C@H]1O
Inter_0000000867,"InChI=1S/C6H14O12P2/c7-1-4(18-20(14,15)16)6(10)5(9)3(8)2-17-19(11,12)13/h1,3-6,8-10H,2H2,(H2,11,12,13)(H2,14,15,16)/t3-,4?,5-,6-/m1/s1",O=CC(OP(=O)(O)O)[C@@H](O)[C@H](O)[C@H](O)COP(=O)(O)O
Inter_0000000868,"InChI=1S/C23H42NO10P/c25-19(16-22(27)24-21-13-15-33-23(21)28)12-10-8-6-4-2-1-3-5-7-9-11-14-32-17-20(26)18-34-35(29,30)31/h19,21,25H,1-18H2,(H,24,27)(H2,29,30,31)",O=C(COCCCCCCCCCCCCCC(O)CC(O)=NC1CCOC1=O)COP(=O)(O)O
Inter_0000000869,"InChI=1S/C25H24O15/c1-36-13-3-2-9(4-11(13)26)24-22(34)20(32)18-12(27)5-10(6-14(18)39-24)38-25-23(35)21(33)19(31)15(40-25)8-37-17(30)7-16(28)29/h2-6,15,19,21,23,25-27,31,33-35H,7-8H2,1H3,(H,28,29)",COc1ccc(-c2oc3cc(OC4OC(COC(=O)CC(=O)O)C(O)C(O)C4O)cc(O)c3c(=O)c2O)cc1O
Inter_0000000870,"InChI=1S/C19H31N6O17P3/c1-19(2,14(29)17(30)21-4-3-10(26)27)6-39-45(36,37)42-44(34,35)38-5-9-13(41-43(31,32)33)12(28)18(40-9)25-8-24-11-15(20)22-7-23-16(11)25/h7-9,12-14,18,28-29H,3-6H2,1-2H3,(H,21,30)(H,26,27)(H,34,35)(H,36,37)(H2,20,22,23)(H2,31,32,33)",CC(C)(COP(=O)(O)OP(=O)(O)OCC1OC(n2cnc3c(N)ncnc32)C(O)C1OP(=O)(O)O)C(O)C(O)=NCCC(=O)O
Inter_0000000871,"InChI=1S/C15H24N2O16P2/c18-4-7-11(21)12(22)13(23)14(31-7)32-35(27,28)33-34(25,26)29-5-8-6(19)3-10(30-8)17-2-1-9(20)16-15(17)24/h1-2,6-8,10-14,18-19,21-23H,3-5H2,(H,25,26)(H,27,28)(H,16,20,24)",O=c1nc(O)ccn1C1CC(O)C(COP(=O)(O)OP(=O)(O)OC2OC(CO)C(O)C(O)C2O)O1
Inter_0000000872,"InChI=1S/C29H41N7O15P2S/c1-29(2,24(42)27(43)32-7-6-19(38)31-8-9-54-20(39)11-16-4-3-5-17(37)10-16)13-49-53(46,47)51-52(44,45)48-12-18-22(40)23(41)28(50-18)36-15-35-21-25(30)33-14-34-26(21)36/h3-5,10,14-15,18,22-24,28,37,40-42H,6-9,11-13H2,1-2H3,(H,31,38)(H,32,43)(H,44,45)(H,46,47)(H2,30,33,34)",CC(C)(COP(=O)(O)OP(=O)(O)OCC1OC(n2cnc3c(N)ncnc32)C(O)C1O)C(O)C(O)=NCCC(O)=NCCSC(=O)Cc1cccc(O)c1
Inter_0000000873,"InChI=1S/C21H20O10/c22-7-15-18(26)19(27)20(28)21(31-15)30-11-5-13(24)16-14(6-11)29-8-12(17(16)25)9-1-3-10(23)4-2-9/h1-6,8,15,18-24,26-28H,7H2",O=c1c(-c2ccc(O)cc2)coc2cc(OC3OC(CO)C(O)C(O)C3O)cc(O)c12
Inter_0000000874,"InChI=1S/C21H22O10/c22-8-16-18(26)19(27)20(28)21(31-16)29-11-5-12(24)17-13(25)7-14(30-15(17)6-11)9-1-3-10(23)4-2-9/h1-6,14,16,18-24,26-28H,7-8H2/t14?,16-,18-,19+,20-,21?/m1/s1",O=C1CC(c2ccc(O)cc2)Oc2cc(OC3O[C@H](CO)[C@@H](O)[C@H](O)[C@H]3O)cc(O)c21
Inter_0000000875,"InChI=1S/C5H10O4/c6-2-1-4(8)5(9)3-7/h2,4-5,7-9H,1,3H2",O=CCC(O)C(O)CO
Inter_0000000876,"InChI=1S/C17H22O10/c1-24-9-5-8(6-10(25-2)13(9)20)3-4-12(19)27-17-16(23)15(22)14(21)11(7-18)26-17/h3-6,11,14-18,20-23H,7H2,1-2H3/t11-,14-,15+,16-,17-/m1/s1",COc1cc(C=CC(=O)O[C@H]2O[C@H](CO)[C@@H](O)[C@H](O)[C@H]2O)cc(OC)c1O
Inter_0000000877,"InChI=1S/C6H14O12P2/c7-1-4(18-20(14,15)16)6(10)5(9)3(8)2-17-19(11,12)13/h1,3-6,8-10H,2H2,(H2,11,12,13)(H2,14,15,16)/t3?,4-,5-,6-/m1/s1",O=C[C@@H](OP(=O)(O)O)[C@@H](O)[C@H](O)C(O)COP(=O)(O)O
Inter_0000000878,"InChI=1S/C11H14N5O5P/c12-11-14-9-8(10(17)15-11)13-5-16(9)7-2-1-6(3-7)4-21-22(18,19)20/h1-2,5-7H,3-4H2,(H2,18,19,20)(H3,12,14,15,17)",N=c1nc(O)c2ncn(C3C=CC(COP(=O)(O)O)C3)c2[nH]1
Inter_0000000879,"InChI=1S/C42H82NO8P/c1-6-8-10-12-14-16-18-20-21-23-25-27-29-31-33-35-42(45)51-40(39-50-52(46,47)49-37-36-43(3,4)5)38-48-41(44)34-32-30-28-26-24-22-19-17-15-13-11-9-7-2/h20-21,40H,6-19,22-39H2,1-5H3/p+1/b21-20-",CCCCCCCC/C=C\CCCCCCCC(=O)OC(COC(=O)CCCCCCCCCCCCCCC)COP(=O)(O)OCC[N+](C)(C)C
Inter_0000000880,"InChI=1S/C31H43N7O16P2S/c1-31(2,26(44)29(45)34-9-8-21(40)33-10-11-57-22(41)7-5-17-4-6-18(39)19(12-17)50-3)14-52-56(48,49)54-55(46,47)51-13-20-24(42)25(43)30(53-20)38-16-37-23-27(32)35-15-36-28(23)38/h4-7,12,15-16,20,24-26,30,39,42-44H,8-11,13-14H2,1-3H3,(H,33,40)(H,34,45)(H,46,47)(H,48,49)(H2,32,35,36)/b7-5+/t20-,24-,25-,26+,30-/m1/s1",COc1cc(/C=C/C(=O)SCCN=C(O)CCN=C(O)[C@H](O)C(C)(C)COP(=O)(O)OP(=O)(O)OC[C@H]2O[C@@H](n3cnc4c(N)ncnc43)[C@H](O)[C@@H]2O)ccc1O
Inter_0000000881,"InChI=1S/C7H6O2/c8-5-6-3-1-2-4-7(6)9/h1-5,9H",O=Cc1ccccc1O
Inter_0000000882,"InChI=1S/C17H22O10/c1-24-9-5-8(6-10(25-2)13(9)20)3-4-12(19)27-17-16(23)15(22)14(21)11(7-18)26-17/h3-6,11,14-18,20-23H,7H2,1-2H3/t11-,14-,15+,16-,17+/m1/s1",COc1cc(C=CC(=O)O[C@@H]2O[C@H](CO)[C@@H](O)[C@H](O)[C@H]2O)cc(OC)c1O
Inter_0000000883,"InChI=1S/C23H37N7O14P2S/c1-12(31)47-7-6-25-14(32)4-5-26-21(36)18(35)23(2,3)9-42-46(39,40)44-45(37,38)41-8-13-16(33)17(34)22(43-13)30-11-29-15-19(24)27-10-28-20(15)30/h10-11,13,16-18,22,33-35H,4-9H2,1-3H3,(H,25,32)(H,26,36)(H,37,38)(H,39,40)(H2,24,27,28)",CC(=O)SCCN=C(O)CCN=C(O)C(O)C(C)(C)COP(=O)(O)OP(=O)(O)OCC1OC(n2cnc3c(N)ncnc32)C(O)C1O
Inter_0000000884,"InChI=1S/C6H13NO5/c7-1-2(8)4(10)6(12)5(11)3(1)9/h1-6,8-12H,7H2/t1?,2?,3?,4-,5?,6+/m1/s1",NC1C(O)C(O)[C@@H](O)[C@H](O)C1O
Inter_0000000885,"InChI=1S/C25H46NO9P/c27-22(21-35-36(30,31)32)20-33-18-15-13-11-9-7-5-3-1-2-4-6-8-10-12-14-16-24(28)26-23-17-19-34-25(23)29/h23H,1-21H2,(H,26,28)(H2,30,31,32)",O=C(COCCCCCCCCCCCCCCCCCC(O)=NC1CCOC1=O)COP(=O)(O)O
Inter_0000000886,"InChI=1S/C16H19NO7/c18-7-11-13(20)14(21)15(22)16(23-11)24-12(19)5-8-6-17-10-4-2-1-3-9(8)10/h1-4,6,11,13-18,20-22H,5,7H2/t11-,13+,14+,15?,16?/m1/s1",O=C(Cc1c[nH]c2ccccc12)OC1O[C@H](CO)[C@H](O)[C@H](O)C1O
Inter_0000000887,"InChI=1S/C6H14O12P2/c7-1-4(18-20(14,15)16)6(10)5(9)3(8)2-17-19(11,12)13/h1,3-6,8-10H,2H2,(H2,11,12,13)(H2,14,15,16)/t3-,4-,5+,6+/m0/s1",O=C[C@H](OP(=O)(O)O)[C@@H](O)[C@H](O)[C@@H](O)COP(=O)(O)O
Inter_0000000888,"InChI=1S/C24H24O14/c25-11-2-1-9(3-12(11)26)15-6-14(28)20-13(27)4-10(5-16(20)37-15)36-24-23(34)22(33)21(32)17(38-24)8-35-19(31)7-18(29)30/h1-5,15,17,21-27,32-34H,6-8H2,(H,29,30)",O=C(O)CC(=O)OCC1OC(Oc2cc(O)c3c(c2)OC(c2ccc(O)c(O)c2)CC3=O)C(O)C(O)C1O
Inter_0000000889,"InChI=1S/C21H38NO10P/c23-17(14-20(25)22-19-11-13-31-21(19)26)10-8-6-4-2-1-3-5-7-9-12-30-15-18(24)16-32-33(27,28)29/h17,19,23H,1-16H2,(H,22,25)(H2,27,28,29)/t17?,19-/m0/s1",O=C(COCCCCCCCCCCCC(O)CC(O)=N[C@H]1CCOC1=O)COP(=O)(O)O
Inter_0000000890,"InChI=1S/C25H44NO9P/c27-22(21-35-36(30,31)32)20-33-18-15-13-11-9-7-5-3-1-2-4-6-8-10-12-14-16-24(28)26-23-17-19-34-25(23)29/h14,16,23H,1-13,15,17-21H2,(H,26,28)(H2,30,31,32)/b16-14+/t23-/m0/s1",O=C(COCCCCCCCCCCCCCCC/C=C/C(O)=N[C@H]1CCOC1=O)COP(=O)(O)O
Inter_0000000891,"InChI=1S/C7H15O10P/c8-1-3(9)5(11)7(13)6(12)4(10)2-17-18(14,15)16/h4-8,10-13H,1-2H2,(H2,14,15,16)/t4?,5?,6?,7-/m1/s1",O=C(CO)C(O)[C@@H](O)C(O)C(O)COP(=O)(O)O
Inter_0000000892,"InChI=1S/C18H32O16/c19-1-4-7(20)11(24)14(27)17(33-4)31-3-6-9(22)12(25)15(28)18(34-6)30-2-5-8(21)10(23)13(26)16(29)32-5/h4-29H,1-3H2",OCC1OC(OCC2OC(OCC3OC(O)C(O)C(O)C3O)C(O)C(O)C2O)C(O)C(O)C1O
Inter_0000000893,"InChI=1S/C29H41N7O16P2S/c1-29(2,24(43)27(44)32-6-5-19(39)31-7-8-55-20(40)10-15-3-4-16(37)17(38)9-15)12-50-54(47,48)52-53(45,46)49-11-18-22(41)23(42)28(51-18)36-14-35-21-25(30)33-13-34-26(21)36/h3-4,9,13-14,18,22-24,28,37-38,41-43H,5-8,10-12H2,1-2H3,(H,31,39)(H,32,44)(H,45,46)(H,47,48)(H2,30,33,34)",CC(C)(COP(=O)(O)OP(=O)(O)OCC1OC(n2cnc3c(N)ncnc32)C(O)C1O)C(O)C(O)=NCCC(O)=NCCSC(=O)Cc1ccc(O)c(O)c1
Inter_0000000894,"InChI=1S/C30H47N5O10P2/c1-18(10-13-30(5)19(2)8-9-20-21(30)7-6-12-29(20,3)4)11-14-34-16-33-27-23(26(34)31)32-17-35(27)28-25(37)24(36)22(44-28)15-43-47(41,42)45-46(38,39)40/h9,11,16-17,19,21-22,24-25,28,31,36-37H,6-8,10,12-15H2,1-5H3,(H,41,42)(H2,38,39,40)/p+1",CC(=CCn1cnc2c(ncn2C2OC(COP(=O)(O)OP(=O)(O)O)C(O)C2O)c1=[NH2+])CCC1(C)C(C)CC=C2C1CCCC2(C)C
Inter_0000000895,"InChI=1S/C21H20O11/c22-7-16-17(27)18(28)19(29)21(32-16)31-15-6-10-12(25)4-9(23)5-14(10)30-20(15)8-1-2-11(24)13(26)3-8/h1-6,16-19,21-22,27-29H,7H2,(H3-,23,24,25,26)/p+1",OCC1OC(Oc2cc3c(O)cc(O)cc3[o+]c2-c2ccc(O)c(O)c2)C(O)C(O)C1O
Inter_0000000896,"InChI=1S/C28H32O14/c1-36-16-9-14(10-17(37-2)23(16)32)5-7-21(30)41-27-26(35)25(34)20(13-29)40-28(27)42-22(31)8-6-15-11-18(38-3)24(33)19(12-15)39-4/h5-12,20,25-29,32-35H,13H2,1-4H3",COc1cc(C=CC(=O)OC2OC(CO)C(O)C(O)C2OC(=O)C=Cc2cc(OC)c(O)c(OC)c2)cc(OC)c1O
Inter_0000000897,"InChI=1S/C19H31N6O17P3/c1-19(2,14(29)17(30)21-4-3-10(26)27)6-39-45(36,37)42-44(34,35)38-5-9-13(41-43(31,32)33)12(28)18(40-9)25-8-24-11-15(20)22-7-23-16(11)25/h7-9,12-14,18,28-29H,3-6H2,1-2H3,(H,21,30)(H,26,27)(H,34,35)(H,36,37)(H2,20,22,23)(H2,31,32,33)/t9-,12-,13-,14+,18-/m1/s1",CC(C)(COP(=O)(O)OP(=O)(O)OC[C@H]1O[C@@H](n2cnc3c(N)ncnc32)[C@H](O)[C@@H]1OP(=O)(O)O)[C@@H](O)C(O)=NCCC(=O)O
Inter_0000000898,"InChI=1S/C15H28O13/c16-1-5(18)3-25-14-13(24)11(22)9(20)7(28-14)4-26-15-12(23)10(21)8(19)6(2-17)27-15/h5-24H,1-4H2",OCC(O)COC1OC(COC2OC(CO)C(O)C(O)C2O)C(O)C(O)C1O
Inter_0000000899,"InChI=1S/C16H19NO7/c18-7-11-13(20)14(21)15(22)16(23-11)24-12(19)5-8-6-17-10-4-2-1-3-9(8)10/h1-4,6,11,13-18,20-22H,5,7H2/t11-,13-,14+,15-,16-/m1/s1",O=C(Cc1c[nH]c2ccccc12)O[C@H]1O[C@H](CO)[C@@H](O)[C@H](O)[C@H]1O
Inter_0000000900,"InChI=1S/C18H27N2O9PS/c1-18(2,11-29-30(26,27)28)15(23)16(24)20-8-7-14(22)19-9-10-31-17(25)12-3-5-13(21)6-4-12/h3-6,15,21,23H,7-11H2,1-2H3,(H,19,22)(H,20,24)(H2,26,27,28)/p+1",CC(C)(COP(=O)(O)O)C(O)C(O)=NCCC(O)=[NH+]CCSC(=O)c1ccc(O)cc1
Inter_0000000901,"InChI=1S/C31H51N7O15P2S/c1-4-5-6-7-8-9-19(39)14-22(41)56-13-12-33-21(40)10-11-34-29(45)26(44)31(2,3)16-51-55(48,49)53-54(46,47)50-15-20-24(42)25(43)30(52-20)38-18-37-23-27(32)35-17-36-28(23)38/h17-18,20,24-26,30,42-44H,4-16H2,1-3H3,(H,33,40)(H,34,45)(H,46,47)(H,48,49)(H2,32,35,36)",CCCCCCCC(=O)CC(=O)SCCN=C(O)CCN=C(O)C(O)C(C)(C)COP(=O)(O)OP(=O)(O)OCC1OC(n2cnc3c(N)ncnc32)C(O)C1O
Inter_0000000902,"InChI=1S/C39H73N2O11P/c1-5-6-7-8-9-10-11-12-13-14-17-20-23-26-37(43)49-32-34(33-51-53(46,47)50-31-29-41(2,3)4)52-38(44)27-24-21-18-15-16-19-22-25-36(42)40-35-28-30-48-39(35)45/h34-35H,5-33H2,1-4H3,(H-,40,42,46,47)/p+1",CCCCCCCCCCCCCCCC(=O)OCC(COP(=O)(O)OCC[N+](C)(C)C)OC(=O)CCCCCCCCCC(O)=NC1CCOC1=O
Inter_0000000903,"InChI=1S/C7H13NO3/c1-8(2,3)5-6(9)4-7(10)11/h4-5H2,1-3H3/p+1",C[N+](C)(C)CC(=O)CC(=O)O
Inter_0000000904,"InChI=1S/C44H82O13/c1-3-5-7-9-11-13-15-17-19-21-23-25-27-29-33(46)32(28-26-24-22-20-18-16-14-12-10-8-6-4-2)42(53)54-31-35-37(48)39(50)41(52)44(56-35)57-43-40(51)38(49)36(47)34(30-45)55-43/h13,15,32-41,43-52H,3-12,14,16-31H2,1-2H3/t32?,33?,34-,35-,36-,37-,38+,39+,40-,41-,43-,44-/m1/s1",CCCCCCC=CCCCCCCCC(O)C(CCCCCCCCCCCCCC)C(=O)OC[C@H]1O[C@H](O[C@H]2O[C@H](CO)[C@@H](O)[C@H](O)[C@H]2O)[C@H](O)[C@@H](O)[C@@H]1O
Inter_0000000905,"InChI=1S/C36H58N6O12P2/c1-20(11-14-36(6)21(2)9-10-23-24(36)8-7-13-35(23,4)5)12-15-41-18-40-33-28(32(41)38)39-19-42(33)34-31(45)30(44)26(52-34)17-50-55(46,47)54-56(48,49)53-27-16-25(37)29(43)22(3)51-27/h10,12,18-19,21-22,24-27,29-31,34,38,43-45H,7-9,11,13-17,37H2,1-6H3,(H,46,47)(H,48,49)",CC(=CCn1cnc2c(ncn2C2OC(COP(=O)(O)OP(=O)(O)OC3CC(N)C(O)C(C)O3)C(O)C2O)c1=N)CCC1(C)C(C)CC=C2C1CCCC2(C)C
Inter_0000000906,"InChI=1S/C29H42N7O18P3S/c1-29(2,24(41)27(42)32-7-6-19(38)31-8-9-58-20(39)11-16-4-3-5-17(37)10-16)13-51-57(48,49)54-56(46,47)50-12-18-22(40)23(53-55(43,44)45)28(52-18)36-15-35-21-25(30)33-14-34-26(21)36/h3-5,10,14-15,18,22-24,28,37,40-41H,6-9,11-13H2,1-2H3,(H,31,38)(H,32,42)(H,46,47)(H,48,49)(H2,30,33,34)(H2,43,44,45)",CC(C)(COP(=O)(O)OP(=O)(O)OCC1OC(n2cnc3c(N)ncnc32)C(OP(=O)(O)O)C1O)C(O)C(O)=NCCC(O)=NCCSC(=O)Cc1cccc(O)c1
Inter_0000000907,"InChI=1S/C43H75NO9/c1-24(10-11-28(47)35(49)29(48)23-52-38-34(44-25(2)46)37(51)36(50)30(22-45)53-38)26-14-19-40(5)27(26)15-20-42(7)32(40)12-13-33-41(6)18-9-17-39(3,4)31(41)16-21-43(33,42)8/h24,26-38,45,47-51H,9-23H2,1-8H3,(H,44,46)",CC(O)=NC1C(OCC(O)C(O)C(O)CCC(C)C2CCC3(C)C2CCC2(C)C3CCC3C4(C)CCCC(C)(C)C4CCC32C)OC(CO)C(O)C1O
Inter_0000000908,"InChI=1S/C45H62N6O12/c1-21-36-24(10-13-32(56)57)41(3,4)28(49-36)18-27-23(9-12-31(54)55)43(6,19-29(46)52)39(48-27)22(2)37-25(11-14-33(58)59)44(7,20-30(47)53)45(8,51-37)40-26(17-35(62)63)42(5,38(21)50-40)16-15-34(60)61/h18,23-26,40,51H,9-17,19-20H2,1-8H3,(H2,46,52)(H2,47,53)(H,54,55)(H,56,57)(H,58,59)(H,60,61)(H,62,63)",CC1=C2N=C(C=C3N=C(C(C)=C4NC(C)(C5N=C1C(C)(CCC(=O)O)C5CC(=O)O)C(C)(CC(=N)O)C4CCC(=O)O)C(C)(CC(=N)O)C3CCC(=O)O)C(C)(C)C2CCC(=O)O
Inter_0000000909,"InChI=1S/C45H60N4O14/c1-21-36-24(10-13-30(52)53)41(3,4)28(47-36)18-27-23(9-12-29(50)51)43(6,19-34(60)61)39(46-27)22(2)37-25(11-14-31(54)55)44(7,20-35(62)63)45(8,49-37)40-26(17-33(58)59)42(5,38(21)48-40)16-15-32(56)57/h18,23-26,40,49H,9-17,19-20H2,1-8H3,(H,50,51)(H,52,53)(H,54,55)(H,56,57)(H,58,59)(H,60,61)(H,62,63)",CC1=C2N=C(C=C3N=C(C(C)=C4NC(C)(C5N=C1C(C)(CCC(=O)O)C5CC(=O)O)C(C)(CC(=O)O)C4CCC(=O)O)C(C)(CC(=O)O)C3CCC(=O)O)C(C)(C)C2CCC(=O)O
Inter_0000000910,"InChI=1S/C45H61N5O13/c1-21-36-24(10-13-31(54)55)41(3,4)28(48-36)18-27-23(9-12-30(52)53)43(6,19-29(46)51)39(47-27)22(2)37-25(11-14-32(56)57)44(7,20-35(62)63)45(8,50-37)40-26(17-34(60)61)42(5,38(21)49-40)16-15-33(58)59/h18,23-26,40,50H,9-17,19-20H2,1-8H3,(H2,46,51)(H,52,53)(H,54,55)(H,56,57)(H,58,59)(H,60,61)(H,62,63)",CC1=C2N=C(C=C3N=C(C(C)=C4NC(C)(C5N=C1C(C)(CCC(=O)O)C5CC(=O)O)C(C)(CC(=O)O)C4CCC(=O)O)C(C)(CC(=N)O)C3CCC(=O)O)C(C)(C)C2CCC(=O)O
Inter_0000000911,"InChI=1S/C9H14N4O4/c10-6(3-14)8(15)13-7(9(16)17)1-5-2-11-4-12-5/h2,4,6-7,14H,1,3,10H2,(H,11,12)(H,13,15)(H,16,17)",NC(CO)C(O)=NC(Cc1cnc[nH]1)C(=O)O
Inter_0000000912,"InChI=1S/C23H34NO8P/c25-20(18-32-33(28,29)30)17-31-15-11-7-5-3-1-2-4-6-8-12-19-16-23(26)21-13-9-10-14-22(21)24(19)27/h9-10,13-14,16,26H,1-8,11-12,15,17-18H2,(H2,28,29,30)",O=C(COCCCCCCCCCCCc1cc(O)c2ccccc2[n+]1[O-])COP(=O)(O)O
Inter_0000000913,"InChI=1S/C25H44NO9P/c27-22(21-35-36(30,31)32)20-33-18-15-13-11-9-7-5-3-1-2-4-6-8-10-12-14-16-24(28)26-23-17-19-34-25(23)29/h1-2,23H,3-21H2,(H,26,28)(H2,30,31,32)/b2-1-/t23-/m0/s1",O=C(COCCCCCCCC/C=C\CCCCCCCC(O)=N[C@H]1CCOC1=O)COP(=O)(O)O
Inter_0000000914,"InChI=1S/C30H47N5O10P2/c1-18(10-13-30(5)19(2)8-9-20-21(30)7-6-12-29(20,3)4)11-14-34-16-33-27-23(26(34)31)32-17-35(27)28-25(37)24(36)22(44-28)15-43-47(41,42)45-46(38,39)40/h9,11,16-17,19,21-22,24-25,28,31,36-37H,6-8,10,12-15H2,1-5H3,(H,41,42)(H2,38,39,40)/t19?,21?,22?,24?,25-,28?,30?/m1/s1",CC(=CCn1cnc2c(ncn2C2OC(COP(=O)(O)OP(=O)(O)O)C(O)[C@H]2O)c1=N)CCC1(C)C(C)CC=C2C1CCCC2(C)C
Inter_0000000915,"InChI=1S/C15H28O13/c16-1-5(18)3-25-14-13(24)11(22)9(20)7(28-14)4-26-15-12(23)10(21)8(19)6(2-17)27-15/h5-24H,1-4H2/t5?,6?,7?,8?,9?,10?,11-,12?,13?,14?,15?/m0/s1",OCC(O)COC1OC(COC2OC(CO)C(O)C(O)C2O)C(O)[C@H](O)C1O
Inter_0000000916,"InChI=1S/C15H26N5O23P5/c16-12-7-13(18-4-19(12)14-10(23)8(21)5(39-14)1-37-46(31,32)41-44(25,26)27)20(3-17-7)15-11(24)9(22)6(40-15)2-38-47(33,34)43-48(35,36)42-45(28,29)30/h3-6,8-11,14-16,21-24H,1-2H2,(H,31,32)(H,33,34)(H,35,36)(H2,25,26,27)(H2,28,29,30)",N=c1c2ncn(C3OC(COP(=O)(O)OP(=O)(O)OP(=O)(O)O)C(O)C3O)c2ncn1C1OC(COP(=O)(O)OP(=O)(O)O)C(O)C1O
Inter_0000000917,"InChI=1S/C29H41N7O15P2S/c1-29(2,24(42)27(43)32-8-7-19(38)31-9-10-54-20(39)11-16-3-5-17(37)6-4-16)13-49-53(46,47)51-52(44,45)48-12-18-22(40)23(41)28(50-18)36-15-35-21-25(30)33-14-34-26(21)36/h3-6,14-15,18,22-24,28,37,40-42H,7-13H2,1-2H3,(H,31,38)(H,32,43)(H,44,45)(H,46,47)(H2,30,33,34)",CC(C)(COP(=O)(O)OP(=O)(O)OCC1OC(n2cnc3c(N)ncnc32)C(O)C1O)C(O)C(O)=NCCC(O)=NCCSC(=O)Cc1ccc(O)cc1
Inter_0000000918,"InChI=1S/C16H26N2O15P2/c1-16(2)13(23)11(21)12(22)14(31-16)32-35(27,28)33-34(25,26)29-6-8-7(19)5-10(30-8)18-4-3-9(20)17-15(18)24/h3-4,7-8,10-14,19,21-23H,5-6H2,1-2H3,(H,25,26)(H,27,28)(H,17,20,24)/t7?,8?,10?,11-,12+,13+,14-/m0/s1",CC1(C)O[C@@H](OP(=O)(O)OP(=O)(O)OCC2OC(n3ccc(O)nc3=O)CC2O)[C@H](O)[C@H](O)[C@H]1O
Inter_0000000919,"InChI=1S/C16H19NO7/c18-7-11-13(20)14(21)15(22)16(23-11)24-12(19)5-8-6-17-10-4-2-1-3-9(8)10/h1-4,6,11,13-18,20-22H,5,7H2/t11-,13+,14-,15?,16?/m0/s1",O=C(Cc1c[nH]c2ccccc12)OC1O[C@@H](CO)[C@@H](O)[C@H](O)C1O
Inter_0000000920,"InChI=1S/C21H20O12/c22-6-13-15(26)17(28)19(30)21(33-13)31-8-4-11(25)14-12(5-8)32-20(18(29)16(14)27)7-1-2-9(23)10(24)3-7/h1-5,13,15,17,19,21-26,28-30H,6H2",O=c1c(O)c(-c2ccc(O)c(O)c2)oc2cc(OC3OC(CO)C(O)C(O)C3O)cc(O)c12
Inter_0000000921,"InChI=1S/C12H23O14P/c13-1-3-6(15)10(9(18)11(19)24-3)26-12-8(17)7(16)5(14)4(25-12)2-23-27(20,21)22/h3-19H,1-2H2,(H2,20,21,22)/t3-,4-,5-,6-,7+,8-,9-,10+,11?,12+/m1/s1",O=P(O)(O)OC[C@H]1O[C@@H](O[C@H]2[C@H](O)[C@@H](CO)OC(O)[C@@H]2O)[C@H](O)[C@@H](O)[C@@H]1O
Inter_0000000922,"InChI=1S/C24H42O20/c1-5-9(26)20(19(36)21(37)40-5)44-24-18(35)15(32)12(29)8(43-24)4-39-23-17(34)14(31)11(28)7(42-23)3-38-22-16(33)13(30)10(27)6(2-25)41-22/h5-37H,2-4H2,1H3/t5-,6?,7?,8?,9+,10?,11?,12?,13?,14?,15?,16?,17?,18?,19?,20+,21?,22?,23?,24?/m0/s1",C[C@@H]1OC(O)C(O)[C@H](OC2OC(COC3OC(COC4OC(CO)C(O)C(O)C4O)C(O)C(O)C3O)C(O)C(O)C2O)[C@@H]1O
Inter_0000000923,"InChI=1S/C26H42N7O20P3S/c1-26(2,20(39)23(40)29-6-5-15(35)28-7-8-57-25(41)13(34)3-4-16(36)37)10-50-56(47,48)53-55(45,46)49-9-14-19(52-54(42,43)44)18(38)24(51-14)33-12-32-17-21(27)30-11-31-22(17)33/h11-14,18-20,24,34,38-39H,3-10H2,1-2H3,(H,28,35)(H,29,40)(H,36,37)(H,45,46)(H,47,48)(H2,27,30,31)(H2,42,43,44)",CC(C)(COP(=O)(O)OP(=O)(O)OCC1OC(n2cnc3c(N)ncnc32)C(O)C1OP(=O)(O)O)C(O)C(O)=NCCC(O)=NCCSC(=O)C(O)CCC(=O)O
Inter_0000000924,"InChI=1S/C11H22O16P2/c12-1-3-5(13)7(15)9(17)11(25-3)26-29(21,22)27-28(19,20)23-2-4-6(14)8(16)10(18)24-4/h3-18H,1-2H2,(H,19,20)(H,21,22)",O=P(O)(OCC1OC(O)C(O)C1O)OP(=O)(O)OC1OC(CO)C(O)C(O)C1O
Inter_0000000925,"InChI=1S/C5H9NO3/c1-3(5(8)9)6-4(2)7/h3H,1-2H3,(H,6,7)(H,8,9)/t3-/m0/s1",CC(O)=N[C@@H](C)C(=O)O
Inter_0000000926,"InChI=1S/C5H9NO3/c1-3(7)2-4(6)5(8)9/h4H,2,6H2,1H3,(H,8,9)/t4-/m0/s1",CC(=O)C[C@H](N)C(=O)O
Inter_0000000927,"InChI=1S/C18H37NO/c1-3-4-5-6-7-8-9-10-11-12-13-14-15-16-18(20)17(2)19/h17H,3-16,19H2,1-2H3/t17-/m0/s1",CCCCCCCCCCCCCCCC(=O)[C@H](C)N
Inter_0000000928,"InChI=1S/C28H42N8O17P2/c1-11-6-14-15(7-12(11)2)36(23-19(32-14)24(42)34-28(45)33-23)8-16(37)20(39)17(38)9-50-54(46,47)53-55(48,49)51-10-18-21(40)22(41)25(52-18)35-27(30)31-5-3-4-13(29)26(43)44/h6-7,13,16-18,20-22,25,37-41H,3-5,8-10,29H2,1-2H3,(H,43,44)(H,46,47)(H,48,49)(H3,30,31,35)(H,34,42,45)/p+1",Cc1cc2nc3c(O)nc(=O)nc-3n(CC(O)C(O)C(O)COP(=O)(O)OP(=O)(O)OCC3OC(NC(=N)NCCCC([NH3+])C(=O)O)C(O)C3O)c2cc1C
Inter_0000000929,"InChI=1S/C6H10O6/c7-1-2(8)4(10)6(12)5(11)3(1)9/h1-5,7-11H/t1?,2?,3?,4-,5+",O=C1[C@@H](O)C(O)C(O)C(O)[C@H]1O
Inter_0000000930,"InChI=1S/C16H26N6O13P2/c1-5-9(17)11(24)12(25)15(32-5)34-37(29,30)35-36(27,28)31-3-7-6(23)2-8(33-7)22-4-19-10-13(22)20-16(18)21-14(10)26/h4-9,11-12,15,23-25H,2-3,17H2,1H3,(H,27,28)(H,29,30)(H3,18,20,21,26)",CC1OC(OP(=O)(O)OP(=O)(O)OCC2OC(n3cnc4c(O)nc(=N)[nH]c43)CC2O)C(O)C(O)C1N
Inter_0000000931,"InChI=1S/C16H23N5O14P2/c1-5-10(23)11(24)12(25)15(32-5)34-37(29,30)35-36(27,28)31-3-7-6(22)2-8(33-7)21-4-18-9-13(21)19-16(17)20-14(9)26/h4-8,11-12,15,22,24-25H,2-3H2,1H3,(H,27,28)(H,29,30)(H3,17,19,20,26)",CC1OC(OP(=O)(O)OP(=O)(O)OCC2OC(n3cnc4c(O)nc(=N)[nH]c43)CC2O)C(O)C(O)C1=O
Inter_0000000932,"InChI=1S/C24H24O14/c25-11-2-1-9(3-12(11)26)15-6-14(28)20-13(27)4-10(5-16(20)37-15)36-24-23(34)22(33)21(32)17(38-24)8-35-19(31)7-18(29)30/h1-5,15,17,21-27,32-34H,6-8H2,(H,29,30)/t15-,17?,21?,22?,23?,24?/m0/s1",O=C(O)CC(=O)OCC1OC(Oc2cc(O)c3c(c2)O[C@H](c2ccc(O)c(O)c2)CC3=O)C(O)C(O)C1O
Inter_0000000933,"InChI=1S/C32H44N7O20P3S/c1-32(2,26(45)29(46)35-10-9-21(41)34-11-12-63-31(47)18-6-4-3-5-17(18)19(40)7-8-22(42)43)14-56-62(53,54)59-61(51,52)55-13-20-25(58-60(48,49)50)24(44)30(57-20)39-16-38-23-27(33)36-15-37-28(23)39/h3-6,15-16,20,24-26,30,44-45H,7-14H2,1-2H3,(H,34,41)(H,35,46)(H,42,43)(H,51,52)(H,53,54)(H2,33,36,37)(H2,48,49,50)/p+1/t20-,24-,25-,26+,30-/m1/s1",CC(C)(COP(=O)(O)OP(=O)(O)OC[C@H]1O[C@@H](n2cnc3c([NH3+])ncnc32)[C@H](O)[C@@H]1OP(=O)(O)O)[C@@H](O)C(O)=NCCC(O)=NCCSC(=O)c1ccccc1C(=O)CCC(=O)O
Inter_0000000934,"InChI=1S/C32H44N7O20P3S/c1-32(2,26(45)29(46)35-9-8-20(40)34-10-11-63-31(47)18(12-21(41)42)23(43)17-6-4-3-5-7-17)14-56-62(53,54)59-61(51,52)55-13-19-25(58-60(48,49)50)24(44)30(57-19)39-16-38-22-27(33)36-15-37-28(22)39/h3-7,15-16,18-19,24-26,30,44-45H,8-14H2,1-2H3,(H,34,40)(H,35,46)(H,41,42)(H,51,52)(H,53,54)(H2,33,36,37)(H2,48,49,50)/p+1/t18?,19-,24-,25-,26+,30-/m1/s1",CC(C)(COP(=O)(O)OP(=O)(O)OC[C@H]1O[C@@H](n2cnc3c([NH3+])ncnc32)[C@H](O)[C@@H]1OP(=O)(O)O)[C@@H](O)C(O)=NCCC(O)=NCCSC(=O)C(CC(=O)O)C(=O)c1ccccc1
Inter_0000000935,"InChI=1S/C16H25N5O13P2/c1-7-16(25,4-22)12(24)15(31-7)33-36(28,29)34-35(26,27)30-3-9-8(23)2-10(32-9)21-6-20-11-13(17)18-5-19-14(11)21/h5-10,12,15,22-25H,2-4H2,1H3,(H,26,27)(H,28,29)(H2,17,18,19)",CC1OC(OP(=O)(O)OP(=O)(O)OCC2OC(n3cnc4c(N)ncnc43)CC2O)C(O)C1(O)CO
Inter_0000000936,"InChI=1S/C16H27N5O21P4/c1-5-16(26,3-22)10(24)14(37-5)40-46(34,35)42-44(30,31)36-2-6-9(39-45(32,33)41-43(27,28)29)8(23)13(38-6)21-4-18-7-11(21)19-15(17)20-12(7)25/h4-6,8-10,13-14,22-24,26H,2-3H2,1H3,(H,30,31)(H,32,33)(H,34,35)(H2,27,28,29)(H3,17,19,20,25)",CC1OC(OP(=O)(O)OP(=O)(O)OCC2OC(n3cnc4c(O)nc(=N)[nH]c43)C(O)C2OP(=O)(O)OP(=O)(O)O)C(O)C1(O)CO
Inter_0000000937,"InChI=1S/C18H28N3O8PS/c1-18(2,11-29-30(26,27)28)15(23)16(24)21-8-7-14(22)20-9-10-31-17(25)12-5-3-4-6-13(12)19/h3-6,15,23H,7-11,19H2,1-2H3,(H,20,22)(H,21,24)(H2,26,27,28)/p+1",CC(C)(COP(=O)(O)O)C(O)C(O)=NCCC(O)=NCCSC(=O)c1ccccc1[NH3+]
Inter_0000000938,"InChI=1S/C6H10O6/c7-1-3(9)5(11)6(12)4(10)2-8/h1,4-6,8,10-12H,2H2",O=CC(=O)C(O)C(O)C(O)CO
Inter_0000000939,"InChI=1S/C40H60N7O9PS/c1-23(14-17-40(5)24(2)12-13-25-26(40)9-8-16-39(25,3)4)15-18-46-21-43-36-32(35(46)41)42-22-47(36)37-34(50)33(49)28(55-37)19-54-57(52,53)56-30(48)11-7-6-10-29-31-27(20-58-29)44-38(51)45-31/h13,15,21-22,24,26-29,31,33-34,37,41,49-50H,6-12,14,16-20H2,1-5H3,(H,52,53)(H2,44,45,51)/t24?,26?,27?,28-,29+,31?,33-,34-,37-,40?/m1/s1",CC(=CCn1cnc2c(ncn2[C@@H]2O[C@H](COP(=O)(O)OC(=O)CCCC[C@@H]3SCC4N=C(O)NC43)[C@@H](O)[C@H]2O)c1=N)CCC1(C)C(C)CC=C2C1CCCC2(C)C
Inter_0000000940,"InChI=1S/C30H46N5O10PS/c1-18(10-13-30(5)19(2)8-9-20-21(30)7-6-12-29(20,3)4)11-14-34-16-33-27-23(26(34)31)32-17-35(27)28-25(37)24(36)22(44-28)15-43-46(38,39)45-47(40,41)42/h9,11,16-17,19,21-22,24-25,28,31,36-37H,6-8,10,12-15H2,1-5H3,(H,38,39)(H,40,41,42)/t19?,21?,22-,24-,25-,28-,30?/m1/s1",CC(=CCn1cnc2c(ncn2[C@@H]2O[C@H](COP(=O)(O)OS(=O)(=O)O)[C@@H](O)[C@H]2O)c1=N)CCC1(C)C(C)CC=C2C1CCCC2(C)C
Inter_0000000941,"InChI=1S/C27H53NO4/c1-5-6-7-8-9-10-11-12-13-14-15-16-17-18-19-20-21-22-27(31)32-25(23-26(29)30)24-28(2,3)4/h25H,5-24H2,1-4H3/p+1/t25-/m1/s1",CCCCCCCCCCCCCCCCCCCC(=O)O[C@H](CC(=O)O)C[N+](C)(C)C
Inter_0000000942,"InChI=1S/C25H47NO4/c1-5-6-7-8-9-10-11-12-13-14-15-16-17-18-19-20-25(29)30-23(21-24(27)28)22-26(2,3)4/h12-13,23H,5-11,14-22H2,1-4H3/p+1/t23-/m1/s1",CCCCCCCCC=CCCCCCCCC(=O)O[C@H](CC(=O)O)C[N+](C)(C)C
Inter_0000000943,"InChI=1S/C21H20O9/c22-8-16-18(25)19(26)20(27)21(30-16)29-12-5-6-13-15(7-12)28-9-14(17(13)24)10-1-3-11(23)4-2-10/h1-7,9,16,18-23,25-27H,8H2",O=c1c(-c2ccc(O)cc2)coc2cc(OC3OC(CO)C(O)C(O)C3O)ccc12
Inter_0000000944,"InChI=1S/C6H14O12P2/c7-1-4(18-20(14,15)16)6(10)5(9)3(8)2-17-19(11,12)13/h1,3-6,8-10H,2H2,(H2,11,12,13)(H2,14,15,16)/t3-,4+,5+,6-/m1/s1",O=C[C@H](OP(=O)(O)O)[C@@H](O)[C@@H](O)[C@H](O)COP(=O)(O)O
Inter_0000000945,"InChI=1S/C6H14O12P2/c7-1-4(18-20(14,15)16)6(10)5(9)3(8)2-17-19(11,12)13/h1,3-6,8-10H,2H2,(H2,11,12,13)(H2,14,15,16)/t3-,4+,5+,6+/m0/s1",O=C[C@@H](OP(=O)(O)O)[C@@H](O)[C@H](O)[C@@H](O)COP(=O)(O)O
Inter_0000000946,"InChI=1S/C24H42O20/c1-5-9(26)20(19(36)21(37)40-5)44-24-18(35)15(32)12(29)8(43-24)4-39-23-17(34)14(31)11(28)7(42-23)3-38-22-16(33)13(30)10(27)6(2-25)41-22/h5-37H,2-4H2,1H3/t5-,6?,7?,8?,9-,10?,11?,12?,13?,14?,15?,16?,17?,18?,19?,20+,21?,22?,23?,24?/m0/s1",C[C@@H]1OC(O)C(O)[C@H](OC2OC(COC3OC(COC4OC(CO)C(O)C(O)C4O)C(O)C(O)C3O)C(O)C(O)C2O)[C@H]1O
Inter_0000000947,"InChI=1S/C13H33N5/c14-6-1-2-8-16-10-4-12-18-13-5-11-17-9-3-7-15/h16-18H,1-15H2",NCCCCNCCCNCCCNCCCN
Inter_0000000948,"InChI=1S/C30H48NO11P/c32-27(25-41-43(37,38)39)24-40-29(33)18-16-14-12-10-8-6-4-2-1-3-5-7-9-11-13-15-17-19-30(34)42-28-22-20-26(21-23-28)31(35)36/h20-23H,1-19,24-25H2,(H2,37,38,39)",O=C(COC(=O)CCCCCCCCCCCCCCCCCCCC(=O)Oc1ccc([N+](=O)[O-])cc1)COP(=O)(O)O
Inter_0000000949,"InChI=1S/C9H14N4O4/c10-6(3-14)8(15)13-7(9(16)17)1-5-2-11-4-12-5/h2,4,6-7,14H,1,3,10H2,(H,11,12)(H,13,15)(H,16,17)/t6?,7-/m0/s1",NC(CO)C(O)=N[C@@H](Cc1cnc[nH]1)C(=O)O
Inter_0000000950,"InChI=1S/C16H34O/c1-2-3-4-5-6-7-8-9-10-11-12-13-14-15-16-17/h17H,2-16H2,1H3",CCCCCCCCCCCCCCCCO
Inter_0000000951,"InChI=1S/C24H42O21/c25-1-6(30)11(32)19(7(31)2-26)43-23-17(38)14(35)21(9(4-28)41-23)45-24-18(39)15(36)20(10(5-29)42-24)44-22-16(37)13(34)12(33)8(3-27)40-22/h1,6-24,26-39H,2-5H2",O=CC(O)C(O)C(OC1OC(CO)C(OC2OC(CO)C(OC3OC(CO)C(O)C(O)C3O)C(O)C2O)C(O)C1O)C(O)CO
Inter_0000000952,"InChI=1S/C11H22O16P2/c12-1-3-5(13)7(15)9(17)11(25-3)26-29(21,22)27-28(19,20)23-2-4-6(14)8(16)10(18)24-4/h3-18H,1-2H2,(H,19,20)(H,21,22)/t3?,4-,5?,6-,7?,8-,9?,10-,11?/m1/s1",O=P(O)(OC[C@H]1O[C@@H](O)[C@H](O)[C@@H]1O)OP(=O)(O)OC1OC(CO)C(O)C(O)C1O
Inter_0000000953,"InChI=1S/C31H41ClN2O9/c1-16(2)28(36)42-24-14-25(35)33-20-12-19(13-21(39-6)26(20)32)11-17(3)9-8-10-23(40-7)31(38)15-22(41-29(37)34-31)18(4)27-30(24,5)43-27/h8-10,12-13,16,18,22-24,27,38H,11,14-15H2,1-7H3,(H,33,35)(H,34,37)",COc1cc2cc(c1Cl)N=C(O)CC(OC(=O)C(C)C)C1(C)OC1C(C)C1CC(O)(N=C(O)O1)C(OC)C=CC=C(C)C2
Inter_0000000954,"InChI=1S/C27H30O15/c1-9-19(32)21(34)23(36)26(39-9)38-8-18-20(33)22(35)24(37)27(42-18)41-17-7-12-14(30)5-11(28)6-16(12)40-25(17)10-2-3-13(29)15(31)4-10/h2-7,9,18-24,26-27,32-37H,8H2,1H3,(H3-,28,29,30,31)/p+1",CC1OC(OCC2OC(Oc3cc4c(O)cc(O)cc4[o+]c3-c3ccc(O)c(O)c3)C(O)C(O)C2O)C(O)C(O)C1O
Inter_0000000955,"InChI=1S/C43H78O6/c1-4-7-9-11-13-15-17-19-21-23-25-27-29-31-33-36-42(45)48-39-40(38-47-41(44)35-6-3)49-43(46)37-34-32-30-28-26-24-22-20-18-16-14-12-10-8-5-2/h19-22,40H,4-18,23-39H2,1-3H3",CCCCCCCCC=CCCCCCCCC(=O)OCC(COC(=O)CCC)OC(=O)CCCCCCCC=CCCCCCCCC
Inter_0000000956,"InChI=1S/C24H42O20/c1-5-9(26)20(19(36)21(37)40-5)44-24-18(35)15(32)12(29)8(43-24)4-39-23-17(34)14(31)11(28)7(42-23)3-38-22-16(33)13(30)10(27)6(2-25)41-22/h5-37H,2-4H2,1H3",CC1OC(O)C(O)C(OC2OC(COC3OC(COC4OC(CO)C(O)C(O)C4O)C(O)C(O)C3O)C(O)C(O)C2O)C1O
Inter_0000000957,"InChI=1S/C14H22N2O16P2/c17-5-3-28-13(11(22)8(5)19)31-34(26,27)32-33(24,25)29-4-6-9(20)10(21)12(30-6)16-2-1-7(18)15-14(16)23/h1-2,5-6,8-13,17,19-22H,3-4H2,(H,24,25)(H,26,27)(H,15,18,23)",O=c1nc(O)ccn1C1OC(COP(=O)(O)OP(=O)(O)OC2OCC(O)C(O)C2O)C(O)C1O
Inter_0000000958,"InChI=1S/C30H49O27P/c31-1-6-12(34)22(16(38)26(42)49-6)56-29-18(40)25-21(10(52-29)4-47-25)55-28-17(39)23(13(35)7(2-32)50-28)57-30-19(41)24-20(9(53-30)3-46-24)54-27-15(37)14(36)11(33)8(51-27)5-48-58(43,44)45/h6-42H,1-5H2,(H2,43,44,45)/t6?,7?,8?,9?,10-,11?,12?,13?,14?,15?,16?,17?,18-,19?,20?,21+,22?,23?,24?,25-,26?,27?,28?,29?,30?/m0/s1",O=P(O)(O)OCC1OC(OC2C3COC2C(O)C(OC2C(O)C(CO)OC(O[C@H]4[C@H]5OC[C@@H]4OC(OC4C(O)C(O)OC(CO)C4O)[C@H]5O)C2O)O3)C(O)C(O)C1O
Inter_0000000959,"InChI=1S/C12H22O11/c13-1-4(15)7(17)8(18)5(16)3-22-12-11(21)10(20)9(19)6(2-14)23-12/h1,4-12,14-21H,2-3H2/t4-,5+,6+,7+,8+,9-,10-,11+,12-/m0/s1",O=C[C@H](O)[C@@H](O)[C@H](O)[C@H](O)CO[C@H]1O[C@H](CO)[C@H](O)[C@H](O)[C@H]1O
Inter_0000000960,"InChI=1S/C23H34NO8P/c25-18(17-32-33(28,29)30)16-31-15-11-7-5-3-1-2-4-6-8-14-21-23(27)22(26)19-12-9-10-13-20(19)24-21/h9-10,12-13,27H,1-8,11,14-17H2,(H,24,26)(H2,28,29,30)",O=C(COCCCCCCCCCCCc1[nH]c2ccccc2c(=O)c1O)COP(=O)(O)O
Inter_0000000961,"InChI=1S/C18H27N3O5S/c1-18(2,11-22)15(24)16(25)21-8-7-14(23)20-9-10-27-17(26)12-5-3-4-6-13(12)19/h3-6,15,22,24H,7-11,19H2,1-2H3,(H,20,23)(H,21,25)/p+1/t15-/m0/s1",CC(C)(CO)[C@@H](O)C(O)=NCCC(O)=NCCSC(=O)c1ccccc1[NH3+]
Inter_0000000962,"InChI=1S/C30H47N5O10P2/c1-18(10-13-30(5)19(2)8-9-20-21(30)7-6-12-29(20,3)4)11-14-34-16-33-27-23(26(34)31)32-17-35(27)28-25(37)24(36)22(44-28)15-43-47(41,42)45-46(38,39)40/h9,11,16-17,19,21-22,24-25,28,31,36-37H,6-8,10,12-15H2,1-5H3,(H,41,42)(H2,38,39,40)/p+1/t19?,21?,22-,24-,25-,28-,30?/m1/s1",CC(=CCn1cnc2c(ncn2[C@@H]2O[C@H](COP(=O)(O)OP(=O)(O)O)[C@@H](O)[C@H]2O)c1=[NH2+])CCC1(C)C(C)CC=C2C1CCCC2(C)C
Inter_0000000963,"InChI=1S/C16H28N6O19P4/c1-5-10(23)6(17)2-8(36-5)38-44(31,32)41-43(29,30)35-3-7-12(39-45(33,34)40-42(26,27)28)11(24)15(37-7)22-4-19-9-13(22)20-16(18)21-14(9)25/h4-8,10-12,15,23-24H,2-3,17H2,1H3,(H,29,30)(H,31,32)(H,33,34)(H2,26,27,28)(H3,18,20,21,25)",CC1OC(OP(=O)(O)OP(=O)(O)OCC2OC(n3cnc4c(O)nc(=N)[nH]c43)C(O)C2OP(=O)(O)OP(=O)(O)O)CC(N)C1O
Inter_0000000964,"InChI=1S/C22H36N4O14P2S/c1-22(2,18(30)20(32)25-6-5-15(27)24-7-9-43)12-38-42(35,36)40-41(33,34)37-11-14-16(28)17(29)21(39-14)26-8-3-4-13(10-26)19(23)31/h3-4,8,10,14,16-18,21,28-30H,5-7,9,11-12H2,1-2H3,(H6-,23,24,25,27,31,32,33,34,35,36,43)/p+2/t14?,16?,17?,18-,21?/m0/s1",CC(C)(COP(=O)(O)OP(=O)(O)OCC1OC([n+]2cccc(C(=[NH2+])O)c2)C(O)C1O)[C@@H](O)C(O)=NCCC(O)=NCCS
Inter_0000000965,"InChI=1S/C26H43N7O14P2S/c1-14(2)9-17(35)50-8-7-28-16(34)5-6-29-24(39)21(38)26(3,4)11-45-49(42,43)47-48(40,41)44-10-15-19(36)20(37)25(46-15)33-13-32-18-22(27)30-12-31-23(18)33/h12-15,19-21,25,36-38H,5-11H2,1-4H3,(H,28,34)(H,29,39)(H,40,41)(H,42,43)(H2,27,30,31)",CC(C)CC(=O)SCCN=C(O)CCN=C(O)C(O)C(C)(C)COP(=O)(O)OP(=O)(O)OCC1OC(n2cnc3c(N)ncnc32)C(O)C1O
Inter_0000000966,"InChI=1S/C16H19NO7/c18-10(5-7-6-17-9-4-2-1-3-8(7)9)24-16-14(22)12(20)11(19)13(21)15(16)23/h1-4,6,11-17,19-23H,5H2/t11-,12-,13?,14?,15?,16?/m1/s1",O=C(Cc1c[nH]c2ccccc12)OC1C(O)C(O)[C@H](O)[C@@H](O)C1O
Inter_0000000967,"InChI=1S/C32H45N7O17P2S/c1-32(2,27(45)30(46)35-8-7-21(40)34-9-10-59-22(41)6-5-17-11-18(51-3)24(42)19(12-17)52-4)14-54-58(49,50)56-57(47,48)53-13-20-25(43)26(44)31(55-20)39-16-38-23-28(33)36-15-37-29(23)39/h5-6,11-12,15-16,20,25-27,31,42-45H,7-10,13-14H2,1-4H3,(H,34,40)(H,35,46)(H,47,48)(H,49,50)(H2,33,36,37)/b6-5+/t20-,25-,26-,27+,31-/m1/s1",COc1cc(/C=C/C(=O)SCCN=C(O)CCN=C(O)[C@H](O)C(C)(C)COP(=O)(O)OP(=O)(O)OC[C@H]2O[C@@H](n3cnc4c(N)ncnc43)[C@H](O)[C@@H]2O)cc(OC)c1O
Inter_0000000968,"InChI=1S/C22H35N5O20P2/c1-5-9(29)12(32)14(34)20(42-5)45-16-11(31)6(2-28)44-21(15(16)35)46-49(39,40)47-48(37,38)41-3-7-10(30)13(33)19(43-7)27-4-24-8-17(27)25-22(23)26-18(8)36/h4-7,9-16,19-21,28-35H,2-3H2,1H3,(H,37,38)(H,39,40)(H3,23,25,26,36)",CC1OC(OC2C(O)C(CO)OC(OP(=O)(O)OP(=O)(O)OCC3OC(n4cnc5c(O)nc(=N)[nH]c54)C(O)C3O)C2O)C(O)C(O)C1O
Inter_0000000969,"InChI=1S/C17H29N5O20P4/c1-6-11(23)7(35-2)3-9(37-6)39-45(31,32)42-44(29,30)36-4-8-13(40-46(33,34)41-43(26,27)28)12(24)16(38-8)22-5-19-10-14(22)20-17(18)21-15(10)25/h5-9,11-13,16,23-24H,3-4H2,1-2H3,(H,29,30)(H,31,32)(H,33,34)(H2,26,27,28)(H3,18,20,21,25)",COC1CC(OP(=O)(O)OP(=O)(O)OCC2OC(n3cnc4c(O)nc(=N)[nH]c43)C(O)C2OP(=O)(O)OP(=O)(O)O)OC(C)C1O
Inter_0000000970,"InChI=1S/C34H48O9/c1-7-18(2)30-22(6)27(35)16-33(43-30)15-25-14-24(42-33)12-11-20(4)28(36)19(3)9-8-10-23-17-40-31-29(37)21(5)13-26(32(38)41-25)34(23,31)39/h8-11,13,18-19,22,24-28,30-31,35-36,39H,7,12,14-17H2,1-6H3/p+1",CCC(C)C1OC2(CC3CC(CC=C(C)C(O)C(C)C=CC=C4COC5C(=O)C(C)=CC(C(=O)O3)C45O)O2)CC([OH2+])C1C
Inter_0000000971,"InChI=1S/C10H20O15P2/c11-5-3(23-9(15)7(5)13)1-21-26(17,18)25-27(19,20)22-2-4-6(12)8(14)10(16)24-4/h3-16H,1-2H2,(H,17,18)(H,19,20)/t3-,4-,5-,6-,7-,8-,9-,10-/m1/s1",O=P(O)(OC[C@H]1O[C@@H](O)[C@H](O)[C@@H]1O)OP(=O)(O)OC[C@H]1O[C@@H](O)[C@H](O)[C@@H]1O
Inter_0000000972,"InChI=1S/C36H58O29/c37-1-7-13(40)17(44)19(46)32(57-7)55-4-10-14(41)18(45)20(47)33(59-10)62-25-11-5-53-29(25)24(51)36(61-11)65-28-16(43)9(3-39)58-34(22(28)49)63-26-12-6-54-30(26)23(50)35(60-12)64-27-15(42)8(2-38)56-31(52)21(27)48/h7-52H,1-6H2/t7?,8?,9?,10?,11?,12-,13?,14?,15?,16?,17?,18?,19?,20?,21?,22?,23-,24?,25?,26+,27?,28?,29?,30-,31?,32?,33?,34?,35?,36?/m0/s1",OCC1OC(OCC2OC(OC3C4COC3C(O)C(OC3C(O)C(CO)OC(O[C@H]5[C@H]6OC[C@@H]5OC(OC5C(O)C(O)OC(CO)C5O)[C@H]6O)C3O)O4)C(O)C(O)C2O)C(O)C(O)C1O
Inter_0000000973,"InChI=1S/C36H58O29/c37-1-7(40)24-17(45)19(47)32(61-24)55-4-10-13(41)16(44)18(46)33(58-10)62-25-11-5-53-29(25)23(51)36(60-11)65-28-15(43)9(3-39)57-34(21(28)49)63-26-12-6-54-30(26)22(50)35(59-12)64-27-14(42)8(2-38)56-31(52)20(27)48/h7-52H,1-6H2/t7?,8?,9?,10?,11?,12-,13?,14?,15?,16?,17?,18?,19?,20?,21?,22-,23?,24?,25?,26+,27?,28?,29?,30-,31?,32?,33?,34?,35?,36?/m0/s1",OCC(O)C1OC(OCC2OC(OC3C4COC3C(O)C(OC3C(O)C(CO)OC(O[C@H]5[C@H]6OC[C@@H]5OC(OC5C(O)C(O)OC(CO)C5O)[C@H]6O)C3O)O4)C(O)C(O)C2O)C(O)C1O
Inter_0000000974,"InChI=1S/C13H21NO10/c1-5(16)14-9-7(18)3-13(22,12(20)21)24-11(9)10(8(19)4-15)23-6(2)17/h7-11,15,18-19,22H,3-4H2,1-2H3,(H,14,16)(H,20,21)",CC(=O)OC(C(O)CO)C1OC(O)(C(=O)O)CC(O)C1N=C(C)O
Inter_0000000975,"InChI=1S/C15H24N5O17P3/c16-12-7-13(18-3-17-12)20(4-19-7)14-11(36-38(25,26)27)9(22)6(34-14)2-33-40(30,31)37-39(28,29)32-1-5-8(21)10(23)15(24)35-5/h3-6,8-11,14-15,21-24H,1-2H2,(H,28,29)(H,30,31)(H2,16,17,18)(H2,25,26,27)/t5-,6-,8-,9-,10-,11-,14-,15-/m1/s1",Nc1ncnc2c1ncn2[C@@H]1O[C@H](COP(=O)(O)OP(=O)(O)OC[C@H]2O[C@@H](O)[C@H](O)[C@@H]2O)[C@@H](O)[C@H]1OP(=O)(O)O
Inter_0000000976,"InChI=1S/C26H44N8O14P2S/c1-26(2,21(39)24(40)29-7-6-16(35)28-8-9-51-17(36)10-34(3,4)5)12-46-50(43,44)48-49(41,42)45-11-15-19(37)20(38)25(47-15)33-14-32-18-22(27)30-13-31-23(18)33/h13-15,19-21,25,37-39H,6-12H2,1-5H3,(H5-,27,28,29,30,31,35,40,41,42,43,44)/p+1",CC(C)(COP(=O)(O)OP(=O)(O)OCC1OC(n2cnc3c(N)ncnc32)C(O)C1O)C(O)C(O)=NCCC(O)=NCCSC(=O)C[N+](C)(C)C
Inter_0000000977,"InChI=1S/H2N2O2/c3-1-2-4/h(H,1,4)(H,2,3)",ON=NO
Inter_0000000978,"InChI=1S/C21H20O12/c22-6-13-15(27)17(29)18(30)21(32-13)33-20-16(28)14-11(26)4-8(23)5-12(14)31-19(20)7-1-2-9(24)10(25)3-7/h1-5,13,15,17-18,21-27,29-30H,6H2/t13-,15-,17+,18-,21?/m1/s1",O=c1c(OC2O[C@H](CO)[C@@H](O)[C@H](O)[C@H]2O)c(-c2ccc(O)c(O)c2)oc2cc(O)cc(O)c12
Inter_0000000979,"InChI=1S/C32H44N7O20P3S/c1-32(2,26(45)29(46)35-10-9-21(41)34-11-12-63-31(47)18-6-4-3-5-17(18)19(40)7-8-22(42)43)14-56-62(53,54)59-61(51,52)55-13-20-24(44)25(58-60(48,49)50)30(57-20)39-16-38-23-27(33)36-15-37-28(23)39/h3-6,15-16,20,24-26,30,44-45H,7-14H2,1-2H3,(H,34,41)(H,35,46)(H,42,43)(H,51,52)(H,53,54)(H2,33,36,37)(H2,48,49,50)/p+1/t20-,24-,25-,26+,30-/m1/s1",CC(C)(COP(=O)(O)OP(=O)(O)OC[C@H]1O[C@@H](n2cnc3c([NH3+])ncnc32)[C@H](OP(=O)(O)O)[C@@H]1O)[C@@H](O)C(O)=NCCC(O)=NCCSC(=O)c1ccccc1C(=O)CCC(=O)O
Inter_0000000980,"InChI=1S/C32H44N7O20P3S/c1-32(2,26(45)29(46)35-9-8-20(40)34-10-11-63-31(47)18(12-21(41)42)23(43)17-6-4-3-5-7-17)14-56-62(53,54)59-61(51,52)55-13-19-24(44)25(58-60(48,49)50)30(57-19)39-16-38-22-27(33)36-15-37-28(22)39/h3-7,15-16,18-19,24-26,30,44-45H,8-14H2,1-2H3,(H,34,40)(H,35,46)(H,41,42)(H,51,52)(H,53,54)(H2,33,36,37)(H2,48,49,50)/p+1/t18?,19-,24-,25-,26+,30-/m1/s1",CC(C)(COP(=O)(O)OP(=O)(O)OC[C@H]1O[C@@H](n2cnc3c([NH3+])ncnc32)[C@H](OP(=O)(O)O)[C@@H]1O)[C@@H](O)C(O)=NCCC(O)=NCCSC(=O)C(CC(=O)O)C(=O)c1ccccc1
Inter_0000000981,"InChI=1S/C17H28N2O15P2/c1-7-5-19(16(25)18-14(7)24)10-4-8(20)9(31-10)6-30-35(26,27)34-36(28,29)33-15-12(22)11(21)13(23)17(2,3)32-15/h5,8-13,15,20-23H,4,6H2,1-3H3,(H,26,27)(H,28,29)(H,18,24,25)/t8?,9?,10?,11-,12+,13+,15-/m0/s1",Cc1cn(C2CC(O)C(COP(=O)(O)OP(=O)(O)O[C@@H]3OC(C)(C)[C@H](O)[C@@H](O)[C@H]3O)O2)c(=O)nc1O
Inter_0000000982,"InChI=1S/C17H14N2O7/c1-6-9(16(23)24)5-18-11(6)15(22)19-12-13(21)8-3-4-10(20)7(2)14(8)26-17(12)25/h3-5,18,20-21H,1-2H3,(H,19,22)(H,23,24)",Cc1c(C(=O)O)c[nH]c1C(O)=Nc1c(O)c2ccc(O)c(C)c2oc1=O
Inter_0000000983,"InChI=1S/C27H21N3O10/c1-9-14(24(35)29-18-20(33)12-4-6-15(31)10(2)22(12)39-26(18)37)8-28-17(9)25(36)30-19-21(34)13-5-7-16(32)11(3)23(13)40-27(19)38/h4-8,28,31-34H,1-3H3,(H,29,35)(H,30,36)",Cc1c(C(O)=Nc2c(O)c3ccc(O)c(C)c3oc2=O)c[nH]c1C(O)=Nc1c(O)c2ccc(O)c(C)c2oc1=O
Inter_0000000984,"InChI=1S/C40H80NO8P/c1-6-8-10-12-14-16-18-20-22-24-26-28-30-32-39(42)46-36-38(37-48-50(44,45)47-35-34-41(3,4)5)49-40(43)33-31-29-27-25-23-21-19-17-15-13-11-9-7-2/h38H,6-37H2,1-5H3/p+1",CCCCCCCCCCCCCCCC(=O)OCC(COP(=O)(O)OCC[N+](C)(C)C)OC(=O)CCCCCCCCCCCCCCC
Inter_0000000985,"InChI=1S/C23H40N2O16P2S/c1-23(2,12-39-43(36,37)41-42(34,35)38-11-15-17(28)18(29)21(32)40-15)19(30)20(31)25-8-7-16(27)24-9-10-44-22(33)13-5-3-4-6-14(13)26/h13,15,17-19,21,28-30,32H,3-12H2,1-2H3,(H,24,27)(H,25,31)(H,34,35)(H,36,37)",CC(C)(COP(=O)(O)OP(=O)(O)OCC1OC(O)C(O)C1O)C(O)C(=O)NCCC(=O)NCCSC(=O)C1CCCCC1=O
Inter_0000000986,"InChI=1S/C16H27N5O22P4/c17-16-19-12-6(13(27)20-16)18-3-21(12)14-10(26)11(40-46(33,34)42-44(28,29)30)5(38-14)2-37-45(31,32)43-47(35,36)41-15-9(25)8(24)7(23)4(1-22)39-15/h3-5,7-11,14-15,22-26H,1-2H2,(H,31,32)(H,33,34)(H,35,36)(H2,28,29,30)(H3,17,19,20,27)",N=c1nc(O)c2ncn(C3OC(COP(=O)(O)OP(=O)(O)OC4OC(CO)C(O)C(O)C4O)C(OP(=O)(O)OP(=O)(O)O)C3O)c2[nH]1
Inter_0000000987,"InChI=1S/C28H40N8O14P2S/c1-28(2,22(40)25(41)32-8-7-18(37)31-9-10-53-27(42)15-5-3-4-6-16(15)29)12-48-52(45,46)50-51(43,44)47-11-17-20(38)21(39)26(49-17)36-14-35-19-23(30)33-13-34-24(19)36/h3-6,13-14,17,20-22,26,38-40H,7-12,29H2,1-2H3,(H,31,37)(H,32,41)(H,43,44)(H,45,46)(H2,30,33,34)",CC(C)(COP(=O)(O)OP(=O)(O)OCC1OC(n2cnc3c(N)ncnc32)C(O)C1O)C(O)C(O)=NCCC(O)=NCCSC(=O)c1ccccc1N
Inter_0000000988,"InChI=1S/C24H22O12/c25-12-3-1-11(2-4-12)15-9-33-16-7-13(5-6-14(16)20(15)29)35-24-23(32)22(31)21(30)17(36-24)10-34-19(28)8-18(26)27/h1-7,9,17,21-25,30-32H,8,10H2,(H,26,27)",O=C(O)CC(=O)OCC1OC(Oc2ccc3c(=O)c(-c4ccc(O)cc4)coc3c2)C(O)C(O)C1O
Inter_0000000989,"InChI=1S/C21H20O11/c22-7-13-15(25)17(27)19(29)21(32-13)30-10-5-11(24)14-12(6-10)31-20(18(28)16(14)26)8-1-3-9(23)4-2-8/h1-6,13,15,17,19,21-25,27-29H,7H2",O=c1c(O)c(-c2ccc(O)cc2)oc2cc(OC3OC(CO)C(O)C(O)C3O)cc(O)c12
Inter_0000000990,"InChI=1S/C16H34N2O20P4S/c1-16(2,13(22)14(23)18-4-3-10(19)17-5-6-43)8-34-41(29,30)38-40(27,28)33-7-9-11(20)12(21)15(35-9)36-42(31,32)37-39(24,25)26/h9,11-13,15,20-22,43H,3-8H2,1-2H3,(H,17,19)(H,18,23)(H,27,28)(H,29,30)(H,31,32)(H2,24,25,26)",CC(C)(COP(=O)(O)OP(=O)(O)OCC1OC(OP(=O)(O)OP(=O)(O)O)C(O)C1O)C(O)C(O)=NCCC(O)=NCCS
Inter_0000000991,"InChI=1S/C40H42N2O22/c1-59-24-10-15(2-4-22(24)44)3-5-27(46)62-33-31(50)30(49)32(38(57)58)63-40(33)64-34-29(48)28(47)26(14-43)61-39(34)60-25-12-17-11-21(37(55)56)42(20(17)13-23(25)45)7-6-16-8-18(35(51)52)41-19(9-16)36(53)54/h2-8,10,12-13,19,21,26,28-34,39-40,43,47-50H,9,11,14H2,1H3,(H6,44,45,46,51,52,53,54,55,56,57,58)/p+1",COc1cc(C=CC(=O)OC2C(OC3C(Oc4cc5c(cc4O)[N+](=CC=C4C=C(C(=O)O)NC(C(=O)O)C4)C(C(=O)O)C5)OC(CO)C(O)C3O)OC(C(=O)O)C(O)C2O)ccc1O
Inter_0000000992,"InChI=1S/C34H34N2O16/c1-49-24-10-15(2-4-22(24)37)3-5-27(39)50-14-26-28(40)29(41)30(42)34(52-26)51-25-12-17-11-21(33(47)48)36(20(17)13-23(25)38)7-6-16-8-18(31(43)44)35-19(9-16)32(45)46/h2-8,10,12-13,19,21,26,28-30,34,40-42H,9,11,14H2,1H3,(H5,37,38,39,43,44,45,46,47,48)/p+1",COc1cc(C=CC(=O)OCC2OC(Oc3cc4c(cc3O)[N+](=CC=C3C=C(C(=O)O)NC(C(=O)O)C3)C(C(=O)O)C4)C(O)C(O)C2O)ccc1O
Inter_0000000993,"InChI=1S/C18H26N2O6S/c1-18(2,11-21)15(24)16(25)20-8-7-14(23)19-9-10-27-17(26)12-3-5-13(22)6-4-12/h3-6,15,21-22,24H,7-11H2,1-2H3,(H,19,23)(H,20,25)/p+1",CC(C)(CO)C(O)C(O)=NCCC(O)=[NH+]CCSC(=O)c1ccc(O)cc1
Inter_0000000994,"InChI=1S/C18H19NO4/c1-23-17-12-14(4-8-16(17)21)5-9-18(22)19-11-10-13-2-6-15(20)7-3-13/h2-9,12,20-21H,10-11H2,1H3,(H,19,22)",COc1cc(C=CC(O)=NCCc2ccc(O)cc2)ccc1O
Inter_0000000995,"InChI=1S/C16H18O11/c1-26-9-6-7(2-4-8(9)17)3-5-10(18)27-14(16(24)25)12(20)11(19)13(21)15(22)23/h2-6,11-14,17,19-21H,1H3,(H,22,23)(H,24,25)",COc1cc(C=CC(=O)OC(C(=O)O)C(O)C(O)C(O)C(=O)O)ccc1O
Inter_0000000996,"InChI=1S/C17H22O4/c1-3-4-5-6-14(18)12-15(19)9-7-13-8-10-16(20)17(11-13)21-2/h7-12,18,20H,3-6H2,1-2H3",CCCCCC(O)=CC(=O)C=Cc1ccc(O)c(OC)c1
Inter_0000000997,"InChI=1S/C14H20N2O3/c1-19-13-10-11(4-6-12(13)17)5-7-14(18)16-9-3-2-8-15/h4-7,10,17H,2-3,8-9,15H2,1H3,(H,16,18)",COc1cc(C=CC(O)=NCCCCN)ccc1O
Inter_0000000998,"InChI=1S/C14H19N5O6S/c15-6(14(23)24)1-2-26-3-7-9(20)10(21)13(25-7)19-5-18-8-11(19)16-4-17-12(8)22/h4-7,9-10,13,20-21H,1-3,15H2,(H,23,24)(H,16,17,22)/p+1",[NH3+]C(CCSCC1OC(n2cnc3c(O)ncnc32)C(O)C1O)C(=O)O
Inter_0000000999,"InChI=1S/C11H17N5O11P2/c1-15-3-16(8-5(15)9(19)14-11(12)13-8)10-7(18)6(17)4(26-10)2-25-29(23,24)27-28(20,21)22/h3-4,6-7,10,17-18H,2H2,1H3,(H5-,12,13,14,19,20,21,22,23,24)",C[n+]1cn(C2OC(COP(=O)([O-])OP(=O)(O)O)C(O)C2O)c2[nH]c(=N)nc(O)c21
Inter_0000001000,"InChI=1S/C24H22O13/c25-11-3-1-10(2-4-11)13-8-34-15-6-12(5-14(26)19(15)20(13)30)36-24-23(33)22(32)21(31)16(37-24)9-35-18(29)7-17(27)28/h1-6,8,16,21-26,31-33H,7,9H2,(H,27,28)",O=C(O)CC(=O)OCC1OC(Oc2cc(O)c3c(=O)c(-c4ccc(O)cc4)coc3c2)C(O)C(O)C1O
Inter_0000001001,"InChI=1S/C15H18O7/c16-8-10-12(18)13(19)14(20)15(21-10)22-11(17)7-6-9-4-2-1-3-5-9/h1-7,10,12-16,18-20H,8H2/t10-,12-,13+,14-,15?/m1/s1",O=C(C=Cc1ccccc1)OC1O[C@H](CO)[C@@H](O)[C@H](O)[C@H]1O
Inter_0000001002,"InChI=1S/C6H5NO3/c8-6-4-2-1-3-5(6)7(9)10/h1-4,8H",O=[N+]([O-])c1ccccc1O
Inter_0000001003,"InChI=1S/C15H28O13/c16-1-5(18)3-25-14-13(24)11(22)9(20)7(28-14)4-26-15-12(23)10(21)8(19)6(2-17)27-15/h5-24H,1-4H2/t5?,6?,7?,8?,9?,10?,11-,12?,13+,14?,15?/m0/s1",OCC(O)COC1OC(COC2OC(CO)C(O)C(O)C2O)C(O)[C@H](O)[C@H]1O
Inter_0000001004,"InChI=1S/C14H23N4O11P3S/c1-8-12(4-5-27-31(23,24)29-32(25,26)28-30(20,21)22)33-14(9(2)19)18(8)7-11-6-16-10(3)17-13(11)15/h6,9,19H,4-5,7H2,1-3H3,(H5-,15,16,17,20,21,22,23,24,25,26)/p+1",Cc1ncc(C[n+]2c(C(C)O)sc(CCOP(=O)(O)OP(=O)(O)OP(=O)(O)O)c2C)c(=N)[nH]1
Inter_0000001005,"InChI=1S/C3H7O6P/c1-2(3(4)5)9-10(6,7)8/h2H,1H3,(H,4,5)(H2,6,7,8)",CC(OP(=O)(O)O)C(=O)O
Inter_0000001006,"InChI=1S/C16H20O3/c1-2-3-4-5-15(18)12-16(19)11-8-13-6-9-14(17)10-7-13/h6-12,17-18H,2-5H2,1H3",CCCCCC(O)=CC(=O)C=Cc1ccc(O)cc1
Inter_0000001007,"InChI=1S/C13H18N2O2/c14-9-1-2-10-15-13(17)8-5-11-3-6-12(16)7-4-11/h3-8,16H,1-2,9-10,14H2,(H,15,17)",NCCCCN=C(O)C=Cc1ccc(O)cc1
Inter_0000001008,"InChI=1S/C25H31N3O4/c29-22-10-4-20(5-11-22)8-14-24(31)27-18-2-1-16-26-17-3-19-28-25(32)15-9-21-6-12-23(30)13-7-21/h4-15,26,29-30H,1-3,16-19H2,(H,27,31)(H,28,32)",OC(C=Cc1ccc(O)cc1)=NCCCCNCCCN=C(O)C=Cc1ccc(O)cc1
Inter_0000001009,"InChI=1S/C42H80NO8P/c1-6-8-10-12-14-16-18-20-21-23-25-27-29-31-33-35-42(45)51-40(39-50-52(46,47)49-37-36-43(3,4)5)38-48-41(44)34-32-30-28-26-24-22-19-17-15-13-11-9-7-2/h14,16,20-21,40H,6-13,15,17-19,22-39H2,1-5H3/p+1",CCCCCC=CCC=CCCCCCCCC(=O)OC(COC(=O)CCCCCCCCCCCCCCC)COP(=O)(O)OCC[N+](C)(C)C
Inter_0000001010,"InChI=1S/C30H42N7O18P3S/c1-30(2,24(41)27(42)33-9-8-20(39)32-10-11-59-29(43)18(38)12-17-6-4-3-5-7-17)14-52-58(49,50)55-57(47,48)51-13-19-22(40)23(54-56(44,45)46)28(53-19)37-16-36-21-25(31)34-15-35-26(21)37/h3-7,12,15-16,19,22-24,28,38,40-41H,8-11,13-14H2,1-2H3,(H,32,39)(H,33,42)(H,47,48)(H,49,50)(H2,31,34,35)(H2,44,45,46)/b18-12-/t19?,22?,23?,24-,28?/m0/s1",CC(C)(COP(=O)(O)OP(=O)(O)OCC1OC(n2cnc3c(N)ncnc32)C(OP(=O)(O)O)C1O)[C@@H](O)C(O)=NCCC(O)=NCCSC(=O)/C(O)=C/c1ccccc1
Inter_0000001011,"InChI=1S/C3H6O4S/c4-3(5)1-2-8(6)7/h1-2H2,(H,4,5)(H,6,7)",O=C(O)CCS(=O)O
Inter_0000001012,"InChI=1S/C6H13NO5/c7-1-2(8)4(10)6(12)5(11)3(1)9/h1-6,8-12H,7H2/t1?,2-,3?,4?,5?,6+/m0/s1",NC1C(O)C(O)[C@H](O)C(O)[C@H]1O
Inter_0000001013,"InChI=1S/C24H24O12/c25-13-6-12(7-16-20(13)14(26)8-15(35-16)11-4-2-1-3-5-11)34-24-23(32)22(31)21(30)17(36-24)10-33-19(29)9-18(27)28/h1-7,15,17,21-25,30-32H,8-10H2,(H,27,28)",O=C(O)CC(=O)OCC1OC(Oc2cc(O)c3c(c2)OC(c2ccccc2)CC3=O)C(O)C(O)C1O
Inter_0000001014,"InChI=1S/C32H53NO27/c1-6(38)33-11-24(58-31-19(46)14(41)15(42)26(60-31)27(49)50)12(39)7(2-34)53-29(11)59-25-13(40)8(3-35)54-32(21(25)48)57-23-10(5-37)55-30(20(47)17(23)44)56-22-9(4-36)52-28(51)18(45)16(22)43/h7-26,28-32,34-37,39-48,51H,2-5H2,1H3,(H,33,38)(H,49,50)/t7?,8?,9?,10?,11?,12?,13?,14-,15-,16?,17?,18?,19?,20?,21?,22?,23?,24?,25?,26+,28?,29?,30?,31?,32?/m0/s1",CC(O)=NC1C(OC2C(O)C(CO)OC(OC3C(CO)OC(OC4C(CO)OC(O)C(O)C4O)C(O)C3O)C2O)OC(CO)C(O)C1OC1O[C@@H](C(=O)O)[C@@H](O)[C@H](O)C1O
Inter_0000001015,"InChI=1S/C15H28O13/c16-1-5(18)3-25-14-13(24)11(22)9(20)7(28-14)4-26-15-12(23)10(21)8(19)6(2-17)27-15/h5-24H,1-4H2/t5?,6?,7?,8?,9-,10?,11+,12?,13+,14?,15?/m1/s1",OCC(O)COC1OC(COC2OC(CO)C(O)C(O)C2O)[C@@H](O)[C@H](O)[C@@H]1O
Inter_0000001016,"InChI=1S/C42H78NO8P/c1-6-8-10-12-14-16-18-20-21-23-25-27-29-31-33-35-42(45)51-40(39-50-52(46,47)49-37-36-43(3,4)5)38-48-41(44)34-32-30-28-26-24-22-19-17-15-13-11-9-7-2/h9,11,14,16,20-21,40H,6-8,10,12-13,15,17-19,22-39H2,1-5H3/p+1",CCC=CCCCCCCCCCCCC(=O)OCC(COP(=O)(O)OCC[N+](C)(C)C)OC(=O)CCCCCCCC=CCC=CCCCCC
Inter_0000001017,"InChI=1S/C15H20N2O14P2/c1-7-14(21)9(19)5-13(28-7)30-33(25,26)31-32(23,24)27-6-10-8(18)4-12(29-10)17-3-2-11(20)16-15(17)22/h2-3,5,7-8,10,12-13,18-19H,4,6H2,1H3,(H,23,24)(H,25,26)(H,16,20,22)",CC1OC(OP(=O)(O)OP(=O)(O)OCC2OC(n3ccc(O)nc3=O)CC2O)C=C(O)C1=O
Inter_0000001018,"InChI=1S/C18H33O19P/c19-1-4-14(9(23)11(25)16(28)33-4)36-18-13(27)10(24)15(5(2-20)34-18)37-17-12(26)8(22)7(21)6(35-17)3-32-38(29,30)31/h4-28H,1-3H2,(H2,29,30,31)",O=P(O)(O)OCC1OC(OC2C(CO)OC(OC3C(CO)OC(O)C(O)C3O)C(O)C2O)C(O)C(O)C1O
Inter_0000001019,"InChI=1S/C10H14N5O13P3/c11-8-5-9(13-2-12-8)15(3-14-5)10-7(17)6(16)4(26-10)1-25-30(21,22)28-31(23,24)27-29(18,19)20/h2-4,7,10,17H,1H2,(H,21,22)(H,23,24)(H2,11,12,13)(H2,18,19,20)",Nc1ncnc2c1ncn2C1OC(COP(=O)(O)OP(=O)(O)OP(=O)(O)O)C(=O)C1O
Inter_0000001020,"InChI=1S/C21H22O9/c22-9-16-18(25)19(26)20(27)21(30-16)28-11-6-12(23)17-13(24)8-14(29-15(17)7-11)10-4-2-1-3-5-10/h1-7,14,16,18-23,25-27H,8-9H2",O=C1CC(c2ccccc2)Oc2cc(OC3OC(CO)C(O)C(O)C3O)cc(O)c21
Inter_0000001021,"InChI=1S/C15H24N5O17P3/c16-12-7-13(18-4-19(12)14-10(23)8(21)5(35-14)1-33-38(25,26)27)20(3-17-7)15-11(24)9(22)6(36-15)2-34-40(31,32)37-39(28,29)30/h3-6,8-11,14-16,21-24H,1-2H2,(H,31,32)(H2,25,26,27)(H2,28,29,30)",N=c1c2ncn(C3OC(COP(=O)(O)OP(=O)(O)O)C(O)C3O)c2ncn1C1OC(COP(=O)(O)O)C(O)C1O
Inter_0000001022,"InChI=1S/C43H48O24/c1-15-29(48)33(52)37(56)41(62-15)61-14-26-31(50)34(53)38(57)42(66-26)63-18-11-21(46)28-24(12-18)64-40(36(55)32(28)51)17-5-7-22(20(45)10-17)65-43-39(58)35(54)30(49)25(67-43)13-60-27(47)8-4-16-3-6-19(44)23(9-16)59-2/h3-12,15,25-26,29-31,33-35,37-39,41-46,48-50,52-58H,13-14H2,1-2H3",COc1cc(C=CC(=O)OCC2OC(Oc3ccc(-c4oc5cc(OC6OC(COC7OC(C)C(O)C(O)C7O)C(O)C(O)C6O)cc(O)c5c(=O)c4O)cc3O)C(O)C(O)C2O)ccc1O
Inter_0000001023,"InChI=1S/C16H24N2O15P2/c17-14(23)7-2-1-3-18(4-7)15-12(21)10(19)8(31-15)5-29-34(25,26)33-35(27,28)30-6-9-11(20)13(22)16(24)32-9/h1-4,8-13,15-16,19-22,24H,5-6H2,(H3-,17,23,25,26,27,28)/p+1/t8-,9-,10-,11-,12-,13-,15-,16-/m1/s1",N=C(O)c1ccc[n+]([C@@H]2O[C@H](COP(=O)(O)OP(=O)(O)OC[C@H]3O[C@@H](O)[C@H](O)[C@@H]3O)[C@@H](O)[C@H]2O)c1
Inter_0000001024,"InChI=1S/C24H43O24P/c25-1-6-10(28)14(32)16(34)22(44-6)46-19-12(30)7(2-26)43-21(18(19)36)41-3-8-11(29)15(33)17(35)23(45-8)48-24(5-27)20(37)13(31)9(47-24)4-42-49(38,39)40/h6-23,25-37H,1-5H2,(H2,38,39,40)/t6?,7-,8-,9-,10?,11-,12+,13-,14?,15+,16?,17-,18-,19+,20+,21+,22?,23-,24+/m1/s1",O=P(O)(O)OC[C@H]1O[C@@](CO)(O[C@H]2O[C@H](CO[C@H]3O[C@H](CO)[C@H](O)[C@H](OC4OC(CO)C(O)C(O)C4O)[C@H]3O)[C@@H](O)[C@H](O)[C@H]2O)[C@@H](O)[C@@H]1O
Inter_0000001025,"InChI=1S/C6H14O12P2/c7-1-4(18-20(14,15)16)6(10)5(9)3(8)2-17-19(11,12)13/h1,3-6,8-10H,2H2,(H2,11,12,13)(H2,14,15,16)/t3-,4+,5+,6-/m0/s1",O=C[C@@H](OP(=O)(O)O)[C@H](O)[C@H](O)[C@@H](O)COP(=O)(O)O
Inter_0000001026,"InChI=1S/C18H27N2O9PS/c1-18(2,11-29-30(26,27)28)15(23)16(24)20-8-7-14(22)19-9-10-31-17(25)12-3-5-13(21)6-4-12/h3-6,15,21,23H,7-11H2,1-2H3,(H,19,22)(H,20,24)(H2,26,27,28)/p+1/t15-/m0/s1",CC(C)(COP(=O)(O)O)[C@@H](O)C(O)=NCCC(O)=[NH+]CCSC(=O)c1ccc(O)cc1
Inter_0000001027,"InChI=1S/C35H55N5O14P2/c1-19(10-13-35(5)20(2)8-9-21-22(35)7-6-12-34(21,3)4)11-14-39-17-38-31-25(30(39)36)37-18-40(31)32-28(43)26(41)23(52-32)15-50-55(46,47)54-56(48,49)51-16-24-27(42)29(44)33(45)53-24/h9,11,17-18,20,22-24,26-29,32-33,36,41-45H,6-8,10,12-16H2,1-5H3,(H,46,47)(H,48,49)/t20?,22?,23-,24-,26-,27-,28-,29-,32-,33-,35?/m1/s1",CC(=CCn1cnc2c(ncn2[C@@H]2O[C@H](COP(=O)(O)OP(=O)(O)OC[C@H]3O[C@@H](O)[C@H](O)[C@@H]3O)[C@@H](O)[C@H]2O)c1=N)CCC1(C)C(C)CC=C2C1CCCC2(C)C
Inter_0000001028,"InChI=1S/C36H58N6O12P2/c1-20(11-14-36(6)21(2)9-10-23-24(36)8-7-13-35(23,4)5)12-15-41-18-40-33-28(32(41)38)39-19-42(33)34-31(45)30(44)26(52-34)17-50-55(46,47)54-56(48,49)53-27-16-25(37)29(43)22(3)51-27/h10,12,18-19,21-22,24-27,29-31,34,38,43-45H,7-9,11,13-17,37H2,1-6H3,(H,46,47)(H,48,49)/t21?,22?,24?,25?,26?,27?,29?,30?,31-,34?,36?/m1/s1",CC(=CCn1cnc2c(ncn2C2OC(COP(=O)(O)OP(=O)(O)OC3CC(N)C(O)C(C)O3)C(O)[C@H]2O)c1=N)CCC1(C)C(C)CC=C2C1CCCC2(C)C
