ID,Nombre,SMILES,MNX_ID,InChI,Pathway1,Pathway2,Pathway3,Pathway4,Pathway5,engineered pathway,PMID1,KEGG_ID
0,Sucrose,OCC1OC(OC2(CO)OC(CO)C(O)C2O)C(O)C(O)C1O,MNXM1104180,"InChI=1S/C12H22O11/c13-1-4-6(16)8(18)9(19)11(21-4)23-12(3-15)10(20)7(17)5(2-14)22-12/h4-11,13-20H,1-3H2/t4-,5-,6-,7-,8+,9-,10+,11-,12+/m1/s1",,,,,,,,
1,Galactose,OC[C@H]1OC(O)[C@H](O)[C@@H](O)[C@H]1O,MNXM1108176,"InChI=1S/C6H12O6/c7-1-2-3(8)4(9)5(10)6(11)12-2/h2-11H,1H2/t2-,3+,4+,5-,6?/m1/s1",,,,,,,,
2,Arabinose,OC1OC[C@H](O)[C@H](O)[C@H]1O,MNXM461,"InChI=1S/C5H10O5/c6-2-1-10-5(9)4(8)3(2)7/h2-9H,1H2/t2-,3-,4+,5?/m0/s1",,,,,,,,
3,Glucose,OC[C@H]1OC(O)[C@H](O)[C@@H](O)[C@@H]1O,MNXM7381,"InChI=1S/C6H12O6/c7-1-2-3(8)4(9)5(10)6(11)12-2/h2-11H,1H2/t2-,3-,4+,5-,6?/m1/s1  ",,,,,,,,
4,Fructose,OCC1(O)OC[C@@H](O)[C@@H](O)[C@@H]1O,MNXM729613,"InChI=1S/C6H12O6/c7-2-6(11)5(10)4(9)3(8)1-12-6/h3-5,7-11H,1-2H2/t3-,4-,5+,6?/m1/s1",,,,,,,,
5,Xylose,OC1OC[C@@H](O)[C@H](O)[C@H]1O,MNXM169454,"InChI=1S/C5H10O5/c6-2-1-10-5(9)4(8)3(2)7/h2-9H,1H2/t2-,3+,4-,5?/m1/s1  ",,,,,,,,
6,D-Glucaric acid,O=C(O)[C@@H](O)[C@@H](O)[C@H](O)[C@@H](O)C(=O)O,MNXM1107695,"InChI=1S/C6H10O8/c7-1(3(9)5(11)12)2(8)4(10)6(13)14/h1-4,7-10H,(H,11,12)(H,13,14)/t1-,2-,3-,4+/m0/s1 ",,,,,,,,
7,Adipic acid,O=C(O)CCCCC(=O)O,MNXM2800,"InChI=1S/C6H10O4/c7-5(8)3-1-2-4-6(9)10/h1-4H2,(H,7,8)(H,9,10)  ",MNXM3002:MNXR107392:MNXM835:MNXR107393:MNXM2682:MNXR108397:MNXM1994:MNXR109454:MNXM831:MNXR109317:MNXM2800,MNXM4223:MNXR108178:MNXM2137:MNXR95638:MNXM2339:MNXR109643:MNXM831:MNXR109317:MNXM2800,MNXM8579:MNXR109507:MNXM2339:MNXR109643:MNXM831:MNXR109317:MNXM2800,,,,,
8,Furfuryl alcohol,OCc1ccco1,MNXM54041,"InChI=1S/C5H6O2/c6-4-5-2-1-3-7-5/h1-3,6H,4H2",,,,,,,,
9,UDP-Glucose,O=c1nc(O)ccn1[C@@H]1O[C@H](COP(=O)(O)OP(=O)(O)OC2O[C@H](CO)[C@@H](O)[C@H](O)[C@H]2O)[C@@H](O)[C@H]1O,MNXM739639,"InChI=1S/C15H24N2O17P2/c18-3-5-8(20)10(22)12(24)14(32-5)33-36(28,29)34-35(26,27)30-4-6-9(21)11(23)13(31-6)17-2-1-7(19)16-15(17)25/h1-2,5-6,8-14,18,20-24H,3-4H2,(H,26,27)(H,28,29)(H,16,19,25)/t5-,6-,8-,9-,10+,11-,12-,13-,14?/m1/s1 ",,,,,,,,
10,Furfural,O=Cc1ccco1,MNXM54039,InChI=1S/C5H4O2/c6-4-5-2-1-3-7-5/h1-4H  ,,,,,,,,
11,Dienediol,OC=C1C=CC(O)(CO)O1,,,,,,,,,,
12,3-Ketoglucose,O=C1[C@@H](O)C(O)O[C@H](CO)[C@H]1O,,,,,,,,,,
13,Xylitol,OC[C@@H](O)[C@H](O)[C@@H](O)CO,MNXM737068,"InChI=1S/C5H12O5/c6-1-3(8)5(10)4(9)2-7/h3-10H,1-2H2/t3-,4+,5+",MNXM734574:MNXR146762:MNXM737068,,,,,,,
14,"D-Xylono-1,4-lactone",O=C1O[C@H](CO)[C@H](O)[C@H]1O,MNXM4559,"InChI=1S/C5H8O5/c6-1-2-3(7)4(8)5(9)10-2/h2-4,6-8H,1H2/t2-,3+,4-/m1/s1",MNXM734574:MNXR106988:MNXM4559,,,,,,,
15,"2,5-Bis-(hydroxymethyl)-furan",OCc1ccc(CO)o1,MNXM9777,"InChI=1S/C6H8O3/c7-3-5-1-2-6(4-8)9-5/h1-2,7-8H,3-4H2 ",,,,,,,,
16,UDP-Rhamnose,C[C@@H]1O[C@H](OP(=O)(O)OP(=O)(O)OC[C@H]2O[C@@H](n3ccc(O)nc3=O)[C@H](O)[C@@H]2O)[C@H](O)[C@H](O)[C@H]1O,MNXM739257,"InChI=1S/C15H24N2O16P2/c1-5-8(19)10(21)12(23)14(30-5)32-35(27,28)33-34(25,26)29-4-6-9(20)11(22)13(31-6)17-3-2-7(18)16-15(17)24/h2-3,5-6,8-14,19-23H,4H2,1H3,(H,25,26)(H,27,28)(H,16,18,24)/p-2/t5-,6+,8-,9+,10+,11+,12+,13+,14+/m0/s1",,,,,,,,
17,5-Chloromethylfurfural,O=Cc1ccc(CCl)o1,,"InChI=1S/C6H5ClO2/c7-3-5-1-2-6(4-8)9-5/h1-2,4H,3H2",,,,,,,,
18,Naringenin 4'-O-glucoside,O=C1C[C@@H](C2=CC=C(O[C@@H]3O[C@H](CO)[C@@H](O)[C@H](O)[C@H]3O)C=C2)OC2=C1C(O)=CC(O)=C2,MNXM64243,"InChI=1S/C21H22O10/c22-8-16-18(26)19(27)20(28)21(31-16)29-11-3-1-9(2-4-11)14-7-13(25)17-12(24)5-10(23)6-15(17)30-14/h1-6,14,16,18-24,26-28H,7-8H2/t14?,16-,18-,19+,20-,21-/m1/s1",MNXM731284:MNXR144168:MNXM739639:MNXR143637:MNXM64243,,,,,,,
19,5-Hydroxymethylfurfural,O=Cc1ccc(CO)o1,MNXM10320,"InChI=1S/C6H6O3/c7-3-5-1-2-6(4-8)9-5/h1-3,8H,4H2 ",,,,,,,,
20,"2,5-Furandicarboxylic acid",O=C(O)c1ccc(C(=O)O)o1,MNXM34581,"InChI=1S/C6H4O5/c7-5(8)3-1-2-4(11-3)6(9)10/h1-2H,(H,7,8)(H,9,10)",,,,,,,,
21,Kojic acid,O=c1cc(CO)occ1O,MNXM59152,"InChI=1S/C6H6O4/c7-2-4-1-5(8)6(9)3-10-4/h1,3,7,9H,2H2",,,,,,,,
22,D-Xylonic acid,O=C(O)[C@H](O)[C@@H](O)[C@H](O)CO,MNXM1105052,"InChI=1S/C5H10O6/c6-1-2(7)3(8)4(9)5(10)11/h2-4,6-9H,1H2,(H,10,11)/p-1/t2-,3+,4-/m1/s1",MNXM734574:MNXR106988:MNXM4559:MNXR147658:MNXM1105052,,,,,,,
23,Glycolic acid,O=C(O)CO,MNXM222,"InChI=1S/C2H4O3/c3-1-2(4)5/h3H,1H2,(H,4,5)/p-1",MNXM734574:MNXR106988:MNXM4559:MNXR147658:MNXM110552:MNXR147660:MNXM727325:MNXR147418:MNXM6923:MNXR100060:MNXM222,MNXM734590:MNXR100060:MNXM222,MNXM1468:MNXR109458:MNXM222,MNXM11726:MNXR123397:MNXM222,MNXM2074:MNXR102543:MNXM222,,,
24,Terphthalic acid,C1=CC(=CC=C1C(=O)O)C(=O)O,,"InChI=1S/C8H6O4/c9-7(10)5-1-2-6(4-3-5)8(11)12/h1-4H,(H,9,10)(H,11,12)",,,,,,,,
25,Tricabonyl intermediate,CC(=O)C=CC(=O)C=O,,,,,,,,,,
26,"Dimethyl 2,5-furandicarboxylic acid",Cc1c(C(=O)O)oc(C(=O)O)c1C,,"InChI=1S/C8H8O5/c1-3-4(2)6(8(11)12)13-5(3)7(9)10/h1-2H3,(H,9,10)(H,11,12) ",,,,,,,,
27,Ethylene glycol,OCCO,MNXM1107139,"InChI=1S/C2H6O2/c3-1-2-4/h3-4H,1-2H2",MNXM46:MNXR190844:MNXM1107753:MNXR154367:MNXM1092518:MNXR191427:MNXM89661:MNXR191123:MNXM69:MNXR100338:MNXM222:MNXR100060:MNXM734590:MNXR107167:MNXM1107139,MNXM734573:MNXR118487:MNXM1105052:MNXR147660:MNXM727325:MNXR147417:MNXM734590:MNXR118488:MNXM1107139,,,,,,
28,Quercetin 7-O-rhamnoside,C[C@@H]1O[C@@H](Oc2cc(O)c3c(=O)c(O)c(-c4ccc(O)c(O)c4)oc3c2)[C@H](O)[C@H](O)[C@H]1O,MNXM160727,"InChI=1S/C21H20O11/c1-7-15(25)17(27)19(29)21(30-7)31-9-5-12(24)14-13(6-9)32-20(18(28)16(14)26)8-2-3-10(22)11(23)4-8/h2-7,15,17,19,21-25,27-29H,1H3/t7-,15-,17+,19+,21-/m0/s1",MNXM731284:MNXR144168:MNXM739639:MNXR152275:MNXM733484:MNXR150391:MNXM731133:MNXR151193:MNXM1104675:MNXR122209:MNXM160727,,,,,,,
29,Levulinic acid,CC(=O)CCC(=O)[O-],MNXM37702,"InChI=1S/C5H8O3/c1-4(6)2-3-5(7)8/h2-3H2,1H3,(H,7,8)/p-1",,,,,,,,
30,4-Hydroxyvaleric acid,CC(O)CCC(=O)O,,"InChI=1S/C5H10O3/c1-4(6)2-3-5(7)8/h4,6H,2-3H2,1H3,(H,7,8)",,,,,,,,
31,"1,2,4-Butanetriol",OCCC(O)CO,MNXM149923,"InChI=1S/C4H10O3/c5-2-1-4(7)3-6/h4-7H,1-3H2",,,,,,,,
32,"1,4-Butanediol",OCCCCO,MNXM16407,"InChI=1S/C4H10O2/c5-3-1-2-4-6/h5-6H,1-4H2",,,,,,,,
33,Beta-Angelica lactone,CC1C=CC(=O)O1,MNXM735617,"InChI=1S/C5H6O2/c1-4-2-3-5(6)7-4/h2-4H,1H3",,,,,,,,
34,4-Valerolactone,CC1CCC(=O)O1,MNXM733968,"InChI=1S/C5H8O2/c1-4-2-3-5(6)7-4/h4H,2-3H2,1H3",,,,,,,,
35,3-Hydroxytetrahydrofuran,C1COCC1O,,"InChI=1S/C4H8O2/c5-4-1-2-6-3-4/h4-5H,1-3H2 ",,,,,,,,
36,Fosamprenavir,CC(C)CN(C[C@@H](OP(=O)(O)O)[C@H](Cc1ccccc1)N=C(O)O[C@H]1CCOC1)S(=O)(=O)c1ccc(N)cc1,MNXM53829,"InChI=1S/C25H36N3O9PS/c1-18(2)15-28(39(33,34)22-10-8-20(26)9-11-22)16-24(37-38(30,31)32)23(14-19-6-4-3-5-7-19)27-25(29)36-21-12-13-35-17-21/h3-11,18,21,23-24H,12-17,26H2,1-2H3,(H,27,29)(H2,30,31,32)/t21-,23-,24+/m0/s1",,,,,,,,
37,"3,4-Epoxytetrahydrofuran",C1C2C(O2)CO1,,"InChI=1S/C4H6O2/c1-3-4(6-3)2-5-1/h3-4H,1-2H2",,,,,,,,
38,trans-4-Amino-3-hydroxytetrahydrofuran,C1C(C(CO1)O)N.C1C(C(CO1)O)N.Cl.Cl  ,,"InChI=1S/2C4H9NO2.2ClH/c2*5-3-1-7-2-4(3)6;;/h2*3-4,6H,1-2,5H2;2*1H ",,,,,,,,
39,Phenol,Oc1ccccc1,MNXM320,"InChI=1S/C6H6O/c7-6-4-2-1-3-5-6/h1-5,7H",MNXM258:MNXR97218:MNXM1219:MNXR153355:MNXM736875:MNXR153360:MNXM611:MNXR104378:MNXM602:MNXR104379:MNXM1265:MNXR103226:MNXM1365:MNXR96709:MNXM337:MNXR153201:MNXM737313:MNXR146104:MNXM153:MNXR105000:MNXM76:MNXR106655:MNXM320,MNXM1651:MNXR113427:MNXM320,,,,,,
40,Diphenolic acid,CC(CCC(=O)O)(c1ccc(O)cc1)c1ccc(O)cc1,MNXM51151,"InChI=1S/C17H18O4/c1-17(11-10-16(20)21,12-2-6-14(18)7-3-12)13-4-8-15(19)9-5-13/h2-9,18-19H,10-11H2,1H3,(H,20,21)",,,,,,,,
41,Bisphenol A,CC(C)(c1ccc(O)cc1)c1ccc(O)cc1,MNXM2643,"InChI=1S/C15H16O2/c1-15(2,11-3-7-13(16)8-4-11)12-5-9-14(17)10-6-12/h3-10,16-17H,1-2H3",MNXM9942:MNXR110604:MNXM6768:MNXR110605:MNXM6769:MNXR110606:MNXM6831:MNXR110607:MNXM2643,,,,,,,
42,Propanol,CCCO,MNXM6396,"InChI=1S/C3H8O/c1-2-3-4/h4H,2-3H2,1H3",MNXM23:MNXR180219:MNXM733758:MNXR147311:MNXM726793:MNXR145414:MNXM1104673:MNXR102415:MNXM1106156:MNXR101664:MNXM821:MNXR95727:MNXM6396,MNXM1108206:MNXR96085:MNXM1177:MNXR96039:MNXM361:MNXR100735:MNXM353:MNXR100737:MNXM1334:MNXR104846:MNXM142:MNXR104714:MNXM159:MNXR147113:MNXM1499:MNXR95897:MNXM356:MNXR95221:MNXM1106156:MNXR101664:MNXM821:MNXR95727:MNXM6396,MNXM77:MNXR101551:MNXM310:MNXR114036:MNXM1744:MNXR114035:MNXM1118:MNXR107474:MNXM821:MNXR95727:MNXM6396,MNXM77:MNXR101551:MNXM310:MNXR145409:MNXM732880:MNXR107413:MNXM1118:MNXR107474:MNXM821:MNXR95727:MNXM6396,,,,
43,Methylacrylate,COC(=O)C=C,,"InChI=1S/C4H6O2/c1-3-4(5)6-2/h3H,1H2,2H3",,,,,,,,
44,4-Hydroxy-2-oxohexanoic acid,CC[C@H](O)CC(=O)C(=O)[O-],MNXM728765,"InChI=1S/C6H10O4/c1-2-4(7)3-5(8)6(9)10/h4,7H,2-3H2,1H3,(H,9,10)/p-1/t4-/m0/s1",MNXM77:MNXR101551:MNXM310:MNXR95788:MNXM1744:MNXR100326:MNXM1118:MNXR103104:MNXM821:MNXR145232:MNXM728765,MNXM77:MNXR101551:MNXM310:MNXR152942:MNXM732881:MNXR95713:MNXM1118:MNXR103104:MNXM821:MNXR145232:MNXM728765,MNXM3685:MNXR146190:MNXM3500:MNXR95030:MNXM4077:MNXR105209:MNXM3331:MNXR103333:MNXM3734:MNXR151547:MNXM731896:MNXR95032:MNXM2927:MNXR151702:MNXM1103979:MNXR192007:MNXM728765,,,,,
45,Acrylic acid,C=CC(=O)[O-],MNXM728199,"InChI=1S/C3H4O2/c1-2-3(4)5/h2H,1H2,(H,4,5)/p-1",MNXM1104266:MNXR188441:MNXM244:MNXR94902:MNXM872:MNXR190438:MNXM1103908:MNXR188239:MNXM1104673:MNXR119750:MNXM1106156:MNXR106755:MNXM1094052:kegg_R13136:MNXM728199,MNXM2864:MNXR107589:MNXM728199,MNXM3208:MNXR95816:MNXM728199,MNXM732935:MNXR109565:MNXM733765:MNXR109505:MNXM6850:MNXR109552:MNXM30800:MNXR109513:MNXM728199,,,,
46,Adiponitrile,C(CCC#N)CC#N,,InChI=1S/C6H8N2/c7-5-3-1-2-4-6-8/h1-4H2,,,,,,,,
47,Methyl aminolevulinate,COC(=O)CCC(=O)CN,MNXM106612,"InChI=1S/C6H11NO3/c1-10-6(9)3-2-5(8)4-7/h2-4,7H2,1H3 ",,,,,,,,
48,"4,5-Dioxopentanoate",O=CC(=O)CCC(=O)[O-],MNXM4353,"InChI=1S/C5H6O4/c6-3-4(7)1-2-5(8)9/h3H,1-2H2,(H,8,9)/p-1",MNXM727604:MNXR102527:MNXM541:MNXR103225:MNXM379:MNXR103260:MNXM737787:MNXR100142:MNXM29:MNXR95695:MNXM405:MNXR107421:MNXM4353,,,,,,,
49,3-Hydroxypropionic acid,O=C(O)CCO,MNXM872,"InChI=1S/C3H6O3/c4-2-1-3(5)6/h4H,1-2H2,(H,5,6)/p-1",MNXM158:MNXR150697:MNXM4213:MNXR146719:MNXM3415:MNXR94854:MNXM244:MNXR101737:MNXM872,MNXM144:MNXR95862:MNXM244:MNXR101737:MNXM872,MNXM1106156:MNXR119750:MNXM1104673:MNXR188239:MNXM1103908:MNXR190438:MNXM872,,,,,
50,Acrylonitrile,C=CC#N,MNXM4430,"InChI=1S/C3H3N/c1-2-3-4/h2H,1H2",,,,,,,,
51,Malonic acid,O=C(O)CC(=O)O,MNXM730881,"InChI=1S/C3H4O4/c4-2(5)1-3(6)7/h1H2,(H,4,5)(H,6,7)/p-2",MNXM144:MNXR95865:MNXM244:MNXR107084:MNXM730881,MNXM158:MNXR191810:MNXM1105973:MNXR192096:MNXM1891:MNXR111231:MNXM730881,,,,,,
52,4-Hydroxy-3-hexanone,CCC(=O)C(O)CC,MNXM4367,"InChI=1S/C6H12O2/c1-3-5(7)6(8)4-2/h5,7H,3-4H2,1-2H3",MNXM77:MNXR101551:MNXM310:MNXR95788:MNXM1744:MNXR114035:MNXM1118:MNXR103104:MNXM821:MNXR106349:MNXM4367,MNXM77:MNXR101551:MNXM310:MNXR152942:MNXM732881:MNXR95713:MNXM1118:MNXR103104:MNXM821:MNXR106349:MNXM4367,,,,,,
53,"1,3-Propanediol",OCCCO,MNXM2861,"InChI=1S/C3H8O2/c4-2-1-3-5/h4-5H,1-3H2",MNXM77:MNXR97364:MNXM460:MNXR100326:MNXM89612:MNXR100324:MNXM1526:MNXR94691:MNXM2861,MNXM727604:MNXR100328:MNXM189:MNXR100310:MNXM435:MNXR95711:MNXM89612:MNXR100324:MNXM1526:MNXR94691:MNXM2861,,,,MNXM1137670:MNXR191953:MNXM1105858:MNXR191975:MNXM1107898:MNXR145951:MNXM735818:MNXR153517:MNXM77:MNXR99876:MNXM66:MNXR99894:MNXM89612:MNXR100324:MNXM1526:MNXR123302:MNXM2861,,
54,3-Hydroxypropylamine,NCCCO,MNXM747164,"InChI=1S/C3H9NO/c4-2-1-3-5/h5H,1-4H2",,,,,,,,
55,5-Aminolevulinate,[NH3+]CC(=O)CCC(=O)[O-],MNXM405,"InChI=1S/C5H9NO3/c6-3-4(7)1-2-5(8)9/h1-3,6H2,(H,8,9)",MNXM29:MNXR190650:MNXM405,MNXM741173:MNXR115926:MNXM731033:MNXR115933:MNXM1453:MNXR99850:MNXM405,,,,,,
56,Glycidol,OCC1CO1,MNXM55332,"InChI=1S/C3H6O2/c4-1-3-2-5-3/h3-4H,1-2H2",,,,,,,,
57,Glycine,[NH3+]CC(=O)[O-],MNXM29,"InChI=1S/C2H5NO2/c3-1-2(4)5/h1,3H2,(H,4,5)",MNXM737787:MNXR115952:MNXM29,MNXM69:MNXR95618:MNXM29,MNXM142:MNXR104833:MNXM29,,,,,
58,L-Serine,N[C@@H](CO)C(=O)O,MNXM737787,"InChI=1S/C3H7NO3/c4-2(1-5)3(6)7/h2,5H,1,4H2,(H,6,7)/t2-/m0/s1",MNXM727604:MNXR102527:MNXM541:MNXR103225:MNXM379:MNXR103260:MNXM737787,,,,,,,
59,O-Phospho-L-serine,N[C@@H](COP(=O)(O)O)C(=O)O,MNXM379,"InChI=1S/C3H8NO6P/c4-2(3(5)6)1-10-11(7,8)9/h2H,1,4H2,(H,5,6)(H2,7,8,9)/p-2/t2-/m0/s1",MNXM727604:MNXR102527:MNXM541:MNXR103225:MNXM379,,,,,,,
60,3-Phosphooxypyruvate,O=C(O)C(=O)COP(=O)(O)O,MNXM541,"InChI=1S/C3H5O7P/c4-2(3(5)6)1-10-11(7,8)9/h1H2,(H,5,6)(H2,7,8,9)/p-3",MNXM727604:MNXR102527:MNXM541,,,,,,,
61,Dipropylene glycol,CC(O)COCC(C)O,,,,,,,,,,
62,Propanal,CCC=O,MNXM821,"InChI=1S/C3H6O/c1-2-3-4/h3H,2H2,1H3",MNXM23:MNXR180219:MNXM733758:MNXR147311:MNXM726793:MNXR145414:MNXM1104673:MNXR102415:MNXM1106156:MNXR101664:MNXM821,MNXM1108206:MNXR96085:MNXM1177:MNXR96039:MNXM361:MNXR100735:MNXM353:MNXR100737:MNXM1334:MNXR104846:MNXM142:MNXR104714:MNXM159:MNXR147113:MNXM1499:MNXR95897:MNXM356:MNXR95221:MNXM1106156:MNXR101664:MNXM821,MNXM77:MNXR101551:MNXM310:MNXR114036:MNXM1744:MNXR114035:MNXM1118:MNXR107474:MNXM821,MNXM77:MNXR101551:MNXM310:MNXR145409:MNXM732880:MNXR107413:MNXM1118:MNXR107474:MNXM821,,,,
63,3-Hydroxypropanal,O=CCCO,MNXM1526,"InChI=1S/C3H6O2/c4-2-1-3-5/h2,5H,1,3H2",MNXM89612:MNXR100324:MNXM1526,,,,,MNXM1137670:MNXR191953:MNXM1105858:MNXR191975:MNXM1107898:MNXR145951:MNXM735818:MNXR153517:MNXM77:MNXR99876:MNXM66:MNXR99894:MNXM89612:MNXR100324:MNXM1526,,
64,Epichlorohydrin,ClCC1CO1,MNXM52301,"InChI=1S/C3H5ClO/c4-1-3-2-5-3/h3H,1-2H2",,,,,,,,
65,Glycerol carbonate,C1C(OC(=O)O1)CO,,"InChI=1S/C4H6O4/c5-1-3-2-7-4(6)8-3/h3,5H,1-2H2",,,,,,,,
66,Allyl alcohol,C=CCO,MNXM3212,"InChI=1S/C3H6O/c1-2-3-4/h2,4H,1,3H2",MNXM739745:MNXR143825:MNXM3212,MNXM2345:MNXR108262:MNXM3212,,,,,,
67,Propylene oxide,C[C@@H]1CO1,MNXM3128,"InChI=1S/C3H6O/c1-3-2-4-3/h3H,2H2,1H3/t3-/m1/s1",MNXM2164:MNXR109817:MNXM3128,MNXM2421:MNXR109786:MNXM3128,,,,,,
68,Acetone,CC(C)=O,MNXM398,InChI=1S/C3H6O/c1-3(2)4/h1-2H3,MNXM23:MNXR188684:MNXM1104266:MNXR190494:MNXM725926:MNXR147275:MNXM729595:MNXR95442:MNXM398,MNXM1104266:MNXR190494:MNXM725926:MNXR145223:MNXM1104235:MNXR145225:MNXM729595:MNXR95442:MNXM398,,,,,,
69,Glycerol,OCC(O)CO,MNXM89612,"InChI=1S/C3H8O3/c4-1-3(6)2-5/h3-6H,1-2H2",MNXM739946:MNXR104918:MNXM77:MNXR97364:MNXM460:MNXR100326:MNXM89612,MNXM727604:MNXR100328:MNXM189:MNXR100310:MNXM435:MNXR95711:MNXM89612,MNXM736226:MNXR116740:MNXM636:MNXR113863:MNXM91910:MNXR113881:MNXM7478:MNXR95710:MNXM89612,,,,,
70,Ethanolamine,[NH3+]CCO,MNXM218,"InChI=1S/C2H7NO/c3-1-2-4/h4H,1-3H2/p+1",MNXM727604:MNXR102527:MNXM541:MNXR103225:MNXM379:MNXR103260:MNXM737787:MNXR104335:MNXM218,,,,,,,
71,D-Glyceraldehyde,O=C[C@H](O)CO,MNXM435,"InChI=1S/C3H6O3/c4-1-3(6)2-5/h1,3,5-6H,2H2/t3-/m0/s1",MNXM727604:MNXR100328:MNXM189:MNXR100310:MNXM435,MNXM1734:kegg_R03033:MNXM1627:kegg_R10616:MNXM435,,,,,,
72,D-Glycerate,O=C(O)[C@H](O)CO,MNXM732052,"InChI=1S/C3H6O4/c4-1-2(5)3(6)7/h2,4-5H,1H2,(H,6,7)/p-1/t2-/m1/s1",MNXM435:MNXR113942:MNXM732052,,,,,,,
73,Dermatan,CC(O)=NC1C(O)OC(CO)C(O)C1OC1OC(C(=O)O)C(O)C(O)C1O,MNXM737207,,MNXM741364:MNXR108660:MNXM737207,,,,,,,
74,Chondroitin,CC(O)=NC1C(O)OC(CO)C(O)C1OC1OC(C(=O)O)=CC(O)C1O,MNXM741364,,MNXM733447:MNXR149415:MNXM726724:MNXR115094:MNXM11188:MNXR115095:MNXM730272:MNXR148837:MNXM730349:MNXR115112:MNXM18007:MNXR120018:MNXM148183:MNXR120019:MNXM148368:MNXR_unknown:MNXM741364,,,,,,,
75,Acetol,CC(=O)CO,MNXM1744,"InChI=1S/C3H6O2/c1-3(5)2-4/h4H,2H2,1H3",MNXM739946:MNXR104918:MNXM77:MNXR101551:MNXM310:MNXR95788:MNXM1744,MNXM398:MNXR122406:MNXM1744,MNXM78182:MNXR114022:MNXM3085:MNXR114023:MNXM398:MNXR121004:MNXM1744,,,,,
76,Glycerone,C(C(CO)=O)O,MNXM460,"InChI=1S/C3H6O3/c4-1-3(6)2-5/h4-5H,1-2H2",MNXM739946:MNXR104918:MNXM77:MNXR97364:MNXM460,,,,,,,
77,Glycerol-3-phosphate,O=P(O)(O)OCC(O)CO,MNXM66,"InChI=1S/C3H9O6P/c4-1-3(5)2-9-10(6,7)8/h3-5H,1-2H2,(H2,6,7,8)/p-2/t3-/m1/s1",MNXM739946:MNXR104918:MNXM77:MNXR97364:MNXM460:MNXR100326:MNXM89612:MNXR100348:MNXM66,,,,,,,
78,Uridine diphosphate N-acetylgalactosamine,CC(=O)N[C@H]1[C@@H](OP(=O)([O-])OP(=O)([O-])OC[C@H]2O[C@@H](n3ccc(=O)[nH]c3=O)[C@H](O)[C@@H]2O)O[C@H](CO)[C@H](O)[C@@H]1O,MNXM1100890,"InChI=1S/C17H27N3O17P2/c1-6(22)18-10-13(26)11(24)7(4-21)35-16(10)36-39(31,32)37-38(29,30)33-5-8-12(25)14(27)15(34-8)20-3-2-9(23)19-17(20)28/h2-3,7-8,10-16,21,24-27H,4-5H2,1H3,(H,18,22)(H,29,30)(H,31,32)(H,19,23,28)/p-2/t7-,8-,10-,11+,12-,13-,14-,15-,16-/m1/s1",MNXM1105858:MNXR191975:MNXM1107898:MNXR144996:MNXM1104065:MNXR165973:MNXM5116:MNXR168794:MNXM1105799:MNXR146650:MNXM1100890,,,,,,,
79,Uridine diphosphate glucuronic acid,O=C(O)[C@H]1O[C@H](OP(=O)(O)OP(=O)(O)OC[C@H]2O[C@@H](n3ccc(O)nc3=O)[C@H](O)[C@@H]2O)[C@H](O)[C@@H](O)[C@@H]1O,MNXM1104890,"InChI=1S/C15H22N2O18P2/c18-5-1-2-17(15(26)16-5)12-9(22)6(19)4(32-12)3-31-36(27,28)35-37(29,30)34-14-10(23)7(20)8(21)11(33-14)13(24)25/h1-2,4,6-12,14,19-23H,3H2,(H,24,25)(H,27,28)(H,29,30)(H,16,18,26)/p-3/t4-,6-,7+,8+,9-,10-,11+,12-,14-/m1/s1",MNXM1104702:MNXR152122:MNXM1104890,MNXM1105765:MNXR147333:MNXM1103867:MNXR147282:MNXM1104890,MNXM1105941:MNXR192546:MNXM1105765:MNXR147333:MNXM1103867:MNXR147282:MNXM1104890,,,,,
80,Uridine diphosphate N-acetylglucosamine,CC([O-])=N[C@H]1[C@@H](OP(=O)(O)OP(=O)(O)OC[C@H]2O[C@@H](n3ccc([O-])nc3=O)[C@H](O)[C@@H]2O)O[C@H](CO)[C@@H](O)[C@@H]1O,MNXM1104529,,"InChI=1S/C17H27N3O17P2/c1-6(22)18-10-13(26)11(24)7(4-21)35-16(10)36-39(31,32)37-38(29,30)33-5-8-12(25)14(27)15(34-8)20-3-2-9(23)19-17(20)28/h2-3,7-8,10-16,21,24-27H,4-5H2,1H3,(H,18,22)(H,29,30)(H,31,32)(H,19,23,28)/p-2/t7-,8-,10-,11-,12-,13-,14-,15-,16-/m1/s1",MNXM1105858:MNXR191975:MNXM1107898:MNXR144994:MNXM1104065:MNXR188639:MNXM1104944:MNXR109490:MNXM1105798:MNXR106519:MNXM1104529,,,,,,
81,Dihydroxyacetone phosphate,O=C(CO)COP(=O)(O)O,MNXM77,"InChI=1S/C3H7O6P/c4-1-3(5)2-9-10(6,7)8/h4H,1-2H2,(H2,6,7,8)/p-2",MNXM739946:MNXR146573:MNXM77,MNXM1105933:MNXR118161:MNXM1107574:MNXR109369:MNXM5116:MNXR153723:MNXM731056:MNXR145947:MNXM1103932:MNXR146531:MNXM77,MNXM1104432:MNXR119132:MNXM1106813:MNXR116015:MNXM1103987:MNXR189145:MNXM1107945:MNXR145947:MNXM1103932:MNXR146531:MNXM77,MNXM89612:MNXR100326:MNXM460:MNXR97361:MNXM77,,,,
82,D-Glyceraldehyde 3-phosphate,O=C[C@H](O)COP(=O)(O)O,MNXM739946,"InChI=1S/C3H7O6P/c4-1-3(5)2-9-10(6,7)8/h1,3,5H,2H2,(H2,6,7,8)/p-2/t3-/m0/s1",MNXM1104180:MNXR146419:MNXM729613:MNXR145338:MNXM1104787:MNXR191073:MNXM435:MNXR146588:MNXM739946,MNXM736226:MNXR115902:MNXM728348:MNXR146499:MNXM2011:MNXR138045:MNXM440:MNXR138209:MNXM649:MNXR153443:MNXM739946,,,,,,
83,myo-Inositol,OC1C(O)C(O)C(O)C(O)C1O,MNXM1105941,"InChI=1S/C6H12O6/c7-1-2(8)4(10)6(12)5(11)3(1)9/h1-12H/t1-,2-,3-,4+,5-,6-",MNXM1105855:MNXR101576:MNXM1137716:MNXR145611:MNXM1105941,,,,,,,
84,Methylglyoxal,CC(=O)C=O,MNXM310,"InChI=1S/C3H4O2/c1-3(5)2-4/h2H,1H3",MNXM739946:MNXR104918:MNXM77:MNXR101551:MNXM310,MNXM739946:MNXR140810:MNXM722979:MNXR140159:MNXM310,MNXM398:MNXR122406:MNXM1744:MNXR121044:MNXM164014:MNXR121045:MNXM310,MNXM142:MNXR103402:MNXM114087:MNXR95851:MNXM1106:MNXR95149:MNXM310,,,,
85,Lactaldehyde,CC(O)C=O,MNXM732881,"InChI=1S/C3H6O2/c1-3(5)2-4/h2-3,5H,1H3",MNXM739946:MNXR104918:MNXM77:MNXR101551:MNXM310:MNXR152942:MNXM732881,,,,,,,
86,myo-Inositol 1-phosphate,O=P(O)(O)OC1C(O)C(O)C(O)C(O)C1O,MNXM1137717,"InChI=1S/C6H13O9P/c7-1-2(8)4(10)6(5(11)3(1)9)15-16(12,13)14/h1-11H,(H2,12,13,14)/p-2/t1-,2-,3+,4-,5-,6-/m1/s1",MNXM1105858:MNXR195411:MNXM1137717,MNXM730327:MNXR119981:MNXM1137717,,,,,,
87,N-Acetylglucosamine,CC(O)=N[C@@H]1[C@@H](O)[C@H](O)[C@@H](CO)O[C@H]1O,MNXM97255,"InChI=1S/C8H15NO6/c1-3(11)9-5-7(13)6(12)4(2-10)15-8(5)14/h4-8,10,12-14H,2H2,1H3,(H,9,11)/t4-,5-,6-,7-,8+/m1/s1",MNXM2262:MNXR106862:MNXM97255,,,,,,,
88,Glucose 6-phosphate,O=P(O)(O)OC[C@H]1OC(O)[C@H](O)[C@@H](O)[C@@H]1O,MNXM1105858,"InChI=1S/C6H13O9P/c7-3-2(1-14-16(11,12)13)15-6(10)5(9)4(3)8/h2-10H,1H2,(H2,11,12,13)/t2-,3-,4+,5-,6?/m1/s1",MNXM1104180:MNXR147067:MNXM725920:MNXR153571:MNXM1105858,,MNXM1137670:MNXR191953:MNXM1105858,,,,,
89,3-Phospho-D-glycerate,O=C([O-])C(O)COP(=O)([O-])[O-],MNXM727604,"InChI=1S/C3H7O7P/c4-2(3(5)6)1-10-11(7,8)9/h2,4H,1H2,(H,5,6)(H2,7,8,9)/p-3/t2-/m1/s1",MNXM1105027:MNXR191954:MNXM1105855:MNXR191976:MNXM1107898:MNXR107297:MNXM1106095:MNXR153519:MNXM739946:MNXR147145:MNXM727604,MNXM1105027:MNXR191954:MNXM1105855:MNXR191976:MNXM1107898:MNXR107297:MNXM1106095:MNXR153519:MNXM739946:MNXR191943:MNXM1108073:MNXR191159:MNXM727604,MNXM730218:MNXR145951:MNXM735818:MNXR153517:MNXM739945:MNXR147144:MNXM727604,,,,,
90,Acrylamide,C=CC(=N)O,MNXM3208,"InChI=1S/C3H5NO/c1-2-3(4)5/h2H,1H2,(H2,4,5)",MNXM4430:MNXR109528:MNXM3208,,,,,,,
91,N-Methylolacrylamide,C=CC(O)=NCO,MNXM63880,"InChI=1S/C4H7NO2/c1-2-4(7)5-3-6/h2,6H,1,3H2,(H,5,7)",,,,,,,,
92,4-Methyl-1-pentanol,CC(C)CCCO,MNXM37636,"InChI=1S/C6H14O/c1-6(2)4-3-5-7/h6-7H,3-5H2,1-2H3",,,,,,,,
93,4-Methylpentanoic acid,CC(C)CCC(=O)[O-],MNXM57849,"InChI=1S/C6H12O2/c1-5(2)3-4-6(7)8/h5H,3-4H2,1-2H3,(H,7,8)/p-1",MNXM1106761:MNXR192685:MNXM404:MNXR191188:MNXM1106763:MNXR114757:MNXM57849,MNXM149082:MNXR114757:MNXM57849,,,,,,
94,Isobutyryl-CoA,CC(C)C(=O)SCCN=C(O)CCN=C(O)[C@H](O)C(C)(C)COP(=O)(O)OP(=O)(O)OC[C@H]1O[C@@H](n2cnc3c(N)ncnc32)[C@H](O)[C@@H]1OP(=O)(O)O,MNXM1104531,,"InChI=1S/C25H42N7O17P3S/c1-13(2)24(37)53-8-7-27-15(33)5-6-28-22(36)19(35)25(3,4)10-46-52(43,44)49-51(41,42)45-9-14-18(48-50(38,39)40)17(34)23(47-14)32-12-31-16-20(26)29-11-30-21(16)32/h11-14,17-19,23,34-35H,5-10H2,1-4H3,(H,27,33)(H,28,36)(H,41,42)(H,43,44)(H2,26,29,30)(H2,38,39,40)/p-4",MNXM199:MNXR96230:MNXM732866:MNXR188587:MNXM1104531,,,,,,
95,Isobutyrate,CC(C)C(=O)[O-],MNXM1137660,"InChI=1S/C4H8O2/c1-3(2)4(5)6/h3H,1-2H3,(H,5,6)/p-1",MNXM1106761:MNXR106820:MNXM2297:MNXR122001:MNXM3851:MNXR122002:MNXM1137660,MNXM35207:MNXR117927:MNXM36571:MNXR143843:MNXM734554:MNXR144039:MNXM1137660,,,,,,
96,Isopentane,CCC(C)C,MNXM58110,"InChI=1S/C5H12/c1-4-5(2)3/h5H,4H2,1-3H3",,,,,,,,
97,Acetyl acrylic acid,CC(=O)/C=C\C(=O)[O-],,"InChI=1S/C5H6O3/c1-4(6)2-3-5(7)8/h2-3H,1H3,(H,7,8)/p-1/b3-2-",,,,,,,,
98,Succionitrile,C(CC#N)C#N,,InChI=1S/C4H4N2/c5-3-1-2-4-6/h1-2H2,,,,,,,,
99,propionyl-CoA,CCC(=O)SCCN=C([O-])CCN=C([O-])[C@H](O)C(C)(C)COP(=O)(O)OP(=O)(O)OC[C@H]1O[C@@H](n2cnc3c(N)ncnc32)[C@H](O)[C@@H]1OP(=O)([O-])[O-],MNXM1106156,"InChI=1S/C24H40N7O17P3S/c1-4-15(33)52-8-7-26-14(32)5-6-27-22(36)19(35)24(2,3)10-45-51(42,43)48-50(40,41)44-9-13-18(47-49(37,38)39)17(34)23(46-13)31-12-30-16-20(25)28-11-29-21(16)31/h11-13,17-19,23,34-35H,4-10H2,1-3H3,(H,26,32)(H,27,36)(H,40,41)(H,42,43)(H2,25,28,29)(H2,37,38,39)/p-4/t13-,17-,18-,19+,23-/m1/s1",MNXM23:MNXR180219:MNXM733758:MNXR147311:MNXM726793:MNXR145414:MNXM1104673:MNXR108886:MNXM1106156,MNXM1094052:MNXR190519:MNXM1106156,MNXM1106093:MNXR106663:MNXM244:MNXR101737:MNXM872:MNXR112719:MNXM1103908:MNXR188239:MNXM1104673:MNXR188621:MNXM1106156,,,,,
100,Acrylyl-CoA,C=CC(=O)SCCN=C(O)CCN=C(O)[C@H](O)C(C)(C)COP(=O)(O)OP(=O)(O)OC[C@H]1O[C@@H](n2cnc3c(N)ncnc32)[C@H](O)[C@@H]1OP(=O)(O)O,MNXM1104673,"InChI=1S/C24H38N7O17P3S/c1-4-15(33)52-8-7-26-14(32)5-6-27-22(36)19(35)24(2,3)10-45-51(42,43)48-50(40,41)44-9-13-18(47-49(37,38)39)17(34)23(46-13)31-12-30-16-20(25)28-11-29-21(16)31/h4,11-13,17-19,23,34-35H,1,5-10H2,2-3H3,(H,26,32)(H,27,36)(H,40,41)(H,42,43)(H2,25,28,29)(H2,37,38,39)/p-4/t13-,17-,18-,19+,23-/m1/s1",MNXM23:MNXR180219:MNXM733758:MNXR147311:MNXM726793:MNXR145414:MNXM1104673,,,,,,,
101,Lactyl-CoA,CC(O)C(=O)SCCN=C(O)CCN=C(O)[C@H](O)C(C)(C)COP(=O)(O)OP(=O)(O)OC[C@H]1O[C@@H](n2cnc3c(N)ncnc32)[C@H](O)[C@@H]1OP(=O)(O)O,MNXM726793,"InChI=1S/C24H40N7O18P3S/c1-12(32)23(37)53-7-6-26-14(33)4-5-27-21(36)18(35)24(2,3)9-46-52(43,44)49-51(41,42)45-8-13-17(48-50(38,39)40)16(34)22(47-13)31-11-30-15-19(25)28-10-29-20(15)31/h10-13,16-18,22,32,34-35H,4-9H2,1-3H3,(H,26,33)(H,27,36)(H,41,42)(H,43,44)(H2,25,28,29)(H2,38,39,40)/p-4/t12?,13-,16-,17-,18+,22-/m1/s1",MNXM23:MNXR180219:MNXM733758:MNXR147311:MNXM726793,,,,,,,
102,Lactide,CC1OC(=O)C(C)OC1=O,MNXM18918,"InChI=1S/C6H8O4/c1-3-5(7)10-4(2)6(8)9-3/h3-4H,1-2H3",,,,,,,,
103,Lactic acid,CC(O)C(=O)O,MNXM733758,"InChI=1S/C3H6O3/c1-2(4)3(5)6/h2,4H,1H3,(H,5,6)/p-1",MNXM23:MNXR180219:MNXM733758,,,,,,,
104,Propionic acid,CCC(=O)O,MNXM1094052,"InChI=1S/C3H6O2/c1-2-3(4)5/h2H2,1H3,(H,4,5)/p-1",MNXM738804:MNXR112155:MNXM1454:MNXR114401:MNXM145836:MNXR114398:MNXM159:MNXR106860:MNXM1106156:MNXR188790:MNXM1094052,,,,,,,
105,Propylene,C=CC,MNXM2421,"InChI=1S/C3H6/c1-3-2/h3H,1H2,2H3",MNXM3128:MNXR109786:MNXM2421,,,,,,,
106,Propylene glycol,CC(O)CO,MNXM1118,"InChI=1S/C3H8O2/c1-3(5)2-4/h3-5H,2H2,1H3",MNXM77:MNXR101551:MNXM310:MNXR114036:MNXM1744:MNXR114035:MNXM1118,MNXM77:MNXR101551:MNXM310:MNXR145409:MNXM732880:MNXR107413:MNXM1118,,,,,,
107,2-Acetoxypropanoic acid,CC(=O)OC(C)C(=O)O,,"InChI=1S/C5H8O4/c1-3(5(7)8)9-4(2)6/h3H,1-2H3,(H,7,8)",,,,,,,,
108,"2,3-Pentanedione",CCC(=O)C(C)=O,MNXM73203,"InChI=1S/C5H8O2/c1-3-5(7)4(2)6/h3H2,1-2H3",,,,,,,,
109,Acetaldehyde,CC=O,MNXM75,"InChI=1S/C2H4O/c1-2-3/h2H,1H3",MNXM23:MNXR103379:MNXM75,MNXM1108092:MNXR96457:MNXM75,,,,,,
110,"2,3,5,6-Tetra-methylpyrazine",Cc1nc(C)c(C)nc1C,MNXM131116,InChI=1S/C8H12N2/c1-5-6(2)10-8(4)7(3)9-5/h1-4H3,,,,,,,,
111,(R)-acetoin,CC(=O)[C@@H](C)O,MNXM664,"InChI=1S/C4H8O2/c1-3(5)4(2)6/h3,5H,1-2H3/t3-/m1/s1",MNXM23:MNXR146818:MNXM726861:MNXR113842:MNXM1467:MNXR95419:MNXM664,,,,,,,
112,(S)-Acetoin,CC(=O)[C@H](C)O,MNXM1137654,,"InChI=1S/C4H8O2/c1-3(5)4(2)6/h3,5H,1-2H3/t3-/m0/s1",MNXM23:MNXR146818:MNXM726861:MNXR121834:MNXM1467:MNXR147623:MNXM1137654,,,,,,
113,"Butane-2,3-dione",CC(=O)C(C)=O,MNXM1467,InChI=1S/C4H6O2/c1-3(5)4(2)6/h1-2H3,MNXM23:MNXR146818:MNXM726861:MNXR113842:MNXM1467,,,,,,,
114,"1,3-Butadiene",C=CC=C,MNXM44949,"InChI=1S/C4H6/c1-3-4-2/h3-4H,1-2H2",,,,,,,,
115,"1,3-Butanediol",CC(O)CCO,MNXM44971,"InChI=1S/C4H10O2/c1-4(6)2-3-5/h4-6H,2-3H2,1H3",,,,,,,,
116,Butanone,CCC(C)=O,MNXM146122,"InChI=1S/C4H8O/c1-3-4(2)5/h3H2,1-2H3",,,,,,,,
117,"(S,S)-2,3-Butanediol",C[C@H](O)[C@H](C)O,MNXM3413,"InChI=1S/C4H10O2/c1-3(5)4(2)6/h3-6H,1-2H3/t3-,4-/m0/s1",MNXM23:MNXR146818:MNXM726861:MNXR113842:MNXM1467:MNXR147624:MNXM727663:MNXR147626:MNXM3413,MNXM23:MNXR146818:MNXM726861:MNXR95270:MNXM664:MNXR107845:MNXM727663:MNXR147626:MNXM3413,,,,,,
118,"(R,R)-2,3-butanediol",C[C@@H](O)[C@@H](C)O,MNXM2757,"InChI=1S/C4H10O2/c1-3(5)4(2)6/h3-6H,1-2H3/t3-,4-/m1/s1",MNXM23:MNXR146818:MNXM726861:MNXR95270:MNXM664:MNXR96327:MNXM2757,MNXM23:MNXR146818:MNXM726861:MNXR113842:MNXM1467:MNXR147624:MNXM727663:MNXR107845:MNXM664:MNXR96327:MNXM2757,,,,,,
119,Terephthalic acid,O=C(O)c1ccc(C(=O)O)cc1,MNXM2734,"InChI=1S/C8H6O4/c9-7(10)5-1-2-6(4-3-5)8(11)12/h1-4H,(H,9,10)(H,11,12)/p-2",MNXM740122:kegg_R11540:MNXM162456:MNXM162456:MNXR114834:MNXM2734,,,,,,,
120,p-Xylene,Cc1ccc(C)cc1,MNXM3685,"InChI=1S/C8H10/c1-7-3-5-8(2)6-4-7/h3-6H,1-2H3",,,,,,,,
121,2-Butanol,CCC(C)O,MNXM731152,"InChI=1S/C4H10O/c1-3-4(2)5/h4-5H,3H2,1-2H3",,,,,,,,
122,Methyl isoamyl ketone,CC(C)CCC(=O)C,MNXM99401,"InChI=1S/C7H14O/c1-6(2)4-5-7(3)8/h6H,4-5H2,1-3H3",,,,,,,,
123,2-Ketoisoheptanoate,CC(C)CCC(=O)C(=O)O,,"InChI=1S/C7H12O3/c1-5(2)3-4-6(8)7(9)10/h5H,3-4H2,1-2H3,(H,9,10)",,,,,,,,
124,3-Methyl-1-butanol,CC(C)CCO,MNXM1670,"InChI=1S/C5H12O/c1-5(2)3-4-6/h5-6H,3-4H2,1-2H3",MNXM1106761:MNXR192685:MNXM404:MNXR137950:MNXM1711:MNXR138038:MNXM1670,MNXM23:MNXR146818:MNXM726861:MNXR97523:MNXM734:MNXR97358:MNXM732866:MNXR100879:MNXM730929:MNXR100826:MNXM1706:MNXR100827:MNXM741109:MNXR100878:MNXM1602:MNXR102180:MNXM404:MNXR137950:MNXM1711:MNXR138038:MNXM1670,,,,,,
125,2-Ketoisocaproate,CC(C)CC(=O)C(=O)O,MNXM404,"InChI=1S/C6H10O3/c1-4(2)3-5(7)6(8)9/h4H,3H2,1-2H3,(H,8,9)/p-1",MNXM23:MNXR146818:MNXM726861:MNXR97523:MNXM734:MNXR97358:MNXM732866:MNXR100879:MNXM730929:MNXR100826:MNXM1706:MNXR100827:MNXM741109:MNXR100878:MNXM1602:MNXR102180:MNXM404,,,,,,,
126,2-Acetolactate,CC(=O)C(C)(O)C(=O)O,MNXM726861,"InChI=1S/C5H8O4/c1-3(6)5(2,9)4(7)8/h9H,1-2H3,(H,7,8)/p-1/t5-/m0/s1",MNXM23:MNXR146818:MNXM726861,,,,,,,
127,4-Methyl-2-pentanone,CC(=O)CC(C)C,MNXM61763,"InChI=1S/C6H12O/c1-5(2)4-6(3)7/h5H,4H2,1-3H3",,,,,,,,
128,Diisobutyl ketone,CC(C)CC(=O)CC(C)C,MNXM723351,"InChI=1S/C9H18O/c1-7(2)5-9(10)6-8(3)4/h7-8H,5-6H2,1-4H3",,,,,,,,
129,2-Ketoisovalerate,CC(C)C(=O)C(=O)O,MNXM732866,"InChI=1S/C5H8O3/c1-3(2)4(6)5(7)8/h3H,1-2H3,(H,7,8)/p-1",MNXM23:MNXR146818:MNXM726861:MNXR97523:MNXM734:MNXR97358:MNXM732866,,,,,,,
130,Isovalerate,CC(C)CC(=O)[O-],MNXM1137662,"InChI=1S/C5H10O2/c1-4(2)3-5(6)7/h4H,3H2,1-2H3,(H,6,7)/p-1",MNXM23:MNXR146818:MNXM726861:MNXR97523:MNXM734:MNXR97358:MNXM732866:MNXR100879:MNXM730929:MNXR100826:MNXM1706:MNXR100827:MNXM741109:MNXR100878:MNXM1602:MNXR102180:MNXM404:MNXR137950:MNXM1711:MNXR141429:MNXM1137662,,,,,,,
131,L-Leucine,CC(C)C[C@H](N)C(=O)O,MNXM1106761,"InChI=1S/C6H13NO2/c1-4(2)3-5(7)6(8)9/h4-5H,3,7H2,1-2H3,(H,8,9)/t5-/m0/s1",MNXM23:MNXR146818:MNXM1103847:MNXR173045:MNXM734:MNXR97358:MNXM732866:MNXR188277:MNXM730929:MNXR100826:MNXM1706:MNXR100827:MNXM741109:MNXR100878:MNXM1602:MNXR102180:MNXM404:MNXR192686:MNXM1106761,,,,,,,
132,3-Hydroxyisovalerate,CC(C)(O)CC(=O)[O-],MNXM36533,"InChI=1S/C5H10O3/c1-5(2,8)3-4(6)7/h8H,3H2,1-2H3,(H,6,7)",MNXM23:MNXR146818:MNXM726861:MNXR97523:MNXM734:MNXR97358:MNXM732866:MNXR100879:MNXM730929:MNXR100826:MNXM1706:MNXR100827:MNXM741109:MNXR100878:MNXM1602:MNXR102180:MNXM404:MNXR103504:MNXM36533,,,,,,,
133,L-Valine,CC(C)[C@H](N)C(=O)O,MNXR103504,"InChI=1S/C5H11NO2/c1-3(2)4(6)5(7)8/h3-4H,6H2,1-2H3,(H,7,8)/t4-/m0/s1",MNXM23:MNXR146818:MNXM726861:MNXR97523:MNXM734:MNXR97358:MNXM732866:MNXR96230:MNXM199,,,,,,,
134,Isobutanol,CC(C)CO,MNXM5188,"InChI=1S/C4H10O/c1-4(2)3-5/h4-5H,3H2,1-2H3",MNXM23:MNXR146818:MNXM726861:MNXR97523:MNXM734:MNXR97358:MNXM732866:MNXR94922:MNXM5189:MNXR95719:MNXM5188,,,,,,,
135,Isobutylene,C=C(C)C,MNXM150613,"InChI=1S/C4H8/c1-4(2)3/h1H2,2-3H3",,,,,,,,
136,Isooctene,C=CCCCC(C)C,MNXM58061,"InChI=1S/C8H18/c1-7(2)6-8(3,4)5/h7H,6H2,1-5H3",,,,,,,,
137,Methyl tert-butyl ether,COC(C)(C)C,MNXM61811,"InChI=1S/C5H12O/c1-5(2,3)6-4/h1-4H3",,,,,,,,
138,Ethyl tert-butyl ether,CCOC(C)(C)C,MNXM746493,,"InChI=1S/C6H14O/c1-5-7-6(2,3)4/h5H2,1-4H3",,,,,,,
139,Phosphoenolpyruvate,C=C(OP(=O)(O)O)C(=O)O,MNXM73,"InChI=1S/C3H5O6P/c1-2(3(4)5)9-10(6,7)8/h1H2,(H,4,5)(H2,6,7,8)/p-3",MNXM727604:MNXR102547:MNXM275:MNXR97932:MNXM73,,,,,,,
140,D-Erythrose 4-phosphate,O=C[C@H](O)[C@H](O)COP(=O)(O)O,MNXM258,"InChI=1S/C4H9O7P/c5-1-3(6)4(7)2-11-12(8,9)10/h1,3-4,6-7H,2H2,(H2,8,9,10)/p-2/t3-,4+/m0/s1",MNXM729957:MNXR146354:MNXM145:MNXR152015:MNXM739946:MNXR112107:MNXM258,,,,,,,
141,"Polyamide 6,6",,,,,,,,,,,
142,Hexamethylenediamine,NCCCCCCN,MNXM56426,InChI=1S/C6H16N2/c7-5-3-1-2-4-6-8/h1-8H2/p+2,,,,,,,,
143,"cis, cis-Muconic acid",O=C(O)/C=C\C=C/C(=O)O,MNXM726947,"InChI=1S/C6H6O4/c7-5(8)3-1-2-4-6(9)10/h1-4H,(H,7,8)(H,9,10)/p-2/b3-1-,4-2-",MNXM258:MNXR97218:MNXM1219:MNXR153355:MNXM736875:MNXR153360:MNXM611:MNXR97453:MNXM204:MNXR106706:MNXM731896:MNXR153138:MNXM726947,MNXM1651:MNXR108238:MNXM1731:MNXR106701:MNXM731896:MNXR153138:MNXM726947,MNXM258:MNXR97218:MNXM1219:MNXR153355:MNXM736875:MNXR153360:MNXM611:MNXR104378:MNXM602:MNXR104379:MNXM1265:MNXR103226:MNXM1365:MNXR96709:MNXM337:MNXR153201:MNXM737313:MNXR146104:MNXM153:MNXR105000:MNXM76:MNXR106655:MNXM320:MNXR106703:MNXM731896:MNXR153138:MNXM726947,,,,,
144,Homoeriodictyol chalcone,COc1cc(/C=C/C(=O)c2c(O)cc(O)cc2O)ccc1O,MNXM5784,"InChI=1S/C16H14O6/c1-22-15-6-9(2-4-11(15)18)3-5-12(19)16-13(20)7-10(17)8-14(16)21/h2-8,17-18,20-21H,1H3/b5-3+",MNXM258:MNXR97218:MNXM1219:MNXR153355:MNXM736875:MNXR153360:MNXM611:MNXR104378:MNXM602:MNXR104379:MNXM1265:MNXR103226:MNXM1365:MNXR96709:MNXM337:MNXR153201:MNXM737313:MNXR146104:MNXM153:MNXR105000:MNXM76:MNXR106661:MNXM505:MNXR116661:MNXM726800:MNXR108123:MNXM573:MNXR99582:MNXM406:MNXR111572:MNXM5784,MNXM258:MNXR97218:MNXM1219:MNXR153355:MNXM736875:MNXR153360:MNXM611:MNXR104378:MNXM602:MNXR104379:MNXM1265:MNXR103226:MNXM1365:MNXR96709:MNXM337:MNXR153201:MNXM737313:MNXR146104:MNXM153:MNXR105000:MNXM76:MNXR119056:MNXM279:MNXR119053:MNXM726800:MNXR108123:MNXM573:MNXR99582:MNXM406:MNXR111572:MNXM5784,,,,,,
145,Feruloyl-CoA,COc1cc(/C=C/C(=O)SCCN=C(O)CCN=C(O)[C@H](O)C(C)(C)COP(=O)(O)OP(=O)(O)OC[C@H]2O[C@@H](n3cnc4c(N)ncnc43)[C@H](O)[C@@H]2OP(=O)(O)O)ccc1O,MNXM406,"InChI=1S/C31H44N7O19P3S/c1-31(2,26(43)29(44)34-9-8-21(40)33-10-11-61-22(41)7-5-17-4-6-18(39)19(12-17)52-3)14-54-60(50,51)57-59(48,49)53-13-20-25(56-58(45,46)47)24(42)30(55-20)38-16-37-23-27(32)35-15-36-28(23)38/h4-7,12,15-16,20,24-26,30,39,42-43H,8-11,13-14H2,1-3H3,(H,33,40)(H,34,44)(H,48,49)(H,50,51)(H2,32,35,36)(H2,45,46,47)/p-4/b7-5+/t20-,24-,25-,26+,30-/m1/s1",MNXM258:MNXR97218:MNXM1219:MNXR153355:MNXM736875:MNXR153360:MNXM611:MNXR104378:MNXM602:MNXR104379:MNXM1265:MNXR103226:MNXM1365:MNXR96709:MNXM337:MNXR153201:MNXM737313:MNXR146104:MNXM153:MNXR105000:MNXM76:MNXR106661:MNXM505:MNXR116661:MNXM726800:MNXR108123:MNXM573:MNXR99582:MNXM406,,,,,,,
146,Homoeriodictyol,COc1cc([C@@H]2CC(=O)c3c(O)cc(O)cc3O2)ccc1O,MNXM5783,"InChI=1S/C16H14O6/c1-21-14-4-8(2-3-10(14)18)13-7-12(20)16-11(19)5-9(17)6-15(16)22-13/h2-6,13,17-19H,7H2,1H3/t13-/m0/s1",MNXM258:MNXR97218:MNXM1219:MNXR153355:MNXM736875:MNXR153360:MNXM611:MNXR104378:MNXM602:MNXR104379:MNXM1265:MNXR103226:MNXM1365:MNXR96709:MNXM337:MNXR153201:MNXM737313:MNXR146104:MNXM153:MNXR105000:MNXM76:MNXR106661:MNXM505:MNXR116661:MNXM726800:MNXR108123:MNXM573:MNXR99582:MNXM406:MNXR111572:MNXM5784:MNXR111575:MNXM5783,,,,,,,
147,Coniferyl alcohol,COc1cc(C=CCO)ccc1O,MNXM880,"InChI=1S/C10H12O3/c1-13-10-7-8(3-2-6-11)4-5-9(10)12/h2-5,7,11-12H,6H2,1H3/b3-2+",MNXM258:MNXR97218:MNXM1219:MNXR153355:MNXM736875:MNXR153360:MNXM611:MNXR104378:MNXM602:MNXR104379:MNXM1265:MNXR103226:MNXM1365:MNXR96709:MNXM337:MNXR153201:MNXM737313:MNXR146104:MNXM153:MNXR105000:MNXM76:MNXR106661:MNXM505:MNXR116661:MNXM726800:MNXR108123:MNXM573:MNXR99582:MNXM406:MNXR107366:MNXM858:MNXR107603:MNXM880,,,,,,,
148,Ferulic acid,COc1cc(/C=C/C(=O)O)ccc1O,MNXM573,"InChI=1S/C10H10O4/c1-14-9-6-7(2-4-8(9)11)3-5-10(12)13/h2-6,11H,1H3,(H,12,13)/p-1/b5-3+",MNXM258:MNXR97218:MNXM1219:MNXR153355:MNXM736875:MNXR153360:MNXM611:MNXR104378:MNXM602:MNXR104379:MNXM1265:MNXR103226:MNXM1365:MNXR96709:MNXM337:MNXR153201:MNXM737313:MNXR146104:MNXM153:MNXR105000:MNXM76:MNXR106661:MNXM505:MNXR116661:MNXM726800:MNXR108123:MNXM573,,,,,,,
149,Coniferaldehyde,COc1cc(C=CC=O)ccc1O,MNXM858,"InChI=1S/C10H10O3/c1-13-10-7-8(3-2-6-11)4-5-9(10)12/h2-7,12H,1H3/b3-2+",MNXM258:MNXR97218:MNXM1219:MNXR153355:MNXM736875:MNXR153360:MNXM611:MNXR104378:MNXM602:MNXR104379:MNXM1265:MNXR103226:MNXM1365:MNXR96709:MNXM337:MNXR153201:MNXM737313:MNXR146104:MNXM153:MNXR105000:MNXM76:MNXR106661:MNXM505:MNXR116661:MNXM726800:MNXR108123:MNXM573:MNXR99582:MNXM406:MNXR107366:MNXM858,,,,,,,
150,Rosmarinic acid,O=C(/C=C/c1ccc(O)c(O)c1)O[C@H](Cc1ccc(O)c(O)c1)C(=O)O,MNXM731508,"InChI=1S/C18H16O8/c19-12-4-1-10(7-14(12)21)3-6-17(23)26-16(18(24)25)9-11-2-5-13(20)15(22)8-11/h1-8,16,19-22H,9H2,(H,24,25)/p-1/b6-3+16(18(24)25)9-11-2-5-13(20)15(22)8-11/h1-8,16,19-22H,9H2,(H,24,25)/p-1/b6-3+/t16-/m1/s1",MNXM258:MNXR97218:MNXM1219:MNXR153355:MNXM736875:MNXR153360:MNXM611:MNXR104378:MNXM602:MNXR104379:MNXM1265:MNXR103226:MNXM1365:MNXR96709:MNXM337:MNXR153201:MNXM737313:MNXR146104:MNXM153:MNXR105000:MNXM76:MNXR106661:MNXM505:MNXR116661:MNXM726800:MNXR96446:MNXM443:MNXR141264:MNXM731508,MNXM76:MNXR141023:MNXM279:MNXR107300:MNXM1887:MNXR121985:MNXM2781:MNXR141264:MNXM731508,MNXM76:MNXR105000:MNXM153:MNXR114886:MNXM988:MNXR121980:MNXM8142:MNXR121983:MNXM10183:MNXR144050:MNXM731508,MNXM741664:MNXR106649:MNXM736095:MNXR147592:MNXM505:MNXR190468:MNXM1102789:MNXR121980:MNXM8142:MNXR121981:MNXM10863:MNXR144049:MNXM731508,,,,
151,Caffeic acid,O=C(O)/C=C/c1ccc(O)c(O)c1,MNXM726800,"InChI=1S/C9H8O4/c10-7-3-1-6(5-8(7)11)2-4-9(12)13/h1-5,10-11H,(H,12,13)/p-1/b4-2+",MNXM258:MNXR97218:MNXM1219:MNXR153355:MNXM736875:MNXR153360:MNXM611:MNXR104378:MNXM602:MNXR104379:MNXM1265:MNXR103226:MNXM1365:MNXR96709:MNXM337:MNXR153201:MNXM737313:MNXR146104:MNXM153:MNXR105000:MNXM76:MNXR106661:MNXM505:MNXR116661:MNXM726800,,,,,,,
152,Resveratrol,Oc1ccc(C=Cc2cc(O)cc(O)c2)cc1,MNXM727883,"InChI=1S/C14H12O3/c15-12-5-3-10(4-6-12)1-2-11-7-13(16)9-14(17)8-11/h1-9,15-17H/b2-1+",MNXM1102789:MNXR107088:MNXM727883,,,,,,,
153,Coumaroyl-CoA,CC(C)(COP(=O)(O)OP(=O)(O)OC[C@H]1O[C@@H](n2cnc3c(N)ncnc32)[C@H](O)[C@@H]1OP(=O)(O)O)[C@@H](O)C(O)=NCCC(O)=NCCSC(=O)/C=C/c1ccc(O)cc1,MNXM1102789,"InChI=1S/C30H42N7O18P3S/c1-30(2,25(42)28(43)33-10-9-20(39)32-11-12-59-21(40)8-5-17-3-6-18(38)7-4-17)14-52-58(49,50)55-57(47,48)51-13-19-24(54-56(44,45)46)23(41)29(53-19)37-16-36-22-26(31)34-15-35-27(22)37/h3-8,15-16,19,23-25,29,38,41-42H,9-14H2,1-2H3,(H,32,39)(H,33,43)(H,47,48)(H,49,50)(H2,31,34,35)(H2,44,45,46)/p-4/b8-5+/t19-,23-,24-,25+,29-/m1/s1",MNXM258:MNXR97218:MNXM1219:MNXR153355:MNXM736875:MNXR153360:MNXM611:MNXR104378:MNXM602:MNXR104379:MNXM1265:MNXR103226:MNXM1365:MNXR96709:MNXM337:MNXR153201:MNXM737313:MNXR146104:MNXM153:MNXR105000:MNXM76:MNXR106661:MNXM505:MNXR94998:MNXM1102789,,,,,,,
154,malonyl-CoA,CC(C)(COP(=O)(O)OP(=O)(O)OC[C@H]1O[C@@H](n2cnc3c(N)ncnc32)[C@H](O)[C@@H]1OP(=O)([O-])[O-])[C@@H](O)C([O-])=NCCC([O-])=NCCSC(=O)CC(=O)[O-],MNXM1106093,"InChI=1S/C24H38N7O19P3S/c1-24(2,19(37)22(38)27-4-3-13(32)26-5-6-54-15(35)7-14(33)34)9-47-53(44,45)50-52(42,43)46-8-12-18(49-51(39,40)41)17(36)23(48-12)31-11-30-16-20(25)28-10-29-21(16)31/h10-12,17-19,23,36-37H,3-9H2,1-2H3,(H,26,32)(H,27,38)(H,33,34)(H,42,43)(H,44,45)(H2,25,28,29)(H2,39,40,41)/p-5/t12-,17-,18-,19+,23-/m1/s1",MNXM1102425:MNXR95219:MNXM1106093,,,,,,,
155,p-Coumaric acid,O=C(O)/C=C/c1ccc(O)cc1,MNXM505,"InChI=1S/C9H8O3/c10-8-4-1-7(2-5-8)3-6-9(11)12/h1-6,10H,(H,11,12)/p-1/b6-3+",MNXM258:MNXR97218:MNXM1219:MNXR153355:MNXM736875:MNXR153360:MNXM611:MNXR104378:MNXM602:MNXR104379:MNXM1265:MNXR103226:MNXM1365:MNXR96709:MNXM337:MNXR153201:MNXM737313:MNXR146104:MNXM153:MNXR105000:MNXM76:MNXR106661:MNXM505,,,,,,,
156,Emodin,Cc1cc(O)c2c(c1)C(=O)c1cc(O)cc(O)c1C2=O,MNXM11485,"InChI=1S/C15H10O5/c1-6-2-8-12(10(17)3-6)15(20)13-9(14(8)19)4-7(16)5-11(13)18/h2-5,16-18H,1H3/p-1",MNXM1106093:MNXR_unknown:MNXM1134086:MNXR_unknown:MNXM1114843:MNXR_unknown:MNXM1115092:MNXR_unknown:MNXM11486:MNXR_unknown:MNXM11485,,,,,,,
157,Endocrocin,Cc1cc2c(c(O)c1C(=O)O)C(=O)c1c(O)cc(O)cc1C2=O,MNXM52060,"InChI=1S/C16H10O7/c1-5-2-7-12(14(20)10(5)16(22)23)15(21)11-8(13(7)19)3-6(17)4-9(11)18/h2-4,17-18,20H,1H3,(H,22,23)",,,,,,,,
158,Naringenin chalcone,O=C(C=Cc1ccc(O)cc1)c1c(O)cc(O)cc1O,MNXM727324,"InChI=1S/C15H12O5/c16-10-4-1-9(2-5-10)3-6-12(18)15-13(19)7-11(17)8-14(15)20/h1-8,16-17,19-20H/p-1/b6-3+",MNXM76:MNXR106661:MNXM505:MNXR94998:MNXM264:MNXR107087:MNXM727324,,,,,,,
159,Bisdemethoxycurcumin,O=C(/C=C/c1ccc(O)cc1)CC(=O)/C=C/c1ccc(O)cc1,MNXM738890,"InChI=1S/C19H16O4/c20-16-7-1-14(2-8-16)5-11-18(22)13-19(23)12-6-15-3-9-17(21)10-4-15/h1-12,20-21H,13H2/b11-5+,12-6+",MNXM76:MNXR106661:MNXM505:MNXR94998:MNXM264:MNXR113592:MNXM738890,,,,,,,
160,4-Phenylbutyrate,O=C(O)CCCc1ccccc1,MNXM101990,"InChI=1S/C10H12O2/c11-10(12)8-4-7-9-5-2-1-3-6-9/h1-3,5-6H,4,7-8H2,(H,11,12)",,,,,,,,
161,6-Phenylhexanoate,O=C([O-])CCCCCc1ccccc1,MNXM818749,"InChI=1S/C12H16O2/c13-12(14)10-6-2-5-9-11-7-3-1-4-8-11/h1,3-4,7-8H,2,5-6,9-10H2,(H,13,14)/p-1",,,,,,,,
162,D-Phenylglycine,N[C@@H](C(=O)O)c1ccccc1,MNXM729976,"InChI=1S/C8H9NO2/c9-7(8(10)11)6-4-2-1-3-5-6/h1-5,7H,9H2,(H,10,11)/t7-/m1/s1",MNXM764:EC2.6.1.72:MNXM729976,,,,,,,
163,L-Phenylglycine,N[C@H](C(=O)O)c1ccccc1,MNXM729975,"InChI=1S/C8H9NO2/c9-7(8(10)11)6-4-2-1-3-5-6/h1-5,7H,9H2,(H,10,11)/t7-/m0/s1",,,,,,,,
164,Benzyl chloride,ClCc1ccccc1,MNXM43660,,,,,,,,,
165,Silybin,COc1cc(C2Oc3cc(C4Oc5cc(O)cc(O)c5C(=O)C4O)ccc3OC2CO)ccc1O,MNXM82125,"InChI=1S/C25H22O10/c1-32-17-6-11(2-4-14(17)28)24-20(10-26)33-16-5-3-12(7-18(16)34-24)25-23(31)22(30)21-15(29)8-13(27)9-19(21)35-25/h2-9,20,23-29,31H,10H2,1H3/t20-,23+,24-,25-/m1/s1",,,,,,,,
166,Naringenin,O=C1CC(c2ccc(O)cc2)Oc2cc(O)cc(O)c21,MNXM738152,"InChI=1S/C15H12O5/c16-9-3-1-8(2-4-9)13-7-12(19)15-11(18)5-10(17)6-14(15)20-13/h1-6,13,16-18H,7H2/t13-/m0/s1",MNXM76:MNXR106661:MNXM505:MNXR94998:MNXM264:MNXR107087:MNXM727324:MNXR147667:MNXM738152,,,,,,,
167,Isosilybin,COc1cc(C2Oc3ccc(C4Oc5cc(O)cc(O)c5C(=O)C4O)cc3OC2CO)ccc1O,MNXM58329,"InChI=1S/C25H22O10/c1-32-17-6-11(2-4-14(17)28)24-20(10-26)33-18-7-12(3-5-16(18)34-24)25-23(31)22(30)21-15(29)8-13(27)9-19(21)35-25/h2-9,20,23-29,31H,10H2,1H3/t20?,23-,24?,25+/m0/s1",,,,,,,,
168,Benzaldehyde,O=Cc1ccccc1,MNXM371,InChI=1S/C7H6O/c8-6-7-4-2-1-3-5-7/h1-6H,MNXM726677:MNXR116042:MNXM764:MNXR107162:MNXM371,MNXM741664:MNXR106649:MNXM736095:EC4.1.2:MNXM371,MNXM889:MNXR146745:MNXM562:MNXR96362:MNXM371,,,,,
169,Benzyl alcohol,OCc1ccccc1,MNXM562,"InChI=1S/C7H8O/c8-6-7-4-2-1-3-5-7/h1-5,8H,6H2",MNXM889:MNXR146745:MNXM562,,,,,,,
170,Taxifolin,O=C1c2c(O)cc(O)cc2O[C@H](c2ccc(O)c(O)c2)[C@H]1O,MNXM983,"InChI=1S/C15H12O7/c16-7-4-10(19)12-11(5-7)22-15(14(21)13(12)20)6-1-2-8(17)9(18)3-6/h1-5,14-19,21H/t14-,15+/m0/s1",MNXM76:MNXR106661:MNXM505:MNXR94998:MNXM264:MNXR107087:MNXM727324:MNXR147667:MNXM738152:MNXR147664:MNXM1326:MNXR108319:MNXM983,,,,,,,
171,Eriodictyol,O=C1CC(c2ccc(O)c(O)c2)Oc2cc(O)cc(O)c21,MNXM1326,"InChI=1S/C15H12O6/c16-8-4-11(19)15-12(20)6-13(21-14(15)5-8)7-1-2-9(17)10(18)3-7/h1-5,13,16-19H,6H2/t13-/m0/s1",MNXM76:MNXR106661:MNXM505:MNXR94998:MNXM264:MNXR107087:MNXM727324:MNXR147667:MNXM738152:MNXR147664:MNXM1326,,,,,,,
172,Hippurate,O=C([O-])CN=C(O)c1ccccc1,MNXM1577,"InChI=1S/C9H9NO3/c11-8(12)6-10-9(13)7-4-2-1-3-5-7/h1-5H,6H2,(H,10,13)(H,11,12)/p-1",MNXM1104318:MNXR189131:MNXM1577,MNXM217:MNXR101917:MNXM1577,,,,,,
173,Phenylethanediol,OCC(O)c1ccccc1,MNXM504793,"InChI=1S/C8H10O2/c9-6-8(10)7-4-2-1-3-5-7/h1-5,8-10H,6H2/t8-/m1/s1",MNXM741664:MNXR106649:MNXM736095:MNXR114372:MNXM732935:MNXR149228:MNXM2034:MNXR185770:MNXM504793,,,,,,,
174,Phenethylamine,C([NH3+])CC1(\C=C/C=C\C=1),MNXM660,"InChI=1S/C8H11N/c9-7-6-8-4-2-1-3-5-8/h1-5H,6-7,9H2/p+1",MNXM741664:MNXR102650:MNXM660,,,,,,,
175,Styrene,C=Cc1ccccc1,MNXM732935,"InChI=1S/C8H8/c1-2-8-6-4-3-5-7-8/h2-7H,1H2",MNXM741664:MNXR106649:MNXM736095:MNXR114372:MNXM732935,MNXM2120:MNXR109572:MNXM732935,,,,,,
176,Styrene oxide,c1ccc(C2CO2)cc1,MNXM2034,"InChI=1S/C8H8O/c1-2-4-7(5-3-1)8-6-9-8/h1-5,8H,6H2/t8-/m1/s1",MNXM732935:MNXR192183:MNXM2034,,,,,,,
177,Benzoic acid,O=C(O)c1ccccc1,MNXM217,"InChI=1S/C7H6O2/c8-7(9)6-4-2-1-3-5-6/h1-5H,(H,8,9)/p-1",MNXM741664:MNXR106649:MNXM736095:MNXR107411:MNXM987:MNXR116202:MNXM101834:MNXR116203:MNXM735308:MNXR109642:MNXM732896:MNXR121609:MNXM217,,,,,,,
178,Rosavin,O[C@H]1CO[C@@H](OC[C@H]2O[C@@H](OC/C=C/c3ccccc3)[C@H](O)[C@@H](O)[C@@H]2O)[C@H](O)[C@H]1O,MNXM745848,"InChI=1S/C20H28O10/c21-12-9-28-19(17(25)14(12)22)29-10-13-15(23)16(24)18(26)20(30-13)27-8-4-7-11-5-2-1-3-6-11/h1-7,12-26H,8-10H2/b7-4+/t12-,13+,14-,15+,16-,17+,18+,19-,20+/m0/s1",,,,,,,,
179,trans-Cinnamic acid,O=C(O)/C=C/c1ccccc1,MNXM736095,"InChI=1S/C9H8O2/c10-9(11)7-6-8-4-2-1-3-5-8/h1-7H,(H,10,11)/p-1/b7-6+",MNXM741664:MNXR106649:MNXM736095,,,,,,,
180,Phenylglyoxylate,O=C(O)C(=O)c1ccccc1,MNXM764,"InChI=1S/C8H6O3/c9-7(8(10)11)6-4-2-1-3-5-6/h1-5H,(H,10,11)/p-1",MNXM726677:MNXR148357:MNXM764,MNXM737266:MNXR145883:MNXM1104563:MNXR114952:MNXM2272:MNXR110969:MNXM764,,,,,,
181,Benzyl glucosinolate,O=S(=O)([O-])O/N=C(/Cc1ccccc1)S[C@@H]1O[C@H](CO)[C@@H](O)[C@H](O)[C@H]1O,MNXM734821,"InChI=1S/C14H19NO9S2/c16-7-9-11(17)12(18)13(19)14(23-9)25-10(15-24-26(20,21)22)6-8-4-2-1-3-5-8/h1-5,9,11-14,16-19H,6-7H2,(H,20,21,22)/p-1/b15-10-/t9-,11-,12+,13-,14+/m1/s1",MNXM741664:MNXR117328:MNXM2702:MNXR117329:MNXM2695:MNXR112998:MNXM1108058:MNXR116916:MNXM1106695:MNXR191477:MNXM12636:MNXR116932:MNXM12635:MNXR140229:MNXM2856:MNXR152342:MNXM2115:MNXR108025:MNXM734821,,,,,,,
182,L-Phenylalanine,N[C@@H](Cc1ccccc1)C(=O)O,MNXM741664,"InChI=1S/C9H11NO2/c10-8(9(11)12)6-7-4-2-1-3-5-7/h1-5,8H,6,10H2,(H,11,12)/t8-/m0/s1",MNXM258:MNXR97218:MNXM1219:MNXR153355:MNXM736875:MNXR153360:MNXM611:MNXR104378:MNXM602:MNXR104379:MNXM1265:MNXR103226:MNXM1365:MNXR96709:MNXM337:MNXR153201:MNXM737313:MNXR151442:MNXM730221:MNXR126077:MNXM741664,,,,,,,
183,(S)-Mandelate,O=C([O-])[C@@H](O)c1ccccc1,MNXM726677,"InChI=1S/C8H8O3/c9-7(8(10)11)6-4-2-1-3-5-6/h1-5,7,9H,(H,10,11)/p-1/t7-/m0/s1",MNXM1698:MNXR108427:MNXM726677,,,,,,,
184,Phenylethanol,OCCc1ccccc1,MNXM2476,"InChI=1S/C8H10O/c9-7-6-8-4-2-1-3-5-8/h1-5,9H,6-7H2",MNXM741664:MNXR102650:MNXM660:MNXR102461:MNXM473:MNXR95722:MNXM2476,,,,,,,
185,Phenylacetic acid,O=C(O)Cc1ccccc1,MNXM737265,"InChI=1S/C8H8O2/c9-8(10)6-7-4-2-1-3-5-7/h1-5H,6H2,(H,9,10)/p-1",MNXM741664:MNXR102650:MNXM660:MNXR102461:MNXM473:MNXR152946:MNXM737265,MNXM741664:MNXR147040:MNXM2073:MNXR152978:MNXM737265,,,,,,
186,Phenyl acetaldehyde,O=CCc1ccccc1,MNXM473,"InChI=1S/C8H8O/c9-7-6-8-4-2-1-3-5-8/h1-5,7H,6H2",MNXM741664:MNXR102650:MNXM660:MNXR102461:MNXM473,,,,,,,
187,Phenylpyruvate,O=C(O)C(=O)Cc1ccccc1,MNXM730221,"InChI=1S/C9H8O3/c10-8(9(11)12)6-7-4-2-1-3-5-7/h1-5H,6H2,(H,11,12)/p-1",MNXM258:MNXR97218:MNXM1219:MNXR153355:MNXM736875:MNXR153360:MNXM611:MNXR104378:MNXM602:MNXR104379:MNXM1265:MNXR103226:MNXM1365:MNXR96709:MNXM337:MNXR153201:MNXM737313:MNXR151442:MNXM730221,,,,,,,
188,p-Hydroxystyrene,C=Cc1ccc(O)cc1,MNXM6890,"InChI=1S/C8H8O/c1-2-7-3-5-8(9)6-4-7/h2-6,9H,1H2",MNXM76:MNXR106661:MNXM505:MNXR107848:MNXM6890,,,,,,,
189,Tyramine,NCCc1ccc(O)cc1,MNXM603,"InChI=1S/C8H11NO/c9-6-5-7-1-3-8(10)4-2-7/h1-4,10H,5-6,9H2/p+1",MNXM76:MNXR104990:MNXM603,,,,,,,
190,Toluene,Cc1ccccc1,MNXM889,"InChI=1S/C7H8/c1-7-5-3-2-4-6-7/h2-6H,1H3",MNXM737265:MNXR171412:MNXM889,,,,,,,
191,Prephenic acid,O=C(O)C(=O)CC1(C(=O)O)C=CC(O)C=C1,MNXM737313,"InChI=1S/C10H10O6/c11-6-1-3-10(4-2-6,9(15)16)5-7(12)8(13)14/h1-4,6,11H,5H2,(H,13,14)(H,15,16)/p-2/t6-,10+",MNXM258:MNXR97218:MNXM1219:MNXR153355:MNXM736875:MNXR153360:MNXM611:MNXR104378:MNXM602:MNXR104379:MNXM1265:MNXR103226:MNXM1365:MNXR96709:MNXM337:MNXR153201:MNXM737313,,,,,,,
192,L-DOPA,N[C@@H](Cc1ccc(O)c(O)c1)C(=O)O,MNXM279,"InChI=1S/C9H11NO4/c10-6(9(13)14)3-5-1-2-7(11)8(12)4-5/h1-2,4,6,11-12H,3,10H2,(H,13,14)/t6-/m0/s1",MNXM76:MNXR119056:MNXM279,,,,,,,
193,4-Hydroxyphenylacetic acid,O=C([O-])Cc1ccc(O)cc1,MNXM735208,"InChI=1S/C8H8O3/c9-7-3-1-6(2-4-7)5-8(10)11/h1-4,9H,5H2,(H,10,11)/p-1",MNXM76:MNXR105000:MNXM153:MNXR138953:MNXM735208,,,,,,,
194,L-Tyrosine,N[C@@H](Cc1ccc(O)cc1)C(=O)O,MNXM76,"InChI=1S/C9H11NO3/c10-8(9(12)13)5-6-1-3-7(11)4-2-6/h1-4,8,11H,5,10H2,(H,12,13)/t8-/m0/s1",MNXM258:MNXR97218:MNXM1219:MNXR153355:MNXM736875:MNXR153360:MNXM611:MNXR104378:MNXM602:MNXR104379:MNXM1265:MNXR103226:MNXM1365:MNXR96709:MNXM337:MNXR153201:MNXM737313:MNXR146104:MNXM153:MNXR105000:MNXM76,,,,,,,
195,Dhurrin,N#C[C@@H](O[C@@H]1O[C@H](CO)[C@@H](O)[C@H](O)[C@H]1O)c1ccc(O)cc1,MNXM3012,"InChI=1S/C14H17NO7/c15-5-9(7-1-3-8(17)4-2-7)21-14-13(20)12(19)11(18)10(6-16)22-14/h1-4,9-14,16-20H,6H2/t9-,10-,11-,12+,13-,14-/m1/s1",MNXM76:MNXR124082:MNXM731390:MNXR122015:MNXM2136:MNXR110880:MNXM725973:MNXR114929:MNXM768:MNXR152383:MNXM3012,,,,,,,
196,Dihydrobenzenediol,C1=C[C@H]([C@H](C=C1)O)O,MNXM1731,"InChI=1S/C6H8O2/c7-5-3-1-2-4-6(5)8/h1-8H/t5-,6+",MNXM1651:MNXR108238:MNXM1731,,,,,,,
197,Benzene,c1ccccc1,MNXM1651,InChI=1S/C6H6/c1-2-4-6-5-3-1/h1-6H,MNXM20424:MNXR116239:MNXM1651,MNXM738884:MNXR109660:MNXM739877:MNXR109661:MNXM5548:MNXR109663:MNXM1651,,,,,,
198,Hydroxytyrosol,OCCc1ccc(O)c(O)c1,MNXM56953,"InChI=1S/C8H10O3/c9-4-3-6-1-2-7(10)8(11)5-6/h1-2,5,9-11H,3-4H2",MNXM4964:MNXR119055:MNXM56953,,,,,,,
199,Dopamine,NCCc1ccc(O)c(O)c1,MNXM205,"InChI=1S/C8H11NO2/c9-4-3-6-1-2-7(10)8(11)5-6/h1-2,5,10-11H,3-4,9H2/p+1",MNXM76:MNXR119056:MNXM279:MNXR94896:MNXM205,,,,,,,
200,Tyrosol,OCCc1ccc(O)cc1,MNXM4964,"InChI=1S/C8H10O2/c9-6-5-7-1-3-8(10)4-2-7/h1-4,9-10H,5-6H2",MNXM76:MNXR112689:MNXM153:MNXR108106:MNXM479:MNXR108795:MNXM4964,MNXM76:MNXR105000:MNXM153:MNXR108106:MNXM479:MNXR108795:MNXM4964,,,,,,
201,Protocatechuic acid,O=C([O-])c1ccc(O)c(O)c1,MNXM1137687,"InChI=1S/C7H6O4/c8-5-2-1-4(7(10)11)3-6(5)9/h1-3,8-9H,(H,10,11)/p-1",MNXM258:MNXR97218:MNXM1219:MNXR153355:MNXM736875:MNXR153360:MNXM611:MNXR195433:MNXM1137687,MNXM1459:MNXR108535:MNXM727349:MNXR108658:MNXM1104715:MNXR152692:MNXM164:MNXR195430:MNXM1137687,MNXM7946:MNXR108699:MNXM1301:MNXR115594:MNXM2085:MNXR107657:MNXM577:MNXR105209:MNXM164:MNXR195430:MNXM1137687,,,,,
202,Vanillin,COc1cc(C=O)ccc1O,MNXM754,"InChI=1S/C8H8O3/c1-11-8-4-6(5-9)2-3-7(8)10/h2-5,10H,1H3",MNXM505:MNXR122526:MNXM577:MNXR122527:MNXM2779:MNXR122528:MNXM754,MNXM573:MNXR99582:MNXM406:MNXR109826:MNXM2077:MNXR109827:MNXM754,,,,,,
203,Catechol,Oc1ccccc1O,MNXM731896,"InChI=1S/C6H6O2/c7-5-3-1-2-4-6(5)8/h1-4,7-8H",MNXM1651:MNXR108238:MNXM1731:MNXR106701:MNXM731896,MNXM320:MNXR106703:MNXM731896,MNXM320:MNXR191676:MNXM731896,MNXM455:MNXR106705:MNXM731896,MNXM1137687:MNXR106706:MNXM731896,,,
204,Guaiacol,COc1ccccc1O,MNXM731226,"InChI=1S/C7H8O2/c1-9-7-5-3-2-4-6(7)8/h2-5,8H,1H3",MNXM731896:MNXR163765:MNXM731226,,,,,,,
205,"2-Pyrone-4,6-dicarboxylic acid",O=C(O)c1cc(C(=O)O)oc(=O)c1,MNXM1211,"InChI=1S/C7H4O6/c8-5-2-3(6(9)10)1-4(13-5)7(11)12/h1-2H,(H,9,10)(H,11,12)/p-2",MNXM1137687:MNXR107099:MNXM1800:MNXR108921:MNXM2943:MNXR108783:MNXM1211,MNXM670:MNXR108242:MNXM1211,,,,,,
206,3-Deoxy-D-arabino-heptulosonate-7-phosphate,O=C(O)C(=O)C[C@@H](O)[C@H](O)[C@H](O)COP(=O)(O)O,MNXM1219,"InChI=1S/C7H13O10P/c8-3(1-4(9)7(12)13)6(11)5(10)2-17-18(14,15)16/h3,5-6,8,10-11H,1-2H2,(H,12,13)(H2,14,15,16)/p-3/t3-,5-,6+/m1/s1",MNXM258:MNXR97218:MNXM1219,,,,,,,
207,Danshensu,O=C(O)C(O)Cc1ccc(O)c(O)c1,MNXM2781,"InChI=1S/C9H10O5/c10-6-2-1-5(3-7(6)11)4-8(12)9(13)14/h1-3,8,10-12H,4H2,(H,13,14)/p-1/t8-/m1/s1",MNXM76:MNXR119056:MNXM279:MNXR107300:MNXM1887:MNXR121985:MNXM2781,MNXM76:MNXR119056:MNXM279:MNXR112339:MNXM3476:MNXR112340:MNXM2781,,,,,,
208,4-Aminophenylethanol,Nc1ccc(CCO)cc1,MNXM66186,"InChI=1S/C8H11NO/c9-8-3-1-7(2-4-8)5-6-10/h1-4,10H,5-6,9H2",,,,,,,,
209,4-Aminocinnamic acid,Nc1ccc(C=CC(=O)O)cc1,,"InChI=1S/C9H9NO2/c10-8-4-1-7(2-5-8)3-6-9(11)12/h1-6H,10H2,(H,11,12)/b6-3+",,,,,,,,
210,Menaquinone-7,CC(C)=CCC/C(C)=C/CC/C(C)=C/CC/C(C)=C/CC/C(C)=C/CC/C(C)=C/CC/C(C)=C/CC1=C(C)C(=O)c2ccccc2C1=O,MNXM12236,"InChI=1S/C46H64O2/c1-34(2)18-12-19-35(3)20-13-21-36(4)22-14-23-37(5)24-15-25-38(6)26-16-27-39(7)28-17-29-40(8)32-33-42-41(9)45(47)43-30-10-11-31-44(43)46(42)48/h10-11,18,20,22,24,26,28,30-32H,12-17,19,21,23,25,27,29,33H2,1-9H3/b35-20+,36-22+,37-24+,38-26+,39-28+,40-32+",MNXM337:MNXR100784:MNXM799:MNXR146404:MNXM730933:MNXR150167:MNXM727527:MNXR148516:MNXM1212:MNXR146487:MNXM726805:MNXR110946:MNXM2306:MNXR97413:MNXM552:MNXR122691:MNXM8528:MNXR122692:MNXM12233:MNXR116743:MNXM12236,,,,,,,
211,4-Aminophenylethylamine,C1=CC(=CC=C1CCN)N,,"InChI=1S/C8H12N2/c9-6-5-7-1-3-8(10)4-2-7/h1-4H,5-6,9-10H2",,,,,,,,
212,4-Aminophenylalanine,Nc1ccc(C[C@H](N)C(=O)O)cc1,MNXM735045,"InChI=1S/C9H12N2O2/c10-7-3-1-6(2-4-7)5-8(11)9(12)13/h1-4,8H,5,10-11H2,(H,12,13)/t8-/m0/s1",MNXM337:MNXR95440:MNXM1458:MNXR171302:MNXM746952:MNXR171303:MNXM746953:MNXR171304:MNXM735045,,,,,,,
213,4-Aminophenylacetic acid,Nc1ccc(CC(=O)O)cc1,MNXM165294,"InChI=1S/C8H9NO2/c9-7-3-1-6(2-4-7)5-8(10)11/h1-4H,5,9H2,(H,10,11)/p-1",,,,,,,,
214,4-Aminophenylacetaldehyde,Nc1ccc(CC=O)cc1,,"InChI=1S/C8H9NO/c9-8-3-1-7(2-4-8)5-6-10/h1-4,6H,5,9H2",,,,,,,,
215,3-Dehydroshikimate,O=C(O)C1=CC(=O)[C@@H](O)[C@H](O)C1,MNXM611,"InChI=1S/C7H8O5/c8-4-1-3(7(11)12)2-5(9)6(4)10/h1,5-6,9-10H,2H2,(H,11,12)/p-1/t5-,6-/m1/s1",MNXM258:MNXR97218:MNXM1219:MNXR153355:MNXM736875:MNXR153360:MNXM611,,,,,,,
216,Shikimic acid,O=C(O)C1=C[C@@H](O)[C@@H](O)[C@H](O)C1,MNXM602,"InChI=1S/C7H10O5/c8-4-1-3(7(11)12)2-5(9)6(4)10/h1,4-6,8-10H,2H2,(H,11,12)/p-1/t4-,5-,6-/m1/s1",MNXM258:MNXR97218:MNXM1219:MNXR153355:MNXM736875:MNXR153360:MNXM611:MNXR104378:MNXM602,,,,,,,
217,4-Hydroxyphenyllacticacid,O=C([O-])[C@H](O)Cc1ccc(O)cc1,MNXM988,"InChI=1S/C9H10O4/c10-7-3-1-6(2-4-7)5-8(11)9(12)13/h1-4,8,10-11H,5H2,(H,12,13)/p-1/t8-/m1/s1",MNXM76:MNXR105000:MNXM153:MNXR94842:MNXM988,,,,,,,
218,4-Hydroxymandelic acid,O=C(O)C(O)c1ccc(O)cc1,MNXM4368,"InChI=1S/C8H8O4/c9-6-3-1-5(2-4-6)7(10)8(11)12/h1-4,7,9-10H,(H,11,12)/p-1",MNXM337:MNXR153201:MNXM737313:MNXR146103:MNXM153:MNXR109830:MNXM4368,,,,,,,
219,D-Phenyllacticacid,O=C(O)[C@H](O)Cc1ccccc1,MNXM726663,"InChI=1S/C9H10O3/c10-8(9(11)12)6-7-4-2-1-3-5-7/h1-5,8,10H,6H2,(H,11,12)/t8-/m1/s1",MNXM741664:MNXR126234:MNXM730221:MNXR151467:MNXM726663,,,,,,,
220,Poly(3HB-co-PhLA),,,,,,,,,,,
221,Chorismate,C=C(OC1C=C(C(=O)O)C=CC1O)C(=O)O,MNXM337,"InChI=1S/C10H10O6/c1-5(9(12)13)16-8-4-6(10(14)15)2-3-7(8)11/h2-4,7-8,11H,1H2,(H,12,13)(H,14,15)/p-2/t7-,8-/m1/s1",MNXM258:MNXR97218:MNXM1219:MNXR153355:MNXM736875:MNXR153360:MNXM611:MNXR104378:MNXM602:MNXR104379:MNXM1265:MNXR103226:MNXM1365:MNXR96709:MNXM337,,,,,,,
222,Anthranilate,Nc1ccccc1C(=O)O,MNXM188,"InChI=1S/C7H7NO2/c8-6-4-2-1-3-5(6)7(9)10/h1-4H,8H2,(H,9,10)/p-1",MNXM258:MNXR97218:MNXM1219:MNXR153355:MNXM736875:MNXR153360:MNXM611:MNXR104378:MNXM602:MNXR104379:MNXM1265:MNXR103226:MNXM1365:MNXR96709:MNXM337:MNXR152986:MNXM188,,,,,,,
223,Aniline,Nc1ccccc1,MNXM741,"InChI=1S/C6H7N/c7-6-4-2-1-3-5-6/h1-5H,7H2",MNXM188:MNXR106776:MNXM741,,,,,,,
224,Indolmycin,CN=C1N=C(O)[C@H]([C@H](C)c2c[nH]c3ccccc23)O1,MNXM738367,"InChI=1S/C14H15N3O2/c1-8(12-13(18)17-14(15-2)19-12)10-7-16-11-6-4-3-5-9(10)11/h3-8,12,16H,1-2H3,(H,15,17,18)/p+1/t8-,12+/m1/s1",MNXM337:MNXR152986:MNXM188:MNXR95842:MNXM1489:MNXR103156:MNXM1455:MNXR145290:MNXM730763:MNXR146414:MNXM741554:MNXR113546:MNXM315:MNXR191845:MNXM1105129:MNXR114633:MNXM162759:MNXR120979:MNXM163616:MNXR120980:MNXM1105093:MNXR192318:MNXM1107525,MNXM739527:MNXR120982:MNXM164281:MNXR120979:MNXM163616:MNXR120980:MNXM1105093:MNXR192318:MNXM1107525,,,,,,
225,Methyl-anthranilate,COC(=O)c1ccccc1N,MNXM127933,"InChI=1S/C8H9NO2/c1-11-8(10)6-4-2-3-5-7(6)9/h2-5H,9H2,1H3",MNXM258:MNXR97218:MNXM1219:MNXR153355:MNXM736875:MNXR153360:MNXM611:MNXR104378:MNXM602:MNXR104379:MNXM1265:MNXR103226:MNXM1365:MNXR96709:MNXM337:MNXR152986:MNXM188:MNXR113792:MNXM127933,,,,,,,
226,5-Hydroxytryptophan,NC(Cc1c[nH]c2ccc(O)cc12)C(=O)O,MNXM730546,"InChI=1S/C11H12N2O3/c12-9(11(15)16)3-6-5-13-10-2-1-7(14)4-8(6)10/h1-2,4-5,9,13-14H,3,12H2,(H,15,16)/t9-/m0/s1",MNXM258:MNXR97218:MNXM1219:MNXR153355:MNXM736875:MNXR153360:MNXM611:MNXR104378:MNXM602:MNXR104379:MNXM1265:MNXR103226:MNXM1365:MNXR96709:MNXM337:MNXR152986:MNXM188:MNXR95842:MNXM1489:MNXR103156:MNXM1455:MNXR145290:MNXM730763:MNXR146414:MNXM741554:MNXR152454:MNXM730546,,,,,,,
227,L-Tryptophan,N[C@@H](Cc1c[nH]c2ccccc12)C(=O)O,MNXM741554,"InChI=1S/C11H12N2O2/c12-9(11(14)15)5-7-6-13-10-4-2-1-3-8(7)10/h1-4,6,9,13H,5,12H2,(H,14,15)/t9-/m0/s1",MNXM258:MNXR97218:MNXM1219:MNXR153355:MNXM736875:MNXR153360:MNXM611:MNXR104378:MNXM602:MNXR104379:MNXM1265:MNXR103226:MNXM1365:MNXR96709:MNXM337:MNXR152986:MNXM188:MNXR95842:MNXM1489:MNXR103156:MNXM1455:MNXR145290:MNXM730763:MNXR146414:MNXM741554,,,,,,,
228,4-Hydroxyquinoline,O=c1cc[nH]c2ccccc12,MNXM4798,"InChI=1S/C9H7NO/c11-9-5-6-10-8-4-2-1-3-7(8)9/h1-6H,(H,10,11)",MNXM2153:MNXR109359:MNXM4798,,,,,,,
229,4-Hydroxybenzoicacid,O=C([O-])c1ccc(O)cc1,MNXM164,"InChI=1S/C7H6O3/c8-6-3-1-5(2-4-6)7(9)10/h1-4,8H,(H,9,10)/p-1",MNXM258:MNXR97218:MNXM1219:MNXR153355:MNXM736875:MNXR153360:MNXM611:MNXR104378:MNXM602:MNXR104379:MNXM1265:MNXR103226:MNXM1365:MNXR96709:MNXM337:MNXR96711:MNXM164,MNXM741664:MNXR106649:MNXM736095:MNXR147592:MNXM505:MNXR106914:MNXM164,MNXM1459:MNXR108535:MNXM727349:MNXR108658:MNXM1104715:MNXR152692:MNXM164,MNXM7946:MNXR108699:MNXM1301:MNXR115594:MNXM2085:MNXR107657:MNXM577:MNXR105209:MNXM164,MNXM217:MNXR147210:MNXM164,,,
230,4-Aminobenzoic acid,Nc1ccc(C(=O)O)cc1,MNXM421,"InChI=1S/C7H7NO2/c8-6-3-1-5(2-4-6)7(9)10/h1-4H,8H2,(H,9,10)/p-1",MNXM258:MNXR97218:MNXM1219:MNXR153355:MNXM736875:MNXR153360:MNXM611:MNXR104378:MNXM602:MNXR104379:MNXM1265:MNXR103226:MNXM1365:MNXR96709:MNXM337:MNXR95440:MNXM1458:MNXR95436:MNXM421,,,,,,,
231,Melatonin,COc1ccc2[nH]cc(CCN=C(C)O)c2c1,MNXM726720,"InChI=1S/C13H16N2O2/c1-9(16)14-6-5-10-8-15-13-4-3-11(17-2)7-12(10)13/h3-4,7-8,15H,5-6H2,1-2H3,(H,14,16)",MNXM741554:MNXR152454:MNXM730546:MNXR151808:MNXM357:MNXR146464:MNXM731095:MNXR148028:MNXM726720,MNXM741554:MNXR145476:MNXM806:MNXR122435:MNXM357:MNXR146464:MNXM731095:MNXR148028:MNXM726720,,,,,,
232,Isochorismate,C=C(OC1C=CC=C(C(=O)O)C1O)C(=O)O,MNXM799,"InChI=1S/C10H10O6/c1-5(9(12)13)16-7-4-2-3-6(8(7)11)10(14)15/h2-4,7-8,11H,1H2,(H,12,13)(H,14,15)/p-2/t7-,8-/m0/s1",MNXM337:MNXR100784:MNXM799,,,,,,,
233,Serotonin,NCCc1c[nH]c2ccc(O)cc12,MNXM357,"InChI=1S/C10H12N2O/c11-4-3-7-6-12-10-2-1-8(13)5-9(7)10/h1-2,5-6,12-13H,3-4,11H2/p+1",MNXM741554:MNXR152454:MNXM730546:MNXR151808:MNXM357,MNXM741554:MNXR145476:MNXM806:MNXR122435:MNXM357,,,,,,
234,Hapalindole H,[C-]#[N+][C@@H]1[C@H]2c3c[nH]c4cccc(c34)C(C)(C)[C@@H]2CC[C@]1(C)C=C,MNXM746181,"InChI=1S/C21H24N2/c1-6-21(4)11-10-15-18(19(21)22-5)13-12-23-16-9-7-8-14(17(13)16)20(15,2)3/h6-9,12,15,18-19,23H,1,10-11H2,2-4H3/t15-,18+,19-,21+/m1/s1",MNXM741554:MNXR170768:MNXM746244:MNXR170769:MNXM746176:MNXR165872:MNXM746180:MNXR166673:MNXM746181,,,,,,,
235,Pendolmycin,C=CC(C)(C)c1ccc2c3c(c[nH]c13)C[C@@H](CO)N=C(O)[C@H](C(C)C)N2C,MNXM107625,"InChI=1S/C22H31N3O2/c1-7-22(4,5)16-8-9-17-18-14(11-23-19(16)18)10-15(12-26)24-21(27)20(13(2)3)25(17)6/h7-9,11,13,15,20,23,26H,1,10,12H2,2-6H3,(H,24,27)/t15-,20-/m0/s1",,,,,,,,
236,Deoxyviolacein,O=C1N=c2ccccc2=C1c1cc(-c2c[nH]c3ccccc23)[nH]c1O,MNXM98206,"InChI=1S/C20H13N3O2/c24-19-13(18-12-6-2-4-8-16(12)22-20(18)25)9-17(23-19)14-10-21-15-7-3-1-5-11(14)15/h1-10,21H,(H,22,25)(H,23,24)/b18-13+",MNXM741554:MNXR149189:MNXM726420:MNXR121459:MNXM1100949:MNXR118030:MNXM97268:MNXR118033:MNXM97503:MNXR114433:MNXM98206,,,,,,,
237,Violacein,O=C1N=c2ccccc2=C1c1cc(-c2c[nH]c3ccc(O)cc23)[nH]c1O,MNXM88916,"InChI=1S/C20H13N3O3/c24-10-5-6-15-12(7-10)14(9-21-15)17-8-13(19(25)23-17)18-11-3-1-2-4-16(11)22-20(18)26/h1-9,21,24H,(H,22,26)(H,23,25)/b18-13+",MNXM741554:MNXR149189:MNXM726420:MNXR121459:MNXM1100949:MNXR118030:MNXM97268:MNXR118031:MNXM97338:MNXR118032:MNXM97621:MNXR114436:MNXM88916,,,,,,,
238,5-Methoxytryptamine,COc1ccc2[nH]cc(CCN)c2c1,MNXM6360,"InChI=1S/C11H14N2O/c1-14-9-2-3-11-10(6-9)8(4-5-12)7-13-11/h2-3,6-7,13H,4-5,12H2,1H3",MNXM741554:MNXR152454:MNXM730546:MNXR151808:MNXM357:MNXR107822:MNXM6360,MNXM726720:MNXR116680:MNXM6360,,,,,,
239,Proviolacein,O=C1N=C(c2c[nH]c3ccc(O)cc23)C=C1c1c[nH]c2ccccc12,MNXM98919,"InChI=1S/C20H13N3O2/c24-11-5-6-18-13(7-11)16(10-22-18)19-8-14(20(25)23-19)15-9-21-17-4-2-1-3-12(15)17/h1-10,21-22,24H",MNXM741554:MNXR149189:MNXM726420:MNXR121459:MNXM1100949:MNXR118030:MNXM97268:MNXR118031:MNXM97338:MNXR118035:MNXM98919,,,,,,,
240,Prodeoxyviolacein,O=C1N=C(c2c[nH]c3ccccc23)C=C1c1c[nH]c2ccccc12,MNXM98911,"InChI=1S/C20H13N3O/c24-20-14(15-10-21-17-7-3-1-5-12(15)17)9-19(23-20)16-11-22-18-8-4-2-6-13(16)18/h1-11,21-22H",MNXM741554:MNXR149189:MNXM726420:MNXR121459:MNXM1100949:MNXR118030:MNXM97268:MNXR118034:MNXM98911,,,,,,,
241,Pentadecane,CCCCCCCCCCCCCCC,MNXM725163,"InChI=1S/C15H32/c1-3-5-7-9-11-13-15-14-12-10-8-6-4-2/h3-15H2,1-2H3",MNXM108:Ec4.1.1.106:MNXM725163,,,,,,,
242,3-Methylcatechol,Cc1cccc(O)c1O,MNXM1064,"InChI=1S/C7H8O2/c1-5-3-2-4-6(8)7(5)9/h2-4,8-9H,1H3",MNXM889:MNXR108251:MNXM1952:MNXR108647:MNXM1064,MNXM14303:MNXR122499:MNXM1064,,,,,,
243,Arachidonic acid,CCCCC/C=C\C/C=C\C/C=C\C/C=C\CCCC(=O)[O-],MNXM1107770,"InChI=1S/C20H32O2/c1-2-3-4-5-6-7-8-9-10-11-12-13-14-15-16-17-18-19-20(21)22/h6-7,9-10,12-13,15-16H,2-5,8,11,14,17-19H2,1H3,(H,21,22)/p-1/b7-6-,10-9-,13-12-,16-15-",MNXM1104266:MNXR119773:MNXM1107770,MNXM737355:MNXR146276:MNXM1107770,,,,,,
244,Isoamyl acetate,CC(=O)OCCC(C)C,MNXM7451,"InChI=1S/C7H14O2/c1-6(2)4-5-9-7(3)8/h6H,4-5H2,1-3H3",MNXM1670:MNXR188573:MNXM7451,,,,,,,
245,Triacetic acid lactone,Cc1cc(O)cc(=O)o1,MNXM3376,"InChI=1S/C6H6O3/c1-4-2-5(7)3-6(8)9-4/h2-3,7H,1H3",MNXM1104266:MNXR110312:MNXM3376,,,,,,,
246,Acetyl-CoA,CC(=O)SCCN=C(O)CCN=C(O)[C@H](O)C(C)(C)COP(=O)(O)OP(=O)(O)OC[C@H]1O[C@@H](n2cnc3c(N)ncnc32)[C@H](O)[C@@H]1OP(=O)(O)O,MNXM1104266,"InChI=1S/C23H38N7O17P3S/c1-12(31)51-7-6-25-14(32)4-5-26-21(35)18(34)23(2,3)9-44-50(41,42)47-49(39,40)43-8-13-17(46-48(36,37)38)16(33)22(45-13)30-11-29-15-19(24)27-10-28-20(15)30/h10-11,13,16-18,22,33-34H,4-9H2,1-3H3,(H,25,32)(H,26,35)(H,39,40)(H,41,42)(H2,24,27,28)(H2,36,37,38)/p-4/t13-,16-,17-,18+,22-/m1/s1",MNXM23:MNXR188625:MNXM1102425,MNXM1104965:MNXR96232:MNXM729595:MNXR188565:MNXM1103802:MNXR190494:MNXM1104266,,,,,,
247,Pyruvate,CC(=O)C(=O)O,MNXM23,"InChI=1S/C3H4O3/c1-2(4)3(5)6/h1H3,(H,5,6)/p-1",MNXM73:MNXR103371:MNXM23,,,,,,,
248,"Ribulose-1,5-bisphosphate",O=C(COP(=O)(O)O)C(O)C(O)COP(=O)(O)O,MNXM1106709,"InChI=1S/C5H12O11P2/c6-3(1-15-17(9,10)11)5(8)4(7)2-16-18(12,13)14/h3,5-6,8H,1-2H2,(H2,9,10,11)(H2,12,13,14)/p-4/t3-,5-/m1/s1",MNXM740983:MNXR191186:MNXM1106709,,MNXM1103205:MNXR188738:MNXM740983:MNXR191186:MNXM1106709,,,,,
249,Acetoacetyl-CoA,CC(=O)CC(=O)SCCN=C(O)CCN=C(O)[C@H](O)C(C)(C)COP(=O)(O)OP(=O)(O)OC[C@H]1O[C@@H](n2cnc3c(N)ncnc32)[C@H](O)[C@@H]1OP(=O)(O)O,MNXM1103802,"InChI=1S/C25H40N7O18P3S/c1-13(33)8-16(35)54-7-6-27-15(34)4-5-28-23(38)20(37)25(2,3)10-47-53(44,45)50-52(42,43)46-9-14-19(49-51(39,40)41)18(36)24(48-14)32-12-31-17-21(26)29-11-30-22(17)32/h11-12,14,18-20,24,36-37H,4-10H2,1-3H3,(H,27,34)(H,28,38)(H,42,43)(H,44,45)(H2,26,29,30)(H2,39,40,41)/p-4/t14-,18-,19-,20+,24-/m1/s1",MNXM1104266:MNXR112946:MNXM1103802,MNXM1104965:MNXR96232:MNXM729595:MNXR188565:MNXM1103802,,,,,,
250,Formic acid,O=CO,MNXM39,"InChI=1S/CH2O2/c2-1-3/h1H,(H,2,3)/p-1",MNXM23:MNXR188637:MNXM39,MNXM13:MNXR99475:MNXM39,MNXM291:MNXR102232:MNXM618:MNXR102239:MNXM738242:MNXR99473:MNXM39,,,,,
251,Ethanol,CCO,MNXM1108092,"InChI=1S/C2H6O/c1-2-3/h3H,2H2,1H3",MNXM23:MNXR103379:MNXM75:MNXR95725:MNXM1108092,MNXM23:MNXR188637:MNXM1104266:MNXR190509:MNXM75:MNXR95725:MNXM1108092,,,,,,
252,Acetate,CC(=O)[O-],MNXM26,"InChI=1S/C2H4O2/c1-2(3)4/h1H3,(H,3,4)/p-1",MNXM23:MNXR103379:MNXM75:MNXR95749:MNXM26,MNXM1108092:MNXR96457:MNXM75:MNXR95749:MNXM26,MNXM192:MNXR95186:MNXM172:MNXR145013:MNXM728793:MNXR109494:MNXM26,,,,,
253,Mevalonic acid,CC(O)(CCO)CC(=O)O,MNXM734276,"InChI=1S/C6H12O4/c1-6(10,2-3-7)4-5(8)9/h7,10H,2-4H2,1H3,(H,8,9)/p-1",MNXM1104266:MNXR190494:MNXM725926:MNXR145222:MNXM732189:MNXR107303:MNXM734276,,,,,,,
254,Isoprene,C=CC(=C)C,MNXM3288,"InChI=1S/C5H8/c1-4-5(2)3/h4H,1-2H2,3H3",MNXM1104266:MNXR190494:MNXM725926:MNXR145222:MNXM732189:MNXR107303:MNXM734276:MNXR145601:MNXM738283:MNXR146087:MNXM733934:MNXR153392:MNXM83:MNXR100796:MNXM132:MNXR111770:MNXM3288,,,,,,,
255,(S)-3-hydroxybutyryl-CoA,C[C@H](O)CC(=O)SCCN=C([O-])CCN=C([O-])[C@H](O)C(C)(C)COP(=O)(O)OP(=O)(O)OC[C@H]1O[C@@H](n2cnc3c(N)ncnc32)[C@H](O)[C@@H]1OP(=O)([O-])[O-],MNXM1105912,"InChI=1S/C25H42N7O18P3S/c1-13(33)8-16(35)54-7-6-27-15(34)4-5-28-23(38)20(37)25(2,3)10-47-53(44,45)50-52(42,43)46-9-14-19(49-51(39,40)41)18(36)24(48-14)32-12-31-17-21(26)29-11-30-22(17)32/h11-14,18-20,24,33,36-37H,4-10H2,1-3H3,(H,27,34)(H,28,38)(H,42,43)(H,44,45)(H2,26,29,30)(H2,39,40,41)/p-4/t13-,14+,18+,19+,20-,24+/m0/s1",MNXM1104266:MNXR190494:MNXM725926:MNXR145159:MNXM1105912,,,,,,,
256,(R)-3-hydroxybutanoyl-CoA,C[C@@H](O)CC(=O)SCCN=C([O-])CCN=C([O-])[C@H](O)C(C)(C)COP(=O)(O)OP(=O)(O)OC[C@H]1O[C@@H](n2cnc3c(N)ncnc32)[C@H](O)[C@@H]1OP(=O)([O-])[O-],MNXM162788,"InChI=1S/C25H42N7O18P3S/c1-13(33)8-16(35)54-7-6-27-15(34)4-5-28-23(38)20(37)25(2,3)10-47-53(44,45)50-52(42,43)46-9-14-19(49-51(39,40)41)18(36)24(48-14)32-12-31-17-21(26)29-11-30-22(17)32/h11-14,18-20,24,33,36-37H,4-10H2,1-3H3,(H,27,34)(H,28,38)(H,42,43)(H,44,45)(H2,26,29,30)(H2,39,40,41)/p-4/t13-,14-,18-,19-,20+,24-/m1/s1",MNXM1104266:MNXR190494:MNXM725926:MNXR145174:MNXM162788,,,,,,,
257,Isopropanol,CC(C)O,MNXM3085,"InChI=1S/C3H8O/c1-3(2)4/h3-4H,1-2H3",MNXM1104266:MNXR190494:MNXM725926:MNXR147275:MNXM729595:MNXR95442:MNXM398:MNXR95712:MNXM3085,MNXM1104266:MNXR190494:MNXM725926:MNXR95193:MNXM729595:MNXR95442:MNXM398:MNXR95712:MNXM3085,,,,,,
258,Crotonoyl-CoA,C/C=C/C(=O)SCCN=C(O)CCN=C(O)[C@H](O)C(C)(C)COP(=O)(O)OP(=O)(O)OC[C@H]1O[C@@H](n2cnc3c(N)ncnc32)[C@H](O)[C@@H]1OP(=O)(O)O,MNXM1104270,"InChI=1S/C25H40N7O17P3S/c1-4-5-16(34)53-9-8-27-15(33)6-7-28-23(37)20(36)25(2,3)11-46-52(43,44)49-51(41,42)45-10-14-19(48-50(38,39)40)18(35)24(47-14)32-13-31-17-21(26)29-12-30-22(17)32/h4-5,12-14,18-20,24,35-36H,6-11H2,1-3H3,(H,27,33)(H,28,37)(H,41,42)(H,43,44)(H2,26,29,30)(H2,38,39,40)/p-4/b5-4+/t14-,18-,19-,20+,24-/m1/s1",MNXM1104266:MNXR190494:MNXM725926:MNXR191961:MNXM1105912:MNXR192124:MNXM1104270,,,,,,,
259,(R)-3-Hydroxybutyrate,C[C@@H](O)CC(=O)[O-],MNXM1104965,"InChI=1S/C4H8O3/c1-3(5)2-4(6)7/h3,5H,2H2,1H3,(H,6,7)/p-1/t3-/m1/s1",MNXM1104266:MNXR190494:MNXM725926:MNXR145174:MNXM162788:MNXR118585:MNXM1104965,,,,,,,
260,2-Hydroxyisobutyrate,CC(C)(O)C(=O)[O-],MNXM35170,"InChI=1S/C4H8O3/c1-4(2,7)3(5)6/h7H,1-2H3,(H,5,6)/p-1",MNXM150613:MNXR121020:MNXM116286:MNXR121021:MNXM162422:MNXR114635:MNXM162450:MNXR114647:MNXM35170,,,,,,,
261,Propane,CCC,MNXM78182,"InChI=1S/C3H8/c1-3-2/h3H2,1-2H3",MNXM3085:MNXR114022:MNXM78182,,,,,,,
262,Ethylene,C=C,MNXM740127,InChI=1S/C2H4/c1-2/h1-2H2,MNXM738804:MNXR101407:MNXM16:MNXR95394:MNXM1128:MNXR151972:MNXM740127,MNXM741173:MNXR144972:MNXM20:MNXR113188:MNXM740127,,,,,,
263,p-Cymene,Cc1ccc(C(C)C)cc1,MNXM8981,"InChI=1S/C10H14/c1-8(2)10-6-4-9(3)5-7-10/h4-8H,1-3H3",MNXM5878:MNXR149181:MNXM8981,,,,,,,
264,Cannabigerolic acid,CCCCCc1cc(O)c(CC=C(C)CCC=C(C)C)c(O)c1C(=O)O,MNXM7146,"InChI=1S/C22H32O4/c1-5-6-7-11-17-14-19(23)18(21(24)20(17)22(25)26)13-12-16(4)10-8-9-15(2)3/h9,12,14,23-24H,5-8,10-11,13H2,1-4H3,(H,25,26)/p-1/b16-12+",MNXM1106093:MNXR113537:MNXM97037:MNXR113635:MNXM7610:MNXR113542:MNXM7146,,,,,,,
265,Cannabidiol,C=C(C)[C@@H]1CCC(C)=C[C@H]1c1c(O)cc(CCCCC)cc1O,MNXM726153,"InChI=1S/C21H30O2/c1-5-6-7-8-16-12-19(22)21(20(23)13-16)18-11-15(4)9-10-17(18)14(2)3/h11-13,17-18,22-23H,2,5-10H2,1,3-4H3/t17-,18+/m0/s1",MNXM1106093:MNXR113537:MNXM97037:MNXR113635:MNXM7610:MNXR113542:MNXM7146:MNXR113526:MNXM45385:MNXR122063:MNXM726153,,,,,,,
266,Olivetolic acid,CCCCCc1cc(O)cc(O)c1C(=O)O,MNXM7610,"InChI=1S/C12H16O4/c1-2-3-4-5-8-6-9(13)7-10(14)11(8)12(15)16/h6-7,13-14H,2-5H2,1H3,(H,15,16)/p-1",MNXM1106093:MNXR113537:MNXM97037:MNXR113635:MNXM7610,,,,,,,
267,Limonene,C=C(C)C1CC=C(C)CC1,MNXM741617,"InChI=1S/C10H16/c1-8(2)10-6-4-9(3)5-7-10/h4,10H,1,5-7H2,2-3H3/t10-/m1/s1",MNXM1104266:MNXR190494:MNXM725926:MNXR145222:MNXM732189:MNXR107303:MNXM734276:MNXR145601:MNXM738283:MNXR146087:MNXM733934:MNXR153392:MNXM83:MNXR97512:MNXM100:MNXR147490:MNXM741617,,,,,,,
268,Myrcene,C=CC(=C)CCC=C(C)C,MNXM2022,"InChI=1S/C10H16/c1-5-10(4)8-6-7-9(2)3/h5,7H,1,4,6,8H2,2-3H3",MNXM1104266:MNXR190494:MNXM725926:MNXR145222:MNXM732189:MNXR107303:MNXM734276:MNXR145601:MNXM738283:MNXR146087:MNXM733934:MNXR153392:MNXM83:MNXR97512:MNXM100:MNXR107276:MNXM2022,,,,,,,
269,Sabinene,C=C1CCC2(C(C)C)CC12,MNXM734445,"InChI=1S/C10H16/c1-7(2)10-5-4-8(3)9(10)6-10/h7,9H,3-6H2,1-2H3/t9-,10-/m1/s1",MNXM1104266:MNXR190494:MNXM725926:MNXR145222:MNXM732189:MNXR107303:MNXM734276:MNXR145601:MNXM738283:MNXR146087:MNXM733934:MNXR153392:MNXM83:MNXR97512:MNXM100:MNXR150721:MNXM734445,,,,,,,
270,Pinene,CC1=C2CC(CC1)C2(C)C,MNXM730813,"InChI=1S/C10H16/c1-7-4-5-8-6-9(7)10(8,2)3/h4,8-9H,5-6H2,1-3H3/t8-,9-/m0/s1",MNXM1104266:MNXR190494:MNXM725926:MNXR145222:MNXM732189:MNXR107303:MNXM734276:MNXR145601:MNXM738283:MNXR146087:MNXM733934:MNXR153392:MNXM83:MNXR97512:MNXM100:MNXR149319:MNXM730813,,,,,,,
271,Acetic anydride,CC(=O)OC(C)=O,,InChI=1S/C4H6O3/c1-3(5)7-4(2)6/h1-2H3,,,,,,,,
272,Ethenone,C=C=O,MNXM52695,,InChI=1S/C2H2O/c1-2-3/h1H2,,,,,,,
273,Isopentenyl diphosphate,C=C(C)CCOP(=O)(O)OP(=O)(O)O,MNXM83,"InChI=1S/C5H12O7P2/c1-5(2)3-4-11-14(9,10)12-13(6,7)8/h1,3-4H2,2H3,(H,9,10)(H2,6,7,8)/p-3",MNXM1104266:MNXR190494:MNXM725926:MNXR145222:MNXM732189:MNXR107303:MNXM734276:MNXR145601:MNXM738283:MNXR146087:MNXM733934:MNXR153392:MNXM83,,,,,,,
274,Isoprenol,C=C(C)CCO,MNXM58111,"InChI=1S/C5H10O/c1-5(2)3-4-6/h6H,1,3-4H2,2H3",,,,,,,,
275,Geraniol,CC(C)=CCCC(C)=CCO,MNXM740315,"InChI=1S/C10H18O/c1-9(2)5-4-6-10(3)7-8-11/h5,7,11H,4,6,8H2,1-3H3/b10-7+",MNXM1104266:MNXR190494:MNXM725926:MNXR145222:MNXM732189:MNXR107303:MNXM734276:MNXR145601:MNXM738283:MNXR146087:MNXM733934:MNXR153392:MNXM83:MNXR97512:MNXM100:MNXR111941:MNXM740315,,,,,,,
276,Nepetalactol,CC1=CO[C@@H](O)[C@H]2[C@@H]1CC[C@@H]2C,MNXM735328,"InChI=1S/C10H16O2/c1-6-3-4-8-7(2)5-12-10(11)9(6)8/h5-6,8-11H,3-4H2,1-2H3/t6-,8+,9+,10?/m0/s1",MNXM1104266:MNXR190494:MNXM725926:MNXR145222:MNXM732189:MNXR107303:MNXM734276:MNXR145601:MNXM738283:MNXR146087:MNXM733934:MNXR153392:MNXM83:MNXR97512:MNXM100:MNXR111941:MNXM740315:MNXR122175:MNXM1107746:MNXR150690:MNXM733500:MNXR113326:MNXM1790:MNXR165059:MNXM747728:MNXR171650:MNXM735328,MNXM1104266:MNXR190494:MNXM725926:MNXR145222:MNXM732189:MNXR107303:MNXM734276:MNXR145601:MNXM738283:MNXR146087:MNXM733934:MNXR153392:MNXM83:MNXR97512:MNXM100:MNXR111941:MNXM740315:MNXR122175:MNXM1107746:MNXR150688:MNXM733498:MNXR113324:MNXM1790:MNXR165059:MNXM747728:MNXR171650:MNXM735328,,,,,,
277,Sitosterol,CC[C@H](CC[C@@H](C)[C@H]1CC[C@H]2[C@@H]3CC=C4C[C@@H](O)CC[C@]4(C)[C@H]3CC[C@@]21C)C(C)C,MNXM734381,"InChI=1S/C29H50O/c1-7-21(19(2)3)9-8-20(4)25-12-13-26-24-11-10-22-18-23(30)14-16-28(22,5)27(24)15-17-29(25,26)6/h10,19-21,23-27,30H,7-9,11-18H2,1-6H3/t20-,21-,23+,24+,25-,26+,27+,28+,29-/m1/s1",MNXM1104266:MNXR190494:MNXM725926:MNXR145222:MNXM732189:MNXR107303:MNXM734276:MNXR145601:MNXM738283:MNXR146087:MNXM733934:MNXR153392:MNXM83:MNXR97512:MNXM100:MNXR99634:MNXM1103344:MNXR146156:MNXM738582:MNXR146469:MNXM1104376:MNXR146440:MNXM727928:MNXR96454:MNXM1107765:MNXR153285:MNXM1108276:MNXR163808:MNXM10245:MNXR117230:MNXM726768:MNXR117231:MNXM3001:MNXR153288:MNXM732527:MNXR145826:MNXM2619:MNXR145575:MNXM737286:MNXR111112:MNXM731614:MNXR149328:MNXM733509:MNXR163810:MNXM10250:MNXR117240:MNXM10754:MNXR117241:MNXM737159:MNXR149939:MNXM738146:MNXR149941:MNXM737160:MNXR149944:MNXM734381,,,,,,,
278,(22S)-22-Hydroxycampest-4-en-3-one,CC(C)[C@H](C)C[C@H](O)[C@@H](C)[C@H]1CC[C@H]2[C@@H]3CCC4=CC(=O)CC[C@]4(C)[C@H]3CC[C@]12C,MNXM733880,"InChI=1S/C28H46O2/c1-17(2)18(3)15-26(30)19(4)23-9-10-24-22-8-7-20-16-21(29)11-13-27(20,5)25(22)12-14-28(23,24)6/h16-19,22-26,30H,7-15H2,1-6H3/t18-,19+,22+,23-,24+,25+,26+,27+,28-/m1/s1",MNXM731577:MNXR152471:MNXM735049:MNXR111081:MNXM733880,,,,,,,
279,Geranylgeraniol,CC(C)=CCC/C(C)=C/CC/C(C)=C/CC/C(C)=C/CO,MNXM732700,"InChI=1S/C20H34O/c1-17(2)9-6-10-18(3)11-7-12-19(4)13-8-14-20(5)15-16-21/h9,11,13,15,21H,6-8,10,12,14,16H2,1-5H3/b18-11+,19-13+,20-15+",MNXM1104266:MNXR190494:MNXM725926:MNXR145222:MNXM732189:MNXR107303:MNXM734276:MNXR145601:MNXM738283:MNXR146087:MNXM733934:MNXR153392:MNXM83:MNXR97512:MNXM100:MNXR99634:MNXM34:MNXR153607:MNXM728266:MNXR112479:MNXM732700,,,,,,,
280,Geranyl diphosphate,CC(C)=CCC/C(C)=C/COP(=O)([O-])OP(=O)([O-])[O-],MNXM100,"InChI=1S/C10H20O7P2/c1-9(2)5-4-6-10(3)7-8-16-19(14,15)17-18(11,12)13/h5,7H,4,6,8H2,1-3H3,(H,14,15)(H2,11,12,13)/p-3/b10-7+",MNXM1104266:MNXR190494:MNXM725926:MNXR145222:MNXM732189:MNXR107303:MNXM734276:MNXR145601:MNXM738283:MNXR146087:MNXM733934:MNXR153392:MNXM83:MNXR97512:MNXM100,,,,,,,
281,Farnesyl diphosphate,CC(C)=CCC/C(C)=C/CC/C(C)=C/COP(=O)(O)OP(=O)(O)O,MNXM34,"InChI=1S/C15H28O7P2/c1-13(2)7-5-8-14(3)9-6-10-15(4)11-12-21-24(19,20)22-23(16,17)18/h7,9,11H,5-6,8,10,12H2,1-4H3,(H,19,20)(H2,16,17,18)/p-3/b14-9+,15-11+",MNXM1104266:MNXR190494:MNXM725926:MNXR145222:MNXM732189:MNXR107303:MNXM734276:MNXR145601:MNXM738283:MNXR146087:MNXM733934:MNXR153392:MNXM83:MNXR97512:MNXM100:MNXR99634:MNXM34,,,,,,,
282,Squalene,CC(C)=CCC/C(C)=C/CC/C(C)=C/CC/C=C(\C)CC/C=C(\C)CCC=C(C)C,MNXM1104376,"InChI=1S/C30H50/c1-25(2)15-11-19-29(7)23-13-21-27(5)17-9-10-18-28(6)22-14-24-30(8)20-12-16-26(3)4/h15-18,23-24H,9-14,19-22H2,1-8H3/b27-17+,28-18+,29-23+,30-24+",MNXM1104266:MNXR190494:MNXM725926:MNXR145222:MNXM732189:MNXR107303:MNXM734276:MNXR145601:MNXM738283:MNXR146087:MNXM733934:MNXR153392:MNXM83:MNXR97512:MNXM100:MNXR99634:MNXM34:MNXR146156:MNXM738582:MNXR146469:MNXM1104376,,,,,,,
283,Ergosterol,CC(C)[C@@H](C)/C=C/[C@@H](C)[C@H]1CC[C@H]2C3=CC=C4C[C@@H](O)CC[C@]4(C)[C@H]3CC[C@]12C,MNXM741449,"InChI=1S/C28H44O/c1-18(2)19(3)7-8-20(4)24-11-12-25-23-10-9-21-17-22(29)13-15-27(21,5)26(23)14-16-28(24,25)6/h7-10,18-20,22,24-26,29H,11-17H2,1-6H3/b8-7+/t19-,20+,22-,24+,25-,26-,27-,28+/m0/s1",MNXM34:MNXR146156:MNXM738582:MNXR146469:MNXM1104376:MNXR146440:MNXM727928:MNXR145451:MNXM736942:MNXR145447:MNXM726167:MNXR149263:MNXM728840:MNXR149952:MNXM732410:MNXR95038:MNXM730540:MNXR111123:MNXM1104216:MNXR163820:MNXM739474:MNXR166872:MNXM733491:MNXR151379:MNXM738369:MNXR146376:MNXM731707:MNXR96432:MNXM52365:MNXR111126:MNXM5738:MNXR149950:MNXM1109:MNXR96407:MNXM741449,,,,,,,
284,Cannabidiolic acid,C=C(C)[C@@H]1CCC(C)=C[C@H]1c1c(O)cc(CCCCC)c(C(=O)O)c1O,MNXM45385,"InChI=1S/C22H30O4/c1-5-6-7-8-15-12-18(23)20(21(24)19(15)22(25)26)17-11-14(4)9-10-16(17)13(2)3/h11-12,16-17,23-24H,2,5-10H2,1,3-4H3,(H,25,26)/p-1/t16-,17+/m0/s1",MNXM1106093:MNXR113537:MNXM97037:MNXR113635:MNXM7610:MNXR113542:MNXM7146:MNXR113526:MNXM45385,,,,,,,
285,Polpunoic acid,C[C@H]1C(=O)CC[C@@H]2[C@]1(C)CC[C@H]1[C@@]2(C)CC[C@@]2(C)[C@@H]3C[C@](C)(C(=O)O)CC[C@]3(C)CC[C@]12C,MNXM108104,"InChI=1S/C30H48O3/c1-19-20(31)8-9-21-27(19,4)11-10-22-28(21,5)15-17-30(7)23-18-26(3,24(32)33)13-12-25(23,2)14-16-29(22,30)6/h19,21-23H,8-18H2,1-7H3,(H,32,33)/t19-,21+,22-,23+,25+,26+,27+,28-,29+,30-/m0/s1",,,,,,,,
286,Butyryl-CoA,CCCC(=O)SCCN=C(O)CCN=C(O)[C@H](O)C(C)(C)COP(=O)(O)OP(=O)(O)OC[C@H]1O[C@@H](n2cnc3c(N)ncnc32)[C@H](O)[C@@H]1OP(=O)(O)O,MNXM1104300,"InChI=1S/C25H42N7O17P3S/c1-4-5-16(34)53-9-8-27-15(33)6-7-28-23(37)20(36)25(2,3)11-46-52(43,44)49-51(41,42)45-10-14-19(48-50(38,39)40)18(35)24(47-14)32-13-31-17-21(26)29-12-30-22(17)32/h12-14,18-20,24,35-36H,4-11H2,1-3H3,(H,27,33)(H,28,37)(H,41,42)(H,43,44)(H2,26,29,30)(H2,38,39,40)/p-4/t14-,18-,19-,20+,24-/m1/s1",MNXM1104266:MNXR190494:MNXM725926:MNXR189650:MNXM1105912:MNXR192124:MNXM1104270:MNXR192394:MNXM1104300,,,,,,,
287,1-Butanol,CCCCO,MNXM3230,"InChI=1S/C4H10O/c1-2-3-4-5/h5H,2-4H2,1H3",MNXM44968:MNXR114743:MNXM3230,MNXM23:MNXR188684:MNXM1104266:MNXR190494:MNXM725926:MNXR189650:MNXM1105912:MNXR147975:MNXM1104270:MNXR120420:MNXM1104300:MNXR115741:MNXM1017:MNXR95729:MNXM3230,,,,,,
288,6-Undecanone,CCCCCC(=O)CCCCC,MNXM99435,"InChI=1S/C11H22O/c1-3-5-7-9-11(12)10-8-6-4-2/h3-10H2,1-2H3",,,,,,,,
289,Butyrate,CCCC(=O)O,MNXM458,"InChI=1S/C4H8O2/c1-2-3-4(5)6/h2-3H2,1H3,(H,5,6)/p-1",MNXM1104266:MNXR190494:MNXM725926:MNXR189650:MNXM1105912:MNXR147975:MNXM1104270:MNXR120420:MNXM1104300:MNXR147175:MNXM458,,,,,,,
290,Ethyl Butyrate,CCCC(=O)OCC,MNXM11527,"InChI=1S/C6H12O2/c1-3-5-6(7)8-4-2/h3-5H2,1-2H3",,,,,,,,
291,Hexanoic acid,CCCCCC(=O)O,MNXM1653,"InChI=1S/C6H12O2/c1-2-3-4-5-6(7)8/h2-5H2,1H3,(H,7,8)/p-1",MNXM4737:MNXR108301:MNXM1653,,,,,,,
292,Pentane,CCCCC,MNXM73202,"InChI=1S/C5H12/c1-3-5-4-2/h3-5H2,1-2H3",,,,,,,,
293,Octanoic acid,CCCCCCCC(=O)[O-],MNXM750,"InChI=1S/C8H16O2/c1-2-3-4-5-6-7-8(9)10/h2-7H2,1H3,(H,9,10)/p-1",MNXM5860:MNXR147891:MNXM2410:MNXR116196:MNXM2705:MNXR95760:MNXM750,,,,,,,
294,Tetrahydrocannabinolic acid,CCCCCc1cc2c(c(O)c1C(=O)O)[C@@H]1C=C(C)CC[C@H]1C(C)(C)O2,MNXM13309,"InChI=1S/C22H30O4/c1-5-6-7-8-14-12-17-19(20(23)18(14)21(24)25)15-11-13(2)9-10-16(15)22(3,4)26-17/h11-12,15-16,23H,5-10H2,1-4H3,(H,24,25)/p-1/t15-,16-/m1/s1",MNXM1106093:MNXR113537:MNXM97037:MNXR113635:MNXM7610:MNXR113542:MNXM7146:MNXR122060:MNXM13309,,,,,,,
295,Tetrahydrocannabinol,CCCCCc1cc(O)c2c(c1)OC(C)(C)[C@@H]1CCC(C)=C[C@@H]21,MNXM51614,"InChI=1S/C21H30O2/c1-5-6-7-8-15-12-18(22)20-16-11-14(2)9-10-17(16)21(3,4)23-19(20)13-15/h11-13,16-17,22H,5-10H2,1-4H3/t16-,17-/m1/s1",MNXM1106093:MNXR113537:MNXM97037:MNXR113635:MNXM7610:MNXR113542:MNXM7146:MNXR122060:MNXM13309:MNXR122062:MNXM51614,,,,,,,
296,Artemisin,CC1=C2[C@H]3OC(=O)[C@@H](C)[C@@H]3[C@@H](O)C[C@@]2(C)C=CC1=O,MNXM42703,"InChI=1S/C15H18O4/c1-7-9(16)4-5-15(3)6-10(17)11-8(2)14(18)19-13(11)12(7)15/h4-5,8,10-11,13,17H,6H2,1-3H3/t8-,10-,11+,13-,15+/m0/s1",,,,,,,,
297,Santalol,C=C1C2CCC(C2)C1(C)CCC=C(C)CO,MNXM728111,"InChI=1S/C15H24O/c1-10(9-16)5-4-6-14(2)11-7-12-13(8-11)15(12,14)3/h5,11-13,16H,4,6-9H2,1-3H3/b10-5-/t11?,12?,13?,14?,15-",MNXM100:MNXR99634:MNXM34:MNXR150909:MNXM735744:MNXR176440:MNXM728111,,,,,,,
298,Artemisinic acid,C=C(C(=O)O)C1CCC(C)C2CCC(C)=CC12,MNXM13415,"InChI=1S/C15H22O2/c1-9-4-6-12-10(2)5-7-13(14(12)8-9)11(3)15(16)17/h8,10,12-14H,3-7H2,1-2H3,(H,16,17)/p-1/t10-,12+,13+,14+/m1/s1",MNXM132:MNXR97512:MNXM100:MNXR191085:MNXM1103344:MNXR111232:MNXM3912:MNXR150725:MNXM10742:MNXR150727:MNXM8320:MNXR150729:MNXM13415,,,,,,,
299,Farnesane,CCC(C)CCCC(C)CCCC(C)C,MNXM53106,"InChI=1S/C15H32/c1-6-14(4)10-8-12-15(5)11-7-9-13(2)3/h13-15H,6-12H2,1-5H3",,,,,,,,
300,Farnesene,C=CC(C)=CCC=C(C)CCC=C(C)C,MNXM735671,"InChI=1S/C15H24/c1-6-14(4)10-8-12-15(5)11-7-9-13(2)3/h6,9,12H,1,4,7-8,10-11H2,2-3,5H3/b15-12+",MNXM100:MNXR99634:MNXM34:MNXR112211:MNXM735671,,,,,,,
301,Geranylgeranyl diphosphate,CC(C)=CCCC(C)=CCCC(C)=CCCC(C)=CCOP(=O)(O)OP(=O)(O)O,MNXM728266,"InChI=1S/C20H36O7P2/c1-17(2)9-6-10-18(3)11-7-12-19(4)13-8-14-20(5)15-16-26-29(24,25)27-28(21,22)23/h9,11,13,15H,6-8,10,12,14,16H2,1-5H3,(H,24,25)(H2,21,22,23)/p-3",MNXM1104266:MNXR190494:MNXM725926:MNXR145222:MNXM732189:MNXR107303:MNXM734276:MNXR145601:MNXM738283:MNXR146087:MNXM733934:MNXR153392:MNXM83:MNXR97512:MNXM100:MNXR99634:MNXM34:MNXR153607:MNXM728266,,,,,,,
302,Steviol,C=C1C[C@@]23CC[C@H]4[C@@](C)(CCC[C@@]4(C)C(=O)[O-])[C@@H]2CC[C@]1(O)C3,MNXM740647,"	InChI=1S/C20H30O3/c1-13-11-19-9-5-14-17(2,7-4-8-18(14,3)16(21)22)15(19)6-10-20(13,23)12-19/h14-15,23H,1,4-12H2,2-3H3,(H,21,22)/p-1/t14-,15-,17+,18+,19+,20-/m0/s1",MNXM1104266:MNXR190494:MNXM725926:MNXR145222:MNXM732189:MNXR107303:MNXM734276:MNXR145601:MNXM738283:MNXR146087:MNXM733934:MNXR153392:MNXM83:MNXR97512:MNXM100:MNXR99634:MNXM34:MNXR153607:MNXM728266:MNXR107295:MNXM720:MNXR109314:MNXM1188:MNXR149464:MNXM162842:MNXR149467:MNXM162841:MNXR149470:MNXM728350:MNXR118132:MNXM740647,,,,,,,
303,Bisabolene,CC(C)=CCC/C(C)=C1\CC=C(C)CC1,MNXM731016,"InChI=1S/C15H24/c1-12(2)6-5-7-14(4)15-10-8-13(3)9-11-15/h6-8,15H,5,9-11H2,1-4H3/b14-7+/t15-/m0/s1",MNXM1104266:MNXR190494:MNXM725926:MNXR145222:MNXM732189:MNXR107303:MNXM734276:MNXR145601:MNXM738283:MNXR146087:MNXM733934:MNXR153392:MNXM83:MNXR97512:MNXM100:MNXR99634:MNXM34:MNXR111916:MNXM731016,,,,,,,
304,Bisabolane,CC(C)CCCC(C)C1CCC(C)CC1,MNXM44394,"InChI=1S/C15H30/c1-12(2)6-5-7-14(4)15-10-8-13(3)9-11-15/h12-15H,5-11H2,1-4H3",,,,,,,,
305,beta-ionone,CC(=O)/C=C/C1C(C)=CCCC1(C)C,MNXM5073,"InChI=1S/C13H20O/c1-10-6-5-9-13(3,4)12(10)8-7-11(2)14/h7-8H,5-6,9H2,1-4H3/b8-7+",MNXM100:MNXR99634:MNXM34:MNXR153607:MNXM728266:MNXR113543:MNXM557:MNXR117536:MNXM736240:MNXR145426:MNXM1048:MNXR100063:MNXM736699:MNXR150871:MNXM5073,,,,,,,
306,Retinol,CC1=C(/C=C/C(C)=C/C=C/C(C)=C/CO)C(C)(C)CCC1,MNXM1102094,"InChI=1S/C20H30O/c1-16(8-6-9-17(2)13-15-21)11-12-19-18(3)10-7-14-20(19,4)5/h6,8-9,11-13,21H,7,10,14-15H2,1-5H3/b9-6+,12-11+,16-8+,17-13+",MNXM100:MNXR99634:MNXM34:MNXR153607:MNXM728266:MNXR113543:MNXM557:MNXR117536:MNXM736240:MNXR145426:MNXM1048:MNXR100063:MNXM736699:MNXR153092:MNXM1105990:MNXR189844:MNXM1102094,,,,,,,
307,Valencene,C=C(C)[C@@H]1CCC2=CCC[C@@H](C)[C@]2(C)C1,MNXM3730,"InChI=1S/C15H24/c1-11(2)13-8-9-14-7-5-6-12(3)15(14,4)10-13/h7,12-13H,1,5-6,8-10H2,2-4H3/t12-,13-,15+/m1/s1",MNXM1104366:MNXR190494:MNXM725926:MNXR145222:MNXM732189:MNXR107303:MNXM734276:MNXR145601:MNXM738283:MNXR146087:MNXM733934:MNXR153392:MNXM83:MNXR97512:MNXM100:MNXR99634:MNXM34:MNXR112207:MNXM3730,,,,,,,
308,Beta-Carotene,CC(C=CC=C(C)C=CC1=C(C)CCCC1(C)C)=CC=CC=C(C)C=CC=C(C)C=CC1=C(C)CCCC1(C)C,MNXM736699,"InChI=1S/C40H56/c1-31(19-13-21-33(3)25-27-37-35(5)23-15-29-39(37,7)8)17-11-12-18-32(2)20-14-22-34(4)26-28-38-36(6)24-16-30-40(38,9)10/h11-14,17-22,25-28H,15-16,23-24,29-30H2,1-10H3/b12-11+,19-13+,20-14+,27-25+,28-26+,31-17+,32-18+,33-21+,34-22+",MNXM100:MNXR99634:MNXM34:MNXR153607:MNXM728266:MNXR113543:MNXM557:MNXR117536:MNXM736240:MNXR145426:MNXM1048:MNXR100063:MNXM736699,,,,,,,
309,Astaxanthin,CC1=C(/C=C/C(C)=C/C=C/C(C)=C/C=C/C=C(C)/C=C/C=C(C)/C=C/C2=C(C)C(=O)[C@@H](O)CC2(C)C)C(C)(C)C[C@H](O)C1=O,MNXM4475,"InChI=1S/C40H52O4/c1-27(17-13-19-29(3)21-23-33-31(5)37(43)35(41)25-39(33,7)8)15-11-12-16-28(2)18-14-20-30(4)22-24-34-32(6)38(44)36(42)26-40(34,9)10/h11-24,35-36,41-42H,25-26H2,1-10H3/b12-11+,17-13+,18-14+,23-21+,24-22+,27-15+,28-16+,29-19+,30-20+/t35-,36-/m0/s1",MNXM736699:MNXR111179:MNXM729605:MNXR111180:MNXM731637:MNXR122168:MNXM3897:MNXR122169:MNXM4475,MNXM736699:MNXR153090:MNXM3591:MNXR122167:MNXM3938:MNXR111189:MNXM3530:MNXR111193:MNXM4475,,,,,,
310,Abscisic acid,CC(C=CC1(O)C(C)=CC(=O)CC1(C)C)=CC(=O)O,MNXM725931,"InChI=1S/C15H20O4/c1-10(7-13(17)18)5-6-15(19)11(2)8-12(16)9-14(15,3)4/h5-8,19H,9H2,1-4H3,(H,17,18)/b6-5+,10-7-/t15-/m0/s1",MNXM736699:MNXR111179:MNXM729605:MNXR111180:MNXM731637:MNXR110670:MNXM586:MNXR110671:MNXM738452:MNXR145777:MNXM734008:MNXR110672:MNXM733013:MNXR110675:MNXM726697:MNXR149716:MNXM1998:MNXR110680:MNXM725931,,,,,,,
311,Nootkatone,C=C(C)C1CCC2=CC(=O)CC(C)C2(C)C1,MNXM64894,"InChI=1S/C15H22O/c1-10(2)12-5-6-13-8-14(16)7-11(3)15(13,4)9-12/h8,11-12H,1,5-7,9H2,2-4H3/t11-,12-,15+/m1/s1",MNXM3730:MNXR164455:MNXM64893:MNXR164456:MNXM64894,,,,,,,
312,Zeaxanthin,CC(C=CC=C(C)C=CC1=C(C)CC(O)CC1(C)C)=CC=CC=C(C)C=CC=C(C)C=CC1=C(C)CC(O)CC1(C)C,MNXM731637,"InChI=1S/C40H56O2/c1-29(17-13-19-31(3)21-23-37-33(5)25-35(41)27-39(37,7)8)15-11-12-16-30(2)18-14-20-32(4)22-24-38-34(6)26-36(42)28-40(38,9)10/h11-24,35-36,41-42H,25-28H2,1-10H3/b12-11+,17-13+,18-14+,23-21+,24-22+,29-15+,30-16+,31-19+,32-20+/t35-,36-/m1/s1",MNXM736699:MNXR111179:MNXM729605:MNXR111180:MNXM731637,,,,,,,
313,Gossypol,Cc1cc2c(C(C)C)c(O)c(O)c(C=O)c2c(O)c1-c1c(C)cc2c(C(C)C)c(O)c(O)c(C=O)c2c1O,MNXM1108525,"InChI=1S/C30H30O8/c1-11(2)19-15-7-13(5)21(27(35)23(15)17(9-31)25(33)29(19)37)22-14(6)8-16-20(12(3)4)30(38)26(34)18(10-32)24(16)28(22)36/h7-12,33-38H,1-6H3",MNXM34:MNXR107437:MNXM2744:MNXR122599:MNXM10444:MNXR122600:MNXM8535:MNXR122601:MNXM8698:MNXR191746:MNXM1108525,,,,,,,
314,L-Homoalanine,CC[C@H]([NH3+])C(=O)[O-],MNXM17054,"InChI=1S/C4H9NO2/c1-2-3(5)4(6)7/h3H,2,5H2,1H3,(H,6,7)/t3-/m0/s1",MNXM159:MNXR103594:MNXM17054,,,,,,,
315,3-Aminotetrahydrofuran,C1COCC1N,,"InChI=1S/C4H9NO/c5-4-1-2-6-3-4/h4H,1-3,5H2",,,,,,,,
316,"2-Amino-1,4-butanediol",C(CO)C(CO)N,,"InChI=1S/C4H11NO2/c5-4(3-7)1-2-6/h4,6-7H,1-3,5H2",,,,,,,,
317,Amino-y-butyrolactone,CC(C)(C)OC(=O)N[C@H]1CC(=O)OC1,,"InChI=1S/C9H15NO4/c1-9(2,3)14-8(12)10-6-4-7(11)13-5-6/h6H,4-5H2,1-3H3,(H,10,12)/t6-/m0/s1",,,,,,,,
318,L-Aspartate,N[C@@H](CC(=O)O)C(=O)O,MNXM735836,"InChI=1S/C4H7NO4/c5-2(4(8)9)1-3(6)7/h2H,1,5H2,(H,6,7)(H,8,9)/p-1/t2-/m0/s1",MNXM46:MNXR96079:MNXM735836,,,,,,,
319,3-aminopropanoic acid,[NH3+]CCC(=O)[O-],MNXM144,"InChI=1S/C3H7NO2/c4-2-1-3(5)6/h1-2,4H2,(H,5,6)",MNXM46:MNXR96079:MNXM735836:MNXR96077:MNXM144,,,,,,,
320,2-Ketobutyric acid,CCC(=O)C(=O)O,MNXM159,"InChI=1S/C4H6O3/c1-2-3(5)4(6)7/h2H2,1H3,(H,6,7)/p-1",MNXM46:MNXR96079:MNXM735836:MNXR96085:MNXM1177:MNXR96039:MNXM361:MNXR100735:MNXM353:MNXR100737:MNXM1334:MNXR104846:MNXM142:MNXR104714:MNXM159,,,,,,,
321,2-Methyl-1-butanol,CCC(C)CO,MNXM5476,"InChI=1S/C5H12O/c1-3-5(2)4-6/h5-6H,3-4H2,1-2H3",MNXM46:MNXR96079:MNXM735836:MNXR96085:MNXM1177:MNXR96039:MNXM361:MNXR100735:MNXM353:MNXR100737:MNXM1334:MNXR104846:MNXM142:MNXR104714:MNXM159:MNXR151587:MNXM726902:MNXR191966:MNXM1105131:MNXR188296:MNXM1202:MNXR190908:MNXM1103447:MNXR189125:MNXM728337:MNXR190730:MNXM1103447:MNXR190444:MNXM2604:MNXR95716:MNXM5476,,,,,,,
322,3-Methyl-1-pentanol,CCC(C)CCO,MNXM23479,"InChI=1S/C6H14O/c1-3-6(2)4-5-7/h6-7H,3-5H2,1-2H3",,,,,,,,
323,L-Isoleucine,CC[C@H](C)[C@H](N)C(=O)O,MNXM728337,"InChI=1S/C6H13NO2/c1-3-4(2)5(7)6(8)9/h4-5H,3,7H2,1-2H3,(H,8,9)/t4-,5-/m0/s1",MNXM46:MNXR96079:MNXM735836:MNXR96085:MNXM1177:MNXR96039:MNXM361:MNXR100735:MNXM353:MNXR100737:MNXM1334:MNXR104846:MNXM142:MNXR104714:MNXM159:MNXR151587:MNXM726902:MNXR191966:MNXM1105131:MNXR188296:MNXM1202:MNXR190908:MNXM1103447:MNXR189125:MNXM728337,,,,,,,
324,L-Threonine,CC(O)C(N)C(=O)O,MNXM142,"InChI=1S/C4H9NO3/c1-2(6)3(5)4(7)8/h2-3,6H,5H2,1H3,(H,7,8)/t2-,3+/m1/s1",MNXM46:MNXR96079:MNXM735836:MNXR96085:MNXM1177:MNXR96039:MNXM361:MNXR100735:MNXM353:MNXR100737:MNXM1334:MNXR104846:MNXM142,,,,,,,
325,L-Homoserine,N[C@@H](CCO)C(=O)O,MNXM353,"InChI=1S/C4H9NO3/c5-3(1-2-6)4(7)8/h3,6H,1-2,5H2,(H,7,8)/t3-/m0/s1",MNXM46:MNXR96079:MNXM735836:MNXR96085:MNXM1177:MNXR96039:MNXM361:MNXR100735:MNXM353,,,,,,,
326,Aspartate semialdehyde,N[C@@H](CC=O)C(=O)O,MNXM361,"InChI=1S/C4H7NO3/c5-3(1-2-6)4(7)8/h2-3H,1,5H2,(H,7,8)/t3-/m0/s1",MNXM46:MNXR96079:MNXM735836:MNXR96085:MNXM1177:MNXR96039:MNXM361,,,,,,,
327,7-Hydroxyheptanoic acid,O=C(O)CCCCCCO,MNXM65543,"InChI=1S/C7H14O3/c8-6-4-2-1-3-5-7(9)10/h8H,1-6H2,(H,9,10)",MNXM1021:MNXR_unknown:MNXM64543,,,,,,,
328,Pentanoic acid,CCCCC(=O)O,MNXM3382,"InChI=1S/C5H10O2/c1-2-3-4-5(6)7/h2-4H2,1H3,(H,6,7)/p-1",MNXM1104372:MNXR119571:MNXM3382,MNXM4081:MNXR107838:MNXM3382,,,,,,
329,L-Methionine,CSCC[C@H](N)C(=O)O,MNXM738804,"InChI=1S/C5H11NO2S/c1-9-3-2-4(6)5(7)8/h4H,2-3,6H2,1H3,(H,7,8)/t4-/m0/s1",MNXM46:MNXR96079:MNXM735836:MNXR96085:MNXM1177:MNXR96039:MNXM361:MNXR100735:MNXM353:MNXR100741:MNXM820:MNXR104380:MNXM319:MNXR119158:MNXM123:MNXR145603:MNXM738804,MNXM46:MNXR96079:MNXM735836:MNXR96085:MNXM1177:MNXR96039:MNXM361:MNXR100735:MNXM353:MNXR100741:MNXM820:MNXR104380:MNXM319:MNXR119158:MNXM123:MNXR115965:MNXM738804,MNXM46:MNXR96079:MNXM735836:MNXR96085:MNXM1177:MNXR96039:MNXM361:MNXR100735:MNXM353:MNXR145260:MNXM739518:MNXR152923:MNXM123:MNXR115965:MNXM738804,MNXM46:MNXR96079:MNXM735836:MNXR96085:MNXM1177:MNXR96039:MNXM361:MNXR100735:MNXM353:MNXR145260:MNXM739518:MNXR152923:MNXM123:MNXR145603:MNXM738804,,,,
330,1-Aminocyclopropane-1-1-carboxylic acid,NC1(C(=O)O)CC1,MNXM1128,"InChI=1S/C4H7NO2/c5-4(1-2-4)3(6)7/h1-2,5H2,(H,6,7)",MNXM46:MNXR96079:MNXM735836:MNXR96085:MNXM1177:MNXR96039:MNXM361:MNXR100735:MNXM353:MNXR145260:MNXM739518:MNXR152923:MNXM123:MNXR115965:MNXM738804:MNXR101407:MNXM16:MNXR95394:MNXM1128,MNXM46:MNXR96079:MNXM735836:MNXR96085:MNXM1177:MNXR96039:MNXM361:MNXR100735:MNXM353:MNXR145260:MNXM739518:MNXR152923:MNXM123:MNXR145603:MNXM738804:MNXR101407:MNXM16:MNXR95394:MNXM1128,MNXM46:MNXR96079:MNXM735836:MNXR96085:MNXM1177:MNXR96039:MNXM361:MNXR100735:MNXM353:MNXR100741:MNXM820:MNXR104380:MNXM319:MNXR119158:MNXM123:MNXR145603:MNXM738804:MNXR101407:MNXM16:MNXR95394:MNXM1128,MNXM46:MNXR96079:MNXM735836:MNXR96085:MNXM1177:MNXR96039:MNXM361:MNXR100735:MNXM353:MNXR100741:MNXM820:MNXR104380:MNXM319:MNXR119158:MNXM123:MNXR115965:MNXM738804:MNXR101407:MNXM16:MNXR95394:MNXM1128,,,,
331,Ectoine,CC1=NCCC(C(=O)O)N1,MNXM1101175,"InChI=1S/C6H10N2O2/c1-4-7-3-2-5(8-4)6(9)10/h5H,2-3H2,1H3,(H,7,8)(H,9,10)/t5-/m0/s1",MNXM46:MNXR96079:MNXM735836:MNXR96085:MNXM1177:MNXR96039:MNXM361:MNXR97074:MNXM840:MNXR110695:MNXM2023:MNXR110696:MNXM1101175,,,,,,,
332,"1,3-Diaminopropane",C(CN)CN,MNXM350,InChI=1S/C3H10N2/c4-2-1-3-5/h1-5H2,MNXM46:MNXR96079:MNXM735836:MNXR96085:MNXM1177:MNXR96039:MNXM361:MNXR97074:MNXM840:MNXR111249:MNXM350,,,,,,,
333,L-Lysine,NCCCC[C@H](N)C(=O)O,MNXM1106164,"InChI=1S/C6H14N2O2/c7-4-2-1-3-5(8)6(9)10/h5H,1-4,7-8H2,(H,9,10)/p+1/t5-/m0/s1",MNXM735836:MNXR96085:MNXM1177:MNXR96039:MNXM361:MNXR113514:MNXM30985:MNXR148597:MNXM480:MNXR104806:MNXM1563:MNXR104301:MNXM729177:MNXR104300:MNXM644:MNXR97143:MNXM529:MNXR97141:MNXM1106164,MNXM735836:MNXR96085:MNXM1177:MNXR96039:MNXM361:MNXR113514:MNXM30985:MNXR148597:MNXM480:MNXR95864:MNXM1872:MNXR95434:MNXM1759:MNXR97140:MNXM644:MNXR97143:MNXM529:MNXR97141:MNXM1106164,MNXM735836:MNXR96085:MNXM1177:MNXR96039:MNXM361:MNXR113514:MNXM30985:MNXR148597:MNXM480:MNXR108820:MNXM1873:MNXR107706:MNXM529:MNXR97141:MNXM1106164,MNXM20:MNXR188216:MNXM1104627:MNXR188379:MNXM920:MNXR100552:MNXM984:MNXR107239:MNXM263:MNXR95160:MNXM268:MNXR120356:MNXM147419:MNXR120357:MNXM1108542:MNXR146359:MNXM735171:MNXR188816:MNXM1106164,,,,
334,Cadaverine,C(CCN)CCN,MNXM943,InChI=1S/C5H14N2/c6-4-2-1-3-5-7/h1-7H2,MNXM1106164:MNXR188327:MNXM943,,,,,,,
335,Methylmalonyl-CoA,CC(C(=O)O)C(=O)SCCN=C(O)CCN=C(O)[C@H](O)C(C)(C)COP(=O)(O)OP(=O)(O)OC[C@H]1O[C@@H](n2cnc3c(N)ncnc32)[C@H](O)[C@@H]1OP(=O)(O)O,MNXM738783,"InChI=1S/C25H40N7O19P3S/c1-12(23(37)38)24(39)55-7-6-27-14(33)4-5-28-21(36)18(35)25(2,3)9-48-54(45,46)51-53(43,44)47-8-13-17(50-52(40,41)42)16(34)22(49-13)32-11-31-15-19(26)29-10-30-20(15)32/h10-13,16-18,22,34-35H,4-9H2,1-3H3,(H,27,33)(H,28,36)(H,37,38)(H,43,44)(H,45,46)(H2,26,29,30)(H2,40,41,42)/p-5/t12-,13-,16-,17-,18+,22-/m1/s1",MNXM1104266:MNXR190515:MNXM1106093:MNXR106663:MNXM244:MNXR101737:MNXM872:MNXR112719:MNXM1103908:MNXR188239:MNXM1104673:MNXR188621:MNXM1106156:MNXR188686:MNXM1107904:MNXR101657:MNXM738783,MNXM1104266:MNXR190494:MNXM1103802:MNXR145174:MNXM162788:MNXR147976:MNXM1104270:MNXR112723:MNXM1104259:MNXR113370:MNXM91032:MNXR112724:MNXM1105876:MNXR112725:MNXM1102866:MNXR109302:MNXM738689:MNXR106758:MNXM1106156:MNXR188686:MNXM1107904:MNXR101657:MNXM738783,,,,,,
336,Tiglic acid,C/C=C(\C)C(=O)O,MNXM734656,"InChI=1S/C5H8O2/c1-3-4(2)5(6)7/h3H,1-2H3,(H,6,7)/b4-3+",MNXM1106156:MNXR119327:MNXM734656,,,,,,,
337,2-Methylbutyric acid,CCC(C)C(=O)O,MNXM9859,"InChI=1S/C5H10O2/c1-3-4(2)5(6)7/h4H,3H2,1-2H3,(H,6,7)/p-1",MNXM1105985:MNXR119090:MNXM9859,,,,,,,
338,Butane,CCCC,MNXM44968,"InChI=1S/C4H10/c1-3-4-2/h3-4H2,1-2H3",MNXM3230:MNXR114743:MNXM44968,,,,,,,
339,3-Pentanone,CCC(=O)CC,MNXM101881,"InChI=1S/C5H10O/c1-3-5(6)4-2/h3-4H2,1-2H3",MNXM13937:MNXM13937:MNXM101881,,,,,,,
340,5-Methyl-3-hexanone,CCC(=O)CC(C)C,MNXM52771,"InChI=1S/C7H14O/c1-4-7(8)5-6(2)3/h6H,4-5H2,1-3H3",,,,,,,,
341,(E)-2-Methyl-2-pentenoic acid,CCC=C(C)C(=O)O,MNXM116845,"InChI=1S/C6H10O2/c1-3-4-5(2)6(7)8/h4H,3H2,1-2H3,(H,7,8)/b5-4-",,,,,,,,
342,2-methylpentanoate,CCCC(C)C(=O)[O-],MNXM480635,"InChI=1S/C6H12O2/c1-3-4-5(2)6(7)8/h5H,3-4H2,1-2H3,(H,7,8)/p-1",MNXM740852:MNXR119327:MNXM480635,,,,,,,
343,2-Aminoadipate,NC(CCCC(=O)[O-])C(=O)[O-],MNXM268,"InChI=1S/C6H11NO4/c7-4(6(10)11)2-1-3-5(8)9/h4H,1-3,7H2,(H,8,9)(H,10,11)/p-1/t4-/m0/s1",MNXM1106164:MNXR188331:MNXM1106165:MNXR122163:MNXM916:MNXR95853:MNXM911:MNXR94711:MNXM684:MNXR107370:MNXM748:MNXR114529:MNXM268,MNXM20:MNXR188216:MNXM1104627:MNXR188379:MNXM920:MNXR100552:MNXM984:MNXR107239:MNXM263:MNXR95160:MNXM268,MNXM1106164:MNXR188818:MNXM735171:MNXR146786:MNXM1108542:MNXR151528:MNXM268,,,,,
344,L-beta-Lysine,NCCCC(N)CC(=O)O,MNXM1865,"InChI=1S/C6H14N2O2/c7-3-1-2-5(8)4-6(9)10/h5H,1-4,7-8H2,(H,9,10)/p+1/t5-/m0/s1",MNXM1106164:MNXR101254:MNXM1865,,,,,,,
345,L-alfa-Aminocaprolactam,[NH3+][C@H]1CCCCNC1=O,MNXM2386,"InChI=1S/C6H12N2O/c7-5-3-1-2-4-8-6(5)9/h5H,1-4,7H2,(H,8,9)/p+1/t5-/m0/s1",MNXM1106164:MNXR106543:MNXM2386,,,,,,,
346,5-Aminopentanamide,N=C(O)CCCCN,MNXM2090,"InChI=1S/C5H12N2O/c6-4-2-1-3-5(7)8/h1-4,6H2,(H2,7,8)/p+1",MNXM1106164:MNXR101258:MNXM2090,,,,,,,
347,6-Aminocaproic acid,NCCCCCC(=O)O,MNXM2339,"InChI=1S/C6H13NO2/c7-5-3-1-2-4-6(8)9/h1-5,7H2,(H,8,9)",MNXM166619:MNXR114283:MNXM729277:MNXR114284:MNXM2137:MNXR95638:MNXM2339,MNXM4223:MNXR108178:MNXM2137:MNXR95638:MNXM2339,MNXM8579:MNXR109507:MNXM2339,,,,,
348,Caprolactam,OC1=NCCCCC1,MNXM8579,"InChI=1S/C6H11NO/c8-6-4-2-1-3-5-7-6/h1-5H2,(H,7,8)",,,,,,,,
349,Valerolactam,OC1=NCCCC1,MNXM35433,"InChI=1S/C5H9NO/c7-5-3-1-2-4-6-5/h1-4H2,(H,6,7)",MNXM1106164:MNXR101258:MNXM2090:MNXR152994:MNXM792:MNXR190549:AminovalerylCoA:Spontaneous:MNXM35433,,,,,,,
350,5-Aminovaleric acid,NCCCCC(=O)O,MNXM792,"InChI=1S/C5H11NO2/c6-4-2-1-3-5(7)8/h1-4,6H2,(H,7,8)",MNXM741173:MNXR100277:MNXM1280:MNXR99896:MNXM245:MNXR153703:MNXM1617:MNXR102302:MNXM114:MNXR106886:MNXM976:MNXR107754:MNXM792,MNXM20:MNXR100086:MNXM741173:MNXR95259:MNXM730:MNXR95256:MNXM1384:MNXR95530:MNXM1062:MNXR95388:MNXM817:MNXR95377:MNXM741175:MNXR102220:MNXM245:MNXR153703:MNXM1617:MNXR102302:MNXM114:MNXR106886:MNXM976:MNXR107754:MNXM792,MNXM1106164:MNXR101258:MNXM2090:MNXR152994:MNXM792,MNXM1106164:MNXR188327:MNXM943:MNXR171686:MNXM5010:MNXR131676:MNXM792,,,,
351,"Polyamide 6,5",CNCCCCCC(O)=NCCCCCC(C)=O,,,,,,,,,,
352,Glutaric acid,O=C([O-])CCCC(=O)[O-],MNXM1021,"InChI=1S/C5H8O4/c6-4(7)2-1-3-5(8)9/h1-3H2,(H,6,7)(H,8,9)/p-2",MNXM1106164:MNXR101258:MNXM2090:MNXR152993:MNXM792:MNXR95904:MNXM1410:MNXR102248:MNXM1021,MNXM1106164:MNXR188327:MNXM943:MNXR171686:MNXM5010:MNXR131676:MNXM792:MNXR95904:MNXM1410:MNXR102248:MNXM1021,,,,,,
353,Glutarate semialdehyde,O=CCCCC(=O)O,MNXM1410,"InChI=1S/C5H8O3/c6-4-2-1-3-5(7)8/h4H,1-3H2,(H,7,8)/p-1",MNXM1106164:MNXR101258:MNXM2090:MNXR152993:MNXM792:MNXR95904:MNXM1410,MNXM1106164:MNXR188327:MNXM943:MNXR171686:MNXM5010:MNXR131676:MNXM792:MNXR95904:MNXM1410,,,,,,
354,"Polyamide 5,10",CNCCCCCN=C(O)CCCCCCCCC(C)=O,,,,,,,,,,
355,"Polyamide 4,10",CNCCCCN=C(O)CCCCCCCCC(C)=O,,,,,,,,,,
356,Putrescine,NCCCCN,MNXM118,InChI=1S/C4H12N2/c5-3-1-2-4-6/h1-6H2/p+2,MNXM739527:MNXR95945:MNXM741175:MNXR102209:MNXM118,MNXM739527:MNXR95940:MNXM328:MNXR95529:MNXM1243:MNXR96800:MNXM118,MNXM739527:MNXR95940:MNXM328:MNXR95554:MNXM118,,,,,
357,Isobutyl acetate,CC(=O)OCC(C)C,MNXM57835,"InChI=1S/C6H12O2/c1-5(2)4-8-6(3)7/h5H,4H2,1-3H3",MNXM5188:MNXR102166:MNXM57835,,,,,,,
358,Oxaloacetate,O=C(O)CC(=O)C(=O)O,MNXM46,"InChI=1S/C4H4O5/c5-2(4(8)9)1-3(6)7/h1H2,(H,6,7)(H,8,9)/p-2",MNXM23:MNXR102391:MNXM46,,,,,,,
359,Citrate,O=C(O)CC(O)(CC(=O)O)C(=O)O,MNXM727997,"InChI=1S/C6H8O7/c7-3(8)1-6(13,5(11)12)2-4(9)10/h13H,1-2H2,(H,7,8)(H,9,10)(H,11,12)/p-3",MNXM46:MNXR96920:MNXM727997,,,,,,,
360,Malate,O=C([O-])CC(O)C(=O)[O-],MNXM98,"InChI=1S/C4H6O5/c5-2(4(8)9)1-3(6)7/h2,5H,1H2,(H,6,7)(H,8,9)/p-2/t2-/m0/s1",MNXM1104266:MNXR190844:MNXM1107753:MNXR191571:MNXM89661:MNXR100781:MNXM20:MNXR95655:MNXM741428:MNXR104635:MNXM25:MNXR99637:MNXM737340:MNXR99705:MNXM98,MNXM1104266:MNXR190844:MNXM1107753:MNXR154367:MNXM1092518:MNXR191427:MNXM89661:MNXR191123:MNXM69:MNXR188337:MNXM98,,,,,,
361,"2,4-Dihydroxybutyrate",O=C(O)C(O)CCO,MNXM34520,"InChI=1S/C4H8O4/c5-2-1-3(6)4(7)8/h3,5-6H,1-2H2,(H,7,8)","MNXM1107139:MNXR118488:MNXM734590:D-threose_aldolase:MNXM741633:D-threose_dehidrogenase:D-threono-1,4-lactone:D-threono1-4lactonese:MNXM1107962:D-threonate_dehydratase:2-oxo-4 hidroxybutyrate(OHB): OHB reducatse:MNXM34520",,,,,,,
362,Methylhydrogenfumarate,COC(=O)/C=C/C(=O)O,MNXM127997,"InChI=1S/C5H6O4/c1-9-5(8)3-2-4(6)7/h2-3H,1H3,(H,6,7)/b3-2+",,,,,,,,
363,Dimethylfumarate,COC(=O)/C=C\C(=O)OC,MNXM731918,"InChI=1S/C6H8O4/c1-9-5(7)3-4-6(8)10-2/h3-4H,1-2H3/b4-3-",,,,,,,,
364,Ethylhydrogenfumarate,CCOC(=O)C=CC(=O)O,MNXM125522,"InChI=1S/C6H8O4/c1-2-10-6(9)4-3-5(7)8/h3-4H,2H2,1H3,(H,7,8)/b4-3-",,,,,,,,
365,Fumarate,O=C(O)C=CC(=O)O,MNXM737340,"InChI=1S/C4H4O4/c5-3(6)1-2-4(7)8/h1-2H,(H,5,6)(H,7,8)/p-2/b2-1+",MNXM1104266:MNXR190844:MNXM1107753:MNXR191571:MNXM89661:MNXR100781:MNXM20:MNXR95655:MNXM741428:MNXR104635:MNXM25:MNXR99637:MNXM737340,MNXM46:MNXR96920:MNXM727997:MNXR95386:MNXM813:MNXR95387:MNXM89661:MNXR191121:MNXM20:MNXR190634:MNXM1104774:MNXR188878:MNXM25:MNXR99637:MNXM737340,MNXM46:MNXR96920:MNXM727997:MNXR95386:MNXM813:MNXR95387:MNXM89661:MNXR191121:MNXM20:MNXR102243:MNXM172:MNXR104541:MNXM25:MNXR99637:MNXM737340,,,,,
366,Glyoxylate,O=CC(=O)O,MNXM69,"InChI=1S/C2H2O3/c3-1-2(4)5/h1H,(H,4,5)/p-1",MNXM46:MNXR96920:MNXM727997:MNXR95386:MNXM813:MNXR95387:MNXM89661:MNXR100789:MNXM69,,,,,,,
367,6-Hydroxyhexanoic acid,O=C([O-])CCCCCO,MNXM1994,"InChI=1S/C6H12O3/c7-5-3-1-2-4-6(8)9/h7H,1-5H2,(H,8,9)/p-1",MNXM3002:MNXR107392:MNXM835:MNXR107393:MNXM2682:MNXR108397:MNXM1994,,,,,,,
368,Succinyl-CoA,CC(C)(COP(=O)(O)OP(=O)(O)OC[C@H]1O[C@@H](n2cnc3c(N)ncnc32)[C@H](O)[C@@H]1OP(=O)(O)O)[C@@H](O)C(O)=NCCC(O)=NCCSC(=O)CCC(=O)O,MNXM741428,"InChI=1S/C25H40N7O19P3S/c1-25(2,20(38)23(39)28-6-5-14(33)27-7-8-55-16(36)4-3-15(34)35)10-48-54(45,46)51-53(43,44)47-9-13-19(50-52(40,41)42)18(37)24(49-13)32-12-31-17-21(26)29-11-30-22(17)32/h11-13,18-20,24,37-38H,3-10H2,1-2H3,(H,27,33)(H,28,39)(H,34,35)(H,43,44)(H,45,46)(H2,26,29,30)(H2,40,41,42)/p-5/t13-,18-,19-,20+,24-/m1/s1",MNXM46:MNXR96920:MNXM727997:MNXR95386:MNXM813:MNXR95387:MNXM89661:MNXR191121:MNXM20:MNXR190634:MNXM1104774,,,,,,,
369,Succinate,O=C(O)CCC(=O)O,MNXM25,"InChI=1S/C4H6O4/c5-3(6)1-2-4(7)8/h1-2H2,(H,5,6)(H,7,8)/p-2SMILES[O-]C(=O)CCC([O-])=O",MNXM46:MNXR96920:MNXM727997:MNXR95386:MNXM813:MNXR95387:MNXM89661:MNXR191121:MNXM20:MNXR190634:MNXM1104774:MNXR188878:MNXM25,MNXM46:MNXR96920:MNXM727997:MNXR95386:MNXM813:MNXR95387:MNXM89661:MNXR191121:MNXM20:MNXR102243:MNXM172:MNXR104541:MNXM25,,,,,,
370,Succinate semialdehyde,O=CCCC(=O)O,MNXM172,"InChI=1S/C4H6O3/c5-3-1-2-4(6)7/h3H,1-2H2,(H,6,7)/p-1",MNXM46:MNXR96920:MNXM727997:MNXR95386:MNXM813:MNXR95387:MNXM89661:MNXR191121:MNXM20:MNXR102243:MNXM172,MNXM25:MNXR104635:MNXM741428:MNXR104542:MNXM172,,,,,,
371,"2,3-Dihydroxybutyrate",C[C@@H](O)[C@@H](O)C(=O)O,MNXM735061,"InChI=1S/C4H8O4/c1-2(5)3(6)4(7)8/h2-3,5-6H,1H3,(H,7,8)/t2-,3-/m1/s1",,,,,,,,
372,Oxalic acid,O=C(O)C(=O)O,MNXM291,"InChI=1S/C2H2O4/c3-1(4)2(5)6/h(H,3,4)(H,5,6)/p-2",MNXM46:MNXR96920:MNXM727997:MNXR95386:MNXM813:MNXR95387:MNXM89661:MNXR100789:MNXM69:MNXR100305:MNXM291,,,,,,,
373,beta-Hydroxy-y-butyrolactone,O=C1CC(O)CO1,,"InChI=1S/C4H6O3/c5-3-1-4(6)7-2-3/h3,5H,1-2H2/t3-/m0/s1",,,,,,,,
374,Butyrolactam,OC1=NCCC1,MNXM80018,"InChI=1S/C4H7NO/c6-4-2-1-3-5-4/h1-3H2,(H,5,6)",,,,,,,,
375,Succinic anhydride,O=C1CCC(=O)O1,MNXM82891,InChI=1S/C4H4O3/c5-3-1-2-4(6)7-3/h1-2H2,,,,,,,,
376,"4,Hydroxybutyric acid",O=C(O)CCCO,MNXM728793,"InChI=1S/C4H8O3/c5-3-1-2-4(6)7/h5H,1-3H2,(H,6,7)/p-1",MNXM20:MNXR102243:MNXM172:MNXR145013:MNXM728793,MNXM25:MNXR104635:MNXM741428:MNXR104542:MNXM172:MNXR145013:MNXM728793,,,,,,
377,Maleic anhydride,O=C1C=CC(=O)O1,MNXM60992,InChI=1S/C4H2O3/c5-3-1-2-4(6)7-3/h1-2H,,,,,,,,
378,N-Methylpyrrolidone,CN1CCCC1=O,MNXM63883,"InChI=1S/C5H9NO/c1-6-4-2-3-5(6)7/h2-4H2,1H3",,,,,,,,
379,Glycolaldehyde,O=CCO,MNXM734590,"InChI=1S/C2H4O2/c3-1-2-4/h1,4H,2H2",MNXM46:MNXR96920:MNXM727997:MNXR95386:MNXM813:MNXR95387:MNXM89661:MNXR100789:MNXM69:MNXR100338:MNXM222:MNXR100060:MNXM734590,,,,,,,
380,"1,4-Dioxane",C1COCCO1,MNXM32362,InChI=1S/C4H8O2/c1-2-6-4-3-5-1/h1-4H2,,,,,,,,
381,y-Butyrolactone,O=C1CCCO1,MNXM8632,InChI=1S/C4H6O2/c5-4-2-1-3-6-4/h1-3H2,MNXM728793:MNXR148308:MNXM8632,,,,,,,
382,4-Hydroxybutyryl-CoA,CC(C)(COP(=O)([O-])OP(=O)([O-])OC[C@H]1O[C@@H](n2cnc3c(N)ncnc32)[C@H](O)[C@@H]1OP(=O)([O-])[O-])[C@@H](O)C(=O)NCCC(=O)NCCSC(=O)CCCO,MNXM2334,"InChI=1S/C25H42N7O18P3S/c1-25(2,20(37)23(38)28-6-5-15(34)27-7-9-54-16(35)4-3-8-33)11-47-53(44,45)50-52(42,43)46-10-14-19(49-51(39,40)41)18(36)24(48-14)32-13-31-17-21(26)29-12-30-22(17)32/h12-14,18-20,24,33,36-37H,3-11H2,1-2H3,(H,27,34)(H,28,38)(H,42,43)(H,44,45)(H2,26,29,30)(H2,39,40,41)/p-4/t14-,18-,19-,20+,24-/m1/s1",MNXM20:MNXR102243:MNXM172:MNXR145013:MNXM728793:MNXR112714:MNXM2334,MNXM25:MNXR104635:MNXM741428:MNXR104542:MNXM172:MNXR145013:MNXM728793:MNXR112714:MNXM2334,,,,,,
383,4-Hydroxybutyraldehyde,O=CCCCO,MNXM37518,"InChI=1S/C4H8O2/c5-3-1-2-4-6/h3,6H,1-2,4H2",MNXM20:MNXR102243:MNXM172:MNXR145013:MNXM728793:MNXR112714:MNXM2334:MNXR117649:MNXM37518,MNXM25:MNXR104635:MNXM741428:MNXR104542:MNXM172:MNXR145013:MNXM728793:MNXR112714:MNXM2334:MNXR117649:MNXM37518,,,,,,
384,Tetrahydrofuran,C1CCOC1,MNXM66095,InChI=1S/C4H8O/c1-2-4-5-3-1/h1-4H2,,,,,,,,
385,cis-Aconitate,O=C(O)C=C(CC(=O)O)C(=O)O,MNXM813,"InChI=1S/C6H6O6/c7-4(8)1-3(6(11)12)2-5(9)10/h1H,2H2,(H,7,8)(H,9,10)(H,11,12)/p-3/b3-1-",MNXM46:MNXR96920:MNXM727997:MNXR95386:MNXM813,,,,,,,
386,Itaconic acid,C=C(CC(=O)O)C(=O)O,MNXM1747,"InChI=1S/C5H6O4/c1-3(5(8)9)2-4(6)7/h1-2H2,(H,6,7)(H,8,9)/p-2",MNXM46:MNXR96920:MNXM727997:MNXR95386:MNXM813:MNXR107402:MNXM1747,,,,,,,
387,Methacrylic acid,C=C(C)C(=O)O,MNXM61590,"InChI=1S/C4H6O2/c1-3(2)4(5)6/h1H2,2H3,(H,5,6)/p-1",,,,,,,,
388,L-Homocarnosine,NCCCC(O)=NC(Cc1cnc[nH]1)C(=O)O,MNXM56612,"InChI=1S/C10H16N4O3/c11-3-1-2-9(15)14-8(10(16)17)4-7-5-12-6-13-7/h5-6,8H,1-4,11H2,(H,12,13)(H,14,15)(H,16,17)/t8-/m0/s1",MNXM20:MNXR100086:MNXM741173:MNXR95942:MNXM192:MNXR95133:MNXM56612,,,,,,,
389,4-Guanidinobutanoate,N=C(N)NCCCC(=O)O,MNXM1312,"InChI=1S/C5H11N3O2/c6-5(7)8-3-1-2-4(9)10/h1-3H2,(H,9,10)(H4,6,7,8)",MNXM20:MNXR100086:MNXM741173:MNXR95942:MNXM192:MNXR100467:MNXM1312,MNXM739527:MNXR96038:MNXM1037:MNXR102132:MNXM1895:MNXR100083:MNXM1312,MNXM739527:MNXR106583:MNXM2617:MNXR154640:MNXM1312,,,,,
390,Isocitrate,O=C(O)CC(C(=O)O)C(O)C(=O)O,MNXM89661,"InChI=1S/C6H8O7/c7-3(8)1-2(5(10)11)4(9)6(12)13/h2,4,9H,1H2,(H,7,8)(H,10,11)(H,12,13)/p-3",MNXM46:MNXR96920:MNXM727997:MNXR95386:MNXM813:MNXR95387:MNXM89661,,,,,,,
391,D-Glucosamine6-phosphate,N[C@@H]1[C@@H](O)[C@H](O)[C@@H](COP(=O)([O-])O)O[C@@H]1O,MNXM1104065,"InChI=1S/C6H14NO8P/c7-3-5(9)4(8)2(15-6(3)10)1-14-16(11,12)13/h2-6,8-10H,1,7H2,(H2,11,12,13)/p-1/t2-,3-,4-,5-,6+/m1/s1",MNXM1105027:MNXR191954:MNXM1105855:MNXR191975:MNXM1107898:MNXR144994:MNXM1104065,,,,,,,
392,Alfa-ketoglutarate,O=C([O-])CCC(=O)C(=O)[O-],MNXM20,"InChI=1S/C5H6O5/c6-3(5(9)10)1-2-4(7)8/h1-2H2,(H,7,8)(H,9,10)/p-2",MNXM46:MNXR96920:MNXM727997:MNXR95386:MNXM813:MNXR95387:MNXM89661:MNXR100781:MNXM20,MNXM54039:MNXR113575:MNXM4290:MNXR107869:MNXM2321:MNXR107870:MNXM727180:MNXR113574:MNXM741740:MNXR113573:MNXM20,,,,,,
393,2-Oxoglutaryl-CoA,CC(C)(COP(=O)(O)OP(=O)(O)OC[C@H]1O[C@@H](n2cnc3c(N)ncnc32)[C@H](O)[C@@H]1OP(=O)(O)O)C(O)C(O)=NCCC(O)=NCCSC(=O)C(=O)CCC(=O)O,MNXM741740,"InChI=1S/C26H40N7O20P3S/c1-26(2,20(39)23(40)29-6-5-15(35)28-7-8-57-25(41)13(34)3-4-16(36)37)10-50-56(47,48)53-55(45,46)49-9-14-19(52-54(42,43)44)18(38)24(51-14)33-12-32-17-21(27)30-11-31-22(17)33/h11-12,14,18-20,24,38-39H,3-10H2,1-2H3,(H,28,35)(H,29,40)(H,36,37)(H,45,46)(H,47,48)(H2,27,30,31)(H2,42,43,44)/t14-,18-,19-,20+,24-/m1/s1",MNXM54039:MNXR113575:MNXM4290:MNXR107869:MNXM2321:MNXR107870:MNXM727180:MNXR113574:MNXM741740,,,,,,,
394,(S)-5-Hydroxy-2-furoyl-CoA,CC(C)(COP(=O)(O)OP(=O)(O)OC[C@H]1O[C@@H](n2cnc3c(N)ncnc32)[C@H](O)[C@@H]1OP(=O)(O)O)[C@@H](O)C(O)=NCCC(O)=NCCSC(=O)c1ccc(O)o1,MNXM727180,"InChI=1S/C26H38N7O19P3S/c1-26(2,20(37)23(38)29-6-5-15(34)28-7-8-56-25(39)13-3-4-16(35)49-13)10-48-55(45,46)52-54(43,44)47-9-14-19(51-53(40,41)42)18(36)24(50-14)33-12-32-17-21(27)30-11-31-22(17)33/h3-4,11-12,14,18-20,24,35-37H,5-10H2,1-2H3,(H,28,34)(H,29,38)(H,43,44)(H,45,46)(H2,27,30,31)(H2,40,41,42)/p-5/t14-,18-,19-,20+,24-/m1/s1",MNXM54039:MNXR113575:MNXM4290:MNXR107869:MNXM2321:MNXR107870:MNXM727180,,,,,,,
395,2-Furoyl-CoA,CC(C)(COP(=O)(O)OP(=O)(O)OC[C@H]1O[C@@H](n2cnc3c(N)ncnc32)[C@H](O)[C@@H]1OP(=O)(O)O)[C@@H](O)C(O)=NCCC(O)=NCCSC(=O)c1ccco1,MNXM2321,"InChI=1S/C26H38N7O18P3S/c1-26(2,20(36)23(37)29-6-5-16(34)28-7-9-55-25(38)14-4-3-8-46-14)11-48-54(44,45)51-53(42,43)47-10-15-19(50-52(39,40)41)18(35)24(49-15)33-13-32-17-21(27)30-12-31-22(17)33/h3-4,8,12-13,15,18-20,24,35-36H,5-7,9-11H2,1-2H3,(H,28,34)(H,29,37)(H,42,43)(H,44,45)(H2,27,30,31)(H2,39,40,41)/p-4/t15-,18-,19-,20+,24-/m1/s1",MNXM54039:MNXR113575:MNXM4290:MNXR107869:MNXM2321,,,,,,,
396,2-Furoate,O=C(O)c1ccco1,MNXM4290,"InChI=1S/C5H4O3/c6-5(7)4-2-1-3-8-4/h1-3H,(H,6,7)/p-1",MNXM54039:MNXR113575:MNXM4290,,,,,,,
397,L-Glutamine,N=C(O)CC[C@H](N)C(=O)O,MNXM37,"InChI=1S/C5H10N2O3/c6-3(5(9)10)1-2-4(7)8/h3H,1-2,6H2,(H2,7,8)(H,9,10)/t3-/m0/s1",MNXM20:MNXR100086:MNXM741173:MNXR100024:MNXM37,,,,,,,
398,4-Aminobutyraldehyde,NCCCC=O,MNXM422,"InChI=1S/C4H9NO/c5-3-1-2-4-6/h4H,1-3,5H2/p+1",MNXM20:MNXR100086:MNXM741173:MNXR95259:MNXM730:MNXR95256:MNXM1384:MNXR95530:MNXM1062:MNXR95388:MNXM817:MNXR9537:MNXM741175:MNXR102209:MNXM118:MNXR103334:MNXM422,,,,,,,
399,L-glutamate,N[C@@H](CCC(=O)[O-])C(=O)O,MNXM741173,"InChI=1S/C5H9NO4/c6-3(5(9)10)1-2-4(7)8/h3H,1-2,6H2,(H,7,8)(H,9,10)/p-1/t3-/m0/s1",MNXM20:MNXR100086:MNXM741173,MNXM1107769:MNXR191120:MNXM1108290:MNXR192048:MNXM741299:MNXR145318:MNXM496:MNXR153597:MNXM1287:MNXR101945:MNXM741173,,MNXM739527:MNXR190716:MNXM1756:MNXR104239:MNXM1152:MNXR104477:MNXM1763:MNXR104368:MNXM1757:MNXR104362:MNXM741173,MNXM114:MNXR106885:MNXM1105060:MNXR153703:MNXM1093051:MNXR103352:MNXM741173,,,
400,D-glutamate,N[C@H](CCC(=O)[O-])C(=O)O,MNXM331,"InChI=1S/C5H9NO4/c6-3(5(9)10)1-2-4(7)8/h3H,1-2,6H2,(H,7,8)(H,9,10)/p-1/t3-/m1/s1",MNXM20:MNXR100086:MNXM741173:MNXR100288:MNXM331,,,,,,,
401,N-Acetyl-L-ornithine,CC(O)=N[C@@H](CCCN)C(=O)O,MNXM817,"InChI=1S/C7H14N2O3/c1-5(10)9-6(7(11)12)3-2-4-8/h6H,2-4,8H2,1H3,(H,9,10)(H,11,12)/t6-/m0/s1",MNXM20:MNXR100086:MNXM741173:MNXR95259:MNXM730:MNXR95256:MNXM1384:MNXR95530:MNXM1062:MNXR95388:MNXM817,,,,,,,
402,L-Ornithine,NCCC[C@H](N)C(=O)O,MNXM741175,"InChI=1S/C5H12N2O2/c6-3-1-2-4(7)5(8)9/h4H,1-3,6-7H2,(H,8,9)/p+1/t4-/m0/s1",MNXM20:MNXR100086:MNXM741173:MNXR95259:MNXM730:MNXR95256:MNXM1384:MNXR95530:MNXM1062:MNXR95388:MNXM817:MNXR9537:MNXM741175,,,,,,,
403,N-Carbamoyl putrescine,N=C(O)NCCCCN,MNXM1243,"InChI=1S/C5H13N3O/c6-3-1-2-4-8-5(7)9/h1-4,6H2,(H3,7,8,9)/p+1",MNXM20:MNXR100086:MNXM741173:MNXR95259:MNXM730:MNXR95256:MNXM1384:MNXR95530:MNXM1062:MNXR95388:MNXM817:MNXR95377:MNXM741175:MNXR102137:MNXM732471:MNXR138060:MNXM722743:MNXR138059:MNXM739527:MNXR95940:MNXM328:MNXR95529:MNXM1243,,,,,,,
404,Scopolamine,CN1[C@@H]2CC(OC(=O)[C@H](CO)c3ccccc3)C[C@H]1[C@@H]1O[C@@H]12,MNXM4105,"InChI=1S/C17H21NO4/c1-18-13-7-11(8-14(18)16-15(13)22-16)21-17(20)12(9-19)10-5-3-2-4-6-10/h2-6,11-16,19H,7-9H2,1H3/t11-,12-,13-,14+,15-,16+/m1/s1",MNXM741664:MNXR140524:MNXM730221:MNXR151467:MNXM726662:kegg_R12916:MNXM1132294:MNXR150260:MNXM5812:MNXR111979:MNXM2759:MNXR148375:MNXM732796:MNXR148322:MNXM4105                    ,MNXM739527:MNXR95945:MNXM741175:MNXR102209:MNXM118:MNXR106843:MNXM2704:MNXR109492:MNXM5844:MNXR109493:MNXM1615:kegg_R12915:MNXM10153:kegg_R06733:MNXM1595:MNXR147871:MNXM733340:MNXR150260:MNXM5812:MNXR111979:MNXM2759:MNXR148375:MNXM732796:MNXR148322:MNXM4105                     ,,,,,,
405,Tropine,CN1C2CCC1CC(O)C2,MNXM733340,"InChI=1S/C8H15NO/c1-9-6-2-3-7(9)5-8(10)4-6/h6-8,10H,2-5H2,1H3/p+1",MNXM739527:MNXR95945:MNXM741175:MNXR102209:MNXM118:MNXR106843:MNXM2704:MNXR109492:MNXM5844:MNXR109493:MNXM1615:kegg_R12915:MNXM10153:kegg_R06733:MNXM1595:MNXR147871:MNXM733340              ,MNXM733929:MNXR148234:MNXM733340,,,,,,
406,Hyoscyamine,CN1C2CCC1CC(OC(=O)C(CO)c1ccccc1)C2,MNXM2759,"InChI=1S/C17H23NO3/c1-18-13-7-8-14(18)10-15(9-13)21-17(20)16(11-19)12-5-3-2-4-6-12/h2-6,13-16,19H,7-11H2,1H3/p+1/t13-,14+,15+,16-/m1/s1",MNXM741664:MNXR140524:MNXM730221:MNXR151467:MNXM726662:kegg_R12916:MNXM1132294:MNXR150260:MNXM5812:MNXR111979:MNXM2759         ,MNXM739527:MNXR95945:MNXM741175:MNXR102209:MNXM118:MNXR106843:MNXM2704:MNXR109492:MNXM5844:MNXR109493:MNXM1615:kegg_R12915:MNXM10153:kegg_R06733:MNXM1595:MNXR147871:MNXM733340:MNXR150260:MNXM5812:MNXR111979:MNXM2759        ,,,,,,
407,L-Citruline,N=C(O)NCCC[C@H](N)C(=O)O,MNXM732471,"InChI=1S/C6H13N3O3/c7-4(5(10)11)2-1-3-9-6(8)12/h4H,1-3,7H2,(H,10,11)(H3,8,9,12)/t4-/m0/s1",MNXM20:MNXR100086:MNXM741173:MNXR95259:MNXM730:MNXR95256:MNXM1384:MNXR95530:MNXM1062:MNXR95388:MNXM817:MNXR95377:MNXM741175:MNXR102137:MNXM732471,,,,,,,
408,L-Theanine,CCN=C(O)CC[C@H](N)C(=O)O,MNXM2257,"InChI=1S/C7H14N2O3/c1-2-9-6(10)4-3-5(8)7(11)12/h5H,2-4,8H2,1H3,(H,9,10)(H,11,12)/t5-/m0/s1",MNXM20:MNXR100086:MNXM741173:MNXR107832:MNXM2257,,,,,,,
409,L-Proline,O=C(O)[C@@H]1CCCN1,MNXM114,"InChI=1S/C5H9NO2/c7-5(8)4-2-1-3-6-4/h4,6H,1-3H2,(H,7,8)/t4-/m0/s1",MNXM20:MNXR100086:MNXM741173:MNXR100277:MNXM1280:MNXR99896:MNXM245:MNXR153703:MNXM1617:MNXR102302:MNXM114,MNXM20:MNXR100086:MNXM741173:MNXR95259:MNXM730:MNXR95256:MNXM1384:MNXR95530:MNXM1062:MNXR95388:MNXM817:MNXR95377:MNXM741175:MNXR102220:MNXM245:MNXR153703:MNXM1617:MNXR102302:MNXM114,MNXM1714:MNXR108046:MNXM957:MNXR116171:MNXM114,MNXM737024:MNXR148693:MNXM957:MNXR116171:MNXM114,,,,
410,1-Pyrroline-2-carboxylate,O=C([O-])C1=NCCC1,MNXM957,"InChI=1S/C5H7NO2/c7-5(8)4-2-1-3-6-4/h1-3H2,(H,7,8)",MNXM1714:MNXR108046:MNXM957,MNXM737024:MNXR148693:MNXM957,MNXM20:MNXR100086:MNXM741173:MNXR100277:MNXM1280:MNXR99896:MNXM245:MNXR153703:MNXM1617:MNXR102302:MNXM114:MNXR106886:MNXM976:MNXR107807:MNXM957,MNXM20:MNXR100086:MNXM741173:MNXR95259:MNXM730:MNXR95256:MNXM1384:MNXR95530:MNXM1062:MNXR95388:MNXM817:MNXR95377:MNXM741175:MNXR102220:MNXM245:MNXR153703:MNXM1617:MNXR102302:MNXM114:MNXR106886:MNXM976:MNXR107807:MNXM957,,,,
411,L-1-Pyrroline-5-carboxylate,O=C(O)[C@@H]1CCC=N1,MNXM1617,"InChI=1S/C5H7NO2/c7-5(8)4-2-1-3-6-4/h3-4H,1-2H2,(H,7,8)/p-1/t4-/m0/s1",MNXM20:MNXR100086:MNXM741173:MNXR100277:MNXM1280:MNXR99896:MNXM245:MNXR153703:MNXM1617:MNXR102302:MNXM114:MNXR102302:MNXM1617,MNXM20:MNXR100086:MNXM741173:MNXR95259:MNXM730:MNXR95256:MNXM1384:MNXR95530:MNXM1062:MNXR95388:MNXM817:MNXR95377:MNXM741175:MNXR102220:MNXM245:MNXR153703:MNXM1617:MNXR102302:MNXM114:MNXR102302:MNXM1617,,,,,,
412,Arginosuccinate,N=C(NCCCC(N)C(=O)O)NC(CC(=O)O)C(=O)O,MNXM722743,"InChI=1S/C10H18N4O6/c11-5(8(17)18)2-1-3-13-10(12)14-6(9(19)20)4-7(15)16/h5-6H,1-4,11H2,(H,15,16)(H,17,18)(H,19,20)(H3,12,13,14)/t5-,6-/m0/s1",MNXM20:MNXR100086:MNXM741173:MNXR95259:MNXM730:MNXR95256:MNXM1384:MNXR95530:MNXM1062:MNXR95388:MNXM817:MNXR95377:MNXM741175:MNXR102137:MNXM732471:MNXR138060:MNXM722743,,,,,,,
413,Agmatine,N=C(N)NCCCCN,MNXM328,"InChI=1S/C5H14N4/c6-3-1-2-4-9-5(7)8/h1-4,6H2,(H4,7,8,9)",MNXM20:MNXR100086:MNXM741173:MNXR95259:MNXM730:MNXR95256:MNXM1384:MNXR95530:MNXM1062:MNXR95388:MNXM817:MNXR95377:MNXM741175:MNXR102137:MNXM732471:MNXR138060:MNXM722743:MNXR138059:MNXM739527:MNXR95940:MNXM328,,,,,,,
414,L-Hydroxyproline,O=C(O)[C@@H]1C[C@@H](O)CN1,MNXM736064,"InChI=1S/C5H9NO3/c7-3-1-4(5(8)9)6-2-3/h3-4,6-7H,1-2H2,(H,8,9)/t3-,4+/m1/s1",MNXM20:MNXR100086:MNXM741173:MNXR100277:MNXM1280:MNXR99896:MNXM245:MNXR153703:MNXM1617:MNXR102302:MNXM114:MNXR103186:MNXM736064,MNXM20:MNXR100086:MNXM741173:MNXR95259:MNXM730:MNXR95256:MNXM1384:MNXR95530:MNXM1062:MNXR95388:MNXM817:MNXR95377:MNXM741175:MNXR102220:MNXM245:MNXR153703:MNXM1617:MNXR102302:MNXM114:MNXR103186:MNXM736064,,,,,,
415,L-Arginine,N=C(N)NCCC[C@H](N)C(=O)O,MNXM739527,"InChI=1S/C6H14N4O2/c7-4(5(11)12)2-1-3-10-6(8)9/h4H,1-3,7H2,(H,11,12)(H4,8,9,10)/p+1/t4-/m0/s1",MNXM20:MNXR100086:MNXM741173:MNXR95259:MNXM730:MNXR95256:MNXM1384:MNXR95530:MNXM1062:MNXR95388:MNXM817:MNXR95377:MNXM741175:MNXR102137:MNXM732471:MNXR138060:MNXM722743:MNXR138059:MNXM739527,,,,,,,
416,Feruloylagmatine,COc1cc(/C=C/C(O)=NCCCCNC(=N)N)ccc1O,MNXM727049,"InChI=1S/C15H22N4O3/c1-22-13-10-11(4-6-12(13)20)5-7-14(21)18-8-2-3-9-19-15(16)17/h4-7,10,20H,2-3,8-9H2,1H3,(H,18,21)(H4,16,17,19)/b7-5+",MNXM20:MNXR100086:MNXM741173:MNXR95259:MNXM730:MNXR95256:MNXM1384:MNXR95530:MNXM1062:MNXR95388:MNXM817:MNXR95377:MNXM741175:MNXR102137:MNXM732471:MNXR138060:MNXM722743:MNXR138059:MNXM739527:MNXR95940:MNXM328:MNXR112690:MNXM727049,,,,,,,
417,D-Proline,O=C(O)[C@@H]1CCCN1,MNXM114,"InChI=1S/C5H9NO2/c7-5(8)4-2-1-3-6-4/h4,6H,1-3H2,(H,7,8)/t4-/m0/s1",MNXM20:MNXR100086:MNXM741173:MNXR100277:MNXM1280:MNXR99896:MNXM245:MNXR153703:MNXM1617:MNXR102302:MNXM114:MNXR106886:MNXM976,MNXM20:MNXR100086:MNXM741173:MNXR95259:MNXM730:MNXR95256:MNXM1384:MNXR95530:MNXM1062:MNXR95388:MNXM817:MNXR95377:MNXM741175:MNXR102220:MNXM245:MNXR153703:MNXM1617:MNXR102302:MNXM114:MNXR106886:MNXM976,,,,,,
418,Proclavaminate,NCC[C@@H](O)[C@@H](C(=O)O)N1CCC1=O,MNXM1852,"InChI=1S/C8H14N2O4/c9-3-1-5(11)7(8(13)14)10-4-2-6(10)12/h5,7,11H,1-4,9H2,(H,13,14)/t5-,7+/m1/s1",MNXM20:MNXR100086:MNXM741173:MNXR95259:MNXM730:MNXR95256:MNXM1384:MNXR95530:MNXM1062:MNXR95388:MNXM817:MNXR95377:MNXM741175:MNXR102137:MNXM732471:MNXR138060:MNXM722743:MNXR138059:MNXM739527:MNXR109607:MNXM1937:MNXR109609:MNXM1738:MNXR109608:MNXM1811:MNXR109508:MNXM1852,,,,,,,
419,Octopine,C[C@H](C(=O)O)N[C@@H](CCCN=C(N)N)C(=O)O,MNXM3008,"InChI=1S/C9H18N4O4/c1-5(7(14)15)13-6(8(16)17)3-2-4-12-9(10)11/h5-6,13H,2-4H2,1H3,(H,14,15)(H,16,17)(H4,10,11,12)/t5-,6+/m1/s1",MNXM20:MNXR100086:MNXM741173:MNXR95259:MNXM730:MNXR95256:MNXM1384:MNXR95530:MNXM1062:MNXR95388:MNXM817:MNXR95377:MNXM741175:MNXR102137:MNXM732471:MNXR138060:MNXM722743:MNXR138059:MNXM739527:MNXR106584:MNXM3008,,,,,,,
420,Spermidine,NCCCCNCCCN,MNXM124,"InChI=1S/C7H19N3/c8-4-1-2-6-10-7-3-5-9/h10H,1-9H2/p+3",MNXM20:MNXR100086:MNXM741173:MNXR95259:MNXM730:MNXR95256:MNXM1384:MNXR95530:MNXM1062:MNXR95388:MNXM817:MNXR95377:MNXM741175:MNXR102209:MNXM118:MNXR95860:MNXM124,MNXM739527:MNXR95940:MNXM328:MNXR95554:MNXM118:MNXR147465:MNXM124,MNXM1102072:MNXR190583:MNXM1103325:MNXR190686:MNXM124,,,,,
421,Homospermidine,C(CCC[NH2+]CCCC[NH3+])[NH3+],MNXM1778,"InChI=1S/C8H21N3/c9-5-1-3-7-11-8-4-2-6-10/h11H,1-10H2/p+3",MNXM20:MNXR100086:MNXM741173:MNXR95259:MNXM730:MNXR95256:MNXM1384:MNXR95530:MNXM1062:MNXR95388:MNXM817:MNXR95377:MNXM741175:MNXR102209:MNXM118:MNXR95860:MNXM124:MNXR107229:MNXM1778,,,,,,,
422,2-Oxoarginine,N=C(N)NCCCC(=O)C(=O)O,MNXM1037,"InChI=1S/C6H11N3O3/c7-6(8)9-3-1-2-4(10)5(11)12/h1-3H2,(H,11,12)(H4,7,8,9)",MNXM20:MNXR100086:MNXM741173:MNXR95259:MNXM730:MNXR95256:MNXM1384:MNXR95530:MNXM1062:MNXR95388:MNXM817:MNXR95377:MNXM741175:MNXR102137:MNXM732471:MNXR138060:MNXM722743:MNXR138059:MNXM739527:MNXR96038:MNXM1037,,,,,,,
423,Thermospermine,C([NH3+])CCC[NH2+]CCC[NH2+]CCC[NH3+],MNXM4844,"InChI=1S/C10H26N4/c11-5-1-2-7-13-9-4-10-14-8-3-6-12/h13-14H,1-12H2/p+4",MNXM20:MNXR100086:MNXM741173:MNXR95259:MNXM730:MNXR95256:MNXM1384:MNXR95530:MNXM1062:MNXR95388:MNXM817:MNXR95377:MNXM741175:MNXR102209:MNXM118:MNXR95860:MNXM124:MNXR112950:MNXM4844,,,,,,,
424,Nopaline,N=C(N)NCCCC(NC(CCC(=O)O)C(=O)O)C(=O)O,MNXM3248,"InChI=1S/C11H20N4O6/c12-11(13)14-5-1-2-6(9(18)19)15-7(10(20)21)3-4-8(16)17/h6-7,15H,1-5H2,(H,16,17)(H,18,19)(H,20,21)(H4,12,13,14)",MNXM20:MNXR100086:MNXM741173:MNXR95259:MNXM730:MNXR95256:MNXM1384:MNXR95530:MNXM1062:MNXR95388:MNXM817:MNXR95377:MNXM741175:MNXR102137:MNXM732471:MNXR138060:MNXM722743:MNXR138059:MNXM739527:MNXR101999:MNXM3248,,,,,,,
425,Spermine,C(CCC[NH2+]CCC[NH3+])[NH2+]CCC[NH3+],MNXM408,"InChI=1S/C10H26N4/c11-5-3-9-13-7-1-2-8-14-10-4-6-12/h13-14H,1-12H2/p+4",MNXM20:MNXR100086:MNXM741173:MNXR95259:MNXM730:MNXR95256:MNXM1384:MNXR95530:MNXM1062:MNXR95388:MNXM817:MNXR95377:MNXM741175:MNXR102209:MNXM118:MNXR95860:MNXM124:MNXR96042:MNXM408,,,,,,,
426,Santalene,CC(C)=CCCC1(C)C2CC3C(C2)C31C,MNXM735744,"InChI=1S/C15H24/c1-10(2)6-5-7-14(3)11-8-12-13(9-11)15(12,14)4/h6,11-13H,5,7-9H2,1-4H3",MNXM1104266:MNXR190494:MNXM1103802:MNXR145222:MNXM732189:MNXR107303:MNXM734276:MNXR145601:MNXM738283:MNXR146087:MNXM733934:MNXR153392:MNXM83:MNXR97512:MNXM100:MNXR99634:MNXM34:MNXR150909:MNXM735744,,,,,,,
427,4-Hydroxybenzoate-CoA,CC(C)(COP(=O)(O)OP(=O)(O)OC[C@H]1O[C@@H](n2cnc3c(N)ncnc32)[C@H](O)[C@@H]1OP(=O)(O)O)[C@@H](O)C(O)=NCCC(O)=NCCSC(=O)c1ccc(O)cc1,MNXM1104715,"InChI=1S/C28H40N7O18P3S/c1-28(2,22(39)25(40)31-8-7-18(37)30-9-10-57-27(41)15-3-5-16(36)6-4-15)12-50-56(47,48)53-55(45,46)49-11-17-21(52-54(42,43)44)20(38)26(51-17)35-14-34-19-23(29)32-13-33-24(19)35/h3-6,13-14,17,20-22,26,36,38-39H,7-12H2,1-2H3,(H,30,37)(H,31,40)(H,45,46)(H,47,48)(H2,29,32,33)(H2,42,43,44)/p-4/t17-,20-,21-,22+,26-/m1/s1",MNXM258:MNXR97218:MNXM1219:MNXR153355:MNXM736875:MNXR153360:MNXM611:MNXR104378:MNXM602:MNXR104379:MNXM1265:MNXR103226:MNXM1365:MNXR96709:MNXM337:MNXR96711:MNXM164:MNXR96224:MNXM1104715,MNXM258:MNXR97218:MNXM1219:MNXR153355:MNXM736875:MNXR153360:MNXM611:MNXR104378:MNXM602:MNXR104379:MNXM1265:MNXR103226:MNXM1365:MNXR96709:MNXM337:MNXR153201:MNXM737313:MNXR151442:MNXM730221:MNXR126077:MNXM741664:MNXR106649:MNXM736095:MNXR147592:MNXM505:MNXR106914:MNXM164:MNXR96224:MNXM1104715,MNXM505:MNXR190468:MNXM1102789:MNXR116798:MNXM6782:MNXR118064:MNXM577:MNXR118066:MNXM164:MNXR190728:MNXM1104715,MNXM320:MNXR145996:MNXM5261:MNXR102629:MNXM164:MNXR190728:MNXM1104715,,,,
428,Carminic acid,Cc1c(C(=O)[O-])c(O)cc2c1C(=O)c1c(O)c([C@@H]3O[C@H](CO)[C@@H](O)[C@H](O)[C@H]3O)c([O-])c(O)c1C2=O,MNXM1107346,"	InChI=1S/C22H20O13/c1-4-8-5(2-6(24)9(4)22(33)34)13(25)10-11(15(8)27)16(28)12(18(30)17(10)29)21-20(32)19(31)14(26)7(3-23)35-21/h2,7,14,19-21,23-24,26,28-32H,3H2,1H3,(H,33,34)/p-2/t7-,14-,19+,20-,21+/m1/s1",,,,,,,,
429,m-Cresol,Cc1cccc(O)c1,MNXM2330,"InChI=1S/C7H8O/c1-6-3-2-4-7(8)5-6/h2-5,8H,1H3",MNXM1104266:MNXR110937:MNXM2093:MNXR108258:MNXM2330,,,,,,,
430,Pentadecaheptaene,C=CC=CC=CC=CC=CC=CC=CC,MNXM165419,"InChI=1S/C15H18/c1-3-5-7-9-11-13-15-14-12-10-8-6-4-2/h3-15H,1H2,2H3",MNXM1106093:MNXR114732:MNXM164239:MNXR114733:MNXM165419,,,,,,,
431,Arachidonicacid,CCCCC/C=C\C/C=C\C/C=C\C/C=C\CCCC(=O)[O-],MNXM1107770,"InChI=1S/C20H32O2/c1-2-3-4-5-6-7-8-9-10-11-12-13-14-15-16-17-18-19-20(21)22/h6-7,9-10,12-13,15-16H,2-5,8,11,14,17-19H2,1H3,(H,21,22)/p-1/b7-6-,10-9-,13-12-,16-15-",MNXM1104266:MNXR119773:MNXM1107770,MNXM737355:MNXR146276:MNXM1107770,,,,,,
432,"Meso-2,3-Butanediol",C[C@H](O)[C@@H](C)O,MNXM9502,"InChI=1S/C4H10O2/c1-3(5)4(2)6/h3-6H,1-2H3/t3-,4+",MNXM23:MNXR146818:MNXM726861:MNXR113842:MNXM1467:MNXR147624:MNXM727663:MNXR113840:MNXM9502,MNXM23:MNXR146818:MNXM726861:MNXR95270:MNXM664:MNXR107845:MNXM727663:MNXR113840:MNXM9502,MNXM23:MNXR146818:MNXM726861:MNXR95270:MNXM664:MNXR113841:MNXM9502,MNXM23:MNXR146818:MNXM726861:MNXR113842:MNXM1467:MNXR147624:MNXM727663:MNXR107845:MNXM664:MNXR113841:MNXM9502,,,,
433,3-Hydroxypropanoyl-CoA,CC(C)(COP(=O)(O)OP(=O)(O)OC[C@H]1O[C@@H](n2cnc3c(N)ncnc32)[C@H](O)[C@@H]1OP(=O)(O)O)[C@@H](O)C(O)=NCCC(O)=NCCSC(=O)CCO,MNXM1103908,"InChI=1S/C24H40N7O18P3S/c1-24(2,19(36)22(37)27-5-3-14(33)26-6-8-53-15(34)4-7-32)10-46-52(43,44)49-51(41,42)45-9-13-18(48-50(38,39)40)17(35)23(47-13)31-12-30-16-20(25)28-11-29-21(16)31/h11-13,17-19,23,32,35-36H,3-10H2,1-2H3,(H,26,33)(H,27,37)(H,41,42)(H,43,44)(H2,25,28,29)(H2,38,39,40)/t13-,17-,18-,19+,23-/m1/s1",MNXM1104266:MNXR123189:MNXM1106093:MNXR106663:MNXM244:MNXR101737:MNXM872:MNXR112719:MNXM1103908,MNXM2864:MNXR122981:MNXM1103908,,,,,,
434,,CC([O-])=N[C@H]1[C@@H](OP(=O)(O)OP(=O)(O)OC[C@H]2O[C@@H](n3ccc([O-])nc3=O)[C@H](O)[C@@H]2O)O[C@H](CO)[C@@H](O)[C@@H]1N=C(O)CCO,,,,,,,,,,
435,Nilofabicin,CC1=C(C=CC=C1N)CN2C=CC(=CC2=O)OCCC3=CC=CS3,,"InChI=1S/C19H20N2O2S/c1-14-15(4-2-6-18(14)20)13-21-9-7-16(12-19(21)22)23-10-8-17-5-3-11-24-17/h2-7,9,11-12H,8,10,13,20H2,1H3",,,,,,,,
436,,CC(O)=N[C@H]1C(O)O[C@H](CO)[C@@H](O)[C@@H]1O.O=c1nc(O)ccn1[C@@H]1O[C@H](COP(=O)(O)OP(=O)(O)O)[C@@H](O)[C@H]1O,,,,,,,,,,
437,L-serine phosphoethanolamine,NCCOP(=O)(O)OC[C@H](N)C(=O)O,MNXM114273,"InChI=1S/C5H13N2O6P/c6-1-2-12-14(10,11)13-3-4(7)5(8)9/h4H,1-3,6-7H2,(H,8,9)(H,10,11)/t4-/m0/s1",MNXM737787:MNXR147852:MNXM114273,MNXM1103456:MNXR107582:MNXM114273,,,,,,
438,Farnesol,CC(C)=CCC/C(C)=C/CC/C(C)=C/CO,MNXM727075,"InChI=1S/C15H26O/c1-13(2)7-5-8-14(3)9-6-10-15(4)11-12-16/h7,9,11,16H,5-6,8,10,12H2,1-4H3/b14-9+,15-11+",MNXM1104266:MNXR95194:MNXM725926:MNXR145222:MNXM732189:MNXR107303:MNXM734276:MNXR145601:MNXM738283:MNXR146087:MNXM733934:MNXR153392:MNXM83:MNXR97512:MNXM100:MNXR99634:MNXM34:MNXR112213:MNXM727075,,,,,,,
439,Astaxanthin,CC1=C(/C=C/C(C)=C/C=C/C(C)=C/C=C/C=C(C)/C=C/C=C(C)/C=C/C2=C(C)C(=O)[C@@H](O)CC2(C)C)C(C)(C)C[C@H](O)C1=O,MNXM4475,"InChI=1S/C40H52O4/c1-27(17-13-19-29(3)21-23-33-31(5)37(43)35(41)25-39(33,7)8)15-11-12-16-28(2)18-14-20-30(4)22-24-34-32(6)38(44)36(42)26-40(34,9)10/h11-24,35-36,41-42H,25-26H2,1-10H3/b12-11+,17-13+,18-14+,23-21+,24-22+,27-15+,28-16+,29-19+,30-20+/t35-,36-/m0/s1",MNXM1104266:MNXR95194:MNXM725926:MNXR145222:MNXM732189:MNXR107303:MNXM734276:MNXR145601:MNXM738283:MNXR146087:MNXM733934:MNXR153392:MNXM83:MNXR97512:MNXM100:MNXR99634:MNXM34:MNXR153607:MNXM728266:MNXR113543:MNXM557:MNXR117536:MNXM736240:MNXR145426:MNXM1048:MNXR100063:MNXM736699:MNXR111179:MNXM729605:MNXR111180:MNXM731637:MNXR122168:MNXM3897:MNXR122169:MNXM4475,MNXM1104266:MNXR95194:MNXM725926:MNXR145222:MNXM732189:MNXR107303:MNXM734276:MNXR145601:MNXM738283:MNXR146087:MNXM733934:MNXR153392:MNXM83:MNXR97512:MNXM100:MNXR99634:MNXM34:MNXR153607:MNXM728266:MNXR113543:MNXM557:MNXR117536:MNXM736240:MNXR145426:MNXM1048:MNXR100063:MNXM736699:MNXR153090:MNXM3591:MNXR122167:MNXM3938:MNXR111189:MNXM3530:MNXR111193:MNXM4475,,,,,,
440,beta-Ionone,CC(=O)/C=C/C1=C(C)CCCC1(C)C,MNXM5073,"InChI=1S/C13H20O/c1-10-6-5-9-13(3,4)12(10)8-7-11(2)14/h7-8H,5-6,9H2,1-4H3/b8-7+",MNXM1104266:MNXR95194:MNXM725926:MNXR145222:MNXM732189:MNXR107303:MNXM734276:MNXR145601:MNXM738283:MNXR146087:MNXM733934:MNXR153392:MNXM83:MNXR97512:MNXM100:MNXR99634:MNXM34:MNXR153607:MNXM728266:MNXR113543:MNXM557:MNXR117536:MNXM736240:MNXR145426:MNXM1048:MNXR100063:MNXM736699:MNXR150871:MNXM5073,,,,,,,
441,beta-Farnesene,C=CC(=C)CC/C=C(\C)CCC=C(C)C,MNXM735671,"InChI=1S/C15H24/c1-6-14(4)10-8-12-15(5)11-7-9-13(2)3/h6,9,12H,1,4,7-8,10-11H2,2-3,5H3/b15-12+",MNXM1104266:MNXR95194:MNXM725926:MNXR145222:MNXM732189:MNXR107303:MNXM734276:MNXR145601:MNXM738283:MNXR146087:MNXM733934:MNXR153392:MNXM83:MNXR97512:MNXM100:MNXR99634:MNXM34:MNXR112211:MNXM735671,,,,,,,
442,Artemisinic alcohol,C=C(CO)[C@@H]1CC[C@@H](C)[C@@H]2CCC(C)=C[C@@H]21,MNXM10742,"InChI=1S/C15H24O/c1-10-4-6-13-11(2)5-7-14(12(3)9-16)15(13)8-10/h8,11,13-16H,3-7,9H2,1-2H3/t11-,13+,14+,15+/m1/s1",MNXM1103344:MNXR111232:MNXM3912:MNXR150725:MNXM10742,,,,,,,
443,,C/C(=C/CCC1(C)C2CC3C(C2)C31C)CO.C=C1C2CCC(C2)C1(C)CC/C=C(/C)CO,,,,,,,,,,
444,,CC(C)(COP(=O)(O)OP(=O)(O)OCC1OC(n2cnc3c(N)ncnc32)C(O)C1OP(=O)(O)O)C(O)C(O)=NCCC(O)=NCCS.O=C(O)c1ccc(O)cc1,,,,,,,,,,
445,,CC(O)(C(=O)O)c1ccc(O)cc1,,,,,,,,,,
446,"1-Phenylethane-1,1-diol",CC(O)(O)c1ccccc1,,"InChI=1S/C8H10O2/c1-8(9,10)7-5-3-2-4-6-7/h2-6,9-10H,1H3",,,,,,,,
447,(R)-Mandelate,O=C([O-])[C@H](O)c1ccccc1,MNXM1698,"InChI=1S/C8H8O3/c9-7(8(10)11)6-4-2-1-3-5-6/h1-5,7,9H,(H,10,11)/p-1/t7-/m1/s1",MNXM726677:MNXR148357:MNXM764:MNXR108426:MNXM1698,MNXM726677:MNXR108427:MNXM1698,,,,,,
448,Cinnamyl alcohol,OC/C=C/c1ccccc1,MNXM735340,"InChI=1S/C9H10O/c10-8-4-7-9-5-2-1-3-6-9/h1-7,10H,8H2/b7-4-",MNXM1107985:MNXR107916:MNXM735341,,,,,,,
449,1-(4-Aminophenyl)ethanol,CC(O)c1ccc(N)cc1,,"InChI=1S/C8H11NO/c1-6(10)7-2-4-8(9)5-3-7/h2-6,10H,9H2,1H3",,,,,,,,
450,phenylacetyl-CoA,CC(C)(COP(=O)(O)OP(=O)(O)OC[C@H]1O[C@@H](n2cnc3c(N)ncnc32)[C@H](O)[C@@H]1OP(=O)(O)O)[C@@H](O)C(O)=NCCC(O)=NCCSC(=O)Cc1ccccc1,MNXM1104563,,"InChI=1S/C29H42N7O17P3S/c1-29(2,24(40)27(41)32-9-8-19(37)31-10-11-57-20(38)12-17-6-4-3-5-7-17)14-50-56(47,48)53-55(45,46)49-13-18-23(52-54(42,43)44)22(39)28(51-18)36-16-35-21-25(30)33-15-34-26(21)36/h3-7,15-16,18,22-24,28,39-40H,8-14H2,1-2H3,(H,31,37)(H,32,41)(H,45,46)(H,47,48)(H2,30,33,34)(H2,42,43,44)/t18-,22-,23-,24+,28-/m1/s1",MNXM741664:MNXR102650:MNXM660:MNXR102461:MNXM473:MNXR152946:MNXM737265:MNXR189770:MNXM1104563,,MNXM741664:MNXR122572:MNXM473:MNXR152946:MNXM737265:MNXR189770:MNXM1104563,,,,
451,Indolmycin,CN=C1N=C(O)[C@H]([C@H](C)c2c[nH]c3ccccc23)O1,MNXM738367,"InChI=1S/C14H15N3O2/c1-8(12-13(18)17-14(15-2)19-12)10-7-16-11-6-4-3-5-9(10)11/h3-8,12,16H,1-2H3,(H,15,17,18)/p+1/t8-,12+/m1/s1",MNXM739527:MNXR120982:MNXM164281:MNXR120979:MNXM1100832:MNXR120980:MNXM1105093:MNXR192318:MNXM1107525,MNXM741553:MNXR113546:MNXM315:MNXR191844:MNXM1105128:MNXR114633:MNXM1100773:MNXR120979:MNXM1100832:MNXR120980:MNXM1105093:MNXR192318:MNXM1107525,,,,,,
452,4-Hydroxyquinoline,O=c1cc[nH]c2ccccc12,MNXM4798,"InChI=1S/C9H7NO/c11-9-5-6-10-8-4-2-1-3-7(8)9/h1-6H,(H,10,11)",MNXM2153:MNXR109359:MNXM4798,,,,,,,
453,Menaquinol-7,CC(C)=CCC/C(C)=C/CC/C(C)=C/CC/C(C)=C/CC/C(C)=C/CC/C(C)=C/CC/C(C)=C/Cc1c(C)c(O)c2ccccc2c1O,MNXM12233,,"InChI=1S/C46H66O2/c1-34(2)18-12-19-35(3)20-13-21-36(4)22-14-23-37(5)24-15-25-38(6)26-16-27-39(7)28-17-29-40(8)32-33-42-41(9)45(47)43-30-10-11-31-44(43)46(42)48/h10-11,18,20,22,24,26,28,30-32,47-48H,12-17,19,21,23,25,27,29,33H2,1-9H3/b35-20+,36-22+,37-24+,38-26+,39-28+,40-32+",MNXM1103344:MNXR150516:MNXM731633:MNXR122691:MNXM8528:MNXR122692:MNXM12233,MNXM337:MNXR100784:MNXM799:MNXR146404:MNXM730931:MNXR150167:MNXM727527:MNXR148516:MNXM1212:MNXR146487:MNXM726805:MNXR110946:MNXM1091615:MNXR159798:MNXM552:MNXR122691:MNXM8528:MNXR122692:MNXM12233,,,,,
454,4-Guanidinobutanoate,N=C(N)NCCCC(=O)[O-],MNXM1312,"InChI=1S/C5H11N3O2/c6-5(7)8-3-1-2-4(9)10/h1-3H2,(H,9,10)(H4,6,7,8)",MNXM20:MNXR100086:MNXM741173:MNXR95942:MNXM192:MNXR100467:MNXM1312,MNXM739527:MNXR96038:MNXM1037:MNXR102132:MNXM1895:MNXR100083:MNXM1312,MNXM739527:MNXR106583:MNXM2617:MNXR154640:MNXM1312,,,,,
455,"poly(D,L-lactic acid-co-glycolic acid)",CC(OC(=O)CO)C(=O)O,MNXM77314,"InChI=1S/C5H8O5/c1-3(5(8)9)10-4(7)2-6/h3,6H,2H2,1H3,(H,8,9)",MNXM733758:NoMNXRID:MNXM77314,,,,,,,
456,"1-hydroxy-6,6,9-trimethyl-3-pentyl-6a,10a-dihydro-4H-benzo[c]chromene-4a-carboxylic acid",CCCCCC1=CC(=C2C3C=C(C=CC3C(OC2(C1)C(=O)O)(C)C)C)O  ,,"InChI=1S/C22H30O4/c1-5-6-7-8-15-12-18(23)19-16-11-14(2)9-10-17(16)21(3,4)26-22(19,13-15)20(24)25/h9-12,16-17,23H,5-8,13H2,1-4H3,(H,24,25)  ",,,,,,,,
457,,CC([O-])=NC1C(O)OC(CO)C(OS(=O)(=O)O)C1OC1OC(C(=O)[O-])C(O)C(O)C1O,,,,,,,,,,
458,L-alfa-Aminocaprolactam,[NH3+][C@H]1CCCCN=C1O,MNXM2386,"InChI=1S/C6H12N2O/c7-5-3-1-2-4-8-6(5)9/h5H,1-4,7H2,(H,8,9)/p+1/t5-/m0/s1",MNXM1106164:MNXR106543:MNXM2386,MNXM4543:MNXR109091:MNXM2386,,,,,,
459,1-phenylethanol,CC(O)c1ccccc1,MNXM4946,"InChI=1S/C8H10O/c1-7(9)8-5-3-2-4-6-8/h2-7,9H,1H3",MNXM2120:MNXR109632:MNXM4946,,,,,,,
460,Delta-cadinene,CC1=C[C@@H]2C(=C(C)CC[C@H]2C(C)C)CC1,MNXM2744,"InChI=1S/C15H24/c1-10(2)13-8-6-12(4)14-7-5-11(3)9-15(13)14/h9-10,13,15H,5-8H2,1-4H3/t13-,15-/m0/s1  ",MNXM1103344:MNXR107437:MNXM2744,,,,,,,
461,PLA,CC(O[*])C(O)=O,MNXM77398,,MNXM23:MNXR180219:MNXM733758reaction2:MNXR147311:MNXM726793:NoMNXRID:MNXM77398,,,,,,,
462,quercetin-3-O-[glucosyl(1->6)glucoside]-7-O-rhamnoside,CC6(OC(OC4(\C=C(C5(\C(=O)C(/OC2(OC(COC1(OC(CO)C(O)C(O)C(O)1))C(O)C(O)C(O)2))=C(C3(\C=C(C(/O)=C\C=3)\O))\OC(/C=4)=5))\O))C(O)C(O)C(O)6),MNXM681015,"InChI=1S/C33H40O21/c1-9-19(38)23(42)27(46)32(49-9)50-11-5-14(37)18-15(6-11)51-29(10-2-3-12(35)13(36)4-10)30(22(18)41)54-33-28(47)25(44)21(40)17(53-33)8-48-31-26(45)24(43)20(39)16(7-34)52-31/h2-6,9,16-17,19-21,23-28,31-40,42-47H,7-8H2,1H3",,,,,,,,
463,Octanoic acid,O=C([O-])CCCCCCC(=O)[O-],MNXM750,"InChI=1S/C8H14O4/c9-7(10)5-3-1-2-4-6-8(11)12/h1-6H2,(H,9,10)(H,11,12)/p-2",MNXM1104266:MNXR190515:MNXM1106093:MNXR145555:MNXM731937:MNXR149060:MNXM728609:MNXR152678:MNXM725897:MNXR152640:MNXM728590:MNXR149067:MNXM728538:MNXR150152:MNXM750,,,,,,,
464,Hyaluronicacid,CC(=O)N[C@H]1[C@H](O[C@@H]2[C@@H](C(=O)O)O[C@@H](O)[C@H](O)[C@H]2O)O[C@H](CO)[C@@H](O)[C@@H]1O,MNXM738288,"InChI=1S/C14H23NO12/c1-3(17)15-5-7(19)6(18)4(2-16)25-14(5)27-10-8(20)9(21)13(24)26-11(10)12(22)23/h4-11,13-14,16,18-21,24H,2H2,1H3,(H,15,17)(H,22,23)/t4-,5-,6-,7-,8-,9-,10+,11+,13-,14+/m1/s1",MNXM1137670:MNXR191953:MNXM1105858:MNXR145962:MNXM1106068:MNXR152166:MNXM1104702:MNXR152121:MNXM1104890:NoMNXRID:MNXM738288,,,,,,,
465,6-Methylsalicylicacid,Cc1cccc([O-])c1C(=O)O,MNXM2093,"InChI=1S/C8H8O3/c1-5-3-2-4-6(9)7(5)8(10)11/h2-4,9H,1H3,(H,10,11)/p-1",MNXM1106093:MNXR110937:MNXM2093,,,,,,,
466,beta-Hydroxyacyl-ACP,[*]SC(=O)C[C@@H]([*])O,MNXM738487,,MNXM731937:MNXR147810:MNXM7099:MNXR147805:MNXM738487,,,,,,,
467,Acetyl-ACP,CC(=O)S[*],MNXM727673,,MNXM1104266:MNXR152847:MNXM727673,,,,,,,
468,3-oxoacyl-[acp],CC(C)(COP([O-])(=O)OC[C@H](N[*])C([*])=O)[C@@H](O)C(=O)NCCC(=O)NCCSC(=O)CC(=O)C[*],MNXM7099,,MNXM1104266:MNXR190515:MNXM1106093:MNXR145555:MNXM731937:MNXR147808:MNXM7099,,,,,,,
469,(3R)-3-Hydroxyacyl-[acyl-carrierprotein],O[C@H]([*])CC(=O)S[*],MNXM738486,,MNXM1104266:MNXR190515:MNXM1106093:MNXR145555:MNXM731937:MNXR147808:MNXM7099:MNXR147805:MNXM738486,,,,,,,
470,Enoyl-ACP,CC(C)(COP([O-])(=O)OC[C@H](N[*])C([*])=O)[C@@H](O)C(=O)NCCC(=O)NCCSC(=O)\C=C\C[*],MNXM162559,,MNXM1104266:MNXR190515:MNXM1106093:MNXR145555:MNXM731937:MNXR147808:MNXM7099:MNXR147805:MNXM738486:MNXR150778:MNXM162559,,,,,,,
471,Acyl-ACP,[*]CCC(=O)S[*],MNXM729094,,MNXM1104266:MNXR190515:MNXM1106093:MNXR145555:MNXM731937:MNXR147808:MNXM7099:MNXR147805:MNXM738486:MNXR150778:MNXM162559:MNXR147289:MNXM729094,,,,,,,
472,Fattyalcohol,[*]CO,MNXM1107910,,,,,,,,,
473,Fattyacids,OC(=O)CC[*],MNXM726858,,MNXM1104266:MNXR190515:MNXM1106093:MNXR145555:MNXM731937:MNXR147808:MNXM7099:MNXR147805:MNXM738486:MNXR150778:MNXM162559:MNXR147289:MNXM729094:MNXR163781:MNXM726858,,,,,,,
474,Alkene,[*]\C=C\[*],MNXM726406,,MNXR147861:MNXM730031:MNXM726406,,,,,,,
475,Alkane,C[R],MNXM730253,,MNXM1104266:MNXR190515:MNXM1106093:MNXR145555:MNXM731937:MNXR147808:MNXM7099:MNXR147805:MNXM738486:MNXR150778:MNXM162559:MNXR147289:MNXM729094:MNXR163781:MNXM726858:MNXR122084:MNXM734221:MNXR117988:MNXM726973:MNXR150540:MNXM730253,,,,,,,
476,FAEE,CCOC(=O)CCCCCCCCCCCC[*],MNXM732090,,MNXM1104266:MNXR190515:MNXM1106093:MNXR145555:MNXM731937:MNXR147808:MNXM7099:MNXR147805:MNXM738486:MNXR150778:MNXM162559:MNXR147289:MNXM729094:MNXR163781:MNXM726858:MNXR122084:MNXM734221:MNXR117670:MNXM732090,,,,,,,
477,8-Hydroxyoctanoicacid,O=C(O)CCCCCCCO,MNXM39354,"InChI=1S/C8H16O3/c9-7-5-3-1-2-4-6-8(10)11/h9H,1-7H2,(H,10,11)",,,,,,,,
478,Gamma-AminobutyricAcid,,,,,,,,,,,
479,Heptanoicacid,CCCCCCC(=O)[O-],MNXM7416,"InChI=1S/C7H14O2/c1-2-3-4-5-6-7(8)9/h2-6H2,1H3,(H,8,9)/p-1",MNXM8711:MNXR122136:MNXM7416,,,,,,,
480,FAME,COC([*])=O,MNXM11547,,MNXM739606:MNXR147261:MNXM11547,,,,,,,
481,Malonyl-ACP,[*]SC(=O)CC(=O)O,MNXM731937,,MNXM1104266:MNXR190515:MNXM1106093:MNXR145555:MNXM731937,,,,,,,
482,Campesterol,CC(C)[C@H](C)CC[C@@H](C)[C@H]1CC[C@H]2[C@@H]3CC=C4C[C@@H](O)CC[C@]4(C)[C@H]3CC[C@@]21C,MNXM731577,"InChI=1S/C28H48O/c1-18(2)19(3)7-8-20(4)24-11-12-25-23-10-9-21-17-22(29)13-15-27(21,5)26(23)14-16-28(24,25)6/h9,18-20,22-26,29H,7-8,10-17H2,1-6H3/t19-,20-,22+,23+,24-,25+,26+,27+,28-/m1/s1",MNXM1104266:MNXR190494:MNXM1103802:MNXR145222:MNXM732189:MNXR107303:MNXM734276:MNXR145601:MNXM738283:MNXR146087:MNXM733934:MNXR153392:MNXM83:MNXR97512:MNXM100:MNXR99634:MNXM1103344:MNXR146156:MNXM738582:MNXR146469:MNXM1104376:MNXR146440:MNXM727928:MNXR96454:MNXM1107765:MNXR153285:MNXM1108276:MNXR163808:MNXM10245:MNXR117230:MNXM726768:MNXR117231:MNXM3001:MNXR153288:MNXM732527:MNXR145826:MNXM2619:MNXR145575:MNXM737286:MNXR111112:MNXM731614:MNXR163809:MNXM10249:MNXR117235:MNXM11497:MNXR117236:MNXM52365:MNXR111126:MNXM5738:MNXR121894:MNXM734746:MNXR151960:MNXM731577,,,,,,,
483,4-aminobutanoicacid,[NH3+]CCCC(=O)[O-],MNXM192,"InChI=1S/C4H9NO2/c5-3-1-2-4(6)7/h1-3,5H2,(H,6,7)",MNXM20:MNXR100086:MNXM741173:MNXR95942:MNXM192,MNXM739527:MNXR95945:MNXM741175:MNXR102209:MNXM118:MNXR103334:MNXM422:MNXR94991:MNXM192,MNXM739527:MNXR115705:MNXM1037:MNXR102132:MNXM1895:MNXR100083:MNXM1312:MNXR100467:MNXM192,,,,,
